num_date_time,answer
1_20220825 00,1730.3880615234375
1_20220825 01,1660.260009765625
1_20220825 02,1552.231689453125
1_20220825 03,1494.2081298828125
1_20220825 04,1510.03564453125
1_20220825 05,1698.6363525390625
1_20220825 06,1964.9527587890625
1_20220825 07,2439.89794921875
1_20220825 08,2863.486083984375
1_20220825 09,3186.9501953125
1_20220825 10,3835.487548828125
1_20220825 11,4197.734375
1_20220825 12,4198.681640625
1_20220825 13,4160.3828125
1_20220825 14,4157.19287109375
1_20220825 15,3890.690673828125
1_20220825 16,3848.891357421875
1_20220825 17,3328.30615234375
1_20220825 18,2817.983642578125
1_20220825 19,2655.31103515625
1_20220825 20,2437.07861328125
1_20220825 21,1939.5703125
1_20220825 22,1511.383544921875
1_20220825 23,1771.592041015625
1_20220826 00,1775.6224365234375
1_20220826 01,1675.810302734375
1_20220826 02,1560.469970703125
1_20220826 03,1526.070556640625
1_20220826 04,1555.425537109375
1_20220826 05,1690.852783203125
1_20220826 06,1976.7093505859375
1_20220826 07,2383.184326171875
1_20220826 08,2800.836181640625
1_20220826 09,3225.968994140625
1_20220826 10,3927.516357421875
1_20220826 11,4213.19140625
1_20220826 12,4201.08203125
1_20220826 13,4148.59619140625
1_20220826 14,4126.517578125
1_20220826 15,4078.731689453125
1_20220826 16,3933.856201171875
1_20220826 17,3357.594482421875
1_20220826 18,2844.317626953125
1_20220826 19,2651.753173828125
1_20220826 20,2463.997314453125
1_20220826 21,2019.437255859375
1_20220826 22,1538.5303955078125
1_20220826 23,1816.6976318359375
1_20220827 00,1715.471923828125
1_20220827 01,1639.822998046875
1_20220827 02,1529.197021484375
1_20220827 03,1450.726806640625
1_20220827 04,1472.5426025390625
1_20220827 05,1608.3673095703125
1_20220827 06,1777.23046875
1_20220827 07,1994.9498291015625
1_20220827 08,2268.77001953125
1_20220827 09,2654.10498046875
1_20220827 10,3130.07177734375
1_20220827 11,3269.29345703125
1_20220827 12,3275.804931640625
1_20220827 13,3322.73095703125
1_20220827 14,3338.196044921875
1_20220827 15,3289.094482421875
1_20220827 16,3259.242919921875
1_20220827 17,2973.8359375
1_20220827 18,2656.209716796875
1_20220827 19,2428.7890625
1_20220827 20,2297.3564453125
1_20220827 21,1808.1295166015625
1_20220827 22,1399.606201171875
1_20220827 23,1566.1041259765625
1_20220828 00,1444.6552734375
1_20220828 01,1354.234130859375
1_20220828 02,1305.512451171875
1_20220828 03,1150.312255859375
1_20220828 04,1174.7822265625
1_20220828 05,1351.2276611328125
1_20220828 06,1472.1312255859375
1_20220828 07,1587.644775390625
1_20220828 08,1834.891357421875
1_20220828 09,2183.263427734375
1_20220828 10,2616.036865234375
1_20220828 11,2845.809326171875
1_20220828 12,2829.973876953125
1_20220828 13,2881.591796875
1_20220828 14,2896.5595703125
1_20220828 15,2904.985107421875
1_20220828 16,2928.640869140625
1_20220828 17,2791.802978515625
1_20220828 18,2618.65185546875
1_20220828 19,2350.33154296875
1_20220828 20,2205.955322265625
1_20220828 21,1794.9505615234375
1_20220828 22,1408.1524658203125
1_20220828 23,1635.6522216796875
1_20220829 00,1684.8421630859375
1_20220829 01,1637.671875
1_20220829 02,1549.718017578125
1_20220829 03,1488.7628173828125
1_20220829 04,1498.027587890625
1_20220829 05,1668.841796875
1_20220829 06,1940.7529296875
1_20220829 07,2247.14697265625
1_20220829 08,2665.76318359375
1_20220829 09,3062.455322265625
1_20220829 10,3709.346435546875
1_20220829 11,3891.3984375
1_20220829 12,3887.81982421875
1_20220829 13,3854.61865234375
1_20220829 14,3943.59716796875
1_20220829 15,3732.214111328125
1_20220829 16,3699.87109375
1_20220829 17,3181.55615234375
1_20220829 18,2607.617919921875
1_20220829 19,2417.940185546875
1_20220829 20,2223.25146484375
1_20220829 21,1830.4039306640625
1_20220829 22,1412.54345703125
1_20220829 23,1667.6461181640625
1_20220830 00,1630.0831298828125
1_20220830 01,1545.5145263671875
1_20220830 02,1474.6787109375
1_20220830 03,1438.445556640625
1_20220830 04,1462.112548828125
1_20220830 05,1624.047119140625
1_20220830 06,1829.099365234375
1_20220830 07,2215.09326171875
1_20220830 08,2673.441650390625
1_20220830 09,2993.379150390625
1_20220830 10,3596.42041015625
1_20220830 11,3916.309326171875
1_20220830 12,3877.194580078125
1_20220830 13,3919.83154296875
1_20220830 14,3837.713623046875
1_20220830 15,3750.127685546875
1_20220830 16,3641.207763671875
1_20220830 17,3156.659423828125
1_20220830 18,2660.829345703125
1_20220830 19,2473.83642578125
1_20220830 20,2269.82080078125
1_20220830 21,1849.5003662109375
1_20220830 22,1444.436767578125
1_20220830 23,1731.485107421875
1_20220831 00,1677.7591552734375
1_20220831 01,1612.537841796875
1_20220831 02,1495.655517578125
1_20220831 03,1448.2962646484375
1_20220831 04,1464.785888671875
1_20220831 05,1633.6075439453125
1_20220831 06,1846.820068359375
1_20220831 07,2250.77490234375
1_20220831 08,2687.66943359375
1_20220831 09,3055.420654296875
1_20220831 10,3608.73095703125
1_20220831 11,3852.2265625
1_20220831 12,3887.36279296875
1_20220831 13,3869.792236328125
1_20220831 14,3869.41064453125
1_20220831 15,3756.330078125
1_20220831 16,3644.348388671875
1_20220831 17,3164.457275390625
1_20220831 18,2576.67138671875
1_20220831 19,2439.50830078125
1_20220831 20,2264.705322265625
1_20220831 21,1822.2269287109375
1_20220831 22,1406.6781005859375
1_20220831 23,1681.5823974609375
2_20220825 00,1223.4305419921875
2_20220825 01,1229.364501953125
2_20220825 02,1232.6854248046875
2_20220825 03,1223.65478515625
2_20220825 04,1219.08154296875
2_20220825 05,1192.333251953125
2_20220825 06,1182.253173828125
2_20220825 07,1174.3525390625
2_20220825 08,1712.642578125
2_20220825 09,1996.001953125
2_20220825 10,2230.6708984375
2_20220825 11,2215.547607421875
2_20220825 12,2254.322265625
2_20220825 13,2311.556640625
2_20220825 14,2346.083251953125
2_20220825 15,2196.97265625
2_20220825 16,2277.016845703125
2_20220825 17,2253.86572265625
2_20220825 18,2261.379150390625
2_20220825 19,2094.446533203125
2_20220825 20,1951.1568603515625
2_20220825 21,1641.518310546875
2_20220825 22,960.1212158203125
2_20220825 23,1255.138671875
2_20220826 00,1244.4097900390625
2_20220826 01,1231.0401611328125
2_20220826 02,1220.474853515625
2_20220826 03,1203.448974609375
2_20220826 04,1198.1424560546875
2_20220826 05,1176.989990234375
2_20220826 06,1177.5826416015625
2_20220826 07,1135.783447265625
2_20220826 08,1657.677734375
2_20220826 09,1926.7109375
2_20220826 10,2171.955322265625
2_20220826 11,2113.484619140625
2_20220826 12,2117.03369140625
2_20220826 13,2186.186767578125
2_20220826 14,2173.1787109375
2_20220826 15,2181.5478515625
2_20220826 16,2164.699951171875
2_20220826 17,2125.86376953125
2_20220826 18,2209.08935546875
2_20220826 19,2030.7093505859375
2_20220826 20,1905.9544677734375
2_20220826 21,1674.488525390625
2_20220826 22,1012.6807861328125
2_20220826 23,1286.175048828125
2_20220827 00,1254.6865234375
2_20220827 01,1248.665283203125
2_20220827 02,1233.6710205078125
2_20220827 03,1214.924560546875
2_20220827 04,1193.9844970703125
2_20220827 05,1165.154296875
2_20220827 06,1168.7484130859375
2_20220827 07,1116.6541748046875
2_20220827 08,1562.6090087890625
2_20220827 09,1743.319091796875
2_20220827 10,1916.1683349609375
2_20220827 11,1950.794677734375
2_20220827 12,2045.024169921875
2_20220827 13,2145.16064453125
2_20220827 14,2147.996826171875
2_20220827 15,2220.4951171875
2_20220827 16,2188.49951171875
2_20220827 17,2107.5556640625
2_20220827 18,2041.8812255859375
2_20220827 19,1800.885009765625
2_20220827 20,1583.046630859375
2_20220827 21,1352.832275390625
2_20220827 22,817.7188110351562
2_20220827 23,1200.762939453125
2_20220828 00,1180.57861328125
2_20220828 01,1168.4921875
2_20220828 02,1181.92919921875
2_20220828 03,1134.648193359375
2_20220828 04,1115.2493896484375
2_20220828 05,1096.1168212890625
2_20220828 06,1081.489013671875
2_20220828 07,1002.3114013671875
2_20220828 08,1410.666748046875
2_20220828 09,1584.1759033203125
2_20220828 10,1810.3795166015625
2_20220828 11,1833.2568359375
2_20220828 12,1929.8912353515625
2_20220828 13,2073.10498046875
2_20220828 14,2089.50390625
2_20220828 15,2126.43701171875
2_20220828 16,2146.200439453125
2_20220828 17,2079.96240234375
2_20220828 18,2015.6732177734375
2_20220828 19,1744.9632568359375
2_20220828 20,1540.389404296875
2_20220828 21,1287.022705078125
2_20220828 22,842.5938720703125
2_20220828 23,1219.5150146484375
2_20220829 00,1144.486083984375
2_20220829 01,1146.571533203125
2_20220829 02,1158.5283203125
2_20220829 03,1134.1815185546875
2_20220829 04,1121.0220947265625
2_20220829 05,1054.9095458984375
2_20220829 06,1076.798828125
2_20220829 07,1002.9312744140625
2_20220829 08,1147.776611328125
2_20220829 09,1149.1907958984375
2_20220829 10,1245.168212890625
2_20220829 11,1200.765625
2_20220829 12,1213.279052734375
2_20220829 13,1269.28125
2_20220829 14,1209.1478271484375
2_20220829 15,1274.3402099609375
2_20220829 16,1275.842529296875
2_20220829 17,1195.2099609375
2_20220829 18,1054.7314453125
2_20220829 19,1066.9215087890625
2_20220829 20,1001.3038940429688
2_20220829 21,907.01171875
2_20220829 22,730.4641723632812
2_20220829 23,1095.871337890625
2_20220830 00,1141.9742431640625
2_20220830 01,1141.001708984375
2_20220830 02,1140.9072265625
2_20220830 03,1113.565673828125
2_20220830 04,1094.104248046875
2_20220830 05,1084.0118408203125
2_20220830 06,1100.638916015625
2_20220830 07,1067.33544921875
2_20220830 08,1568.1051025390625
2_20220830 09,1784.822998046875
2_20220830 10,1974.330078125
2_20220830 11,1976.184326171875
2_20220830 12,2007.2357177734375
2_20220830 13,2146.92578125
2_20220830 14,2128.146240234375
2_20220830 15,2170.5546875
2_20220830 16,2173.91064453125
2_20220830 17,2122.48095703125
2_20220830 18,2111.15380859375
2_20220830 19,1962.7330322265625
2_20220830 20,1795.3607177734375
2_20220830 21,1554.0450439453125
2_20220830 22,937.6710815429688
2_20220830 23,1212.422119140625
2_20220831 00,1194.6119384765625
2_20220831 01,1187.275634765625
2_20220831 02,1175.748046875
2_20220831 03,1162.4853515625
2_20220831 04,1139.5166015625
2_20220831 05,1119.604248046875
2_20220831 06,1124.5933837890625
2_20220831 07,1111.677734375
2_20220831 08,1582.7117919921875
2_20220831 09,1803.9261474609375
2_20220831 10,2015.9056396484375
2_20220831 11,2024.2496337890625
2_20220831 12,2082.543701171875
2_20220831 13,2173.184326171875
2_20220831 14,2213.343017578125
2_20220831 15,2226.97265625
2_20220831 16,2219.810546875
2_20220831 17,2163.91943359375
2_20220831 18,2158.0478515625
2_20220831 19,2013.608642578125
2_20220831 20,1833.865234375
2_20220831 21,1551.790771484375
2_20220831 22,936.0509033203125
2_20220831 23,1245.9752197265625
3_20220825 00,937.4221801757812
3_20220825 01,903.18994140625
3_20220825 02,884.1029052734375
3_20220825 03,868.9783325195312
3_20220825 04,827.6251220703125
3_20220825 05,845.2860107421875
3_20220825 06,878.7879638671875
3_20220825 07,998.0578002929688
3_20220825 08,1158.5701904296875
3_20220825 09,1268.130126953125
3_20220825 10,1383.308349609375
3_20220825 11,1404.3270263671875
3_20220825 12,1488.777099609375
3_20220825 13,1545.0428466796875
3_20220825 14,1666.8267822265625
3_20220825 15,1733.019287109375
3_20220825 16,1869.8228759765625
3_20220825 17,1896.6171875
3_20220825 18,2245.11865234375
3_20220825 19,2401.602294921875
3_20220825 20,2290.0185546875
3_20220825 21,1823.5791015625
3_20220825 22,1169.1270751953125
3_20220825 23,953.1022338867188
3_20220826 00,940.4901123046875
3_20220826 01,905.3345947265625
3_20220826 02,888.9232177734375
3_20220826 03,874.1632690429688
3_20220826 04,844.9447021484375
3_20220826 05,869.2902221679688
3_20220826 06,900.5618286132812
3_20220826 07,1003.0130004882812
3_20220826 08,1130.798583984375
3_20220826 09,1271.872314453125
3_20220826 10,1366.0567626953125
3_20220826 11,1428.953369140625
3_20220826 12,1473.2254638671875
3_20220826 13,1562.5462646484375
3_20220826 14,1688.8197021484375
3_20220826 15,1849.963134765625
3_20220826 16,1987.376953125
3_20220826 17,2020.513427734375
3_20220826 18,2481.51171875
3_20220826 19,2591.470458984375
3_20220826 20,2495.38037109375
3_20220826 21,2083.135498046875
3_20220826 22,1347.0865478515625
3_20220826 23,1045.893310546875
3_20220827 00,948.7565307617188
3_20220827 01,903.0521240234375
3_20220827 02,879.7467651367188
3_20220827 03,866.3309326171875
3_20220827 04,840.5579833984375
3_20220827 05,836.6131591796875
3_20220827 06,847.5632934570312
3_20220827 07,932.1779174804688
3_20220827 08,1015.9383544921875
3_20220827 09,1112.5860595703125
3_20220827 10,1196.6953125
3_20220827 11,1241.8636474609375
3_20220827 12,1376.636962890625
3_20220827 13,1462.004150390625
3_20220827 14,1605.1553955078125
3_20220827 15,1757.968505859375
3_20220827 16,1898.5003662109375
3_20220827 17,2062.8603515625
3_20220827 18,2385.292236328125
3_20220827 19,2420.223388671875
3_20220827 20,2213.07958984375
3_20220827 21,1765.684326171875
3_20220827 22,1197.76025390625
3_20220827 23,1006.1139526367188
3_20220828 00,895.34814453125
3_20220828 01,835.1290283203125
3_20220828 02,838.3616943359375
3_20220828 03,815.2662353515625
3_20220828 04,792.60888671875
3_20220828 05,781.1287841796875
3_20220828 06,786.46875
3_20220828 07,861.78564453125
3_20220828 08,954.5487060546875
3_20220828 09,1033.7120361328125
3_20220828 10,1092.9918212890625
3_20220828 11,1147.740966796875
3_20220828 12,1260.5318603515625
3_20220828 13,1406.413818359375
3_20220828 14,1536.8623046875
3_20220828 15,1685.1986083984375
3_20220828 16,1829.4853515625
3_20220828 17,2067.67138671875
3_20220828 18,2238.78564453125
3_20220828 19,2206.59375
3_20220828 20,1952.7962646484375
3_20220828 21,1560.686767578125
3_20220828 22,1107.695556640625
3_20220828 23,975.0150146484375
3_20220829 00,920.9387817382812
3_20220829 01,886.3434448242188
3_20220829 02,853.6734619140625
3_20220829 03,821.6805419921875
3_20220829 04,803.1151123046875
3_20220829 05,808.4791259765625
3_20220829 06,824.9889526367188
3_20220829 07,885.8533935546875
3_20220829 08,967.7001953125
3_20220829 09,1048.50048828125
3_20220829 10,1078.2132568359375
3_20220829 11,1122.22900390625
3_20220829 12,1127.313720703125
3_20220829 13,1146.2396240234375
3_20220829 14,1161.487060546875
3_20220829 15,1150.6162109375
3_20220829 16,1109.508056640625
3_20220829 17,1052.0784912109375
3_20220829 18,960.35009765625
3_20220829 19,991.2431640625
3_20220829 20,983.2239990234375
3_20220829 21,879.3919067382812
3_20220829 22,818.2586059570312
3_20220829 23,788.5880126953125
3_20220830 00,824.9080810546875
3_20220830 01,789.1865234375
3_20220830 02,786.4063720703125
3_20220830 03,784.33203125
3_20220830 04,768.685546875
3_20220830 05,785.5590209960938
3_20220830 06,826.1719970703125
3_20220830 07,939.7169799804688
3_20220830 08,1030.072265625
3_20220830 09,1151.8570556640625
3_20220830 10,1234.707763671875
3_20220830 11,1274.452880859375
3_20220830 12,1349.423095703125
3_20220830 13,1462.7763671875
3_20220830 14,1538.93701171875
3_20220830 15,1619.2008056640625
3_20220830 16,1677.1451416015625
3_20220830 17,1671.628173828125
3_20220830 18,1973.308837890625
3_20220830 19,1959.547119140625
3_20220830 20,1874.6217041015625
3_20220830 21,1590.032958984375
3_20220830 22,1044.9671630859375
3_20220830 23,919.1739501953125
3_20220831 00,871.2037963867188
3_20220831 01,841.9718017578125
3_20220831 02,830.75927734375
3_20220831 03,827.6673583984375
3_20220831 04,811.3436279296875
3_20220831 05,825.3386840820312
3_20220831 06,834.6136474609375
3_20220831 07,952.57861328125
3_20220831 08,1021.494140625
3_20220831 09,1157.3074951171875
3_20220831 10,1232.523681640625
3_20220831 11,1257.769287109375
3_20220831 12,1347.287109375
3_20220831 13,1452.854248046875
3_20220831 14,1571.03125
3_20220831 15,1666.683837890625
3_20220831 16,1780.8408203125
3_20220831 17,1842.7138671875
3_20220831 18,2172.34765625
3_20220831 19,2290.52099609375
3_20220831 20,2157.400390625
3_20220831 21,1792.137939453125
3_20220831 22,1123.5767822265625
3_20220831 23,939.7254028320312
4_20220825 00,729.11083984375
4_20220825 01,732.431396484375
4_20220825 02,739.6419067382812
4_20220825 03,733.4655151367188
4_20220825 04,733.0189208984375
4_20220825 05,734.5223999023438
4_20220825 06,787.3707275390625
4_20220825 07,883.38818359375
4_20220825 08,1062.926025390625
4_20220825 09,1232.7547607421875
4_20220825 10,1341.075439453125
4_20220825 11,1383.9866943359375
4_20220825 12,1332.3199462890625
4_20220825 13,1305.4886474609375
4_20220825 14,1267.67041015625
4_20220825 15,1250.801513671875
4_20220825 16,1214.328857421875
4_20220825 17,1130.310791015625
4_20220825 18,983.2596435546875
4_20220825 19,833.0220947265625
4_20220825 20,784.7640991210938
4_20220825 21,745.4248657226562
4_20220825 22,737.8873901367188
4_20220825 23,706.3175048828125
4_20220826 00,737.3104248046875
4_20220826 01,738.3299560546875
4_20220826 02,745.3616943359375
4_20220826 03,732.4363403320312
4_20220826 04,733.1377563476562
4_20220826 05,737.5386962890625
4_20220826 06,787.4465942382812
4_20220826 07,882.4429931640625
4_20220826 08,1072.392822265625
4_20220826 09,1228.2991943359375
4_20220826 10,1335.07177734375
4_20220826 11,1384.3602294921875
4_20220826 12,1333.111083984375
4_20220826 13,1328.030029296875
4_20220826 14,1310.7606201171875
4_20220826 15,1313.9197998046875
4_20220826 16,1265.3902587890625
4_20220826 17,1180.432373046875
4_20220826 18,1029.861083984375
4_20220826 19,869.6724853515625
4_20220826 20,822.0277099609375
4_20220826 21,775.0013427734375
4_20220826 22,761.6593627929688
4_20220826 23,726.4802856445312
4_20220827 00,730.6508178710938
4_20220827 01,724.2685546875
4_20220827 02,727.8953857421875
4_20220827 03,722.8965454101562
4_20220827 04,722.3843994140625
4_20220827 05,720.1420288085938
4_20220827 06,774.4176635742188
4_20220827 07,852.7238159179688
4_20220827 08,1047.1492919921875
4_20220827 09,1213.0921630859375
4_20220827 10,1319.5728759765625
4_20220827 11,1337.638427734375
4_20220827 12,1340.164306640625
4_20220827 13,1328.4017333984375
4_20220827 14,1280.931640625
4_20220827 15,1280.076171875
4_20220827 16,1237.9627685546875
4_20220827 17,1142.3206787109375
4_20220827 18,976.8434448242188
4_20220827 19,836.43212890625
4_20220827 20,793.3712768554688
4_20220827 21,779.9429931640625
4_20220827 22,751.5330200195312
4_20220827 23,714.5623168945312
4_20220828 00,722.71728515625
4_20220828 01,712.9539184570312
4_20220828 02,715.5501098632812
4_20220828 03,717.1841430664062
4_20220828 04,710.4945068359375
4_20220828 05,711.752197265625
4_20220828 06,753.2662353515625
4_20220828 07,832.6173095703125
4_20220828 08,1020.4758911132812
4_20220828 09,1185.23193359375
4_20220828 10,1281.087646484375
4_20220828 11,1331.91796875
4_20220828 12,1333.7642822265625
4_20220828 13,1321.2589111328125
4_20220828 14,1273.524658203125
4_20220828 15,1279.735107421875
4_20220828 16,1254.1268310546875
4_20220828 17,1171.529052734375
4_20220828 18,983.7078247070312
4_20220828 19,846.4449462890625
4_20220828 20,801.9556884765625
4_20220828 21,768.6893920898438
4_20220828 22,742.4802856445312
4_20220828 23,710.6015625
4_20220829 00,704.2247314453125
4_20220829 01,707.0143432617188
4_20220829 02,713.3704833984375
4_20220829 03,709.5662841796875
4_20220829 04,709.1556396484375
4_20220829 05,713.5799560546875
4_20220829 06,765.850341796875
4_20220829 07,860.66943359375
4_20220829 08,1035.2308349609375
4_20220829 09,1194.5699462890625
4_20220829 10,1297.7230224609375
4_20220829 11,1331.809326171875
4_20220829 12,1293.510009765625
4_20220829 13,1285.796875
4_20220829 14,1240.767822265625
4_20220829 15,1240.9464111328125
4_20220829 16,1197.7181396484375
4_20220829 17,1122.377685546875
4_20220829 18,981.6961059570312
4_20220829 19,834.1878051757812
4_20220829 20,794.0691528320312
4_20220829 21,749.2486572265625
4_20220829 22,731.0493774414062
4_20220829 23,704.1915283203125
4_20220830 00,691.8482666015625
4_20220830 01,692.9022216796875
4_20220830 02,707.251708984375
4_20220830 03,704.3671875
4_20220830 04,701.5220947265625
4_20220830 05,712.9149169921875
4_20220830 06,760.8572387695312
4_20220830 07,856.0797729492188
4_20220830 08,1029.5845947265625
4_20220830 09,1176.7105712890625
4_20220830 10,1280.5792236328125
4_20220830 11,1323.64599609375
4_20220830 12,1274.413818359375
4_20220830 13,1269.962158203125
4_20220830 14,1242.09716796875
4_20220830 15,1232.087158203125
4_20220830 16,1191.400634765625
4_20220830 17,1121.3897705078125
4_20220830 18,976.3782958984375
4_20220830 19,840.5819091796875
4_20220830 20,792.9588012695312
4_20220830 21,746.5435791015625
4_20220830 22,733.834228515625
4_20220830 23,701.41015625
4_20220831 00,712.7066650390625
4_20220831 01,710.1015625
4_20220831 02,720.962646484375
4_20220831 03,710.9326782226562
4_20220831 04,709.92529296875
4_20220831 05,715.9641723632812
4_20220831 06,768.9993896484375
4_20220831 07,865.7254638671875
4_20220831 08,1036.887939453125
4_20220831 09,1189.5662841796875
4_20220831 10,1292.3199462890625
4_20220831 11,1338.025146484375
4_20220831 12,1293.20263671875
4_20220831 13,1269.601806640625
4_20220831 14,1240.3502197265625
4_20220831 15,1225.1796875
4_20220831 16,1190.11767578125
4_20220831 17,1116.3922119140625
4_20220831 18,984.4514770507812
4_20220831 19,835.2521362304688
4_20220831 20,789.6759033203125
4_20220831 21,742.8015747070312
4_20220831 22,723.770263671875
4_20220831 23,700.6591186523438
5_20220825 00,1834.9029541015625
5_20220825 01,1841.0550537109375
5_20220825 02,1828.0416259765625
5_20220825 03,1815.0419921875
5_20220825 04,1830.882080078125
5_20220825 05,1885.836669921875
5_20220825 06,1928.7652587890625
5_20220825 07,2096.533203125
5_20220825 08,2597.47705078125
5_20220825 09,3166.82470703125
5_20220825 10,3343.2109375
5_20220825 11,3224.292236328125
5_20220825 12,3128.26025390625
5_20220825 13,3306.70849609375
5_20220825 14,3382.633544921875
5_20220825 15,3145.052490234375
5_20220825 16,2819.25537109375
5_20220825 17,2531.39990234375
5_20220825 18,2055.57373046875
5_20220825 19,1775.5462646484375
5_20220825 20,1715.1295166015625
5_20220825 21,1666.281494140625
5_20220825 22,1584.0909423828125
5_20220825 23,1562.984130859375
5_20220826 00,1817.410400390625
5_20220826 01,1846.551513671875
5_20220826 02,1813.423828125
5_20220826 03,1802.9937744140625
5_20220826 04,1832.3251953125
5_20220826 05,1898.903564453125
5_20220826 06,1944.1728515625
5_20220826 07,2080.30615234375
5_20220826 08,2618.283203125
5_20220826 09,3545.015625
5_20220826 10,3744.33642578125
5_20220826 11,5084.0400390625
5_20220826 12,5763.93701171875
5_20220826 13,5832.94873046875
5_20220826 14,5363.4150390625
5_20220826 15,5392.9873046875
5_20220826 16,5374.52197265625
5_20220826 17,5504.7578125
5_20220826 18,4955.63671875
5_20220826 19,4472.826171875
5_20220826 20,3708.62109375
5_20220826 21,2195.13916015625
5_20220826 22,1709.008056640625
5_20220826 23,1654.604736328125
5_20220827 00,1838.0325927734375
5_20220827 01,1839.6630859375
5_20220827 02,1779.6080322265625
5_20220827 03,1783.476806640625
5_20220827 04,1793.315673828125
5_20220827 05,1874.070068359375
5_20220827 06,1938.5660400390625
5_20220827 07,2144.25439453125
5_20220827 08,2936.726318359375
5_20220827 09,3664.682373046875
5_20220827 10,3966.68310546875
5_20220827 11,5464.96484375
5_20220827 12,6253.35546875
5_20220827 13,6200.1513671875
5_20220827 14,6249.51708984375
5_20220827 15,6180.4951171875
5_20220827 16,6138.95458984375
5_20220827 17,5906.7783203125
5_20220827 18,5382.6337890625
5_20220827 19,4864.26806640625
5_20220827 20,4798.5634765625
5_20220827 21,2395.185546875
5_20220827 22,1640.9254150390625
5_20220827 23,1586.343505859375
5_20220828 00,1590.362060546875
5_20220828 01,1587.8837890625
5_20220828 02,1578.51904296875
5_20220828 03,1559.1297607421875
5_20220828 04,1572.8658447265625
5_20220828 05,1673.2015380859375
5_20220828 06,1841.8095703125
5_20220828 07,2090.045654296875
5_20220828 08,4547.7666015625
5_20220828 09,5456.28857421875
5_20220828 10,5809.19775390625
5_20220828 11,5823.66162109375
5_20220828 12,5710.27197265625
5_20220828 13,5691.64892578125
5_20220828 14,5745.50537109375
5_20220828 15,5743.62353515625
5_20220828 16,5416.63720703125
5_20220828 17,5294.93798828125
5_20220828 18,2687.66845703125
5_20220828 19,1502.916015625
5_20220828 20,1472.86328125
5_20220828 21,1520.213134765625
5_20220828 22,1570.178466796875
5_20220828 23,1536.833740234375
5_20220829 00,1700.8900146484375
5_20220829 01,1719.2835693359375
5_20220829 02,1702.0784912109375
5_20220829 03,1692.474365234375
5_20220829 04,1705.432373046875
5_20220829 05,1733.13671875
5_20220829 06,1742.9976806640625
5_20220829 07,1792.347412109375
5_20220829 08,1923.6494140625
5_20220829 09,1881.055908203125
5_20220829 10,1906.5572509765625
5_20220829 11,1871.6458740234375
5_20220829 12,1834.289306640625
5_20220829 13,1827.119140625
5_20220829 14,1534.1048583984375
5_20220829 15,1474.220947265625
5_20220829 16,1475.048095703125
5_20220829 17,1670.933837890625
5_20220829 18,1667.68359375
5_20220829 19,1553.720703125
5_20220829 20,1536.7154541015625
5_20220829 21,1568.82275390625
5_20220829 22,1513.4072265625
5_20220829 23,1506.0166015625
5_20220830 00,1672.072021484375
5_20220830 01,1696.119140625
5_20220830 02,1693.261962890625
5_20220830 03,1684.0677490234375
5_20220830 04,1702.2073974609375
5_20220830 05,1705.0494384765625
5_20220830 06,1712.3619384765625
5_20220830 07,1791.0797119140625
5_20220830 08,1974.2845458984375
5_20220830 09,1974.85546875
5_20220830 10,2054.26171875
5_20220830 11,1995.16796875
5_20220830 12,2008.1470947265625
5_20220830 13,2039.716552734375
5_20220830 14,1600.520751953125
5_20220830 15,1495.3182373046875
5_20220830 16,1592.9051513671875
5_20220830 17,1845.138671875
5_20220830 18,1698.069580078125
5_20220830 19,1568.441650390625
5_20220830 20,1546.380126953125
5_20220830 21,1565.420654296875
5_20220830 22,1519.191650390625
5_20220830 23,1502.7396240234375
5_20220831 00,1714.283447265625
5_20220831 01,1749.8873291015625
5_20220831 02,1725.361083984375
5_20220831 03,1724.6468505859375
5_20220831 04,1750.759033203125
5_20220831 05,1816.517578125
5_20220831 06,1855.6787109375
5_20220831 07,1985.290283203125
5_20220831 08,2269.025146484375
5_20220831 09,2689.537109375
5_20220831 10,2819.814453125
5_20220831 11,2699.567138671875
5_20220831 12,2607.639404296875
5_20220831 13,2825.02001953125
5_20220831 14,2310.012451171875
5_20220831 15,2107.906005859375
5_20220831 16,2068.39208984375
5_20220831 17,2200.263427734375
5_20220831 18,1882.1751708984375
5_20220831 19,1711.5921630859375
5_20220831 20,1685.458984375
5_20220831 21,1632.5511474609375
5_20220831 22,1535.6546630859375
5_20220831 23,1516.3431396484375
6_20220825 00,1189.4482421875
6_20220825 01,1035.53076171875
6_20220825 02,1007.4034423828125
6_20220825 03,999.97998046875
6_20220825 04,985.8170166015625
6_20220825 05,1033.406005859375
6_20220825 06,1221.861328125
6_20220825 07,1455.79443359375
6_20220825 08,1737.36328125
6_20220825 09,2264.0126953125
6_20220825 10,2765.557861328125
6_20220825 11,2817.06982421875
6_20220825 12,2797.07373046875
6_20220825 13,2811.02001953125
6_20220825 14,2826.254638671875
6_20220825 15,2813.51318359375
6_20220825 16,2751.899169921875
6_20220825 17,2719.306884765625
6_20220825 18,2365.288330078125
6_20220825 19,2151.391357421875
6_20220825 20,1996.620849609375
6_20220825 21,1804.875732421875
6_20220825 22,1647.702392578125
6_20220825 23,1483.311279296875
6_20220826 00,1172.9107666015625
6_20220826 01,1019.0422973632812
6_20220826 02,1001.33984375
6_20220826 03,1000.5653076171875
6_20220826 04,978.7048950195312
6_20220826 05,1032.4124755859375
6_20220826 06,1205.642333984375
6_20220826 07,1438.6942138671875
6_20220826 08,1678.523193359375
6_20220826 09,2158.159912109375
6_20220826 10,2711.725341796875
6_20220826 11,2791.531005859375
6_20220826 12,2792.54931640625
6_20220826 13,2793.89208984375
6_20220826 14,2837.501953125
6_20220826 15,2831.41064453125
6_20220826 16,2791.00048828125
6_20220826 17,2715.24560546875
6_20220826 18,2333.48193359375
6_20220826 19,2128.983642578125
6_20220826 20,1980.6812744140625
6_20220826 21,1814.0084228515625
6_20220826 22,1650.352783203125
6_20220826 23,1492.310302734375
6_20220827 00,1196.6761474609375
6_20220827 01,1027.656005859375
6_20220827 02,1013.4118041992188
6_20220827 03,1020.6072387695312
6_20220827 04,996.43603515625
6_20220827 05,1045.1978759765625
6_20220827 06,1217.272216796875
6_20220827 07,1452.4935302734375
6_20220827 08,1656.859619140625
6_20220827 09,2045.9720458984375
6_20220827 10,2565.79150390625
6_20220827 11,2667.62841796875
6_20220827 12,2756.4091796875
6_20220827 13,2745.224609375
6_20220827 14,2787.822509765625
6_20220827 15,2787.602783203125
6_20220827 16,2693.63525390625
6_20220827 17,2688.873779296875
6_20220827 18,2252.08935546875
6_20220827 19,2023.910888671875
6_20220827 20,1927.5933837890625
6_20220827 21,1779.508056640625
6_20220827 22,1616.357421875
6_20220827 23,1461.1556396484375
6_20220828 00,1150.696533203125
6_20220828 01,989.5797119140625
6_20220828 02,972.7355346679688
6_20220828 03,976.177734375
6_20220828 04,953.2396240234375
6_20220828 05,997.96923828125
6_20220828 06,1144.9713134765625
6_20220828 07,1349.103271484375
6_20220828 08,1555.9691162109375
6_20220828 09,1891.2109375
6_20220828 10,2306.931640625
6_20220828 11,2483.624267578125
6_20220828 12,2540.427001953125
6_20220828 13,2533.574462890625
6_20220828 14,2585.334228515625
6_20220828 15,2623.176025390625
6_20220828 16,2595.60546875
6_20220828 17,2571.745849609375
6_20220828 18,2162.04150390625
6_20220828 19,1960.8834228515625
6_20220828 20,1853.6142578125
6_20220828 21,1712.5172119140625
6_20220828 22,1547.406005859375
6_20220828 23,1395.6014404296875
6_20220829 00,1153.42529296875
6_20220829 01,1015.2850341796875
6_20220829 02,976.91845703125
6_20220829 03,977.6734619140625
6_20220829 04,956.8767700195312
6_20220829 05,1018.5548706054688
6_20220829 06,1185.607666015625
6_20220829 07,1420.37060546875
6_20220829 08,1664.020263671875
6_20220829 09,2137.60107421875
6_20220829 10,2664.856201171875
6_20220829 11,2741.68359375
6_20220829 12,2735.764404296875
6_20220829 13,2721.845458984375
6_20220829 14,2735.7919921875
6_20220829 15,2760.973388671875
6_20220829 16,2677.247802734375
6_20220829 17,2632.009765625
6_20220829 18,2226.454345703125
6_20220829 19,2052.82080078125
6_20220829 20,1903.4398193359375
6_20220829 21,1745.689697265625
6_20220829 22,1607.578369140625
6_20220829 23,1432.553955078125
6_20220830 00,1110.112548828125
6_20220830 01,989.7820434570312
6_20220830 02,969.37939453125
6_20220830 03,967.8211059570312
6_20220830 04,955.1471557617188
6_20220830 05,1008.9796142578125
6_20220830 06,1175.092529296875
6_20220830 07,1404.1119384765625
6_20220830 08,1645.8431396484375
6_20220830 09,2093.490478515625
6_20220830 10,2587.37939453125
6_20220830 11,2655.4326171875
6_20220830 12,2642.693115234375
6_20220830 13,2645.19921875
6_20220830 14,2652.17529296875
6_20220830 15,2648.9248046875
6_20220830 16,2627.0595703125
6_20220830 17,2608.921142578125
6_20220830 18,2213.67724609375
6_20220830 19,2013.301025390625
6_20220830 20,1883.859375
6_20220830 21,1724.8333740234375
6_20220830 22,1589.94140625
6_20220830 23,1416.131103515625
6_20220831 00,1143.66162109375
6_20220831 01,1003.8703002929688
6_20220831 02,988.60986328125
6_20220831 03,988.3557739257812
6_20220831 04,968.1705932617188
6_20220831 05,1014.2318115234375
6_20220831 06,1185.0242919921875
6_20220831 07,1419.62158203125
6_20220831 08,1671.1790771484375
6_20220831 09,2094.453369140625
6_20220831 10,2618.398193359375
6_20220831 11,2701.625244140625
6_20220831 12,2687.184814453125
6_20220831 13,2681.94140625
6_20220831 14,2719.33154296875
6_20220831 15,2707.424072265625
6_20220831 16,2651.689697265625
6_20220831 17,2608.498779296875
6_20220831 18,2248.315185546875
6_20220831 19,2045.2535400390625
6_20220831 20,1884.3994140625
6_20220831 21,1754.8916015625
6_20220831 22,1610.957763671875
6_20220831 23,1439.670654296875
7_20220825 00,370.1595764160156
7_20220825 01,376.0671691894531
7_20220825 02,373.1018371582031
7_20220825 03,355.1487731933594
7_20220825 04,358.36895751953125
7_20220825 05,553.3056640625
7_20220825 06,759.3580932617188
7_20220825 07,824.3264770507812
7_20220825 08,901.7291870117188
7_20220825 09,967.751953125
7_20220825 10,1047.5552978515625
7_20220825 11,1002.3206176757812
7_20220825 12,964.9239501953125
7_20220825 13,991.4307861328125
7_20220825 14,976.2093505859375
7_20220825 15,971.2332763671875
7_20220825 16,987.9615478515625
7_20220825 17,938.3035888671875
7_20220825 18,843.400390625
7_20220825 19,870.34619140625
7_20220825 20,838.1546020507812
7_20220825 21,615.5594482421875
7_20220825 22,473.99639892578125
7_20220825 23,393.5130920410156
7_20220826 00,400.079833984375
7_20220826 01,404.64202880859375
7_20220826 02,406.692626953125
7_20220826 03,396.66064453125
7_20220826 04,401.80426025390625
7_20220826 05,585.7222900390625
7_20220826 06,790.82763671875
7_20220826 07,853.6575927734375
7_20220826 08,915.4064331054688
7_20220826 09,982.7824096679688
7_20220826 10,1062.781494140625
7_20220826 11,1043.423095703125
7_20220826 12,1007.34716796875
7_20220826 13,1046.045654296875
7_20220826 14,1029.881103515625
7_20220826 15,1035.4229736328125
7_20220826 16,1060.8397216796875
7_20220826 17,1003.98974609375
7_20220826 18,907.4884643554688
7_20220826 19,927.5020751953125
7_20220826 20,900.6517333984375
7_20220826 21,658.1598510742188
7_20220826 22,511.9602966308594
7_20220826 23,411.1936950683594
7_20220827 00,375.7135009765625
7_20220827 01,375.82684326171875
7_20220827 02,375.83795166015625
7_20220827 03,372.44384765625
7_20220827 04,371.70318603515625
7_20220827 05,412.37255859375
7_20220827 06,449.2189025878906
7_20220827 07,459.06280517578125
7_20220827 08,618.1990966796875
7_20220827 09,801.7778930664062
7_20220827 10,877.0734252929688
7_20220827 11,900.2991943359375
7_20220827 12,867.3656005859375
7_20220827 13,868.7322998046875
7_20220827 14,900.7271728515625
7_20220827 15,860.6525268554688
7_20220827 16,858.4296875
7_20220827 17,852.87353515625
7_20220827 18,652.57275390625
7_20220827 19,543.18408203125
7_20220827 20,572.9202880859375
7_20220827 21,489.68365478515625
7_20220827 22,414.6812438964844
7_20220827 23,380.8259582519531
7_20220828 00,350.2922058105469
7_20220828 01,328.0037536621094
7_20220828 02,333.8846130371094
7_20220828 03,332.04876708984375
7_20220828 04,336.4689636230469
7_20220828 05,350.70477294921875
7_20220828 06,399.87445068359375
7_20220828 07,405.7401428222656
7_20220828 08,541.741455078125
7_20220828 09,699.2672729492188
7_20220828 10,778.3710327148438
7_20220828 11,771.6411743164062
7_20220828 12,765.5167236328125
7_20220828 13,773.9970703125
7_20220828 14,794.3348388671875
7_20220828 15,770.2566528320312
7_20220828 16,789.3777465820312
7_20220828 17,777.7017822265625
7_20220828 18,627.3728637695312
7_20220828 19,528.9788818359375
7_20220828 20,529.2711791992188
7_20220828 21,444.9244079589844
7_20220828 22,355.39251708984375
7_20220828 23,331.3572082519531
7_20220829 00,360.09417724609375
7_20220829 01,373.220458984375
7_20220829 02,359.4483947753906
7_20220829 03,353.0048828125
7_20220829 04,371.0148620605469
7_20220829 05,549.5634765625
7_20220829 06,740.5555419921875
7_20220829 07,795.6445922851562
7_20220829 08,878.2564697265625
7_20220829 09,945.58203125
7_20220829 10,1004.9871826171875
7_20220829 11,977.8359375
7_20220829 12,948.0676879882812
7_20220829 13,971.5480346679688
7_20220829 14,960.9603271484375
7_20220829 15,963.3726806640625
7_20220829 16,962.0607299804688
7_20220829 17,919.7052612304688
7_20220829 18,817.5842895507812
7_20220829 19,825.4766845703125
7_20220829 20,805.3734130859375
7_20220829 21,605.0183715820312
7_20220829 22,471.36334228515625
7_20220829 23,381.4774169921875
7_20220830 00,350.9951171875
7_20220830 01,353.7795715332031
7_20220830 02,362.33990478515625
7_20220830 03,355.6675720214844
7_20220830 04,350.71563720703125
7_20220830 05,552.73193359375
7_20220830 06,756.1859130859375
7_20220830 07,822.0006713867188
7_20220830 08,891.6868286132812
7_20220830 09,950.3919677734375
7_20220830 10,1009.0406494140625
7_20220830 11,991.0501098632812
7_20220830 12,955.9069213867188
7_20220830 13,981.65771484375
7_20220830 14,972.4896240234375
7_20220830 15,971.5380859375
7_20220830 16,977.1015625
7_20220830 17,940.2327270507812
7_20220830 18,851.25341796875
7_20220830 19,875.9841918945312
7_20220830 20,851.5670166015625
7_20220830 21,622.9915771484375
7_20220830 22,472.465576171875
7_20220830 23,387.11395263671875
7_20220831 00,365.01068115234375
7_20220831 01,364.08294677734375
7_20220831 02,355.08453369140625
7_20220831 03,353.0626220703125
7_20220831 04,356.26690673828125
7_20220831 05,541.2656860351562
7_20220831 06,743.582763671875
7_20220831 07,791.5487060546875
7_20220831 08,880.9285888671875
7_20220831 09,940.4733276367188
7_20220831 10,1004.8522338867188
7_20220831 11,983.8522338867188
7_20220831 12,941.0159912109375
7_20220831 13,969.3552856445312
7_20220831 14,961.9895629882812
7_20220831 15,954.1168823242188
7_20220831 16,956.3729248046875
7_20220831 17,925.5992431640625
7_20220831 18,827.5177612304688
7_20220831 19,850.6351318359375
7_20220831 20,817.58056640625
7_20220831 21,601.5484619140625
7_20220831 22,457.36175537109375
7_20220831 23,367.76080322265625
8_20220825 00,1319.7701416015625
8_20220825 01,1215.0540771484375
8_20220825 02,1198.247314453125
8_20220825 03,1283.412353515625
8_20220825 04,1371.249267578125
8_20220825 05,1393.158447265625
8_20220825 06,1220.425048828125
8_20220825 07,1302.211669921875
8_20220825 08,1528.235595703125
8_20220825 09,1536.373291015625
8_20220825 10,1315.4732666015625
8_20220825 11,1308.2076416015625
8_20220825 12,1292.8486328125
8_20220825 13,1365.5
8_20220825 14,1372.830322265625
8_20220825 15,1452.0704345703125
8_20220825 16,1494.45458984375
8_20220825 17,1380.600341796875
8_20220825 18,1279.20849609375
8_20220825 19,1278.0859375
8_20220825 20,1282.572998046875
8_20220825 21,1246.750244140625
8_20220825 22,1181.5362548828125
8_20220825 23,1151.4176025390625
8_20220826 00,1294.30126953125
8_20220826 01,1195.2193603515625
8_20220826 02,1198.0625
8_20220826 03,1281.857177734375
8_20220826 04,1364.59228515625
8_20220826 05,1384.9053955078125
8_20220826 06,1210.43212890625
8_20220826 07,1238.954833984375
8_20220826 08,1533.4722900390625
8_20220826 09,1531.6002197265625
8_20220826 10,1312.4027099609375
8_20220826 11,1330.160888671875
8_20220826 12,1304.917724609375
8_20220826 13,1364.167236328125
8_20220826 14,1389.510009765625
8_20220826 15,1472.866943359375
8_20220826 16,1514.9434814453125
8_20220826 17,1406.439697265625
8_20220826 18,1322.3095703125
8_20220826 19,1323.842529296875
8_20220826 20,1301.852783203125
8_20220826 21,1263.9556884765625
8_20220826 22,1228.86767578125
8_20220826 23,1180.8787841796875
8_20220827 00,1239.290283203125
8_20220827 01,1173.922119140625
8_20220827 02,1220.950439453125
8_20220827 03,1251.288330078125
8_20220827 04,1294.1005859375
8_20220827 05,1307.908447265625
8_20220827 06,1256.794189453125
8_20220827 07,1283.115966796875
8_20220827 08,1359.98828125
8_20220827 09,1380.3189697265625
8_20220827 10,1207.1744384765625
8_20220827 11,1212.621337890625
8_20220827 12,1173.117919921875
8_20220827 13,1232.7012939453125
8_20220827 14,1271.3046875
8_20220827 15,1318.834716796875
8_20220827 16,1430.7633056640625
8_20220827 17,1322.688232421875
8_20220827 18,1232.594970703125
8_20220827 19,1169.785888671875
8_20220827 20,1178.3289794921875
8_20220827 21,1148.410888671875
8_20220827 22,1140.052001953125
8_20220827 23,1106.8116455078125
8_20220828 00,1040.520263671875
8_20220828 01,1014.8013916015625
8_20220828 02,1021.251953125
8_20220828 03,1005.3141479492188
8_20220828 04,1008.2445068359375
8_20220828 05,1030.100830078125
8_20220828 06,975.1185302734375
8_20220828 07,997.9349365234375
8_20220828 08,1096.2882080078125
8_20220828 09,1131.328125
8_20220828 10,1065.027587890625
8_20220828 11,1044.103759765625
8_20220828 12,1021.8541259765625
8_20220828 13,1075.6256103515625
8_20220828 14,1112.327880859375
8_20220828 15,1154.45361328125
8_20220828 16,1199.7366943359375
8_20220828 17,1154.198974609375
8_20220828 18,1086.3822021484375
8_20220828 19,1092.152099609375
8_20220828 20,1094.4505615234375
8_20220828 21,1051.07568359375
8_20220828 22,1045.26220703125
8_20220828 23,1044.447998046875
8_20220829 00,1229.6456298828125
8_20220829 01,1152.3643798828125
8_20220829 02,1161.731689453125
8_20220829 03,1227.7908935546875
8_20220829 04,1320.6844482421875
8_20220829 05,1357.00244140625
8_20220829 06,1180.6676025390625
8_20220829 07,1252.130126953125
8_20220829 08,1471.718505859375
8_20220829 09,1490.9564208984375
8_20220829 10,1284.952392578125
8_20220829 11,1278.1317138671875
8_20220829 12,1269.9769287109375
8_20220829 13,1328.9481201171875
8_20220829 14,1335.18408203125
8_20220829 15,1380.185791015625
8_20220829 16,1459.196533203125
8_20220829 17,1390.803955078125
8_20220829 18,1276.2027587890625
8_20220829 19,1257.564453125
8_20220829 20,1261.3612060546875
8_20220829 21,1229.7974853515625
8_20220829 22,1203.207275390625
8_20220829 23,1164.941162109375
8_20220830 00,1252.4346923828125
8_20220830 01,1146.677978515625
8_20220830 02,1160.1846923828125
8_20220830 03,1240.6617431640625
8_20220830 04,1330.2164306640625
8_20220830 05,1351.521728515625
8_20220830 06,1196.24658203125
8_20220830 07,1261.275634765625
8_20220830 08,1478.761474609375
8_20220830 09,1497.9556884765625
8_20220830 10,1297.830322265625
8_20220830 11,1294.9847412109375
8_20220830 12,1268.551025390625
8_20220830 13,1333.36474609375
8_20220830 14,1339.0931396484375
8_20220830 15,1410.2750244140625
8_20220830 16,1469.664306640625
8_20220830 17,1361.778564453125
8_20220830 18,1256.9351806640625
8_20220830 19,1246.609375
8_20220830 20,1245.980224609375
8_20220830 21,1209.3555908203125
8_20220830 22,1162.4642333984375
8_20220830 23,1131.8028564453125
8_20220831 00,1254.7177734375
8_20220831 01,1149.655517578125
8_20220831 02,1153.814697265625
8_20220831 03,1228.510986328125
8_20220831 04,1328.664794921875
8_20220831 05,1350.0618896484375
8_20220831 06,1185.0006103515625
8_20220831 07,1216.7413330078125
8_20220831 08,1504.3580322265625
8_20220831 09,1508.64306640625
8_20220831 10,1286.827880859375
8_20220831 11,1287.6240234375
8_20220831 12,1270.502197265625
8_20220831 13,1311.2850341796875
8_20220831 14,1333.2110595703125
8_20220831 15,1395.3671875
8_20220831 16,1474.0921630859375
8_20220831 17,1351.736083984375
8_20220831 18,1262.0826416015625
8_20220831 19,1253.7835693359375
8_20220831 20,1250.3336181640625
8_20220831 21,1213.5020751953125
8_20220831 22,1184.897216796875
8_20220831 23,1151.408203125
9_20220825 00,1495.4429931640625
9_20220825 01,1297.4700927734375
9_20220825 02,1217.4749755859375
9_20220825 03,1176.6458740234375
9_20220825 04,1176.3480224609375
9_20220825 05,1283.389404296875
9_20220825 06,1431.3994140625
9_20220825 07,1635.039306640625
9_20220825 08,2049.554443359375
9_20220825 09,2540.18603515625
9_20220825 10,3094.50244140625
9_20220825 11,3220.087158203125
9_20220825 12,3234.922119140625
9_20220825 13,3221.22021484375
9_20220825 14,3233.692626953125
9_20220825 15,3358.44580078125
9_20220825 16,3360.584716796875
9_20220825 17,3301.30126953125
9_20220825 18,3176.874267578125
9_20220825 19,2963.146728515625
9_20220825 20,2764.96826171875
9_20220825 21,2472.877685546875
9_20220825 22,2082.42333984375
9_20220825 23,1835.488525390625
9_20220826 00,1536.2281494140625
9_20220826 01,1328.4405517578125
9_20220826 02,1243.04052734375
9_20220826 03,1204.369384765625
9_20220826 04,1201.4248046875
9_20220826 05,1313.390380859375
9_20220826 06,1482.9384765625
9_20220826 07,1677.2490234375
9_20220826 08,2130.306396484375
9_20220826 09,2644.56201171875
9_20220826 10,3155.5234375
9_20220826 11,3343.905517578125
9_20220826 12,3332.357421875
9_20220826 13,3323.20654296875
9_20220826 14,3419.884033203125
9_20220826 15,3363.188720703125
9_20220826 16,3347.399658203125
9_20220826 17,3332.55322265625
9_20220826 18,3154.59423828125
9_20220826 19,2967.67041015625
9_20220826 20,2798.3857421875
9_20220826 21,2545.47412109375
9_20220826 22,2100.85302734375
9_20220826 23,1862.9586181640625
9_20220827 00,1521.6519775390625
9_20220827 01,1336.2193603515625
9_20220827 02,1240.56982421875
9_20220827 03,1202.868896484375
9_20220827 04,1192.4488525390625
9_20220827 05,1243.322265625
9_20220827 06,1363.790283203125
9_20220827 07,1586.1287841796875
9_20220827 08,1954.642578125
9_20220827 09,2422.3603515625
9_20220827 10,2970.313232421875
9_20220827 11,3089.259765625
9_20220827 12,3095.64892578125
9_20220827 13,3072.028564453125
9_20220827 14,3064.22216796875
9_20220827 15,3077.53955078125
9_20220827 16,3032.4345703125
9_20220827 17,3032.512939453125
9_20220827 18,2928.41943359375
9_20220827 19,2680.67724609375
9_20220827 20,2541.32177734375
9_20220827 21,2276.568359375
9_20220827 22,1946.5054931640625
9_20220827 23,1768.540283203125
9_20220828 00,1430.020751953125
9_20220828 01,1269.5037841796875
9_20220828 02,1169.573486328125
9_20220828 03,1135.5924072265625
9_20220828 04,1122.7115478515625
9_20220828 05,1162.701904296875
9_20220828 06,1279.4410400390625
9_20220828 07,1453.6265869140625
9_20220828 08,1689.7476806640625
9_20220828 09,2060.85986328125
9_20220828 10,2372.45166015625
9_20220828 11,2574.229736328125
9_20220828 12,2567.087158203125
9_20220828 13,2567.95947265625
9_20220828 14,2577.343017578125
9_20220828 15,2645.68115234375
9_20220828 16,2623.189453125
9_20220828 17,2599.52099609375
9_20220828 18,2535.49267578125
9_20220828 19,2375.70361328125
9_20220828 20,2244.349609375
9_20220828 21,2072.71826171875
9_20220828 22,1799.643798828125
9_20220828 23,1656.563720703125
9_20220829 00,1480.86962890625
9_20220829 01,1282.3154296875
9_20220829 02,1202.349365234375
9_20220829 03,1176.71826171875
9_20220829 04,1159.60107421875
9_20220829 05,1265.198974609375
9_20220829 06,1423.4365234375
9_20220829 07,1647.7320556640625
9_20220829 08,2074.76513671875
9_20220829 09,2593.322509765625
9_20220829 10,3081.3115234375
9_20220829 11,3224.54443359375
9_20220829 12,3235.00830078125
9_20220829 13,3201.76611328125
9_20220829 14,3195.76611328125
9_20220829 15,3193.42138671875
9_20220829 16,3141.318115234375
9_20220829 17,3134.276611328125
9_20220829 18,3055.3076171875
9_20220829 19,2929.27197265625
9_20220829 20,2749.04638671875
9_20220829 21,2495.294677734375
9_20220829 22,2079.09375
9_20220829 23,1841.025634765625
9_20220830 00,1491.914794921875
9_20220830 01,1284.4031982421875
9_20220830 02,1221.2174072265625
9_20220830 03,1184.958251953125
9_20220830 04,1187.217041015625
9_20220830 05,1284.881103515625
9_20220830 06,1464.507080078125
9_20220830 07,1665.500244140625
9_20220830 08,2099.40234375
9_20220830 09,2638.044677734375
9_20220830 10,3062.50830078125
9_20220830 11,3183.78076171875
9_20220830 12,3124.64697265625
9_20220830 13,3098.3984375
9_20220830 14,3096.00927734375
9_20220830 15,3098.19189453125
9_20220830 16,3091.938232421875
9_20220830 17,3093.1953125
9_20220830 18,2991.583251953125
9_20220830 19,2851.072021484375
9_20220830 20,2762.823486328125
9_20220830 21,2489.16552734375
9_20220830 22,2100.13671875
9_20220830 23,1840.346435546875
9_20220831 00,1466.984130859375
9_20220831 01,1266.874267578125
9_20220831 02,1210.1185302734375
9_20220831 03,1163.251708984375
9_20220831 04,1164.514404296875
9_20220831 05,1277.1597900390625
9_20220831 06,1449.761474609375
9_20220831 07,1685.8443603515625
9_20220831 08,2103.803955078125
9_20220831 09,2597.76220703125
9_20220831 10,3015.798828125
9_20220831 11,3061.084228515625
9_20220831 12,3029.134521484375
9_20220831 13,2994.764404296875
9_20220831 14,2998.640625
9_20220831 15,3011.962646484375
9_20220831 16,2985.9755859375
9_20220831 17,2968.967529296875
9_20220831 18,2878.575439453125
9_20220831 19,2730.1298828125
9_20220831 20,2647.486083984375
9_20220831 21,2353.673583984375
9_20220831 22,1979.0286865234375
9_20220831 23,1751.019775390625
10_20220825 00,4111.78466796875
10_20220825 01,4073.828125
10_20220825 02,4062.38818359375
10_20220825 03,4029.81298828125
10_20220825 04,4024.13916015625
10_20220825 05,3732.622314453125
10_20220825 06,3336.216064453125
10_20220825 07,3283.29248046875
10_20220825 08,3693.621826171875
10_20220825 09,3940.116455078125
10_20220825 10,4425.1796875
10_20220825 11,4520.89599609375
10_20220825 12,4295.6435546875
10_20220825 13,4261.3994140625
10_20220825 14,4254.7119140625
10_20220825 15,4221.7314453125
10_20220825 16,4162.0771484375
10_20220825 17,3922.339111328125
10_20220825 18,3671.76806640625
10_20220825 19,4128.2919921875
10_20220825 20,4336.57470703125
10_20220825 21,4333.759765625
10_20220825 22,4307.3291015625
10_20220825 23,4278.5419921875
10_20220826 00,4359.640625
10_20220826 01,4323.0791015625
10_20220826 02,4301.50244140625
10_20220826 03,4249.77099609375
10_20220826 04,4228.19921875
10_20220826 05,3913.826904296875
10_20220826 06,3516.899169921875
10_20220826 07,3438.907470703125
10_20220826 08,3772.016357421875
10_20220826 09,3975.99755859375
10_20220826 10,4460.38818359375
10_20220826 11,4559.0517578125
10_20220826 12,4360.58154296875
10_20220826 13,4389.84814453125
10_20220826 14,4294.30859375
10_20220826 15,4263.69921875
10_20220826 16,4145.3896484375
10_20220826 17,3948.314453125
10_20220826 18,3747.7578125
10_20220826 19,4238.81640625
10_20220826 20,4424.091796875
10_20220826 21,4425.0185546875
10_20220826 22,4425.716796875
10_20220826 23,4436.3779296875
10_20220827 00,4275.7060546875
10_20220827 01,4259.31884765625
10_20220827 02,4222.2177734375
10_20220827 03,4221.2861328125
10_20220827 04,4184.2548828125
10_20220827 05,3857.02685546875
10_20220827 06,3470.557861328125
10_20220827 07,3406.40380859375
10_20220827 08,3616.631591796875
10_20220827 09,3752.809814453125
10_20220827 10,3919.16259765625
10_20220827 11,3911.400390625
10_20220827 12,3845.141357421875
10_20220827 13,3853.35107421875
10_20220827 14,3810.483642578125
10_20220827 15,3895.92041015625
10_20220827 16,3840.053955078125
10_20220827 17,3741.68505859375
10_20220827 18,3628.485595703125
10_20220827 19,4107.63916015625
10_20220827 20,4242.88916015625
10_20220827 21,4211.8251953125
10_20220827 22,4156.6826171875
10_20220827 23,4098.2919921875
10_20220828 00,4075.87841796875
10_20220828 01,4051.985595703125
10_20220828 02,4024.35693359375
10_20220828 03,3998.057861328125
10_20220828 04,3980.553466796875
10_20220828 05,3711.914794921875
10_20220828 06,3305.1875
10_20220828 07,3178.53271484375
10_20220828 08,3362.774169921875
10_20220828 09,3539.703125
10_20220828 10,3603.49951171875
10_20220828 11,3591.086669921875
10_20220828 12,3556.315185546875
10_20220828 13,3573.65380859375
10_20220828 14,3634.89697265625
10_20220828 15,3668.18701171875
10_20220828 16,3630.427734375
10_20220828 17,3548.18017578125
10_20220828 18,3436.14794921875
10_20220828 19,3869.55322265625
10_20220828 20,4051.4375
10_20220828 21,4015.30224609375
10_20220828 22,3995.23095703125
10_20220828 23,3969.653076171875
10_20220829 00,3905.84814453125
10_20220829 01,3840.793701171875
10_20220829 02,3814.69482421875
10_20220829 03,3797.198486328125
10_20220829 04,3797.63916015625
10_20220829 05,3578.65673828125
10_20220829 06,3130.31103515625
10_20220829 07,3073.2216796875
10_20220829 08,3522.628173828125
10_20220829 09,3796.221923828125
10_20220829 10,4207.7958984375
10_20220829 11,4355.5107421875
10_20220829 12,4236.1064453125
10_20220829 13,4210.91455078125
10_20220829 14,4110.302734375
10_20220829 15,4044.516845703125
10_20220829 16,3899.51708984375
10_20220829 17,3731.65869140625
10_20220829 18,3566.02490234375
10_20220829 19,4017.755859375
10_20220829 20,4225.6474609375
10_20220829 21,4193.94140625
10_20220829 22,4181.7705078125
10_20220829 23,4172.40869140625
10_20220830 00,4295.07568359375
10_20220830 01,4241.4443359375
10_20220830 02,4192.04541015625
10_20220830 03,4142.7060546875
10_20220830 04,4176.82568359375
10_20220830 05,3940.047607421875
10_20220830 06,3509.3359375
10_20220830 07,3454.88671875
10_20220830 08,3854.07861328125
10_20220830 09,4117.10595703125
10_20220830 10,4546.75537109375
10_20220830 11,4686.4052734375
10_20220830 12,4469.056640625
10_20220830 13,4461.47412109375
10_20220830 14,4287.8046875
10_20220830 15,4275.412109375
10_20220830 16,4106.91845703125
10_20220830 17,3940.827392578125
10_20220830 18,3700.70361328125
10_20220830 19,4239.26025390625
10_20220830 20,4417.9091796875
10_20220830 21,4431.86279296875
10_20220830 22,4325.767578125
10_20220830 23,4410.28857421875
10_20220831 00,4039.830078125
10_20220831 01,4025.235107421875
10_20220831 02,4004.208251953125
10_20220831 03,3982.24560546875
10_20220831 04,3977.59423828125
10_20220831 05,3727.278564453125
10_20220831 06,3304.361328125
10_20220831 07,3242.806884765625
10_20220831 08,3586.58544921875
10_20220831 09,3791.71826171875
10_20220831 10,4179.6171875
10_20220831 11,4256.06103515625
10_20220831 12,3997.586669921875
10_20220831 13,3970.65087890625
10_20220831 14,3829.865966796875
10_20220831 15,3830.66943359375
10_20220831 16,3687.860107421875
10_20220831 17,3586.57568359375
10_20220831 18,3362.48779296875
10_20220831 19,3838.590576171875
10_20220831 20,4061.03125
10_20220831 21,4022.04736328125
10_20220831 22,3973.78515625
10_20220831 23,3981.550048828125
11_20220825 00,1645.1529541015625
11_20220825 01,1723.415771484375
11_20220825 02,1602.4393310546875
11_20220825 03,1580.746826171875
11_20220825 04,1559.1400146484375
11_20220825 05,1572.321044921875
11_20220825 06,1569.4888916015625
11_20220825 07,1677.031005859375
11_20220825 08,2054.79443359375
11_20220825 09,2180.549560546875
11_20220825 10,2163.51416015625
11_20220825 11,2131.900146484375
11_20220825 12,2185.01416015625
11_20220825 13,2197.66455078125
11_20220825 14,2087.364501953125
11_20220825 15,2202.951171875
11_20220825 16,2184.737548828125
11_20220825 17,1995.3681640625
11_20220825 18,1840.936767578125
11_20220825 19,1764.641357421875
11_20220825 20,1699.5416259765625
11_20220825 21,1647.416748046875
11_20220825 22,1605.00537109375
11_20220825 23,1575.0751953125
11_20220826 00,1633.5491943359375
11_20220826 01,1702.8238525390625
11_20220826 02,1575.886474609375
11_20220826 03,1551.3275146484375
11_20220826 04,1530.216064453125
11_20220826 05,1527.8017578125
11_20220826 06,1530.632568359375
11_20220826 07,1629.5062255859375
11_20220826 08,2045.7685546875
11_20220826 09,2218.02197265625
11_20220826 10,2170.54833984375
11_20220826 11,2145.61376953125
11_20220826 12,2224.05908203125
11_20220826 13,2244.002197265625
11_20220826 14,2119.579833984375
11_20220826 15,2230.990966796875
11_20220826 16,2215.317138671875
11_20220826 17,2018.864990234375
11_20220826 18,1873.343505859375
11_20220826 19,1792.382568359375
11_20220826 20,1721.743408203125
11_20220826 21,1677.0091552734375
11_20220826 22,1628.010498046875
11_20220826 23,1597.4075927734375
11_20220827 00,1627.123046875
11_20220827 01,1682.1781005859375
11_20220827 02,1579.083251953125
11_20220827 03,1570.26171875
11_20220827 04,1564.468505859375
11_20220827 05,1551.8414306640625
11_20220827 06,1542.367919921875
11_20220827 07,1600.4359130859375
11_20220827 08,1936.9638671875
11_20220827 09,2060.247314453125
11_20220827 10,2037.1090087890625
11_20220827 11,2044.879150390625
11_20220827 12,2069.16845703125
11_20220827 13,2095.04638671875
11_20220827 14,2044.7767333984375
11_20220827 15,2116.266357421875
11_20220827 16,2079.984619140625
11_20220827 17,1906.7210693359375
11_20220827 18,1770.5435791015625
11_20220827 19,1653.4866943359375
11_20220827 20,1626.31201171875
11_20220827 21,1588.5404052734375
11_20220827 22,1536.9755859375
11_20220827 23,1524.373779296875
11_20220828 00,1535.266845703125
11_20220828 01,1538.4476318359375
11_20220828 02,1505.2652587890625
11_20220828 03,1500.163330078125
11_20220828 04,1495.55078125
11_20220828 05,1487.0023193359375
11_20220828 06,1450.6033935546875
11_20220828 07,1512.5028076171875
11_20220828 08,1793.7978515625
11_20220828 09,1927.2974853515625
11_20220828 10,1922.8297119140625
11_20220828 11,1909.609375
11_20220828 12,1951.5543212890625
11_20220828 13,1970.325927734375
11_20220828 14,1950.0328369140625
11_20220828 15,2033.40234375
11_20220828 16,1979.1907958984375
11_20220828 17,1831.520263671875
11_20220828 18,1685.9876708984375
11_20220828 19,1605.7823486328125
11_20220828 20,1579.43310546875
11_20220828 21,1539.9840087890625
11_20220828 22,1509.7396240234375
11_20220828 23,1501.3062744140625
11_20220829 00,1535.800048828125
11_20220829 01,1603.6650390625
11_20220829 02,1483.010498046875
11_20220829 03,1468.2386474609375
11_20220829 04,1463.010498046875
11_20220829 05,1452.300537109375
11_20220829 06,1464.55322265625
11_20220829 07,1569.319091796875
11_20220829 08,1913.834716796875
11_20220829 09,2079.850341796875
11_20220829 10,2046.11328125
11_20220829 11,2005.398681640625
11_20220829 12,2062.164794921875
11_20220829 13,2058.15771484375
11_20220829 14,1947.0562744140625
11_20220829 15,2052.028076171875
11_20220829 16,2044.6025390625
11_20220829 17,1877.9000244140625
11_20220829 18,1673.642822265625
11_20220829 19,1623.7230224609375
11_20220829 20,1610.821533203125
11_20220829 21,1552.897705078125
11_20220829 22,1522.4603271484375
11_20220829 23,1500.63671875
11_20220830 00,1545.309326171875
11_20220830 01,1597.949462890625
11_20220830 02,1467.201904296875
11_20220830 03,1483.7008056640625
11_20220830 04,1475.3863525390625
11_20220830 05,1459.105712890625
11_20220830 06,1465.376708984375
11_20220830 07,1563.9322509765625
11_20220830 08,1919.0689697265625
11_20220830 09,2045.6920166015625
11_20220830 10,2057.28271484375
11_20220830 11,2035.354736328125
11_20220830 12,2078.040283203125
11_20220830 13,2088.6953125
11_20220830 14,1982.4154052734375
11_20220830 15,2088.473388671875
11_20220830 16,2079.595703125
11_20220830 17,1903.707275390625
11_20220830 18,1720.3994140625
11_20220830 19,1659.340576171875
11_20220830 20,1638.01416015625
11_20220830 21,1590.9810791015625
11_20220830 22,1558.090087890625
11_20220830 23,1531.1846923828125
11_20220831 00,1596.665283203125
11_20220831 01,1672.73046875
11_20220831 02,1532.972900390625
11_20220831 03,1514.134521484375
11_20220831 04,1517.3319091796875
11_20220831 05,1516.627685546875
11_20220831 06,1522.5
11_20220831 07,1613.148193359375
11_20220831 08,2016.0042724609375
11_20220831 09,2161.11474609375
11_20220831 10,2121.715576171875
11_20220831 11,2071.073974609375
11_20220831 12,2148.781494140625
11_20220831 13,2142.290283203125
11_20220831 14,2006.205078125
11_20220831 15,2149.18505859375
11_20220831 16,2142.893798828125
11_20220831 17,1935.173828125
11_20220831 18,1795.5810546875
11_20220831 19,1705.578125
11_20220831 20,1646.525634765625
11_20220831 21,1627.670654296875
11_20220831 22,1595.696044921875
11_20220831 23,1567.162109375
12_20220825 00,1139.075927734375
12_20220825 01,1146.3656005859375
12_20220825 02,1130.624267578125
12_20220825 03,1148.4752197265625
12_20220825 04,1211.23486328125
12_20220825 05,1326.4688720703125
12_20220825 06,1407.24072265625
12_20220825 07,1430.447509765625
12_20220825 08,1466.7601318359375
12_20220825 09,1498.9359130859375
12_20220825 10,1549.942626953125
12_20220825 11,1681.076416015625
12_20220825 12,1683.414306640625
12_20220825 13,1658.5267333984375
12_20220825 14,1637.907958984375
12_20220825 15,1615.7926025390625
12_20220825 16,1632.7115478515625
12_20220825 17,1637.734130859375
12_20220825 18,1607.350341796875
12_20220825 19,1539.137939453125
12_20220825 20,1427.155517578125
12_20220825 21,1312.473876953125
12_20220825 22,1158.6947021484375
12_20220825 23,1121.5325927734375
12_20220826 00,1107.406982421875
12_20220826 01,1113.1422119140625
12_20220826 02,1107.7999267578125
12_20220826 03,1119.891845703125
12_20220826 04,1193.1199951171875
12_20220826 05,1304.4283447265625
12_20220826 06,1380.7535400390625
12_20220826 07,1396.942138671875
12_20220826 08,1436.3892822265625
12_20220826 09,1477.088623046875
12_20220826 10,1555.51953125
12_20220826 11,1668.6087646484375
12_20220826 12,1645.9375
12_20220826 13,1669.690185546875
12_20220826 14,1657.5699462890625
12_20220826 15,1672.0501708984375
12_20220826 16,1703.9390869140625
12_20220826 17,1680.885986328125
12_20220826 18,1670.6175537109375
12_20220826 19,1601.765625
12_20220826 20,1502.6365966796875
12_20220826 21,1359.9547119140625
12_20220826 22,1186.6552734375
12_20220826 23,1154.5863037109375
12_20220827 00,1114.073486328125
12_20220827 01,1117.9482421875
12_20220827 02,1096.087646484375
12_20220827 03,1099.453125
12_20220827 04,1143.8968505859375
12_20220827 05,1204.5750732421875
12_20220827 06,1273.029541015625
12_20220827 07,1280.4940185546875
12_20220827 08,1301.5521240234375
12_20220827 09,1298.772705078125
12_20220827 10,1383.9476318359375
12_20220827 11,1445.565673828125
12_20220827 12,1450.5616455078125
12_20220827 13,1450.2371826171875
12_20220827 14,1453.6842041015625
12_20220827 15,1471.1412353515625
12_20220827 16,1499.705322265625
12_20220827 17,1539.828369140625
12_20220827 18,1530.05078125
12_20220827 19,1467.827880859375
12_20220827 20,1362.7384033203125
12_20220827 21,1205.1031494140625
12_20220827 22,1081.6865234375
12_20220827 23,1063.068603515625
12_20220828 00,1020.7936401367188
12_20220828 01,1023.0196533203125
12_20220828 02,998.6705322265625
12_20220828 03,991.5382690429688
12_20220828 04,1015.6364135742188
12_20220828 05,1049.453857421875
12_20220828 06,1093.12109375
12_20220828 07,1108.331298828125
12_20220828 08,1118.665283203125
12_20220828 09,1109.659423828125
12_20220828 10,1169.33203125
12_20220828 11,1192.80126953125
12_20220828 12,1216.2249755859375
12_20220828 13,1245.6080322265625
12_20220828 14,1262.1922607421875
12_20220828 15,1288.489013671875
12_20220828 16,1372.24609375
12_20220828 17,1410.8328857421875
12_20220828 18,1385.9261474609375
12_20220828 19,1347.9266357421875
12_20220828 20,1299.5498046875
12_20220828 21,1179.62109375
12_20220828 22,1066.9156494140625
12_20220828 23,1067.250732421875
12_20220829 00,1089.633544921875
12_20220829 01,1111.8592529296875
12_20220829 02,1091.7459716796875
12_20220829 03,1105.948974609375
12_20220829 04,1168.3568115234375
12_20220829 05,1291.4759521484375
12_20220829 06,1361.539306640625
12_20220829 07,1399.0111083984375
12_20220829 08,1440.5494384765625
12_20220829 09,1449.3824462890625
12_20220829 10,1536.291259765625
12_20220829 11,1623.8516845703125
12_20220829 12,1620.4033203125
12_20220829 13,1609.54736328125
12_20220829 14,1589.9410400390625
12_20220829 15,1587.718994140625
12_20220829 16,1591.858642578125
12_20220829 17,1571.183349609375
12_20220829 18,1535.30615234375
12_20220829 19,1499.222900390625
12_20220829 20,1371.30517578125
12_20220829 21,1278.211669921875
12_20220829 22,1113.346435546875
12_20220829 23,1094.3648681640625
12_20220830 00,1058.2567138671875
12_20220830 01,1085.228759765625
12_20220830 02,1077.123291015625
12_20220830 03,1098.025146484375
12_20220830 04,1161.0374755859375
12_20220830 05,1269.7955322265625
12_20220830 06,1343.0052490234375
12_20220830 07,1355.621337890625
12_20220830 08,1397.5828857421875
12_20220830 09,1400.3115234375
12_20220830 10,1478.9744873046875
12_20220830 11,1597.178955078125
12_20220830 12,1595.926025390625
12_20220830 13,1584.3797607421875
12_20220830 14,1581.432373046875
12_20220830 15,1566.825439453125
12_20220830 16,1610.4017333984375
12_20220830 17,1599.281005859375
12_20220830 18,1563.467041015625
12_20220830 19,1508.0703125
12_20220830 20,1383.255859375
12_20220830 21,1269.0113525390625
12_20220830 22,1112.266845703125
12_20220830 23,1097.9295654296875
12_20220831 00,1068.0865478515625
12_20220831 01,1072.68310546875
12_20220831 02,1072.8646240234375
12_20220831 03,1096.21484375
12_20220831 04,1161.728271484375
12_20220831 05,1275.164794921875
12_20220831 06,1352.1998291015625
12_20220831 07,1370.505859375
12_20220831 08,1402.4168701171875
12_20220831 09,1398.77294921875
12_20220831 10,1477.3173828125
12_20220831 11,1584.9273681640625
12_20220831 12,1580.7955322265625
12_20220831 13,1574.470703125
12_20220831 14,1558.43408203125
12_20220831 15,1574.3658447265625
12_20220831 16,1587.907958984375
12_20220831 17,1583.9913330078125
12_20220831 18,1550.5338134765625
12_20220831 19,1480.5806884765625
12_20220831 20,1363.818359375
12_20220831 21,1281.5997314453125
12_20220831 22,1119.870361328125
12_20220831 23,1091.6561279296875
13_20220825 00,2638.855224609375
13_20220825 01,2594.13671875
13_20220825 02,2572.94580078125
13_20220825 03,2581.829345703125
13_20220825 04,2584.584716796875
13_20220825 05,2346.321533203125
13_20220825 06,2160.126220703125
13_20220825 07,2075.6533203125
13_20220825 08,2220.114013671875
13_20220825 09,2297.557861328125
13_20220825 10,2488.78369140625
13_20220825 11,2459.838134765625
13_20220825 12,2415.25439453125
13_20220825 13,2413.66552734375
13_20220825 14,2478.6806640625
13_20220825 15,2433.331298828125
13_20220825 16,2432.662353515625
13_20220825 17,2376.53271484375
13_20220825 18,2278.7607421875
13_20220825 19,2695.588623046875
13_20220825 20,2784.835205078125
13_20220825 21,2722.65087890625
13_20220825 22,2689.71826171875
13_20220825 23,2675.107177734375
13_20220826 00,2696.5625
13_20220826 01,2647.23974609375
13_20220826 02,2623.5576171875
13_20220826 03,2606.86376953125
13_20220826 04,2589.166748046875
13_20220826 05,2427.47998046875
13_20220826 06,2174.86279296875
13_20220826 07,2077.244873046875
13_20220826 08,2202.357421875
13_20220826 09,2308.407470703125
13_20220826 10,2525.139892578125
13_20220826 11,2547.883544921875
13_20220826 12,2505.839111328125
13_20220826 13,2468.6005859375
13_20220826 14,2485.922607421875
13_20220826 15,2501.55712890625
13_20220826 16,2481.774658203125
13_20220826 17,2408.5380859375
13_20220826 18,2293.617919921875
13_20220826 19,2720.783935546875
13_20220826 20,2803.958984375
13_20220826 21,2751.5263671875
13_20220826 22,2726.051025390625
13_20220826 23,2700.4619140625
13_20220827 00,2628.641357421875
13_20220827 01,2586.75
13_20220827 02,2564.285400390625
13_20220827 03,2547.2705078125
13_20220827 04,2548.5888671875
13_20220827 05,2296.898681640625
13_20220827 06,2082.848876953125
13_20220827 07,2037.4290771484375
13_20220827 08,2163.905517578125
13_20220827 09,2231.8466796875
13_20220827 10,2296.44482421875
13_20220827 11,2341.009765625
13_20220827 12,2326.106201171875
13_20220827 13,2342.625732421875
13_20220827 14,2329.21728515625
13_20220827 15,2336.11962890625
13_20220827 16,2306.67236328125
13_20220827 17,2265.4296875
13_20220827 18,2227.27978515625
13_20220827 19,2611.439453125
13_20220827 20,2675.27587890625
13_20220827 21,2669.97412109375
13_20220827 22,2635.703369140625
13_20220827 23,2619.22021484375
13_20220828 00,2533.602294921875
13_20220828 01,2454.71484375
13_20220828 02,2432.481689453125
13_20220828 03,2406.90380859375
13_20220828 04,2404.36572265625
13_20220828 05,2162.3671875
13_20220828 06,1971.720703125
13_20220828 07,1923.7193603515625
13_20220828 08,2001.933349609375
13_20220828 09,2100.90478515625
13_20220828 10,2171.31494140625
13_20220828 11,2219.34716796875
13_20220828 12,2222.95703125
13_20220828 13,2227.726318359375
13_20220828 14,2200.064453125
13_20220828 15,2198.31103515625
13_20220828 16,2180.29931640625
13_20220828 17,2151.81103515625
13_20220828 18,2136.969970703125
13_20220828 19,2486.675537109375
13_20220828 20,2588.022705078125
13_20220828 21,2589.65869140625
13_20220828 22,2528.4306640625
13_20220828 23,2489.625
13_20220829 00,2613.720703125
13_20220829 01,2577.14892578125
13_20220829 02,2533.96142578125
13_20220829 03,2548.322509765625
13_20220829 04,2533.91357421875
13_20220829 05,2361.63720703125
13_20220829 06,2106.199951171875
13_20220829 07,2067.403076171875
13_20220829 08,2226.376953125
13_20220829 09,2332.97705078125
13_20220829 10,2498.25634765625
13_20220829 11,2510.627685546875
13_20220829 12,2469.009765625
13_20220829 13,2475.74853515625
13_20220829 14,2458.399169921875
13_20220829 15,2459.46728515625
13_20220829 16,2422.26220703125
13_20220829 17,2382.810546875
13_20220829 18,2295.067626953125
13_20220829 19,2759.041259765625
13_20220829 20,2812.922119140625
13_20220829 21,2772.366455078125
13_20220829 22,2764.76708984375
13_20220829 23,2748.2802734375
13_20220830 00,2716.211669921875
13_20220830 01,2672.00830078125
13_20220830 02,2634.929931640625
13_20220830 03,2615.50830078125
13_20220830 04,2609.49755859375
13_20220830 05,2385.625
13_20220830 06,2163.172119140625
13_20220830 07,2110.863525390625
13_20220830 08,2246.84375
13_20220830 09,2368.97412109375
13_20220830 10,2522.409423828125
13_20220830 11,2491.063232421875
13_20220830 12,2449.29443359375
13_20220830 13,2435.1767578125
13_20220830 14,2431.114501953125
13_20220830 15,2445.71337890625
13_20220830 16,2418.591796875
13_20220830 17,2370.54931640625
13_20220830 18,2278.327392578125
13_20220830 19,2751.296630859375
13_20220830 20,2807.00341796875
13_20220830 21,2769.27734375
13_20220830 22,2744.48291015625
13_20220830 23,2733.884033203125
13_20220831 00,2638.743896484375
13_20220831 01,2582.845458984375
13_20220831 02,2551.176513671875
13_20220831 03,2560.154052734375
13_20220831 04,2558.27392578125
13_20220831 05,2371.44775390625
13_20220831 06,2206.334228515625
13_20220831 07,2136.84375
13_20220831 08,2243.81005859375
13_20220831 09,2368.690673828125
13_20220831 10,2450.846435546875
13_20220831 11,2482.9560546875
13_20220831 12,2441.50341796875
13_20220831 13,2398.985107421875
13_20220831 14,2377.591064453125
13_20220831 15,2369.287109375
13_20220831 16,2369.00927734375
13_20220831 17,2321.305419921875
13_20220831 18,2242.6650390625
13_20220831 19,2667.66796875
13_20220831 20,2724.897216796875
13_20220831 21,2691.038818359375
13_20220831 22,2657.183837890625
13_20220831 23,2630.529296875
14_20220825 00,1529.538818359375
14_20220825 01,1927.7584228515625
14_20220825 02,1974.023193359375
14_20220825 03,1933.8472900390625
14_20220825 04,1879.6806640625
14_20220825 05,1761.678955078125
14_20220825 06,1512.9996337890625
14_20220825 07,1246.291259765625
14_20220825 08,1710.7994384765625
14_20220825 09,2068.67919921875
14_20220825 10,2135.9345703125
14_20220825 11,2055.97216796875
14_20220825 12,1752.530517578125
14_20220825 13,2061.256103515625
14_20220825 14,2137.50390625
14_20220825 15,2085.700439453125
14_20220825 16,2068.01318359375
14_20220825 17,1945.129150390625
14_20220825 18,1539.10302734375
14_20220825 19,1949.2926025390625
14_20220825 20,2193.36962890625
14_20220825 21,2027.538818359375
14_20220825 22,1968.7952880859375
14_20220825 23,1920.9849853515625
14_20220826 00,1558.510009765625
14_20220826 01,1957.0166015625
14_20220826 02,1923.682861328125
14_20220826 03,1871.021484375
14_20220826 04,1824.11328125
14_20220826 05,1718.6390380859375
14_20220826 06,1520.4429931640625
14_20220826 07,1310.78466796875
14_20220826 08,1683.006591796875
14_20220826 09,1955.6568603515625
14_20220826 10,2068.73583984375
14_20220826 11,1973.226318359375
14_20220826 12,1781.1484375
14_20220826 13,2009.2288818359375
14_20220826 14,2041.8284912109375
14_20220826 15,1993.1148681640625
14_20220826 16,2015.527587890625
14_20220826 17,1872.4613037109375
14_20220826 18,1440.8372802734375
14_20220826 19,1887.8541259765625
14_20220826 20,2183.47802734375
14_20220826 21,2103.0361328125
14_20220826 22,2089.126708984375
14_20220826 23,1968.3037109375
14_20220827 00,1631.445068359375
14_20220827 01,1954.4066162109375
14_20220827 02,1928.59765625
14_20220827 03,1837.849365234375
14_20220827 04,1817.279296875
14_20220827 05,1603.838623046875
14_20220827 06,1323.30078125
14_20220827 07,1177.969970703125
14_20220827 08,1613.002685546875
14_20220827 09,1787.728759765625
14_20220827 10,1786.392333984375
14_20220827 11,1610.4583740234375
14_20220827 12,1226.0694580078125
14_20220827 13,1573.2159423828125
14_20220827 14,1640.719970703125
14_20220827 15,1568.738525390625
14_20220827 16,1570.63525390625
14_20220827 17,1381.221923828125
14_20220827 18,1062.7357177734375
14_20220827 19,1607.5765380859375
14_20220827 20,1845.3228759765625
14_20220827 21,1802.134765625
14_20220827 22,1786.841796875
14_20220827 23,1688.042724609375
14_20220828 00,1361.2115478515625
14_20220828 01,1754.9801025390625
14_20220828 02,1779.1451416015625
14_20220828 03,1660.521484375
14_20220828 04,1614.391845703125
14_20220828 05,1429.772705078125
14_20220828 06,1127.3138427734375
14_20220828 07,991.4237060546875
14_20220828 08,1430.3671875
14_20220828 09,1518.612548828125
14_20220828 10,1498.4237060546875
14_20220828 11,1357.113037109375
14_20220828 12,977.8728637695312
14_20220828 13,1438.8502197265625
14_20220828 14,1490.2371826171875
14_20220828 15,1460.343017578125
14_20220828 16,1452.040283203125
14_20220828 17,1296.662353515625
14_20220828 18,1038.5830078125
14_20220828 19,1578.18505859375
14_20220828 20,1823.1419677734375
14_20220828 21,1784.650146484375
14_20220828 22,1725.989501953125
14_20220828 23,1690.8394775390625
14_20220829 00,1468.4632568359375
14_20220829 01,1882.045654296875
14_20220829 02,1905.6025390625
14_20220829 03,1900.5328369140625
14_20220829 04,1884.400390625
14_20220829 05,1749.3424072265625
14_20220829 06,1524.0535888671875
14_20220829 07,1337.2080078125
14_20220829 08,1722.8463134765625
14_20220829 09,2035.533447265625
14_20220829 10,2134.842529296875
14_20220829 11,2052.1396484375
14_20220829 12,1724.386962890625
14_20220829 13,1930.3560791015625
14_20220829 14,1929.2353515625
14_20220829 15,1941.050537109375
14_20220829 16,1960.538818359375
14_20220829 17,1880.572509765625
14_20220829 18,1543.858154296875
14_20220829 19,1908.2919921875
14_20220829 20,2064.464599609375
14_20220829 21,1987.8388671875
14_20220829 22,1968.0745849609375
14_20220829 23,1918.562255859375
14_20220830 00,1459.631103515625
14_20220830 01,1779.2347412109375
14_20220830 02,1711.6748046875
14_20220830 03,1637.6558837890625
14_20220830 04,1631.764404296875
14_20220830 05,1596.478759765625
14_20220830 06,1402.172119140625
14_20220830 07,1207.32861328125
14_20220830 08,1572.820068359375
14_20220830 09,1868.3687744140625
14_20220830 10,1988.125
14_20220830 11,1864.6871337890625
14_20220830 12,1628.844482421875
14_20220830 13,1947.5904541015625
14_20220830 14,2023.0687255859375
14_20220830 15,2020.4320068359375
14_20220830 16,2014.188720703125
14_20220830 17,1872.4224853515625
14_20220830 18,1478.892578125
14_20220830 19,1981.107177734375
14_20220830 20,2085.031494140625
14_20220830 21,1999.373291015625
14_20220830 22,1981.9847412109375
14_20220830 23,1855.704833984375
14_20220831 00,1491.9306640625
14_20220831 01,1820.8756103515625
14_20220831 02,1798.113525390625
14_20220831 03,1749.826416015625
14_20220831 04,1699.3232421875
14_20220831 05,1590.2847900390625
14_20220831 06,1433.74365234375
14_20220831 07,1243.7122802734375
14_20220831 08,1619.9078369140625
14_20220831 09,1907.375
14_20220831 10,2058.486572265625
14_20220831 11,1979.3980712890625
14_20220831 12,1684.6578369140625
14_20220831 13,1952.4476318359375
14_20220831 14,2039.5120849609375
14_20220831 15,2015.820068359375
14_20220831 16,2023.056884765625
14_20220831 17,1872.975830078125
14_20220831 18,1493.6165771484375
14_20220831 19,1989.429443359375
14_20220831 20,2142.681640625
14_20220831 21,2021.958251953125
14_20220831 22,2014.500244140625
14_20220831 23,1871.0316162109375
15_20220825 00,1848.1129150390625
15_20220825 01,1864.4486083984375
15_20220825 02,1944.764404296875
15_20220825 03,1869.074462890625
15_20220825 04,1743.6605224609375
15_20220825 05,1670.7388916015625
15_20220825 06,1498.989990234375
15_20220825 07,1414.832275390625
15_20220825 08,1523.2828369140625
15_20220825 09,1657.5810546875
15_20220825 10,1734.4654541015625
15_20220825 11,1758.6839599609375
15_20220825 12,1771.3648681640625
15_20220825 13,1726.560791015625
15_20220825 14,1757.621337890625
15_20220825 15,1697.7767333984375
15_20220825 16,1715.436767578125
15_20220825 17,1736.7554931640625
15_20220825 18,1761.343017578125
15_20220825 19,1842.5009765625
15_20220825 20,1930.093017578125
15_20220825 21,1985.3509521484375
15_20220825 22,2021.9993896484375
15_20220825 23,1985.8125
15_20220826 00,1897.5947265625
15_20220826 01,1913.7318115234375
15_20220826 02,1996.1441650390625
15_20220826 03,1933.358642578125
15_20220826 04,1774.1741943359375
15_20220826 05,1698.031005859375
15_20220826 06,1514.009521484375
15_20220826 07,1437.211669921875
15_20220826 08,1540.957275390625
15_20220826 09,1702.9310302734375
15_20220826 10,1778.6177978515625
15_20220826 11,1816.0289306640625
15_20220826 12,1795.572021484375
15_20220826 13,1751.691650390625
15_20220826 14,1774.0738525390625
15_20220826 15,1732.4635009765625
15_20220826 16,1741.1566162109375
15_20220826 17,1753.5107421875
15_20220826 18,1757.0572509765625
15_20220826 19,1900.0491943359375
15_20220826 20,1975.262451171875
15_20220826 21,2042.922607421875
15_20220826 22,2061.52392578125
15_20220826 23,2021.821044921875
15_20220827 00,1746.985595703125
15_20220827 01,1778.537109375
15_20220827 02,1825.8460693359375
15_20220827 03,1784.276123046875
15_20220827 04,1656.389892578125
15_20220827 05,1575.023193359375
15_20220827 06,1364.42724609375
15_20220827 07,1292.4107666015625
15_20220827 08,1367.908935546875
15_20220827 09,1535.1025390625
15_20220827 10,1602.302978515625
15_20220827 11,1626.001220703125
15_20220827 12,1621.0166015625
15_20220827 13,1576.4617919921875
15_20220827 14,1606.3487548828125
15_20220827 15,1571.6109619140625
15_20220827 16,1570.811279296875
15_20220827 17,1570.9957275390625
15_20220827 18,1494.260986328125
15_20220827 19,1578.251708984375
15_20220827 20,1643.2421875
15_20220827 21,1643.534423828125
15_20220827 22,1648.9781494140625
15_20220827 23,1610.905517578125
15_20220828 00,1582.8916015625
15_20220828 01,1619.4656982421875
15_20220828 02,1635.771728515625
15_20220828 03,1560.726318359375
15_20220828 04,1409.9049072265625
15_20220828 05,1308.6976318359375
15_20220828 06,1185.8701171875
15_20220828 07,1144.4560546875
15_20220828 08,1232.509765625
15_20220828 09,1381.199951171875
15_20220828 10,1473.665771484375
15_20220828 11,1516.0521240234375
15_20220828 12,1523.328125
15_20220828 13,1473.544189453125
15_20220828 14,1500.4365234375
15_20220828 15,1461.625732421875
15_20220828 16,1481.6904296875
15_20220828 17,1485.618896484375
15_20220828 18,1423.197265625
15_20220828 19,1512.8134765625
15_20220828 20,1600.7203369140625
15_20220828 21,1597.8349609375
15_20220828 22,1600.854248046875
15_20220828 23,1567.3775634765625
15_20220829 00,1652.599609375
15_20220829 01,1681.6929931640625
15_20220829 02,1712.8685302734375
15_20220829 03,1667.753173828125
15_20220829 04,1545.199951171875
15_20220829 05,1435.802490234375
15_20220829 06,1307.010986328125
15_20220829 07,1297.4599609375
15_20220829 08,1416.902099609375
15_20220829 09,1562.2373046875
15_20220829 10,1640.601318359375
15_20220829 11,1690.08203125
15_20220829 12,1700.5032958984375
15_20220829 13,1652.0618896484375
15_20220829 14,1668.7587890625
15_20220829 15,1612.426025390625
15_20220829 16,1631.880126953125
15_20220829 17,1660.234130859375
15_20220829 18,1688.9593505859375
15_20220829 19,1775.6654052734375
15_20220829 20,1870.4378662109375
15_20220829 21,1939.83203125
15_20220829 22,1968.2005615234375
15_20220829 23,1944.104736328125
15_20220830 00,1794.6810302734375
15_20220830 01,1810.0238037109375
15_20220830 02,1861.2431640625
15_20220830 03,1805.783935546875
15_20220830 04,1671.662841796875
15_20220830 05,1596.4019775390625
15_20220830 06,1449.073974609375
15_20220830 07,1391.0023193359375
15_20220830 08,1476.202880859375
15_20220830 09,1598.5838623046875
15_20220830 10,1678.5982666015625
15_20220830 11,1695.6519775390625
15_20220830 12,1693.6871337890625
15_20220830 13,1647.6409912109375
15_20220830 14,1664.598876953125
15_20220830 15,1601.362548828125
15_20220830 16,1621.7418212890625
15_20220830 17,1651.718017578125
15_20220830 18,1678.3785400390625
15_20220830 19,1769.9134521484375
15_20220830 20,1880.078125
15_20220830 21,1952.063720703125
15_20220830 22,1985.530517578125
15_20220830 23,1958.4964599609375
15_20220831 00,1846.625
15_20220831 01,1886.013916015625
15_20220831 02,1943.7437744140625
15_20220831 03,1895.195556640625
15_20220831 04,1734.919677734375
15_20220831 05,1675.510009765625
15_20220831 06,1473.34326171875
15_20220831 07,1398.3558349609375
15_20220831 08,1507.7369384765625
15_20220831 09,1653.572265625
15_20220831 10,1716.5185546875
15_20220831 11,1742.522705078125
15_20220831 12,1741.767578125
15_20220831 13,1663.616455078125
15_20220831 14,1681.05859375
15_20220831 15,1616.535400390625
15_20220831 16,1631.8023681640625
15_20220831 17,1652.8834228515625
15_20220831 18,1680.2943115234375
15_20220831 19,1772.5465087890625
15_20220831 20,1867.8447265625
15_20220831 21,1958.0523681640625
15_20220831 22,2001.170654296875
15_20220831 23,1968.831298828125
16_20220825 00,1283.261474609375
16_20220825 01,1262.24462890625
16_20220825 02,1265.1568603515625
16_20220825 03,1261.94921875
16_20220825 04,1452.310791015625
16_20220825 05,3090.484619140625
16_20220825 06,4036.8203125
16_20220825 07,4291.9091796875
16_20220825 08,4432.72119140625
16_20220825 09,4629.38720703125
16_20220825 10,4630.09521484375
16_20220825 11,4634.0283203125
16_20220825 12,4534.4130859375
16_20220825 13,4496.19140625
16_20220825 14,4446.1513671875
16_20220825 15,4441.20263671875
16_20220825 16,4547.8447265625
16_20220825 17,4553.0224609375
16_20220825 18,4250.9033203125
16_20220825 19,4160.15234375
16_20220825 20,3952.48583984375
16_20220825 21,3059.024169921875
16_20220825 22,2018.7919921875
16_20220825 23,1461.4581298828125
16_20220826 00,1300.4537353515625
16_20220826 01,1272.35546875
16_20220826 02,1287.571533203125
16_20220826 03,1280.3250732421875
16_20220826 04,1464.8714599609375
16_20220826 05,3389.693359375
16_20220826 06,4297.61181640625
16_20220826 07,4443.18505859375
16_20220826 08,4514.04150390625
16_20220826 09,4697.8359375
16_20220826 10,4685.044921875
16_20220826 11,4686.9716796875
16_20220826 12,4627.72509765625
16_20220826 13,4516.55419921875
16_20220826 14,4531.6484375
16_20220826 15,4642.3662109375
16_20220826 16,4650.47412109375
16_20220826 17,4540.8095703125
16_20220826 18,4250.4287109375
16_20220826 19,4198.666015625
16_20220826 20,3907.990966796875
16_20220826 21,2926.672607421875
16_20220826 22,2034.4114990234375
16_20220826 23,1434.572265625
16_20220827 00,1269.810302734375
16_20220827 01,1240.6708984375
16_20220827 02,1243.4228515625
16_20220827 03,1235.115478515625
16_20220827 04,1436.4281005859375
16_20220827 05,3201.017578125
16_20220827 06,4114.74658203125
16_20220827 07,4217.6669921875
16_20220827 08,4221.98046875
16_20220827 09,4248.4345703125
16_20220827 10,4191.7236328125
16_20220827 11,4100.19580078125
16_20220827 12,4097.9150390625
16_20220827 13,4144.42724609375
16_20220827 14,4140.76171875
16_20220827 15,4102.94970703125
16_20220827 16,4074.049560546875
16_20220827 17,4078.503173828125
16_20220827 18,3990.1875
16_20220827 19,4035.62646484375
16_20220827 20,3804.61962890625
16_20220827 21,2664.090576171875
16_20220827 22,1929.080078125
16_20220827 23,1343.141845703125
16_20220828 00,1215.7730712890625
16_20220828 01,1192.4947509765625
16_20220828 02,1194.265625
16_20220828 03,1200.9283447265625
16_20220828 04,1388.592529296875
16_20220828 05,3016.612060546875
16_20220828 06,3818.36376953125
16_20220828 07,3933.591796875
16_20220828 08,3831.24609375
16_20220828 09,3851.44482421875
16_20220828 10,3913.339111328125
16_20220828 11,3898.70458984375
16_20220828 12,3974.676513671875
16_20220828 13,3946.014892578125
16_20220828 14,3948.017578125
16_20220828 15,3942.68994140625
16_20220828 16,4002.83251953125
16_20220828 17,4004.51708984375
16_20220828 18,3900.46484375
16_20220828 19,3956.55517578125
16_20220828 20,3753.20068359375
16_20220828 21,2905.233642578125
16_20220828 22,1957.738525390625
16_20220828 23,1375.743896484375
16_20220829 00,1227.6434326171875
16_20220829 01,1206.351806640625
16_20220829 02,1219.2584228515625
16_20220829 03,1218.555419921875
16_20220829 04,1418.888427734375
16_20220829 05,3171.16845703125
16_20220829 06,4031.259765625
16_20220829 07,4209.5849609375
16_20220829 08,4337.1162109375
16_20220829 09,4549.0888671875
16_20220829 10,4487.814453125
16_20220829 11,4424.1982421875
16_20220829 12,4310.8857421875
16_20220829 13,4234.55810546875
16_20220829 14,4247.46337890625
16_20220829 15,4239.32421875
16_20220829 16,4188.59423828125
16_20220829 17,4171.7734375
16_20220829 18,3837.44482421875
16_20220829 19,3690.060546875
16_20220829 20,3434.4296875
16_20220829 21,2532.13671875
16_20220829 22,1893.196044921875
16_20220829 23,1379.233154296875
16_20220830 00,1268.4759521484375
16_20220830 01,1252.4447021484375
16_20220830 02,1266.145263671875
16_20220830 03,1263.1529541015625
16_20220830 04,1467.74267578125
16_20220830 05,3304.208251953125
16_20220830 06,4347.32421875
16_20220830 07,4598.1640625
16_20220830 08,4589.9501953125
16_20220830 09,4725.95458984375
16_20220830 10,4711.9580078125
16_20220830 11,4595.21044921875
16_20220830 12,4526.3828125
16_20220830 13,4492.7880859375
16_20220830 14,4522.80810546875
16_20220830 15,4569.9677734375
16_20220830 16,4535.6650390625
16_20220830 17,4498.56787109375
16_20220830 18,4168.93603515625
16_20220830 19,4058.199951171875
16_20220830 20,3765.963623046875
16_20220830 21,2685.368408203125
16_20220830 22,1957.1773681640625
16_20220830 23,1399.8824462890625
16_20220831 00,1263.9925537109375
16_20220831 01,1236.647705078125
16_20220831 02,1259.3216552734375
16_20220831 03,1250.5943603515625
16_20220831 04,1464.947998046875
16_20220831 05,3329.35498046875
16_20220831 06,4220.81298828125
16_20220831 07,4428.07861328125
16_20220831 08,4455.3037109375
16_20220831 09,4518.22412109375
16_20220831 10,4483.5869140625
16_20220831 11,4422.4892578125
16_20220831 12,4307.9033203125
16_20220831 13,4323.45166015625
16_20220831 14,4317.42431640625
16_20220831 15,4318.4072265625
16_20220831 16,4293.705078125
16_20220831 17,4309.62646484375
16_20220831 18,3917.944580078125
16_20220831 19,3895.512451171875
16_20220831 20,3546.05419921875
16_20220831 21,2572.757568359375
16_20220831 22,1911.850830078125
16_20220831 23,1384.142822265625
17_20220825 00,625.6055908203125
17_20220825 01,595.5635986328125
17_20220825 02,595.819091796875
17_20220825 03,601.4508666992188
17_20220825 04,792.0588989257812
17_20220825 05,1038.8125
17_20220825 06,1197.2301025390625
17_20220825 07,1314.802734375
17_20220825 08,1492.8704833984375
17_20220825 09,1518.900390625
17_20220825 10,1509.878662109375
17_20220825 11,1510.4139404296875
17_20220825 12,1434.335205078125
17_20220825 13,1507.686279296875
17_20220825 14,1453.4658203125
17_20220825 15,1469.0579833984375
17_20220825 16,1451.8216552734375
17_20220825 17,1418.00439453125
17_20220825 18,1363.683349609375
17_20220825 19,908.8668212890625
17_20220825 20,801.15185546875
17_20220825 21,711.4347534179688
17_20220825 22,688.0452880859375
17_20220825 23,646.2581787109375
17_20220826 00,612.0191650390625
17_20220826 01,597.6710205078125
17_20220826 02,601.2034301757812
17_20220826 03,603.6080932617188
17_20220826 04,796.8645629882812
17_20220826 05,1049.8609619140625
17_20220826 06,1188.656494140625
17_20220826 07,1304.2587890625
17_20220826 08,1493.912109375
17_20220826 09,1515.4295654296875
17_20220826 10,1517.5875244140625
17_20220826 11,1511.460205078125
17_20220826 12,1434.8035888671875
17_20220826 13,1517.108642578125
17_20220826 14,1468.50732421875
17_20220826 15,1513.945068359375
17_20220826 16,1483.48486328125
17_20220826 17,1428.3348388671875
17_20220826 18,1360.940673828125
17_20220826 19,906.3659057617188
17_20220826 20,811.3234252929688
17_20220826 21,726.7344360351562
17_20220826 22,692.4322509765625
17_20220826 23,645.9736938476562
17_20220827 00,557.79443359375
17_20220827 01,559.1082763671875
17_20220827 02,547.6484985351562
17_20220827 03,555.4420776367188
17_20220827 04,560.1351318359375
17_20220827 05,571.571533203125
17_20220827 06,568.431396484375
17_20220827 07,565.380859375
17_20220827 08,566.1835327148438
17_20220827 09,586.575927734375
17_20220827 10,574.9072875976562
17_20220827 11,561.47607421875
17_20220827 12,566.0393676757812
17_20220827 13,567.7923583984375
17_20220827 14,565.9121704101562
17_20220827 15,590.3215942382812
17_20220827 16,587.96923828125
17_20220827 17,574.0401611328125
17_20220827 18,576.0819702148438
17_20220827 19,576.1126708984375
17_20220827 20,584.9761962890625
17_20220827 21,583.3331298828125
17_20220827 22,584.48486328125
17_20220827 23,567.03466796875
17_20220828 00,536.3138427734375
17_20220828 01,534.3101196289062
17_20220828 02,524.1217041015625
17_20220828 03,522.2210083007812
17_20220828 04,526.3113403320312
17_20220828 05,538.6612548828125
17_20220828 06,537.7880859375
17_20220828 07,536.9872436523438
17_20220828 08,553.470947265625
17_20220828 09,568.4124145507812
17_20220828 10,569.7334594726562
17_20220828 11,570.2982788085938
17_20220828 12,550.5484008789062
17_20220828 13,548.1896362304688
17_20220828 14,545.6942138671875
17_20220828 15,560.0577392578125
17_20220828 16,556.7732543945312
17_20220828 17,546.233642578125
17_20220828 18,558.4366455078125
17_20220828 19,559.9234619140625
17_20220828 20,578.1556396484375
17_20220828 21,580.1969604492188
17_20220828 22,575.0880126953125
17_20220828 23,562.93017578125
17_20220829 00,594.5330200195312
17_20220829 01,582.7044677734375
17_20220829 02,583.3707275390625
17_20220829 03,589.0585327148438
17_20220829 04,838.9869384765625
17_20220829 05,1034.868408203125
17_20220829 06,1198.5582275390625
17_20220829 07,1314.621337890625
17_20220829 08,1485.4580078125
17_20220829 09,1510.9541015625
17_20220829 10,1483.717529296875
17_20220829 11,1499.528076171875
17_20220829 12,1434.445556640625
17_20220829 13,1500.717529296875
17_20220829 14,1409.9345703125
17_20220829 15,1439.766845703125
17_20220829 16,1422.163330078125
17_20220829 17,1383.99169921875
17_20220829 18,1334.224853515625
17_20220829 19,887.9016723632812
17_20220829 20,790.563720703125
17_20220829 21,712.0968017578125
17_20220829 22,687.568603515625
17_20220829 23,644.5855102539062
17_20220830 00,595.5032348632812
17_20220830 01,572.5072631835938
17_20220830 02,577.6984252929688
17_20220830 03,586.0162353515625
17_20220830 04,785.0567626953125
17_20220830 05,1033.9739990234375
17_20220830 06,1162.489013671875
17_20220830 07,1278.281982421875
17_20220830 08,1461.6588134765625
17_20220830 09,1476.45068359375
17_20220830 10,1471.618896484375
17_20220830 11,1472.237548828125
17_20220830 12,1434.5628662109375
17_20220830 13,1482.029541015625
17_20220830 14,1428.382568359375
17_20220830 15,1458.577880859375
17_20220830 16,1441.492431640625
17_20220830 17,1405.650634765625
17_20220830 18,1370.297607421875
17_20220830 19,919.7056884765625
17_20220830 20,815.5656127929688
17_20220830 21,726.1858520507812
17_20220830 22,688.27392578125
17_20220830 23,649.9996337890625
17_20220831 00,597.8187255859375
17_20220831 01,584.2362060546875
17_20220831 02,585.3238525390625
17_20220831 03,586.2839965820312
17_20220831 04,778.1070556640625
17_20220831 05,1031.072265625
17_20220831 06,1148.1507568359375
17_20220831 07,1266.305908203125
17_20220831 08,1421.3367919921875
17_20220831 09,1450.5550537109375
17_20220831 10,1448.5404052734375
17_20220831 11,1453.9979248046875
17_20220831 12,1399.2801513671875
17_20220831 13,1471.73486328125
17_20220831 14,1401.894287109375
17_20220831 15,1442.303955078125
17_20220831 16,1429.2259521484375
17_20220831 17,1392.0516357421875
17_20220831 18,1339.67236328125
17_20220831 19,902.7017822265625
17_20220831 20,801.3294677734375
17_20220831 21,719.5888671875
17_20220831 22,691.0325927734375
17_20220831 23,657.5828857421875
18_20220825 00,961.474609375
18_20220825 01,946.9732666015625
18_20220825 02,948.2567138671875
18_20220825 03,944.5498046875
18_20220825 04,947.0888671875
18_20220825 05,968.2594604492188
18_20220825 06,1304.8780517578125
18_20220825 07,1856.6402587890625
18_20220825 08,2134.303466796875
18_20220825 09,2259.10595703125
18_20220825 10,2218.64599609375
18_20220825 11,2249.399658203125
18_20220825 12,2171.480712890625
18_20220825 13,2259.03662109375
18_20220825 14,2225.48779296875
18_20220825 15,2202.3671875
18_20220825 16,2112.588623046875
18_20220825 17,2019.2210693359375
18_20220825 18,1702.0650634765625
18_20220825 19,1592.531494140625
18_20220825 20,1342.605712890625
18_20220825 21,1190.5135498046875
18_20220825 22,1053.210205078125
18_20220825 23,986.8489379882812
18_20220826 00,956.5987548828125
18_20220826 01,947.4381103515625
18_20220826 02,949.5865478515625
18_20220826 03,948.4974365234375
18_20220826 04,949.9447021484375
18_20220826 05,978.14453125
18_20220826 06,1273.1407470703125
18_20220826 07,1780.169189453125
18_20220826 08,2048.3330078125
18_20220826 09,2149.802734375
18_20220826 10,2116.49169921875
18_20220826 11,2146.714599609375
18_20220826 12,2077.00341796875
18_20220826 13,2170.88134765625
18_20220826 14,2145.5185546875
18_20220826 15,2140.25439453125
18_20220826 16,2081.57373046875
18_20220826 17,2017.9622802734375
18_20220826 18,1734.080078125
18_20220826 19,1612.536865234375
18_20220826 20,1356.2572021484375
18_20220826 21,1211.4190673828125
18_20220826 22,1085.8656005859375
18_20220826 23,1010.3663330078125
18_20220827 00,942.9764404296875
18_20220827 01,939.9246826171875
18_20220827 02,935.7269287109375
18_20220827 03,934.4442138671875
18_20220827 04,937.5549926757812
18_20220827 05,935.6390380859375
18_20220827 06,985.8935546875
18_20220827 07,1156.37548828125
18_20220827 08,1168.6202392578125
18_20220827 09,1187.1234130859375
18_20220827 10,1205.0511474609375
18_20220827 11,1253.3907470703125
18_20220827 12,1288.8360595703125
18_20220827 13,1289.21337890625
18_20220827 14,1308.409423828125
18_20220827 15,1290.7469482421875
18_20220827 16,1265.468505859375
18_20220827 17,1203.5181884765625
18_20220827 18,1112.482666015625
18_20220827 19,1045.0491943359375
18_20220827 20,1025.121337890625
18_20220827 21,994.9216918945312
18_20220827 22,953.6461181640625
18_20220827 23,938.0755615234375
18_20220828 00,898.2828369140625
18_20220828 01,910.6448364257812
18_20220828 02,912.1728515625
18_20220828 03,908.27197265625
18_20220828 04,907.2028198242188
18_20220828 05,910.3272705078125
18_20220828 06,974.6945190429688
18_20220828 07,1098.364990234375
18_20220828 08,1114.349853515625
18_20220828 09,1135.542236328125
18_20220828 10,1164.508544921875
18_20220828 11,1206.273681640625
18_20220828 12,1240.388916015625
18_20220828 13,1238.550537109375
18_20220828 14,1250.7442626953125
18_20220828 15,1261.164794921875
18_20220828 16,1290.5938720703125
18_20220828 17,1213.1610107421875
18_20220828 18,1085.6168212890625
18_20220828 19,1088.52490234375
18_20220828 20,1044.994873046875
18_20220828 21,1012.6837158203125
18_20220828 22,961.1883544921875
18_20220828 23,943.2301025390625
18_20220829 00,957.1812744140625
18_20220829 01,947.4864501953125
18_20220829 02,939.7529296875
18_20220829 03,935.6868286132812
18_20220829 04,942.5681762695312
18_20220829 05,969.8894653320312
18_20220829 06,1288.204833984375
18_20220829 07,1799.445068359375
18_20220829 08,2079.30126953125
18_20220829 09,2147.132080078125
18_20220829 10,2110.52587890625
18_20220829 11,2117.55908203125
18_20220829 12,2066.90966796875
18_20220829 13,2118.897705078125
18_20220829 14,2100.27490234375
18_20220829 15,2089.384765625
18_20220829 16,2016.278564453125
18_20220829 17,1895.6685791015625
18_20220829 18,1582.1522216796875
18_20220829 19,1468.460693359375
18_20220829 20,1246.94580078125
18_20220829 21,1107.7183837890625
18_20220829 22,1020.1746215820312
18_20220829 23,964.0051879882812
18_20220830 00,937.2443237304688
18_20220830 01,939.3976440429688
18_20220830 02,937.0546875
18_20220830 03,936.9620361328125
18_20220830 04,934.02783203125
18_20220830 05,959.7283935546875
18_20220830 06,1277.650634765625
18_20220830 07,1793.786376953125
18_20220830 08,2021.866943359375
18_20220830 09,2098.439208984375
18_20220830 10,2079.563720703125
18_20220830 11,2103.031982421875
18_20220830 12,2053.848388671875
18_20220830 13,2109.397216796875
18_20220830 14,2079.343017578125
18_20220830 15,2078.89453125
18_20220830 16,2026.2415771484375
18_20220830 17,1943.097900390625
18_20220830 18,1631.274658203125
18_20220830 19,1492.6767578125
18_20220830 20,1258.9744873046875
18_20220830 21,1124.686767578125
18_20220830 22,1022.2952270507812
18_20220830 23,954.8474731445312
18_20220831 00,936.6142578125
18_20220831 01,926.1412353515625
18_20220831 02,927.4908447265625
18_20220831 03,924.89794921875
18_20220831 04,924.9276123046875
18_20220831 05,945.9962158203125
18_20220831 06,1238.3861083984375
18_20220831 07,1771.4222412109375
18_20220831 08,2014.236328125
18_20220831 09,2102.558837890625
18_20220831 10,2077.51953125
18_20220831 11,2095.18798828125
18_20220831 12,2035.57421875
18_20220831 13,2101.239013671875
18_20220831 14,2067.08203125
18_20220831 15,2073.43115234375
18_20220831 16,2003.098876953125
18_20220831 17,1911.5947265625
18_20220831 18,1591.2772216796875
18_20220831 19,1446.1275634765625
18_20220831 20,1213.784423828125
18_20220831 21,1081.566162109375
18_20220831 22,1013.8515625
18_20220831 23,959.1261596679688
19_20220825 00,763.6514892578125
19_20220825 01,755.6451416015625
19_20220825 02,754.3356323242188
19_20220825 03,740.2105712890625
19_20220825 04,736.0616455078125
19_20220825 05,984.9649658203125
19_20220825 06,1322.1270751953125
19_20220825 07,1852.3187255859375
19_20220825 08,2173.10498046875
19_20220825 09,2431.279541015625
19_20220825 10,2449.0400390625
19_20220825 11,2456.288330078125
19_20220825 12,2386.732666015625
19_20220825 13,2460.071533203125
19_20220825 14,2448.61572265625
19_20220825 15,2386.811767578125
19_20220825 16,2336.963134765625
19_20220825 17,2324.521484375
19_20220825 18,1759.191162109375
19_20220825 19,1496.4901123046875
19_20220825 20,1307.2008056640625
19_20220825 21,1057.0855712890625
19_20220825 22,914.8982543945312
19_20220825 23,860.5078125
19_20220826 00,760.4207763671875
19_20220826 01,754.0941162109375
19_20220826 02,754.93310546875
19_20220826 03,744.265869140625
19_20220826 04,740.5858764648438
19_20220826 05,996.3587036132812
19_20220826 06,1285.898681640625
19_20220826 07,1789.276123046875
19_20220826 08,2117.716796875
19_20220826 09,2378.30810546875
19_20220826 10,2385.04833984375
19_20220826 11,2403.798095703125
19_20220826 12,2321.91943359375
19_20220826 13,2387.94091796875
19_20220826 14,2369.25634765625
19_20220826 15,2338.994873046875
19_20220826 16,2291.77587890625
19_20220826 17,2270.20751953125
19_20220826 18,1600.5233154296875
19_20220826 19,1417.711669921875
19_20220826 20,1256.6402587890625
19_20220826 21,1057.794677734375
19_20220826 22,919.3826293945312
19_20220826 23,867.353515625
19_20220827 00,739.697265625
19_20220827 01,722.9227905273438
19_20220827 02,707.1466674804688
19_20220827 03,713.654541015625
19_20220827 04,700.910888671875
19_20220827 05,770.8125
19_20220827 06,845.8603515625
19_20220827 07,994.255859375
19_20220827 08,1127.5245361328125
19_20220827 09,1228.796142578125
19_20220827 10,1200.83251953125
19_20220827 11,1225.130615234375
19_20220827 12,1245.9290771484375
19_20220827 13,1268.5162353515625
19_20220827 14,1308.0191650390625
19_20220827 15,1313.5230712890625
19_20220827 16,1308.0677490234375
19_20220827 17,1239.6201171875
19_20220827 18,1051.8438720703125
19_20220827 19,1013.6602783203125
19_20220827 20,961.6673583984375
19_20220827 21,860.353515625
19_20220827 22,798.00830078125
19_20220827 23,728.6838989257812
19_20220828 00,678.4656982421875
19_20220828 01,652.3831176757812
19_20220828 02,656.7162475585938
19_20220828 03,656.1159057617188
19_20220828 04,650.7921142578125
19_20220828 05,730.7380981445312
19_20220828 06,795.7997436523438
19_20220828 07,931.6140747070312
19_20220828 08,1047.2325439453125
19_20220828 09,1132.46142578125
19_20220828 10,1125.01220703125
19_20220828 11,1155.9852294921875
19_20220828 12,1159.0782470703125
19_20220828 13,1178.154052734375
19_20220828 14,1205.1617431640625
19_20220828 15,1216.6666259765625
19_20220828 16,1218.81103515625
19_20220828 17,1156.7025146484375
19_20220828 18,1001.1856689453125
19_20220828 19,984.8865966796875
19_20220828 20,938.4814453125
19_20220828 21,847.6690673828125
19_20220828 22,785.27783203125
19_20220828 23,732.0128784179688
19_20220829 00,726.8167114257812
19_20220829 01,723.7747802734375
19_20220829 02,728.4757080078125
19_20220829 03,711.2076416015625
19_20220829 04,710.0350952148438
19_20220829 05,955.6544799804688
19_20220829 06,1296.4932861328125
19_20220829 07,1775.8902587890625
19_20220829 08,2033.7281494140625
19_20220829 09,2223.117919921875
19_20220829 10,2194.50927734375
19_20220829 11,2224.99560546875
19_20220829 12,2186.727783203125
19_20220829 13,2232.062744140625
19_20220829 14,2134.34765625
19_20220829 15,2200.22265625
19_20220829 16,2145.484375
19_20220829 17,2136.01220703125
19_20220829 18,1641.9017333984375
19_20220829 19,1379.5816650390625
19_20220829 20,1211.357666015625
19_20220829 21,1026.7161865234375
19_20220829 22,905.1693115234375
19_20220829 23,857.6339721679688
19_20220830 00,729.6231079101562
19_20220830 01,728.1051635742188
19_20220830 02,734.1995849609375
19_20220830 03,727.7557373046875
19_20220830 04,720.3699951171875
19_20220830 05,965.0186767578125
19_20220830 06,1280.3409423828125
19_20220830 07,1749.7769775390625
19_20220830 08,2021.479736328125
19_20220830 09,2217.548828125
19_20220830 10,2229.32470703125
19_20220830 11,2227.533203125
19_20220830 12,2188.8115234375
19_20220830 13,2236.48388671875
19_20220830 14,2251.666015625
19_20220830 15,2232.59375
19_20220830 16,2199.927490234375
19_20220830 17,2194.573486328125
19_20220830 18,1665.5482177734375
19_20220830 19,1451.578369140625
19_20220830 20,1256.1746826171875
19_20220830 21,1057.194091796875
19_20220830 22,918.5135498046875
19_20220830 23,844.546875
19_20220831 00,745.7740478515625
19_20220831 01,738.2634887695312
19_20220831 02,736.0089111328125
19_20220831 03,724.74072265625
19_20220831 04,722.3434448242188
19_20220831 05,963.3820190429688
19_20220831 06,1254.6607666015625
19_20220831 07,1764.1343994140625
19_20220831 08,2053.772705078125
19_20220831 09,2248.14599609375
19_20220831 10,2257.01220703125
19_20220831 11,2302.83837890625
19_20220831 12,2243.309326171875
19_20220831 13,2307.12255859375
19_20220831 14,2314.682861328125
19_20220831 15,2293.91162109375
19_20220831 16,2184.85888671875
19_20220831 17,2191.20751953125
19_20220831 18,1609.14453125
19_20220831 19,1393.66162109375
19_20220831 20,1242.622314453125
19_20220831 21,1038.403076171875
19_20220831 22,915.6056518554688
19_20220831 23,860.3410034179688
20_20220825 00,1002.2203369140625
20_20220825 01,996.6771240234375
20_20220825 02,985.5537109375
20_20220825 03,995.9212646484375
20_20220825 04,993.7604370117188
20_20220825 05,1338.529541015625
20_20220825 06,2328.38330078125
20_20220825 07,2580.6083984375
20_20220825 08,2845.922119140625
20_20220825 09,3029.162841796875
20_20220825 10,3087.50927734375
20_20220825 11,3040.74169921875
20_20220825 12,3010.73486328125
20_20220825 13,3048.437744140625
20_20220825 14,3090.478515625
20_20220825 15,3077.053955078125
20_20220825 16,3052.54345703125
20_20220825 17,2749.700439453125
20_20220825 18,1598.1351318359375
20_20220825 19,1308.2086181640625
20_20220825 20,1205.9642333984375
20_20220825 21,1130.385986328125
20_20220825 22,1048.361083984375
20_20220825 23,1019.2381591796875
20_20220826 00,1001.3064575195312
20_20220826 01,991.6124267578125
20_20220826 02,989.5950927734375
20_20220826 03,992.0128784179688
20_20220826 04,997.1644287109375
20_20220826 05,1329.5543212890625
20_20220826 06,2155.87060546875
20_20220826 07,2497.99560546875
20_20220826 08,2735.38671875
20_20220826 09,2923.842041015625
20_20220826 10,2940.326171875
20_20220826 11,2893.972900390625
20_20220826 12,2859.373779296875
20_20220826 13,2906.798095703125
20_20220826 14,2941.753173828125
20_20220826 15,2954.7021484375
20_20220826 16,2989.41845703125
20_20220826 17,2576.37890625
20_20220826 18,1547.6846923828125
20_20220826 19,1289.920166015625
20_20220826 20,1175.0992431640625
20_20220826 21,1092.8099365234375
20_20220826 22,1031.39501953125
20_20220826 23,1009.61767578125
20_20220827 00,978.3878784179688
20_20220827 01,978.33984375
20_20220827 02,971.38037109375
20_20220827 03,975.1103515625
20_20220827 04,970.4832153320312
20_20220827 05,970.6135864257812
20_20220827 06,966.3992309570312
20_20220827 07,929.4597778320312
20_20220827 08,870.4895629882812
20_20220827 09,836.69482421875
20_20220827 10,822.2996215820312
20_20220827 11,782.1707763671875
20_20220827 12,788.2559814453125
20_20220827 13,810.6964111328125
20_20220827 14,827.9971923828125
20_20220827 15,865.0931396484375
20_20220827 16,886.32568359375
20_20220827 17,915.3279418945312
20_20220827 18,950.9397583007812
20_20220827 19,988.89990234375
20_20220827 20,989.7634887695312
20_20220827 21,994.345703125
20_20220827 22,994.0486450195312
20_20220827 23,970.2796630859375
20_20220828 00,951.9801635742188
20_20220828 01,949.9387817382812
20_20220828 02,935.8076171875
20_20220828 03,946.8104248046875
20_20220828 04,944.7039794921875
20_20220828 05,934.2081909179688
20_20220828 06,914.8455810546875
20_20220828 07,885.24609375
20_20220828 08,874.2194213867188
20_20220828 09,842.3533325195312
20_20220828 10,826.4522705078125
20_20220828 11,785.5281372070312
20_20220828 12,777.4183349609375
20_20220828 13,797.4415283203125
20_20220828 14,811.5413818359375
20_20220828 15,832.4248046875
20_20220828 16,854.5861206054688
20_20220828 17,896.8695068359375
20_20220828 18,960.54541015625
20_20220828 19,965.431640625
20_20220828 20,975.2081298828125
20_20220828 21,994.9738159179688
20_20220828 22,983.1721801757812
20_20220828 23,957.09228515625
20_20220829 00,1000.2454833984375
20_20220829 01,996.3683471679688
20_20220829 02,995.6983642578125
20_20220829 03,999.8629150390625
20_20220829 04,1014.1409912109375
20_20220829 05,1544.8887939453125
20_20220829 06,2273.698486328125
20_20220829 07,2563.637939453125
20_20220829 08,2790.585693359375
20_20220829 09,2929.287841796875
20_20220829 10,2949.39453125
20_20220829 11,2917.13427734375
20_20220829 12,2886.98876953125
20_20220829 13,2921.178955078125
20_20220829 14,2942.84130859375
20_20220829 15,2954.55078125
20_20220829 16,2973.847412109375
20_20220829 17,2697.513671875
20_20220829 18,1591.9984130859375
20_20220829 19,1295.594970703125
20_20220829 20,1189.603515625
20_20220829 21,1121.64306640625
20_20220829 22,1048.0302734375
20_20220829 23,1019.9639892578125
20_20220830 00,994.1052856445312
20_20220830 01,982.2791137695312
20_20220830 02,979.3831787109375
20_20220830 03,990.796875
20_20220830 04,996.1212158203125
20_20220830 05,1355.2755126953125
20_20220830 06,2204.865234375
20_20220830 07,2510.001220703125
20_20220830 08,2737.22314453125
20_20220830 09,2927.942626953125
20_20220830 10,3000.47119140625
20_20220830 11,2952.140625
20_20220830 12,2914.052734375
20_20220830 13,2975.37451171875
20_20220830 14,2995.35986328125
20_20220830 15,2997.995361328125
20_20220830 16,2995.36376953125
20_20220830 17,2691.201904296875
20_20220830 18,1598.649169921875
20_20220830 19,1305.301025390625
20_20220830 20,1204.7545166015625
20_20220830 21,1137.905029296875
20_20220830 22,1052.0423583984375
20_20220830 23,1026.305908203125
20_20220831 00,1002.1986083984375
20_20220831 01,988.9166259765625
20_20220831 02,989.01806640625
20_20220831 03,990.994140625
20_20220831 04,1000.7298583984375
20_20220831 05,1393.222900390625
20_20220831 06,2296.07177734375
20_20220831 07,2504.947509765625
20_20220831 08,2724.99951171875
20_20220831 09,2885.759765625
20_20220831 10,2932.6640625
20_20220831 11,2853.42041015625
20_20220831 12,2847.969482421875
20_20220831 13,2881.09619140625
20_20220831 14,2895.39599609375
20_20220831 15,2914.454345703125
20_20220831 16,2946.30517578125
20_20220831 17,2668.457763671875
20_20220831 18,1600.613525390625
20_20220831 19,1297.572021484375
20_20220831 20,1191.2869873046875
20_20220831 21,1122.908935546875
20_20220831 22,1047.8818359375
20_20220831 23,1012.2999267578125
21_20220825 00,1636.214111328125
21_20220825 01,1621.728759765625
21_20220825 02,1620.589599609375
21_20220825 03,1557.3662109375
21_20220825 04,1445.662841796875
21_20220825 05,1470.8253173828125
21_20220825 06,1920.871826171875
21_20220825 07,2713.9931640625
21_20220825 08,3024.93310546875
21_20220825 09,3120.547119140625
21_20220825 10,3028.331787109375
21_20220825 11,3024.93115234375
21_20220825 12,2942.58203125
21_20220825 13,2909.33154296875
21_20220825 14,2968.71875
21_20220825 15,3048.23583984375
21_20220825 16,2965.2080078125
21_20220825 17,2790.30322265625
21_20220825 18,1901.4722900390625
21_20220825 19,1723.512451171875
21_20220825 20,1622.852783203125
21_20220825 21,1508.976806640625
21_20220825 22,1391.4693603515625
21_20220825 23,1649.4849853515625
21_20220826 00,1623.6641845703125
21_20220826 01,1625.536865234375
21_20220826 02,1609.4781494140625
21_20220826 03,1547.1630859375
21_20220826 04,1446.7669677734375
21_20220826 05,1437.9251708984375
21_20220826 06,1900.251220703125
21_20220826 07,2584.175537109375
21_20220826 08,2911.569580078125
21_20220826 09,3003.146240234375
21_20220826 10,2960.32373046875
21_20220826 11,2909.26708984375
21_20220826 12,2856.57568359375
21_20220826 13,2817.30810546875
21_20220826 14,2869.45361328125
21_20220826 15,2889.862548828125
21_20220826 16,2835.814208984375
21_20220826 17,2686.52001953125
21_20220826 18,1824.360107421875
21_20220826 19,1655.914306640625
21_20220826 20,1542.3619384765625
21_20220826 21,1460.4202880859375
21_20220826 22,1368.651123046875
21_20220826 23,1630.94873046875
21_20220827 00,1588.1234130859375
21_20220827 01,1574.484130859375
21_20220827 02,1571.7540283203125
21_20220827 03,1530.3956298828125
21_20220827 04,1356.296630859375
21_20220827 05,1244.228515625
21_20220827 06,1265.454833984375
21_20220827 07,1270.046875
21_20220827 08,1260.2392578125
21_20220827 09,1355.473388671875
21_20220827 10,1350.767333984375
21_20220827 11,1335.8316650390625
21_20220827 12,1325.4267578125
21_20220827 13,1323.1556396484375
21_20220827 14,1350.904052734375
21_20220827 15,1371.974609375
21_20220827 16,1387.015869140625
21_20220827 17,1377.111572265625
21_20220827 18,1363.828125
21_20220827 19,1377.0552978515625
21_20220827 20,1401.137939453125
21_20220827 21,1369.607666015625
21_20220827 22,1360.5364990234375
21_20220827 23,1295.04638671875
21_20220828 00,1403.5462646484375
21_20220828 01,1386.8822021484375
21_20220828 02,1394.482421875
21_20220828 03,1378.482177734375
21_20220828 04,1291.1949462890625
21_20220828 05,1227.729248046875
21_20220828 06,1226.484130859375
21_20220828 07,1221.345458984375
21_20220828 08,1225.560791015625
21_20220828 09,1311.438720703125
21_20220828 10,1314.6519775390625
21_20220828 11,1312.3868408203125
21_20220828 12,1287.8160400390625
21_20220828 13,1275.809326171875
21_20220828 14,1293.496826171875
21_20220828 15,1309.606689453125
21_20220828 16,1318.572509765625
21_20220828 17,1289.4627685546875
21_20220828 18,1285.7896728515625
21_20220828 19,1327.31103515625
21_20220828 20,1344.141357421875
21_20220828 21,1318.648681640625
21_20220828 22,1289.2608642578125
21_20220828 23,1246.942138671875
21_20220829 00,1396.2335205078125
21_20220829 01,1395.01318359375
21_20220829 02,1397.4599609375
21_20220829 03,1369.814697265625
21_20220829 04,1346.2073974609375
21_20220829 05,1423.6827392578125
21_20220829 06,2017.5784912109375
21_20220829 07,2601.73583984375
21_20220829 08,2930.36376953125
21_20220829 09,3033.38818359375
21_20220829 10,2964.696533203125
21_20220829 11,2940.76025390625
21_20220829 12,2886.493408203125
21_20220829 13,2826.86279296875
21_20220829 14,2929.438720703125
21_20220829 15,2951.03466796875
21_20220829 16,2888.66748046875
21_20220829 17,2749.49609375
21_20220829 18,1902.076416015625
21_20220829 19,1706.3128662109375
21_20220829 20,1604.0723876953125
21_20220829 21,1478.805908203125
21_20220829 22,1378.597900390625
21_20220829 23,1589.087158203125
21_20220830 00,1604.51123046875
21_20220830 01,1583.416259765625
21_20220830 02,1580.2689208984375
21_20220830 03,1557.9046630859375
21_20220830 04,1500.4935302734375
21_20220830 05,1505.2603759765625
21_20220830 06,2003.845703125
21_20220830 07,2632.03662109375
21_20220830 08,2951.2607421875
21_20220830 09,3037.087158203125
21_20220830 10,2964.665283203125
21_20220830 11,2932.93310546875
21_20220830 12,2876.253173828125
21_20220830 13,2840.5380859375
21_20220830 14,2910.7861328125
21_20220830 15,2963.091064453125
21_20220830 16,2885.228271484375
21_20220830 17,2779.658203125
21_20220830 18,1936.3453369140625
21_20220830 19,1705.1500244140625
21_20220830 20,1615.0157470703125
21_20220830 21,1501.2454833984375
21_20220830 22,1358.3736572265625
21_20220830 23,1616.78271484375
21_20220831 00,1607.072998046875
21_20220831 01,1596.272705078125
21_20220831 02,1596.8023681640625
21_20220831 03,1567.605224609375
21_20220831 04,1489.8079833984375
21_20220831 05,1438.721435546875
21_20220831 06,1878.106689453125
21_20220831 07,2546.583984375
21_20220831 08,2913.357421875
21_20220831 09,2993.00634765625
21_20220831 10,2943.448486328125
21_20220831 11,2895.818115234375
21_20220831 12,2842.3935546875
21_20220831 13,2798.1630859375
21_20220831 14,2862.365966796875
21_20220831 15,2925.9775390625
21_20220831 16,2840.061767578125
21_20220831 17,2743.444091796875
21_20220831 18,1920.4501953125
21_20220831 19,1718.616455078125
21_20220831 20,1595.717041015625
21_20220831 21,1476.919677734375
21_20220831 22,1357.089599609375
21_20220831 23,1613.42431640625
22_20220825 00,936.7376708984375
22_20220825 01,917.8688354492188
22_20220825 02,914.30322265625
22_20220825 03,912.716796875
22_20220825 04,916.8126831054688
22_20220825 05,1017.2488403320312
22_20220825 06,1327.6898193359375
22_20220825 07,1398.2322998046875
22_20220825 08,1567.2999267578125
22_20220825 09,1647.7552490234375
22_20220825 10,1648.63671875
22_20220825 11,1673.039794921875
22_20220825 12,1619.177978515625
22_20220825 13,1681.099609375
22_20220825 14,1667.2711181640625
22_20220825 15,1635.9615478515625
22_20220825 16,1642.7232666015625
22_20220825 17,1612.287353515625
22_20220825 18,1339.010498046875
22_20220825 19,1176.772705078125
22_20220825 20,1128.053955078125
22_20220825 21,1058.156982421875
22_20220825 22,1000.6494140625
22_20220825 23,958.1009521484375
22_20220826 00,927.6800537109375
22_20220826 01,916.0011596679688
22_20220826 02,908.19921875
22_20220826 03,906.1388549804688
22_20220826 04,909.96875
22_20220826 05,1009.3048706054688
22_20220826 06,1306.704345703125
22_20220826 07,1390.4049072265625
22_20220826 08,1556.13427734375
22_20220826 09,1641.588134765625
22_20220826 10,1634.896240234375
22_20220826 11,1644.991455078125
22_20220826 12,1603.122314453125
22_20220826 13,1666.2744140625
22_20220826 14,1666.1695556640625
22_20220826 15,1636.1636962890625
22_20220826 16,1638.875732421875
22_20220826 17,1601.290283203125
22_20220826 18,1346.7818603515625
22_20220826 19,1202.3394775390625
22_20220826 20,1130.654296875
22_20220826 21,1054.647705078125
22_20220826 22,1006.7697143554688
22_20220826 23,957.9111328125
22_20220827 00,915.2726440429688
22_20220827 01,911.4451293945312
22_20220827 02,901.65576171875
22_20220827 03,893.9669189453125
22_20220827 04,890.5955200195312
22_20220827 05,906.5964965820312
22_20220827 06,991.2396240234375
22_20220827 07,1043.2890625
22_20220827 08,1083.0330810546875
22_20220827 09,1118.903076171875
22_20220827 10,1123.2998046875
22_20220827 11,1118.5257568359375
22_20220827 12,1105.407958984375
22_20220827 13,1124.2254638671875
22_20220827 14,1126.1715087890625
22_20220827 15,1125.57568359375
22_20220827 16,1104.5364990234375
22_20220827 17,1100.96875
22_20220827 18,1040.73828125
22_20220827 19,1028.208251953125
22_20220827 20,1009.77587890625
22_20220827 21,985.1866455078125
22_20220827 22,956.5343627929688
22_20220827 23,937.0931396484375
22_20220828 00,885.9808349609375
22_20220828 01,887.0007934570312
22_20220828 02,884.658203125
22_20220828 03,880.900390625
22_20220828 04,875.8297119140625
22_20220828 05,898.29296875
22_20220828 06,966.6803588867188
22_20220828 07,1032.0015869140625
22_20220828 08,1053.50244140625
22_20220828 09,1073.16064453125
22_20220828 10,1088.4908447265625
22_20220828 11,1086.050048828125
22_20220828 12,1081.225341796875
22_20220828 13,1093.2965087890625
22_20220828 14,1095.363525390625
22_20220828 15,1075.8236083984375
22_20220828 16,1064.6177978515625
22_20220828 17,1053.433349609375
22_20220828 18,1013.8643798828125
22_20220828 19,998.4661865234375
22_20220828 20,974.2282104492188
22_20220828 21,953.9564208984375
22_20220828 22,945.2356567382812
22_20220828 23,922.88525390625
22_20220829 00,916.4334716796875
22_20220829 01,906.4548950195312
22_20220829 02,901.45654296875
22_20220829 03,905.0144653320312
22_20220829 04,908.3475341796875
22_20220829 05,1043.835693359375
22_20220829 06,1312.179443359375
22_20220829 07,1378.770263671875
22_20220829 08,1547.2952880859375
22_20220829 09,1613.5772705078125
22_20220829 10,1615.6658935546875
22_20220829 11,1628.5245361328125
22_20220829 12,1585.8209228515625
22_20220829 13,1648.2457275390625
22_20220829 14,1657.2640380859375
22_20220829 15,1609.8702392578125
22_20220829 16,1607.531494140625
22_20220829 17,1576.029541015625
22_20220829 18,1311.5748291015625
22_20220829 19,1177.500732421875
22_20220829 20,1124.3287353515625
22_20220829 21,1054.8577880859375
22_20220829 22,998.0324096679688
22_20220829 23,951.7696533203125
22_20220830 00,906.5388793945312
22_20220830 01,902.5775146484375
22_20220830 02,899.8688354492188
22_20220830 03,897.3333129882812
22_20220830 04,899.08251953125
22_20220830 05,1015.85498046875
22_20220830 06,1310.9124755859375
22_20220830 07,1377.2845458984375
22_20220830 08,1540.618408203125
22_20220830 09,1620.3043212890625
22_20220830 10,1603.2701416015625
22_20220830 11,1627.441162109375
22_20220830 12,1577.011962890625
22_20220830 13,1647.7542724609375
22_20220830 14,1649.199951171875
22_20220830 15,1624.6302490234375
22_20220830 16,1627.766845703125
22_20220830 17,1593.224609375
22_20220830 18,1314.2548828125
22_20220830 19,1157.1712646484375
22_20220830 20,1116.243408203125
22_20220830 21,1052.762451171875
22_20220830 22,1000.6405029296875
22_20220830 23,953.8609619140625
22_20220831 00,920.8128051757812
22_20220831 01,911.62255859375
22_20220831 02,904.6007080078125
22_20220831 03,903.3677978515625
22_20220831 04,904.525390625
22_20220831 05,993.1813354492188
22_20220831 06,1271.3768310546875
22_20220831 07,1385.2437744140625
22_20220831 08,1514.9365234375
22_20220831 09,1594.635009765625
22_20220831 10,1590.7764892578125
22_20220831 11,1603.991943359375
22_20220831 12,1573.3388671875
22_20220831 13,1621.72509765625
22_20220831 14,1640.388916015625
22_20220831 15,1590.163330078125
22_20220831 16,1593.71728515625
22_20220831 17,1570.238037109375
22_20220831 18,1322.3251953125
22_20220831 19,1173.6832275390625
22_20220831 20,1115.62841796875
22_20220831 21,1049.809326171875
22_20220831 22,1003.7518310546875
22_20220831 23,958.5162353515625
23_20220825 00,1042.392822265625
23_20220825 01,1041.156005859375
23_20220825 02,1042.437255859375
23_20220825 03,1044.4521484375
23_20220825 04,1044.290283203125
23_20220825 05,1070.1790771484375
23_20220825 06,1440.486083984375
23_20220825 07,1547.3990478515625
23_20220825 08,1579.81201171875
23_20220825 09,1624.4407958984375
23_20220825 10,1617.25341796875
23_20220825 11,1627.93310546875
23_20220825 12,1577.551025390625
23_20220825 13,1637.7620849609375
23_20220825 14,1626.948486328125
23_20220825 15,1593.542236328125
23_20220825 16,1597.5848388671875
23_20220825 17,1555.856689453125
23_20220825 18,1224.0511474609375
23_20220825 19,1168.9549560546875
23_20220825 20,1125.0220947265625
23_20220825 21,1097.7503662109375
23_20220825 22,1054.5859375
23_20220825 23,1035.557861328125
23_20220826 00,1021.9182739257812
23_20220826 01,1026.050048828125
23_20220826 02,1025.411865234375
23_20220826 03,1031.579345703125
23_20220826 04,1028.8480224609375
23_20220826 05,1045.6923828125
23_20220826 06,1393.1219482421875
23_20220826 07,1471.715576171875
23_20220826 08,1513.910888671875
23_20220826 09,1556.0670166015625
23_20220826 10,1564.931396484375
23_20220826 11,1572.230224609375
23_20220826 12,1536.300537109375
23_20220826 13,1579.6021728515625
23_20220826 14,1554.3717041015625
23_20220826 15,1543.984619140625
23_20220826 16,1559.608154296875
23_20220826 17,1525.5272216796875
23_20220826 18,1216.16259765625
23_20220826 19,1155.832763671875
23_20220826 20,1120.985595703125
23_20220826 21,1089.149169921875
23_20220826 22,1045.557861328125
23_20220826 23,1035.7271728515625
23_20220827 00,1022.4083862304688
23_20220827 01,1021.0958862304688
23_20220827 02,1016.6961059570312
23_20220827 03,1018.4353637695312
23_20220827 04,1021.6827392578125
23_20220827 05,1027.8271484375
23_20220827 06,1045.2506103515625
23_20220827 07,1047.862548828125
23_20220827 08,1052.2091064453125
23_20220827 09,1049.758544921875
23_20220827 10,1036.624755859375
23_20220827 11,1032.1490478515625
23_20220827 12,1036.302001953125
23_20220827 13,1054.532958984375
23_20220827 14,1047.791259765625
23_20220827 15,1051.385986328125
23_20220827 16,1051.143798828125
23_20220827 17,1046.568115234375
23_20220827 18,1041.9322509765625
23_20220827 19,1036.833984375
23_20220827 20,1020.4703369140625
23_20220827 21,1022.1007690429688
23_20220827 22,1006.5964965820312
23_20220827 23,1008.9485473632812
23_20220828 00,1002.263671875
23_20220828 01,1002.7513427734375
23_20220828 02,993.2650146484375
23_20220828 03,1001.3136596679688
23_20220828 04,996.89599609375
23_20220828 05,1000.0009765625
23_20220828 06,1012.6192626953125
23_20220828 07,1010.8201293945312
23_20220828 08,1003.630859375
23_20220828 09,1011.13818359375
23_20220828 10,1006.6867065429688
23_20220828 11,1021.71533203125
23_20220828 12,1026.9951171875
23_20220828 13,1025.0985107421875
23_20220828 14,1021.8377685546875
23_20220828 15,1019.70556640625
23_20220828 16,1016.9769287109375
23_20220828 17,1027.4893798828125
23_20220828 18,1030.434814453125
23_20220828 19,1033.672119140625
23_20220828 20,1030.9263916015625
23_20220828 21,1018.9554443359375
23_20220828 22,1002.23486328125
23_20220828 23,1002.5660400390625
23_20220829 00,1000.9058837890625
23_20220829 01,1002.6754150390625
23_20220829 02,1002.0831909179688
23_20220829 03,1008.16064453125
23_20220829 04,1011.5523681640625
23_20220829 05,1030.2215576171875
23_20220829 06,1365.575927734375
23_20220829 07,1442.072265625
23_20220829 08,1502.9864501953125
23_20220829 09,1530.6527099609375
23_20220829 10,1532.155517578125
23_20220829 11,1531.0767822265625
23_20220829 12,1503.017333984375
23_20220829 13,1533.6806640625
23_20220829 14,1523.303466796875
23_20220829 15,1515.7154541015625
23_20220829 16,1525.011962890625
23_20220829 17,1491.91259765625
23_20220829 18,1185.805908203125
23_20220829 19,1131.7672119140625
23_20220829 20,1082.3875732421875
23_20220829 21,1060.9840087890625
23_20220829 22,1020.0780029296875
23_20220829 23,1011.7918701171875
23_20220830 00,1008.2882690429688
23_20220830 01,1009.34912109375
23_20220830 02,1007.0335693359375
23_20220830 03,1011.6712646484375
23_20220830 04,1014.4264526367188
23_20220830 05,1038.92822265625
23_20220830 06,1390.1510009765625
23_20220830 07,1485.913330078125
23_20220830 08,1539.726806640625
23_20220830 09,1580.2235107421875
23_20220830 10,1591.8834228515625
23_20220830 11,1583.3055419921875
23_20220830 12,1531.8507080078125
23_20220830 13,1601.6337890625
23_20220830 14,1593.2432861328125
23_20220830 15,1589.3294677734375
23_20220830 16,1600.64990234375
23_20220830 17,1536.1021728515625
23_20220830 18,1215.9091796875
23_20220830 19,1157.541748046875
23_20220830 20,1118.16455078125
23_20220830 21,1096.565673828125
23_20220830 22,1048.07421875
23_20220830 23,1032.083984375
23_20220831 00,1024.6802978515625
23_20220831 01,1024.943115234375
23_20220831 02,1020.4314575195312
23_20220831 03,1022.5637817382812
23_20220831 04,1024.5675048828125
23_20220831 05,1048.2210693359375
23_20220831 06,1397.77197265625
23_20220831 07,1471.135498046875
23_20220831 08,1532.496337890625
23_20220831 09,1560.3031005859375
23_20220831 10,1549.954345703125
23_20220831 11,1552.531982421875
23_20220831 12,1513.1700439453125
23_20220831 13,1562.06298828125
23_20220831 14,1543.305419921875
23_20220831 15,1535.503173828125
23_20220831 16,1540.9805908203125
23_20220831 17,1512.1146240234375
23_20220831 18,1205.1868896484375
23_20220831 19,1150.2801513671875
23_20220831 20,1112.460693359375
23_20220831 21,1078.896484375
23_20220831 22,1034.40869140625
23_20220831 23,1028.4251708984375
24_20220825 00,7632.20458984375
24_20220825 01,7514.0341796875
24_20220825 02,7248.5888671875
24_20220825 03,7248.58203125
24_20220825 04,6995.69140625
24_20220825 05,7412.34765625
24_20220825 06,7788.546875
24_20220825 07,8763.4951171875
24_20220825 08,11542.0224609375
24_20220825 09,12987.291015625
24_20220825 10,13563.4716796875
24_20220825 11,13727.125
24_20220825 12,13777.185546875
24_20220825 13,13861.9326171875
24_20220825 14,14224.771484375
24_20220825 15,13438.3095703125
24_20220825 16,13233.314453125
24_20220825 17,11597.1240234375
24_20220825 18,11091.240234375
24_20220825 19,10202.5908203125
24_20220825 20,9420.873046875
24_20220825 21,8542.34375
24_20220825 22,8229.736328125
24_20220825 23,7556.16796875
24_20220826 00,7394.5908203125
24_20220826 01,7293.3115234375
24_20220826 02,7149.4873046875
24_20220826 03,7150.95166015625
24_20220826 04,6954.3525390625
24_20220826 05,7307.35302734375
24_20220826 06,7659.5234375
24_20220826 07,8642.6923828125
24_20220826 08,11488.4716796875
24_20220826 09,13081.7705078125
24_20220826 10,13529.818359375
24_20220826 11,13794.8203125
24_20220826 12,13920.388671875
24_20220826 13,14103.171875
24_20220826 14,14310.53125
24_20220826 15,14226.884765625
24_20220826 16,14022.5673828125
24_20220826 17,12066.859375
24_20220826 18,11338.0673828125
24_20220826 19,10504.244140625
24_20220826 20,9685.0673828125
24_20220826 21,8582.814453125
24_20220826 22,8310.28125
24_20220826 23,7761.86328125
24_20220827 00,7580.8359375
24_20220827 01,7514.54296875
24_20220827 02,7057.3935546875
24_20220827 03,6956.7236328125
24_20220827 04,6461.2998046875
24_20220827 05,6470.375
24_20220827 06,6449.31103515625
24_20220827 07,7341.5849609375
24_20220827 08,8290.849609375
24_20220827 09,8690.291015625
24_20220827 10,9131.07421875
24_20220827 11,9098.5703125
24_20220827 12,9289.5048828125
24_20220827 13,9311.5966796875
24_20220827 14,9455.0009765625
24_20220827 15,9102.322265625
24_20220827 16,8906.974609375
24_20220827 17,8838.4677734375
24_20220827 18,8572.96875
24_20220827 19,8239.2626953125
24_20220827 20,8194.1259765625
24_20220827 21,7497.4833984375
24_20220827 22,7539.8857421875
24_20220827 23,7463.6171875
24_20220828 00,7250.1455078125
24_20220828 01,6833.4873046875
24_20220828 02,6654.2939453125
24_20220828 03,6704.38671875
24_20220828 04,6276.7822265625
24_20220828 05,6314.02587890625
24_20220828 06,6293.03369140625
24_20220828 07,6788.0947265625
24_20220828 08,7314.390625
24_20220828 09,7280.3251953125
24_20220828 10,7485.12353515625
24_20220828 11,7715.23193359375
24_20220828 12,7863.22119140625
24_20220828 13,7983.8779296875
24_20220828 14,8029.4599609375
24_20220828 15,8138.93115234375
24_20220828 16,8137.234375
24_20220828 17,8255.0146484375
24_20220828 18,8148.25146484375
24_20220828 19,8202.66796875
24_20220828 20,8223.126953125
24_20220828 21,7690.60791015625
24_20220828 22,7652.98681640625
24_20220828 23,7452.79833984375
24_20220829 00,7436.9013671875
24_20220829 01,7338.6611328125
24_20220829 02,6952.37744140625
24_20220829 03,6989.2939453125
24_20220829 04,6986.10791015625
24_20220829 05,7343.96630859375
24_20220829 06,7712.87353515625
24_20220829 07,8604.826171875
24_20220829 08,11248.9814453125
24_20220829 09,12659.234375
24_20220829 10,12711.9326171875
24_20220829 11,13272.896484375
24_20220829 12,13246.681640625
24_20220829 13,13336.451171875
24_20220829 14,13509.623046875
24_20220829 15,13275.072265625
24_20220829 16,12513.951171875
24_20220829 17,11220.734375
24_20220829 18,10750.751953125
24_20220829 19,10010.705078125
24_20220829 20,9273.1318359375
24_20220829 21,8652.9609375
24_20220829 22,8215.115234375
24_20220829 23,7495.4140625
24_20220830 00,7287.7431640625
24_20220830 01,7186.95556640625
24_20220830 02,7054.453125
24_20220830 03,6807.4609375
24_20220830 04,6829.8134765625
24_20220830 05,7226.8193359375
24_20220830 06,7540.68115234375
24_20220830 07,8449.8720703125
24_20220830 08,10638.6689453125
24_20220830 09,12137.1650390625
24_20220830 10,13064.2060546875
24_20220830 11,13180.470703125
24_20220830 12,13176.9326171875
24_20220830 13,13291.2216796875
24_20220830 14,13883.880859375
24_20220830 15,13583.7216796875
24_20220830 16,12941.9013671875
24_20220830 17,10797.783203125
24_20220830 18,10355.78515625
24_20220830 19,9696.8056640625
24_20220830 20,9401.09375
24_20220830 21,8428.236328125
24_20220830 22,8208.439453125
24_20220830 23,7482.87890625
24_20220831 00,7399.1279296875
24_20220831 01,7305.69140625
24_20220831 02,6893.5546875
24_20220831 03,6906.09765625
24_20220831 04,6934.8720703125
24_20220831 05,7085.35693359375
24_20220831 06,7696.82666015625
24_20220831 07,8558.7080078125
24_20220831 08,11110.390625
24_20220831 09,12687.259765625
24_20220831 10,12704.4736328125
24_20220831 11,12900.380859375
24_20220831 12,13398.5283203125
24_20220831 13,13472.138671875
24_20220831 14,13694.4482421875
24_20220831 15,13422.5185546875
24_20220831 16,12879.646484375
24_20220831 17,11661.7705078125
24_20220831 18,11133.0068359375
24_20220831 19,10293.0859375
24_20220831 20,9499.5703125
24_20220831 21,8515.1083984375
24_20220831 22,8243.861328125
24_20220831 23,7577.3427734375
25_20220825 00,5210.7470703125
25_20220825 01,5143.7607421875
25_20220825 02,4985.15234375
25_20220825 03,4973.4130859375
25_20220825 04,4919.8212890625
25_20220825 05,4882.3701171875
25_20220825 06,5009.35888671875
25_20220825 07,5456.0693359375
25_20220825 08,7952.0732421875
25_20220825 09,9653.814453125
25_20220825 10,10400.615234375
25_20220825 11,10399.3037109375
25_20220825 12,10148.396484375
25_20220825 13,10608.2294921875
25_20220825 14,10600.9111328125
25_20220825 15,10208.861328125
25_20220825 16,10155.7119140625
25_20220825 17,9256.4296875
25_20220825 18,8884.93359375
25_20220825 19,8332.5439453125
25_20220825 20,7329.85400390625
25_20220825 21,5982.70947265625
25_20220825 22,5547.669921875
25_20220825 23,5552.8818359375
25_20220826 00,5121.01513671875
25_20220826 01,5061.9814453125
25_20220826 02,4946.57421875
25_20220826 03,4936.21435546875
25_20220826 04,4899.13427734375
25_20220826 05,4885.93701171875
25_20220826 06,4977.6865234375
25_20220826 07,5357.62890625
25_20220826 08,7902.99609375
25_20220826 09,9778.087890625
25_20220826 10,10484.7001953125
25_20220826 11,10601.095703125
25_20220826 12,10347.685546875
25_20220826 13,10845.8291015625
25_20220826 14,10831.474609375
25_20220826 15,10746.234375
25_20220826 16,10555.12890625
25_20220826 17,9609.0390625
25_20220826 18,8872.837890625
25_20220826 19,8419.275390625
25_20220826 20,7742.8291015625
25_20220826 21,5790.9990234375
25_20220826 22,5495.5537109375
25_20220826 23,5433.60302734375
25_20220827 00,4990.70703125
25_20220827 01,4807.470703125
25_20220827 02,4760.0673828125
25_20220827 03,4741.61474609375
25_20220827 04,4687.31103515625
25_20220827 05,4678.015625
25_20220827 06,4677.314453125
25_20220827 07,4795.48046875
25_20220827 08,6200.8544921875
25_20220827 09,6582.5078125
25_20220827 10,6442.15576171875
25_20220827 11,6420.05712890625
25_20220827 12,6695.61572265625
25_20220827 13,6769.85400390625
25_20220827 14,6827.4404296875
25_20220827 15,6830.2392578125
25_20220827 16,6781.49609375
25_20220827 17,6291.73876953125
25_20220827 18,5871.25390625
25_20220827 19,5567.86572265625
25_20220827 20,5305.005859375
25_20220827 21,5341.3974609375
25_20220827 22,5222.8779296875
25_20220827 23,5096.73046875
25_20220828 00,4820.5771484375
25_20220828 01,4713.6015625
25_20220828 02,4692.51904296875
25_20220828 03,4606.97265625
25_20220828 04,4612.2080078125
25_20220828 05,4519.203125
25_20220828 06,4515.28662109375
25_20220828 07,4629.513671875
25_20220828 08,4697.08154296875
25_20220828 09,4694.38818359375
25_20220828 10,4774.0625
25_20220828 11,4952.201171875
25_20220828 12,4963.6376953125
25_20220828 13,5069.1396484375
25_20220828 14,5099.677734375
25_20220828 15,5317.58154296875
25_20220828 16,5435.9296875
25_20220828 17,5654.2900390625
25_20220828 18,5525.70703125
25_20220828 19,5423.8857421875
25_20220828 20,5354.44580078125
25_20220828 21,5322.2802734375
25_20220828 22,5193.96142578125
25_20220828 23,5063.49365234375
25_20220829 00,5031.0576171875
25_20220829 01,4973.8779296875
25_20220829 02,4895.7958984375
25_20220829 03,4820.40625
25_20220829 04,4819.5419921875
25_20220829 05,4818.005859375
25_20220829 06,4888.26416015625
25_20220829 07,5378.7548828125
25_20220829 08,7897.5888671875
25_20220829 09,9430.28515625
25_20220829 10,9784.2470703125
25_20220829 11,9812.4521484375
25_20220829 12,9562.900390625
25_20220829 13,10444.4697265625
25_20220829 14,10357.474609375
25_20220829 15,10228.642578125
25_20220829 16,9668.955078125
25_20220829 17,9178.41015625
25_20220829 18,8629.6298828125
25_20220829 19,8202.6201171875
25_20220829 20,7393.84375
25_20220829 21,5857.1044921875
25_20220829 22,5615.60107421875
25_20220829 23,5427.33056640625
25_20220830 00,5104.8271484375
25_20220830 01,4921.638671875
25_20220830 02,4907.5830078125
25_20220830 03,4843.85595703125
25_20220830 04,4847.16064453125
25_20220830 05,4775.6650390625
25_20220830 06,4889.4541015625
25_20220830 07,5293.234375
25_20220830 08,7650.8798828125
25_20220830 09,9303.275390625
25_20220830 10,9694.2919921875
25_20220830 11,9726.2734375
25_20220830 12,9493.7373046875
25_20220830 13,10007.005859375
25_20220830 14,9958.9501953125
25_20220830 15,9812.9697265625
25_20220830 16,9673.103515625
25_20220830 17,9087.1923828125
25_20220830 18,8836.744140625
25_20220830 19,8272.197265625
25_20220830 20,7242.4892578125
25_20220830 21,5741.873046875
25_20220830 22,5403.34814453125
25_20220830 23,5398.4443359375
25_20220831 00,5102.7294921875
25_20220831 01,4936.66259765625
25_20220831 02,4867.6005859375
25_20220831 03,4846.70556640625
25_20220831 04,4796.48779296875
25_20220831 05,4796.87158203125
25_20220831 06,4892.46337890625
25_20220831 07,5225.59423828125
25_20220831 08,7879.6650390625
25_20220831 09,9424.3203125
25_20220831 10,10148.208984375
25_20220831 11,10240.0810546875
25_20220831 12,9688.4580078125
25_20220831 13,10532.380859375
25_20220831 14,10508.693359375
25_20220831 15,10373.30078125
25_20220831 16,10211.318359375
25_20220831 17,9335.255859375
25_20220831 18,8729.859375
25_20220831 19,8346.0087890625
25_20220831 20,7490.57666015625
25_20220831 21,5888.63916015625
25_20220831 22,5464.02685546875
25_20220831 23,5412.4990234375
26_20220825 00,2810.15673828125
26_20220825 01,2716.51806640625
26_20220825 02,2641.70654296875
26_20220825 03,2617.99072265625
26_20220825 04,2616.867919921875
26_20220825 05,2627.506103515625
26_20220825 06,2710.072265625
26_20220825 07,2813.73681640625
26_20220825 08,3240.81591796875
26_20220825 09,4205.55078125
26_20220825 10,4523.82763671875
26_20220825 11,4561.99169921875
26_20220825 12,4539.9716796875
26_20220825 13,4706.6552734375
26_20220825 14,4745.73046875
26_20220825 15,4712.3212890625
26_20220825 16,4635.2060546875
26_20220825 17,4343.5068359375
26_20220825 18,3684.67236328125
26_20220825 19,3390.872314453125
26_20220825 20,3359.10595703125
26_20220825 21,3217.60546875
26_20220825 22,3032.00732421875
26_20220825 23,2863.6025390625
26_20220826 00,2784.486328125
26_20220826 01,2708.06494140625
26_20220826 02,2648.783935546875
26_20220826 03,2605.685302734375
26_20220826 04,2604.890869140625
26_20220826 05,2613.38818359375
26_20220826 06,2688.497314453125
26_20220826 07,2786.748291015625
26_20220826 08,3188.28076171875
26_20220826 09,4238.15234375
26_20220826 10,4487.0869140625
26_20220826 11,4645.85546875
26_20220826 12,4564.47802734375
26_20220826 13,4781.0810546875
26_20220826 14,4846.974609375
26_20220826 15,4851.3544921875
26_20220826 16,4838.77587890625
26_20220826 17,4512.2880859375
26_20220826 18,3791.75244140625
26_20220826 19,3490.348876953125
26_20220826 20,3423.73876953125
26_20220826 21,3196.768310546875
26_20220826 22,3006.886474609375
26_20220826 23,2861.58349609375
26_20220827 00,2689.447021484375
26_20220827 01,2566.53759765625
26_20220827 02,2531.03173828125
26_20220827 03,2500.271484375
26_20220827 04,2487.862060546875
26_20220827 05,2461.251220703125
26_20220827 06,2440.956298828125
26_20220827 07,2431.39208984375
26_20220827 08,2439.896484375
26_20220827 09,2482.565673828125
26_20220827 10,2541.1552734375
26_20220827 11,2679.015380859375
26_20220827 12,2727.314453125
26_20220827 13,2791.84619140625
26_20220827 14,2927.760498046875
26_20220827 15,2977.277587890625
26_20220827 16,2991.509765625
26_20220827 17,2996.86572265625
26_20220827 18,2956.369384765625
26_20220827 19,2891.26513671875
26_20220827 20,2903.80712890625
26_20220827 21,2840.3779296875
26_20220827 22,2793.73876953125
26_20220827 23,2721.231201171875
26_20220828 00,2614.091064453125
26_20220828 01,2511.45166015625
26_20220828 02,2438.2998046875
26_20220828 03,2421.564208984375
26_20220828 04,2417.92919921875
26_20220828 05,2385.328125
26_20220828 06,2349.85302734375
26_20220828 07,2309.358642578125
26_20220828 08,2331.84619140625
26_20220828 09,2316.497314453125
26_20220828 10,2349.810791015625
26_20220828 11,2455.83154296875
26_20220828 12,2534.261962890625
26_20220828 13,2625.19384765625
26_20220828 14,2776.73779296875
26_20220828 15,2896.76708984375
26_20220828 16,2947.830322265625
26_20220828 17,2990.81982421875
26_20220828 18,2965.04052734375
26_20220828 19,2912.16162109375
26_20220828 20,2912.624267578125
26_20220828 21,2881.916015625
26_20220828 22,2812.23388671875
26_20220828 23,2720.823486328125
26_20220829 00,2728.539794921875
26_20220829 01,2642.491455078125
26_20220829 02,2586.975830078125
26_20220829 03,2566.296875
26_20220829 04,2552.554931640625
26_20220829 05,2572.984130859375
26_20220829 06,2645.428955078125
26_20220829 07,2773.24169921875
26_20220829 08,3195.94580078125
26_20220829 09,4265.4228515625
26_20220829 10,4585.37353515625
26_20220829 11,4610.1611328125
26_20220829 12,4514.4443359375
26_20220829 13,4639.07568359375
26_20220829 14,4689.65771484375
26_20220829 15,4673.5712890625
26_20220829 16,4644.2666015625
26_20220829 17,4310.36962890625
26_20220829 18,3651.22119140625
26_20220829 19,3384.594482421875
26_20220829 20,3336.41455078125
26_20220829 21,3191.98876953125
26_20220829 22,2992.486328125
26_20220829 23,2852.79150390625
26_20220830 00,2738.580322265625
26_20220830 01,2666.895263671875
26_20220830 02,2586.823486328125
26_20220830 03,2566.231689453125
26_20220830 04,2573.3359375
26_20220830 05,2603.84619140625
26_20220830 06,2671.15185546875
26_20220830 07,2773.801513671875
26_20220830 08,3179.10302734375
26_20220830 09,4245.5966796875
26_20220830 10,4530.1875
26_20220830 11,4550.23291015625
26_20220830 12,4412.06884765625
26_20220830 13,4607.6455078125
26_20220830 14,4770.74609375
26_20220830 15,4769.47607421875
26_20220830 16,4718.46533203125
26_20220830 17,4299.71484375
26_20220830 18,3683.14892578125
26_20220830 19,3390.528564453125
26_20220830 20,3352.04150390625
26_20220830 21,3207.626220703125
26_20220830 22,2987.8828125
26_20220830 23,2838.528076171875
26_20220831 00,2735.46142578125
26_20220831 01,2672.552978515625
26_20220831 02,2585.28369140625
26_20220831 03,2561.007080078125
26_20220831 04,2567.13232421875
26_20220831 05,2575.85888671875
26_20220831 06,2643.180908203125
26_20220831 07,2769.50390625
26_20220831 08,3129.526611328125
26_20220831 09,4084.641357421875
26_20220831 10,4322.7900390625
26_20220831 11,4378.80712890625
26_20220831 12,4335.64599609375
26_20220831 13,4585.2841796875
26_20220831 14,4593.36376953125
26_20220831 15,4632.3564453125
26_20220831 16,4613.99853515625
26_20220831 17,4219.9560546875
26_20220831 18,3634.22509765625
26_20220831 19,3373.02294921875
26_20220831 20,3326.96923828125
26_20220831 21,3141.792236328125
26_20220831 22,2974.757080078125
26_20220831 23,2830.50927734375
27_20220825 00,14790.7841796875
27_20220825 01,14536.2216796875
27_20220825 02,14473.962890625
27_20220825 03,13934.6044921875
27_20220825 04,13867.083984375
27_20220825 05,13802.197265625
27_20220825 06,14459.6689453125
27_20220825 07,16161.1513671875
27_20220825 08,18810.162109375
27_20220825 09,19298.90234375
27_20220825 10,20305.671875
27_20220825 11,20410.08984375
27_20220825 12,20945.46875
27_20220825 13,21087.01171875
27_20220825 14,21268.96484375
27_20220825 15,21059.912109375
27_20220825 16,20644.404296875
27_20220825 17,18037.640625
27_20220825 18,16741.5
27_20220825 19,15889.6435546875
27_20220825 20,15484.5390625
27_20220825 21,15294.2109375
27_20220825 22,15306.8154296875
27_20220825 23,14797.248046875
27_20220826 00,14229.5576171875
27_20220826 01,14082.935546875
27_20220826 02,13961.720703125
27_20220826 03,13526.884765625
27_20220826 04,13467.5986328125
27_20220826 05,13474.9169921875
27_20220826 06,14059.380859375
27_20220826 07,14793.849609375
27_20220826 08,16435.17578125
27_20220826 09,18347.654296875
27_20220826 10,19243.87890625
27_20220826 11,19528.65234375
27_20220826 12,20057.09765625
27_20220826 13,20260.08203125
27_20220826 14,20576.896484375
27_20220826 15,20881.931640625
27_20220826 16,20472.734375
27_20220826 17,18571.3203125
27_20220826 18,17299.67578125
27_20220826 19,16207.3671875
27_20220826 20,15976.962890625
27_20220826 21,15887.0107421875
27_20220826 22,15385.287109375
27_20220826 23,14941.0986328125
27_20220827 00,14336.576171875
27_20220827 01,14027.0751953125
27_20220827 02,13668.1455078125
27_20220827 03,13580.1796875
27_20220827 04,13489.587890625
27_20220827 05,13463.5283203125
27_20220827 06,13443.0498046875
27_20220827 07,13571.3076171875
27_20220827 08,13420.3935546875
27_20220827 09,13669.7265625
27_20220827 10,13844.005859375
27_20220827 11,13970.8935546875
27_20220827 12,14263.0595703125
27_20220827 13,14547.314453125
27_20220827 14,14912.7939453125
27_20220827 15,15055.833984375
27_20220827 16,14937.0517578125
27_20220827 17,14956.2421875
27_20220827 18,14808.5966796875
27_20220827 19,14728.552734375
27_20220827 20,14592.134765625
27_20220827 21,14567.541015625
27_20220827 22,14486.734375
27_20220827 23,14062.703125
27_20220828 00,13602.052734375
27_20220828 01,13036.740234375
27_20220828 02,13015.2529296875
27_20220828 03,12931.7939453125
27_20220828 04,12954.0048828125
27_20220828 05,12951.9228515625
27_20220828 06,12909.5283203125
27_20220828 07,12841.3466796875
27_20220828 08,12892.0146484375
27_20220828 09,13019.859375
27_20220828 10,13550.5341796875
27_20220828 11,13707.4482421875
27_20220828 12,13935.587890625
27_20220828 13,14388.841796875
27_20220828 14,14761.4111328125
27_20220828 15,14926.2314453125
27_20220828 16,15037.7314453125
27_20220828 17,15202.763671875
27_20220828 18,15218.3154296875
27_20220828 19,14953.576171875
27_20220828 20,14960.046875
27_20220828 21,15019.6123046875
27_20220828 22,15025.6376953125
27_20220828 23,14455.8095703125
27_20220829 00,14621.025390625
27_20220829 01,14379.9873046875
27_20220829 02,14072.9091796875
27_20220829 03,13687.7919921875
27_20220829 04,13644.693359375
27_20220829 05,13655.203125
27_20220829 06,13984.5732421875
27_20220829 07,15227.765625
27_20220829 08,16468.32421875
27_20220829 09,17445.728515625
27_20220829 10,18377.353515625
27_20220829 11,18656.734375
27_20220829 12,17809.271484375
27_20220829 13,17989.587890625
27_20220829 14,17969.96875
27_20220829 15,17895.1328125
27_20220829 16,17561.466796875
27_20220829 17,16655.416015625
27_20220829 18,16058.646484375
27_20220829 19,15310.2392578125
27_20220829 20,15323.4609375
27_20220829 21,15292.380859375
27_20220829 22,14907.015625
27_20220829 23,14512.0439453125
27_20220830 00,14107.798828125
27_20220830 01,13955.732421875
27_20220830 02,13656.578125
27_20220830 03,13474.5810546875
27_20220830 04,13478.669921875
27_20220830 05,13502.056640625
27_20220830 06,13800.1611328125
27_20220830 07,15262.310546875
27_20220830 08,16320.6591796875
27_20220830 09,16882.625
27_20220830 10,17356.2421875
27_20220830 11,17567.72265625
27_20220830 12,17646.138671875
27_20220830 13,17982.861328125
27_20220830 14,18272.259765625
27_20220830 15,18338.26953125
27_20220830 16,18058.416015625
27_20220830 17,17137.736328125
27_20220830 18,16410.37109375
27_20220830 19,15623.130859375
27_20220830 20,16009.244140625
27_20220830 21,16107.9189453125
27_20220830 22,15075.421875
27_20220830 23,14718.974609375
27_20220831 00,14575.861328125
27_20220831 01,14555.916015625
27_20220831 02,14157.5029296875
27_20220831 03,13889.013671875
27_20220831 04,13820.736328125
27_20220831 05,13873.5830078125
27_20220831 06,14227.7470703125
27_20220831 07,16118.3251953125
27_20220831 08,17078.234375
27_20220831 09,17974.9140625
27_20220831 10,18375.841796875
27_20220831 11,19131.986328125
27_20220831 12,18808.82421875
27_20220831 13,18986.763671875
27_20220831 14,19047.373046875
27_20220831 15,19055.66796875
27_20220831 16,19319.55078125
27_20220831 17,17403.107421875
27_20220831 18,16511.685546875
27_20220831 19,16231.8564453125
27_20220831 20,16027.21875
27_20220831 21,15957.5361328125
27_20220831 22,15259.4560546875
27_20220831 23,14919.1015625
28_20220825 00,1269.2674560546875
28_20220825 01,1212.8048095703125
28_20220825 02,1159.116455078125
28_20220825 03,1144.588623046875
28_20220825 04,1137.3109130859375
28_20220825 05,1108.313720703125
28_20220825 06,1103.2890625
28_20220825 07,1181.5267333984375
28_20220825 08,1615.980224609375
28_20220825 09,2427.139892578125
28_20220825 10,2508.344482421875
28_20220825 11,2771.360107421875
28_20220825 12,2525.77099609375
28_20220825 13,2890.338623046875
28_20220825 14,2784.29443359375
28_20220825 15,2806.75048828125
28_20220825 16,2464.03955078125
28_20220825 17,2207.828125
28_20220825 18,1822.6123046875
28_20220825 19,1773.380859375
28_20220825 20,1621.681884765625
28_20220825 21,1541.475341796875
28_20220825 22,1425.6871337890625
28_20220825 23,1378.3370361328125
28_20220826 00,1273.9393310546875
28_20220826 01,1225.2681884765625
28_20220826 02,1166.6129150390625
28_20220826 03,1139.083740234375
28_20220826 04,1139.1297607421875
28_20220826 05,1109.8544921875
28_20220826 06,1104.9012451171875
28_20220826 07,1172.0377197265625
28_20220826 08,1650.3876953125
28_20220826 09,2508.323486328125
28_20220826 10,2666.88818359375
28_20220826 11,2822.375732421875
28_20220826 12,2629.14892578125
28_20220826 13,2881.3935546875
28_20220826 14,2768.7119140625
28_20220826 15,2785.2451171875
28_20220826 16,2492.96533203125
28_20220826 17,2189.700439453125
28_20220826 18,1664.1185302734375
28_20220826 19,1636.9359130859375
28_20220826 20,1497.8780517578125
28_20220826 21,1454.630615234375
28_20220826 22,1342.6466064453125
28_20220826 23,1305.136474609375
28_20220827 00,1194.290771484375
28_20220827 01,1188.9461669921875
28_20220827 02,1141.637451171875
28_20220827 03,1130.93359375
28_20220827 04,1102.0904541015625
28_20220827 05,1072.5111083984375
28_20220827 06,1066.04296875
28_20220827 07,1084.5537109375
28_20220827 08,1109.0029296875
28_20220827 09,1151.605224609375
28_20220827 10,1207.224853515625
28_20220827 11,1310.468505859375
28_20220827 12,1300.7718505859375
28_20220827 13,1436.058349609375
28_20220827 14,1439.978271484375
28_20220827 15,1528.671875
28_20220827 16,1467.1380615234375
28_20220827 17,1487.0826416015625
28_20220827 18,1363.791259765625
28_20220827 19,1381.901123046875
28_20220827 20,1369.643310546875
28_20220827 21,1381.412353515625
28_20220827 22,1318.7850341796875
28_20220827 23,1297.428955078125
28_20220828 00,1175.7840576171875
28_20220828 01,1159.262939453125
28_20220828 02,1103.6077880859375
28_20220828 03,1106.035400390625
28_20220828 04,1074.881103515625
28_20220828 05,1039.6268310546875
28_20220828 06,1030.3255615234375
28_20220828 07,1026.695556640625
28_20220828 08,991.8699340820312
28_20220828 09,983.5411987304688
28_20220828 10,1032.097900390625
28_20220828 11,1117.86865234375
28_20220828 12,1096.328369140625
28_20220828 13,1236.787353515625
28_20220828 14,1236.2841796875
28_20220828 15,1374.2271728515625
28_20220828 16,1312.586669921875
28_20220828 17,1370.442626953125
28_20220828 18,1294.262451171875
28_20220828 19,1367.936279296875
28_20220828 20,1328.980224609375
28_20220828 21,1372.799072265625
28_20220828 22,1296.386474609375
28_20220828 23,1272.5697021484375
28_20220829 00,1245.0552978515625
28_20220829 01,1198.197998046875
28_20220829 02,1140.3099365234375
28_20220829 03,1135.2484130859375
28_20220829 04,1118.845458984375
28_20220829 05,1083.794921875
28_20220829 06,1082.2674560546875
28_20220829 07,1170.859619140625
28_20220829 08,1597.7650146484375
28_20220829 09,2298.281982421875
28_20220829 10,2414.767333984375
28_20220829 11,2672.331298828125
28_20220829 12,2409.031005859375
28_20220829 13,2758.41552734375
28_20220829 14,2607.748779296875
28_20220829 15,2646.89306640625
28_20220829 16,2327.24462890625
28_20220829 17,2095.8681640625
28_20220829 18,1684.443115234375
28_20220829 19,1639.896728515625
28_20220829 20,1527.5582275390625
28_20220829 21,1487.690185546875
28_20220829 22,1384.0213623046875
28_20220829 23,1344.2135009765625
28_20220830 00,1223.5467529296875
28_20220830 01,1180.88427734375
28_20220830 02,1117.5467529296875
28_20220830 03,1105.80078125
28_20220830 04,1092.529541015625
28_20220830 05,1074.8330078125
28_20220830 06,1068.0709228515625
28_20220830 07,1141.773681640625
28_20220830 08,1577.6983642578125
28_20220830 09,2330.451904296875
28_20220830 10,2343.123046875
28_20220830 11,2524.69091796875
28_20220830 12,2293.555419921875
28_20220830 13,2566.33349609375
28_20220830 14,2424.443115234375
28_20220830 15,2443.89599609375
28_20220830 16,2151.20556640625
28_20220830 17,1956.2275390625
28_20220830 18,1558.410888671875
28_20220830 19,1530.3370361328125
28_20220830 20,1445.047607421875
28_20220830 21,1436.9664306640625
28_20220830 22,1330.4698486328125
28_20220830 23,1304.005859375
28_20220831 00,1193.5936279296875
28_20220831 01,1154.0848388671875
28_20220831 02,1099.593017578125
28_20220831 03,1090.69580078125
28_20220831 04,1069.42041015625
28_20220831 05,1050.625732421875
28_20220831 06,1028.1580810546875
28_20220831 07,1126.6214599609375
28_20220831 08,1547.4947509765625
28_20220831 09,2181.98388671875
28_20220831 10,2193.399169921875
28_20220831 11,2352.36962890625
28_20220831 12,2162.780517578125
28_20220831 13,2400.598388671875
28_20220831 14,2264.649658203125
28_20220831 15,2328.29052734375
28_20220831 16,2073.2626953125
28_20220831 17,1896.8697509765625
28_20220831 18,1496.883056640625
28_20220831 19,1473.16455078125
28_20220831 20,1371.8336181640625
28_20220831 21,1364.867919921875
28_20220831 22,1261.3956298828125
28_20220831 23,1239.510498046875
29_20220825 00,1177.5123291015625
29_20220825 01,1144.7720947265625
29_20220825 02,1118.3519287109375
29_20220825 03,1110.867431640625
29_20220825 04,1110.853271484375
29_20220825 05,1095.393310546875
29_20220825 06,1122.1103515625
29_20220825 07,1164.1278076171875
29_20220825 08,1306.3209228515625
29_20220825 09,1790.41796875
29_20220825 10,1894.720703125
29_20220825 11,1929.8753662109375
29_20220825 12,1844.4476318359375
29_20220825 13,1917.3408203125
29_20220825 14,1958.709716796875
29_20220825 15,1966.4830322265625
29_20220825 16,1960.9271240234375
29_20220825 17,1809.345458984375
29_20220825 18,1502.000732421875
29_20220825 19,1436.6666259765625
29_20220825 20,1397.954345703125
29_20220825 21,1358.065673828125
29_20220825 22,1296.990966796875
29_20220825 23,1229.1385498046875
29_20220826 00,1167.12890625
29_20220826 01,1124.143310546875
29_20220826 02,1108.6988525390625
29_20220826 03,1084.0574951171875
29_20220826 04,1094.563232421875
29_20220826 05,1067.2225341796875
29_20220826 06,1096.6536865234375
29_20220826 07,1131.889404296875
29_20220826 08,1280.642333984375
29_20220826 09,1703.263671875
29_20220826 10,1761.2279052734375
29_20220826 11,1777.546875
29_20220826 12,1714.429931640625
29_20220826 13,1804.349609375
29_20220826 14,1843.0654296875
29_20220826 15,1865.100341796875
29_20220826 16,1869.289794921875
29_20220826 17,1738.7681884765625
29_20220826 18,1473.900146484375
29_20220826 19,1383.496826171875
29_20220826 20,1359.283935546875
29_20220826 21,1320.651123046875
29_20220826 22,1280.07568359375
29_20220826 23,1204.20458984375
29_20220827 00,1102.100341796875
29_20220827 01,1088.4979248046875
29_20220827 02,1072.258056640625
29_20220827 03,1071.770263671875
29_20220827 04,1042.836181640625
29_20220827 05,1041.720458984375
29_20220827 06,1051.502685546875
29_20220827 07,1046.790283203125
29_20220827 08,1026.0091552734375
29_20220827 09,1049.9053955078125
29_20220827 10,1029.17724609375
29_20220827 11,1044.3681640625
29_20220827 12,1017.8343505859375
29_20220827 13,1040.343505859375
29_20220827 14,1065.5286865234375
29_20220827 15,1109.1895751953125
29_20220827 16,1171.0186767578125
29_20220827 17,1221.3336181640625
29_20220827 18,1219.7794189453125
29_20220827 19,1196.376708984375
29_20220827 20,1209.793701171875
29_20220827 21,1193.2686767578125
29_20220827 22,1193.8648681640625
29_20220827 23,1145.242431640625
29_20220828 00,1104.1204833984375
29_20220828 01,1080.380615234375
29_20220828 02,1051.693603515625
29_20220828 03,1056.866943359375
29_20220828 04,1044.253173828125
29_20220828 05,1031.1026611328125
29_20220828 06,1045.38671875
29_20220828 07,1027.658935546875
29_20220828 08,994.6962890625
29_20220828 09,989.9287109375
29_20220828 10,980.1490478515625
29_20220828 11,1014.48193359375
29_20220828 12,1012.8883056640625
29_20220828 13,1031.345947265625
29_20220828 14,1048.50048828125
29_20220828 15,1112.55712890625
29_20220828 16,1192.07470703125
29_20220828 17,1237.524169921875
29_20220828 18,1240.50048828125
29_20220828 19,1212.615478515625
29_20220828 20,1228.3035888671875
29_20220828 21,1202.8885498046875
29_20220828 22,1198.562255859375
29_20220828 23,1136.4068603515625
29_20220829 00,1139.7841796875
29_20220829 01,1115.150390625
29_20220829 02,1094.0272216796875
29_20220829 03,1078.443115234375
29_20220829 04,1065.1224365234375
29_20220829 05,1064.8262939453125
29_20220829 06,1094.523193359375
29_20220829 07,1149.605712890625
29_20220829 08,1308.0667724609375
29_20220829 09,1758.4691162109375
29_20220829 10,1870.037353515625
29_20220829 11,1882.2601318359375
29_20220829 12,1801.645263671875
29_20220829 13,1899.122314453125
29_20220829 14,1949.138427734375
29_20220829 15,1958.7919921875
29_20220829 16,1929.440673828125
29_20220829 17,1786.1331787109375
29_20220829 18,1483.774169921875
29_20220829 19,1404.5057373046875
29_20220829 20,1377.2486572265625
29_20220829 21,1335.369384765625
29_20220829 22,1288.1162109375
29_20220829 23,1217.995849609375
29_20220830 00,1146.609375
29_20220830 01,1109.989013671875
29_20220830 02,1099.9306640625
29_20220830 03,1094.3511962890625
29_20220830 04,1091.282470703125
29_20220830 05,1074.8126220703125
29_20220830 06,1109.182861328125
29_20220830 07,1153.1153564453125
29_20220830 08,1316.3079833984375
29_20220830 09,1759.7373046875
29_20220830 10,1862.392578125
29_20220830 11,1873.087158203125
29_20220830 12,1811.1832275390625
29_20220830 13,1895.169921875
29_20220830 14,1923.6982421875
29_20220830 15,1955.549560546875
29_20220830 16,1936.1138916015625
29_20220830 17,1810.016357421875
29_20220830 18,1509.751708984375
29_20220830 19,1437.402099609375
29_20220830 20,1404.967529296875
29_20220830 21,1342.44580078125
29_20220830 22,1293.650634765625
29_20220830 23,1209.1708984375
29_20220831 00,1139.9725341796875
29_20220831 01,1110.344970703125
29_20220831 02,1101.248046875
29_20220831 03,1095.086669921875
29_20220831 04,1090.3931884765625
29_20220831 05,1072.7548828125
29_20220831 06,1099.6676025390625
29_20220831 07,1138.32763671875
29_20220831 08,1302.443603515625
29_20220831 09,1768.111328125
29_20220831 10,1849.5367431640625
29_20220831 11,1851.290283203125
29_20220831 12,1794.6328125
29_20220831 13,1860.316650390625
29_20220831 14,1905.5933837890625
29_20220831 15,1927.9586181640625
29_20220831 16,1917.277587890625
29_20220831 17,1789.0816650390625
29_20220831 18,1477.1304931640625
29_20220831 19,1398.3956298828125
29_20220831 20,1361.370849609375
29_20220831 21,1318.646240234375
29_20220831 22,1269.4205322265625
29_20220831 23,1189.288330078125
30_20220825 00,763.8413696289062
30_20220825 01,764.6373901367188
30_20220825 02,746.2183837890625
30_20220825 03,746.037109375
30_20220825 04,735.6217041015625
30_20220825 05,718.3325805664062
30_20220825 06,699.3636474609375
30_20220825 07,666.7650756835938
30_20220825 08,788.884765625
30_20220825 09,1045.0269775390625
30_20220825 10,1083.78173828125
30_20220825 11,1014.3570556640625
30_20220825 12,972.1297607421875
30_20220825 13,1137.8128662109375
30_20220825 14,1162.444091796875
30_20220825 15,1147.0252685546875
30_20220825 16,1182.1551513671875
30_20220825 17,1108.694091796875
30_20220825 18,917.1746215820312
30_20220825 19,918.0787963867188
30_20220825 20,919.5992431640625
30_20220825 21,892.8977661132812
30_20220825 22,859.6890869140625
30_20220825 23,806.4019775390625
30_20220826 00,757.1439208984375
30_20220826 01,759.3751220703125
30_20220826 02,735.0933837890625
30_20220826 03,735.4263305664062
30_20220826 04,723.6425170898438
30_20220826 05,708.5426635742188
30_20220826 06,683.4654541015625
30_20220826 07,640.7696533203125
30_20220826 08,748.43603515625
30_20220826 09,984.34716796875
30_20220826 10,1003.5955200195312
30_20220826 11,949.8562622070312
30_20220826 12,875.9841918945312
30_20220826 13,1014.8187255859375
30_20220826 14,1028.8499755859375
30_20220826 15,1047.2886962890625
30_20220826 16,1122.612548828125
30_20220826 17,1050.967041015625
30_20220826 18,895.9637451171875
30_20220826 19,902.2764892578125
30_20220826 20,902.0538330078125
30_20220826 21,865.6087036132812
30_20220826 22,836.6468505859375
30_20220826 23,779.7628784179688
30_20220827 00,728.5851440429688
30_20220827 01,717.5173950195312
30_20220827 02,718.1626586914062
30_20220827 03,708.9725952148438
30_20220827 04,706.30224609375
30_20220827 05,682.9608154296875
30_20220827 06,646.4239501953125
30_20220827 07,586.7855224609375
30_20220827 08,492.76507568359375
30_20220827 09,388.10015869140625
30_20220827 10,389.7547912597656
30_20220827 11,355.3294677734375
30_20220827 12,356.59918212890625
30_20220827 13,383.8223571777344
30_20220827 14,412.6474609375
30_20220827 15,495.6084899902344
30_20220827 16,578.03076171875
30_20220827 17,672.9414672851562
30_20220827 18,734.7657470703125
30_20220827 19,766.6409912109375
30_20220827 20,813.02490234375
30_20220827 21,804.32666015625
30_20220827 22,803.3323364257812
30_20220827 23,777.1664428710938
30_20220828 00,728.341796875
30_20220828 01,712.3400268554688
30_20220828 02,703.1641235351562
30_20220828 03,696.025634765625
30_20220828 04,688.2635498046875
30_20220828 05,660.392578125
30_20220828 06,616.8453369140625
30_20220828 07,550.9251708984375
30_20220828 08,474.47979736328125
30_20220828 09,411.67510986328125
30_20220828 10,326.4934387207031
30_20220828 11,291.1926574707031
30_20220828 12,322.76654052734375
30_20220828 13,326.9731140136719
30_20220828 14,397.3531494140625
30_20220828 15,481.9366760253906
30_20220828 16,563.099853515625
30_20220828 17,648.287353515625
30_20220828 18,729.7003173828125
30_20220828 19,776.3995361328125
30_20220828 20,809.4948120117188
30_20220828 21,797.1661376953125
30_20220828 22,786.8316040039062
30_20220828 23,752.379150390625
30_20220829 00,783.7142333984375
30_20220829 01,772.2647705078125
30_20220829 02,758.3729248046875
30_20220829 03,772.134765625
30_20220829 04,754.8006591796875
30_20220829 05,729.6925048828125
30_20220829 06,708.9632568359375
30_20220829 07,688.3576049804688
30_20220829 08,815.1265258789062
30_20220829 09,1087.821533203125
30_20220829 10,1105.401611328125
30_20220829 11,1055.41796875
30_20220829 12,996.6861572265625
30_20220829 13,1161.435791015625
30_20220829 14,1186.5106201171875
30_20220829 15,1177.83984375
30_20220829 16,1197.185791015625
30_20220829 17,1108.14892578125
30_20220829 18,944.38671875
30_20220829 19,937.9249267578125
30_20220829 20,951.9348754882812
30_20220829 21,933.2931518554688
30_20220829 22,893.3956909179688
30_20220829 23,834.8596801757812
30_20220830 00,782.5607299804688
30_20220830 01,774.6632080078125
30_20220830 02,760.4107055664062
30_20220830 03,760.3316650390625
30_20220830 04,744.8477783203125
30_20220830 05,729.0900268554688
30_20220830 06,709.5926513671875
30_20220830 07,680.5555419921875
30_20220830 08,805.3448486328125
30_20220830 09,1080.818115234375
30_20220830 10,1114.8701171875
30_20220830 11,1042.5806884765625
30_20220830 12,997.197265625
30_20220830 13,1163.702880859375
30_20220830 14,1178.356689453125
30_20220830 15,1177.2835693359375
30_20220830 16,1200.9239501953125
30_20220830 17,1137.198974609375
30_20220830 18,943.1693115234375
30_20220830 19,944.4680786132812
30_20220830 20,943.2030029296875
30_20220830 21,924.5692138671875
30_20220830 22,887.5548095703125
30_20220830 23,833.1734619140625
30_20220831 00,769.7858276367188
30_20220831 01,764.0225219726562
30_20220831 02,750.595703125
30_20220831 03,748.8426513671875
30_20220831 04,737.4461059570312
30_20220831 05,718.77783203125
30_20220831 06,693.9814453125
30_20220831 07,672.9937133789062
30_20220831 08,796.1265869140625
30_20220831 09,1066.693115234375
30_20220831 10,1079.515869140625
30_20220831 11,1001.3751220703125
30_20220831 12,961.2523193359375
30_20220831 13,1086.1256103515625
30_20220831 14,1140.138671875
30_20220831 15,1123.804931640625
30_20220831 16,1163.5028076171875
30_20220831 17,1076.0782470703125
30_20220831 18,914.6712646484375
30_20220831 19,911.7449951171875
30_20220831 20,923.564453125
30_20220831 21,901.2135620117188
30_20220831 22,856.3908081054688
30_20220831 23,802.7896118164062
31_20220825 00,1015.1953125
31_20220825 01,999.2144775390625
31_20220825 02,996.0693359375
31_20220825 03,970.0919799804688
31_20220825 04,926.3961181640625
31_20220825 05,929.9861450195312
31_20220825 06,980.2130737304688
31_20220825 07,1040.7862548828125
31_20220825 08,1261.4888916015625
31_20220825 09,1680.81640625
31_20220825 10,1766.173828125
31_20220825 11,1764.004150390625
31_20220825 12,1789.305419921875
31_20220825 13,1859.7994384765625
31_20220825 14,1860.188232421875
31_20220825 15,1882.342041015625
31_20220825 16,1841.003173828125
31_20220825 17,1694.8707275390625
31_20220825 18,1434.8812255859375
31_20220825 19,1370.7864990234375
31_20220825 20,1451.853271484375
31_20220825 21,1246.244873046875
31_20220825 22,1126.2728271484375
31_20220825 23,1124.257568359375
31_20220826 00,1018.8435668945312
31_20220826 01,995.4347534179688
31_20220826 02,997.71875
31_20220826 03,968.9231567382812
31_20220826 04,928.0794677734375
31_20220826 05,927.1533203125
31_20220826 06,974.71875
31_20220826 07,1026.74609375
31_20220826 08,1218.4053955078125
31_20220826 09,1644.9974365234375
31_20220826 10,1707.419921875
31_20220826 11,1702.658935546875
31_20220826 12,1734.41015625
31_20220826 13,1825.321533203125
31_20220826 14,1835.2017822265625
31_20220826 15,1848.8939208984375
31_20220826 16,1846.3232421875
31_20220826 17,1680.897705078125
31_20220826 18,1402.592041015625
31_20220826 19,1345.4610595703125
31_20220826 20,1404.5411376953125
31_20220826 21,1202.776611328125
31_20220826 22,1098.725341796875
31_20220826 23,1083.88427734375
31_20220827 00,984.3118286132812
31_20220827 01,970.7609252929688
31_20220827 02,968.7433471679688
31_20220827 03,952.0445556640625
31_20220827 04,892.5450439453125
31_20220827 05,879.9889526367188
31_20220827 06,888.0099487304688
31_20220827 07,896.1046752929688
31_20220827 08,910.2705078125
31_20220827 09,932.2371826171875
31_20220827 10,967.2181396484375
31_20220827 11,963.7449340820312
31_20220827 12,1068.155517578125
31_20220827 13,1057.3636474609375
31_20220827 14,1073.7581787109375
31_20220827 15,1123.8861083984375
31_20220827 16,1143.265625
31_20220827 17,1126.76953125
31_20220827 18,1097.295166015625
31_20220827 19,1104.9698486328125
31_20220827 20,1204.0152587890625
31_20220827 21,1095.311767578125
31_20220827 22,1073.51220703125
31_20220827 23,1059.931884765625
31_20220828 00,965.9542236328125
31_20220828 01,952.01611328125
31_20220828 02,951.8737182617188
31_20220828 03,938.4381713867188
31_20220828 04,876.8988037109375
31_20220828 05,864.8201904296875
31_20220828 06,861.7698974609375
31_20220828 07,854.6275634765625
31_20220828 08,848.1790771484375
31_20220828 09,810.3936767578125
31_20220828 10,840.4290771484375
31_20220828 11,872.3488159179688
31_20220828 12,971.5052490234375
31_20220828 13,964.0220947265625
31_20220828 14,991.9871826171875
31_20220828 15,1053.1142578125
31_20220828 16,1077.451904296875
31_20220828 17,1086.376708984375
31_20220828 18,1100.767333984375
31_20220828 19,1106.988037109375
31_20220828 20,1219.5650634765625
31_20220828 21,1096.0013427734375
31_20220828 22,1073.7896728515625
31_20220828 23,1085.422119140625
31_20220829 00,1025.3094482421875
31_20220829 01,1013.046875
31_20220829 02,1013.2978515625
31_20220829 03,985.4490966796875
31_20220829 04,943.1905517578125
31_20220829 05,942.9793701171875
31_20220829 06,980.1008911132812
31_20220829 07,1052.2681884765625
31_20220829 08,1245.52880859375
31_20220829 09,1692.625
31_20220829 10,1749.6187744140625
31_20220829 11,1731.166259765625
31_20220829 12,1736.757080078125
31_20220829 13,1820.9906005859375
31_20220829 14,1817.885009765625
31_20220829 15,1815.041748046875
31_20220829 16,1769.8544921875
31_20220829 17,1638.21728515625
31_20220829 18,1383.773193359375
31_20220829 19,1345.8701171875
31_20220829 20,1423.8443603515625
31_20220829 21,1244.7554931640625
31_20220829 22,1132.6591796875
31_20220829 23,1128.965576171875
31_20220830 00,1010.7478637695312
31_20220830 01,991.3514404296875
31_20220830 02,994.7796630859375
31_20220830 03,969.5997924804688
31_20220830 04,927.8983154296875
31_20220830 05,927.77099609375
31_20220830 06,983.06005859375
31_20220830 07,1059.134033203125
31_20220830 08,1253.2607421875
31_20220830 09,1658.25
31_20220830 10,1744.5797119140625
31_20220830 11,1729.669677734375
31_20220830 12,1732.6474609375
31_20220830 13,1829.639892578125
31_20220830 14,1806.0791015625
31_20220830 15,1810.575439453125
31_20220830 16,1742.426025390625
31_20220830 17,1618.9986572265625
31_20220830 18,1385.347900390625
31_20220830 19,1330.1634521484375
31_20220830 20,1404.043701171875
31_20220830 21,1228.97021484375
31_20220830 22,1116.499755859375
31_20220830 23,1106.310791015625
31_20220831 00,1005.3923950195312
31_20220831 01,988.8836669921875
31_20220831 02,992.8240356445312
31_20220831 03,969.38037109375
31_20220831 04,925.0697021484375
31_20220831 05,929.7073974609375
31_20220831 06,978.8681640625
31_20220831 07,1033.5504150390625
31_20220831 08,1232.55029296875
31_20220831 09,1653.396728515625
31_20220831 10,1711.0882568359375
31_20220831 11,1687.836181640625
31_20220831 12,1692.2232666015625
31_20220831 13,1787.601318359375
31_20220831 14,1755.363525390625
31_20220831 15,1770.2158203125
31_20220831 16,1730.4453125
31_20220831 17,1610.63037109375
31_20220831 18,1331.3189697265625
31_20220831 19,1304.3916015625
31_20220831 20,1382.3709716796875
31_20220831 21,1213.9210205078125
31_20220831 22,1097.2928466796875
31_20220831 23,1085.1051025390625
32_20220825 00,9488.724609375
32_20220825 01,9478.8134765625
32_20220825 02,9484.9375
32_20220825 03,9392.19921875
32_20220825 04,9342.521484375
32_20220825 05,9348.052734375
32_20220825 06,9368.45703125
32_20220825 07,9373.1640625
32_20220825 08,9441.564453125
32_20220825 09,9499.267578125
32_20220825 10,9527.7451171875
32_20220825 11,9584.365234375
32_20220825 12,9589.14453125
32_20220825 13,9576.111328125
32_20220825 14,9607.3349609375
32_20220825 15,9465.5517578125
32_20220825 16,9494.8720703125
32_20220825 17,9517.548828125
32_20220825 18,9499.1630859375
32_20220825 19,9484.2265625
32_20220825 20,9469.208984375
32_20220825 21,9474.6591796875
32_20220825 22,9470.1669921875
32_20220825 23,9468.375
32_20220826 00,9469.2294921875
32_20220826 01,9475.068359375
32_20220826 02,9479.8037109375
32_20220826 03,9398.875
32_20220826 04,9405.7470703125
32_20220826 05,9369.3173828125
32_20220826 06,9392.326171875
32_20220826 07,9395.4794921875
32_20220826 08,9466.6025390625
32_20220826 09,9547.1689453125
32_20220826 10,9594.916015625
32_20220826 11,9651.841796875
32_20220826 12,9652.7216796875
32_20220826 13,9633.2265625
32_20220826 14,9641.7890625
32_20220826 15,9706.8115234375
32_20220826 16,9699.974609375
32_20220826 17,9653.216796875
32_20220826 18,9635.619140625
32_20220826 19,9588.3935546875
32_20220826 20,9619.7099609375
32_20220826 21,9625.466796875
32_20220826 22,9618.9951171875
32_20220826 23,9609.2373046875
32_20220827 00,9495.3173828125
32_20220827 01,9485.10546875
32_20220827 02,9442.9921875
32_20220827 03,9471.3798828125
32_20220827 04,9313.8671875
32_20220827 05,9309.373046875
32_20220827 06,9260.8798828125
32_20220827 07,9271.568359375
32_20220827 08,9234.6435546875
32_20220827 09,9236.7509765625
32_20220827 10,9304.0478515625
32_20220827 11,9280.6845703125
32_20220827 12,9353.7841796875
32_20220827 13,9369.544921875
32_20220827 14,9402.271484375
32_20220827 15,9431.466796875
32_20220827 16,9423.1337890625
32_20220827 17,9397.9853515625
32_20220827 18,9397.3125
32_20220827 19,9358.134765625
32_20220827 20,9335.07421875
32_20220827 21,9338.787109375
32_20220827 22,9356.333984375
32_20220827 23,9292.0869140625
32_20220828 00,9180.0859375
32_20220828 01,9164.7841796875
32_20220828 02,9135.982421875
32_20220828 03,9168.052734375
32_20220828 04,9084.216796875
32_20220828 05,9080.783203125
32_20220828 06,9084.4404296875
32_20220828 07,9106.685546875
32_20220828 08,9099.1845703125
32_20220828 09,9113.0244140625
32_20220828 10,9218.591796875
32_20220828 11,9256.9658203125
32_20220828 12,9275.7412109375
32_20220828 13,9271.291015625
32_20220828 14,9346.14453125
32_20220828 15,9376.8798828125
32_20220828 16,9343.2138671875
32_20220828 17,9358.2998046875
32_20220828 18,9396.3701171875
32_20220828 19,9335.3466796875
32_20220828 20,9312.6669921875
32_20220828 21,9305.9423828125
32_20220828 22,9273.162109375
32_20220828 23,9256.337890625
32_20220829 00,9378.3251953125
32_20220829 01,9379.146484375
32_20220829 02,9387.64453125
32_20220829 03,9248.3212890625
32_20220829 04,9233.35546875
32_20220829 05,9230.478515625
32_20220829 06,9279.3544921875
32_20220829 07,9282.892578125
32_20220829 08,9307.7255859375
32_20220829 09,9436.8603515625
32_20220829 10,9426.017578125
32_20220829 11,9448.0126953125
32_20220829 12,9435.5380859375
32_20220829 13,9475.373046875
32_20220829 14,9424.77734375
32_20220829 15,9433.1611328125
32_20220829 16,9431.6796875
32_20220829 17,9403.517578125
32_20220829 18,9376.185546875
32_20220829 19,9383.380859375
32_20220829 20,9380.548828125
32_20220829 21,9386.5283203125
32_20220829 22,9376.3330078125
32_20220829 23,9376.5263671875
32_20220830 00,9298.8310546875
32_20220830 01,9308.205078125
32_20220830 02,9322.103515625
32_20220830 03,9289.908203125
32_20220830 04,9296.6181640625
32_20220830 05,9297.236328125
32_20220830 06,9297.21875
32_20220830 07,9297.72265625
32_20220830 08,9310.533203125
32_20220830 09,9422.4638671875
32_20220830 10,9425.685546875
32_20220830 11,9436.578125
32_20220830 12,9428.9052734375
32_20220830 13,9440.298828125
32_20220830 14,9428.734375
32_20220830 15,9445.529296875
32_20220830 16,9463.513671875
32_20220830 17,9460.974609375
32_20220830 18,9433.9443359375
32_20220830 19,9439.34765625
32_20220830 20,9439.7890625
32_20220830 21,9448.01953125
32_20220830 22,9431.689453125
32_20220830 23,9404.7841796875
32_20220831 00,9393.091796875
32_20220831 01,9397.92578125
32_20220831 02,9397.0732421875
32_20220831 03,9305.798828125
32_20220831 04,9295.880859375
32_20220831 05,9301.5654296875
32_20220831 06,9306.587890625
32_20220831 07,9307.1669921875
32_20220831 08,9317.2783203125
32_20220831 09,9409.9794921875
32_20220831 10,9378.0625
32_20220831 11,9382.419921875
32_20220831 12,9395.513671875
32_20220831 13,9401.9697265625
32_20220831 14,9453.01953125
32_20220831 15,9454.2841796875
32_20220831 16,9480.025390625
32_20220831 17,9485.470703125
32_20220831 18,9400.5087890625
32_20220831 19,9380.49609375
32_20220831 20,9375.4453125
32_20220831 21,9360.455078125
32_20220831 22,9346.7197265625
32_20220831 23,9377.189453125
33_20220825 00,8522.1142578125
33_20220825 01,8468.5029296875
33_20220825 02,8468.236328125
33_20220825 03,8438.90625
33_20220825 04,8431.8837890625
33_20220825 05,8435.1611328125
33_20220825 06,8438.634765625
33_20220825 07,8441.0673828125
33_20220825 08,8522.123046875
33_20220825 09,8519.3798828125
33_20220825 10,8563.2314453125
33_20220825 11,8560.166015625
33_20220825 12,8557.5439453125
33_20220825 13,8556.875
33_20220825 14,8585.5625
33_20220825 15,8510.09375
33_20220825 16,8520.841796875
33_20220825 17,8528.45703125
33_20220825 18,8521.88671875
33_20220825 19,8499.126953125
33_20220825 20,8494.6845703125
33_20220825 21,8502.666015625
33_20220825 22,8484.130859375
33_20220825 23,8490.119140625
33_20220826 00,8475.169921875
33_20220826 01,8438.189453125
33_20220826 02,8438.634765625
33_20220826 03,8409.390625
33_20220826 04,8414.083984375
33_20220826 05,8405.57421875
33_20220826 06,8409.67578125
33_20220826 07,8438.17578125
33_20220826 08,8485.087890625
33_20220826 09,8509.1767578125
33_20220826 10,8545.4658203125
33_20220826 11,8579.1611328125
33_20220826 12,8575.6728515625
33_20220826 13,8591.7412109375
33_20220826 14,8586.5888671875
33_20220826 15,8590.919921875
33_20220826 16,8588.314453125
33_20220826 17,8549.580078125
33_20220826 18,8566.333984375
33_20220826 19,8511.5966796875
33_20220826 20,8514.705078125
33_20220826 21,8519.1904296875
33_20220826 22,8522.578125
33_20220826 23,8506.283203125
33_20220827 00,8506.806640625
33_20220827 01,8504.0859375
33_20220827 02,8446.9345703125
33_20220827 03,8421.3017578125
33_20220827 04,8401.291015625
33_20220827 05,8392.361328125
33_20220827 06,8397.8115234375
33_20220827 07,8402.5
33_20220827 08,8399.794921875
33_20220827 09,8408.28125
33_20220827 10,8435.107421875
33_20220827 11,8415.349609375
33_20220827 12,8434.880859375
33_20220827 13,8430.716796875
33_20220827 14,8467.9638671875
33_20220827 15,8475.5556640625
33_20220827 16,8478.5244140625
33_20220827 17,8474.77734375
33_20220827 18,8473.7734375
33_20220827 19,8428.384765625
33_20220827 20,8427.4716796875
33_20220827 21,8438.7783203125
33_20220827 22,8445.921875
33_20220827 23,8438.818359375
33_20220828 00,8416.9541015625
33_20220828 01,8395.9453125
33_20220828 02,8371.9609375
33_20220828 03,8331.2158203125
33_20220828 04,8330.2265625
33_20220828 05,8339.099609375
33_20220828 06,8340.162109375
33_20220828 07,8360.3193359375
33_20220828 08,8371.4189453125
33_20220828 09,8397.7060546875
33_20220828 10,8423.3828125
33_20220828 11,8440.353515625
33_20220828 12,8439.9130859375
33_20220828 13,8460.8388671875
33_20220828 14,8453.6806640625
33_20220828 15,8472.4755859375
33_20220828 16,8433.4794921875
33_20220828 17,8438.041015625
33_20220828 18,8473.1689453125
33_20220828 19,8454.12890625
33_20220828 20,8451.47265625
33_20220828 21,8444.7900390625
33_20220828 22,8446.654296875
33_20220828 23,8445.82421875
33_20220829 00,8453.0380859375
33_20220829 01,8391.6591796875
33_20220829 02,8394.96875
33_20220829 03,8397.1826171875
33_20220829 04,8389.701171875
33_20220829 05,8390.705078125
33_20220829 06,8401.384765625
33_20220829 07,8401.43359375
33_20220829 08,8477.9013671875
33_20220829 09,8480.1142578125
33_20220829 10,8515.53515625
33_20220829 11,8512.896484375
33_20220829 12,8511.9521484375
33_20220829 13,8513.142578125
33_20220829 14,8498.4033203125
33_20220829 15,8507.0390625
33_20220829 16,8492.8466796875
33_20220829 17,8485.169921875
33_20220829 18,8462.994140625
33_20220829 19,8448.8408203125
33_20220829 20,8452.765625
33_20220829 21,8459.3486328125
33_20220829 22,8461.642578125
33_20220829 23,8463.0107421875
33_20220830 00,8420.908203125
33_20220830 01,8381.5146484375
33_20220830 02,8385.0205078125
33_20220830 03,8403.451171875
33_20220830 04,8395.4736328125
33_20220830 05,8392.611328125
33_20220830 06,8391.294921875
33_20220830 07,8389.6728515625
33_20220830 08,8455.3251953125
33_20220830 09,8483.568359375
33_20220830 10,8508.8291015625
33_20220830 11,8507.3759765625
33_20220830 12,8509.951171875
33_20220830 13,8518.337890625
33_20220830 14,8516.4521484375
33_20220830 15,8519.1806640625
33_20220830 16,8513.759765625
33_20220830 17,8507.0419921875
33_20220830 18,8498.54296875
33_20220830 19,8486.703125
33_20220830 20,8464.060546875
33_20220830 21,8473.9482421875
33_20220830 22,8477.259765625
33_20220830 23,8446.939453125
33_20220831 00,8426.96484375
33_20220831 01,8389.771484375
33_20220831 02,8392.142578125
33_20220831 03,8391.1953125
33_20220831 04,8388.958984375
33_20220831 05,8415.9853515625
33_20220831 06,8395.396484375
33_20220831 07,8395.361328125
33_20220831 08,8432.8720703125
33_20220831 09,8433.662109375
33_20220831 10,8454.3115234375
33_20220831 11,8492.2109375
33_20220831 12,8494.466796875
33_20220831 13,8494.751953125
33_20220831 14,8499.0283203125
33_20220831 15,8497.224609375
33_20220831 16,8487.205078125
33_20220831 17,8493.228515625
33_20220831 18,8464.0146484375
33_20220831 19,8434.095703125
33_20220831 20,8424.548828125
33_20220831 21,8421.7138671875
33_20220831 22,8420.0947265625
33_20220831 23,8423.400390625
34_20220825 00,3167.524658203125
34_20220825 01,3151.610595703125
34_20220825 02,3157.63818359375
34_20220825 03,3138.3203125
34_20220825 04,3131.5732421875
34_20220825 05,3134.52978515625
34_20220825 06,3142.610107421875
34_20220825 07,3145.677001953125
34_20220825 08,3180.0498046875
34_20220825 09,3188.16796875
34_20220825 10,3212.09619140625
34_20220825 11,3211.539306640625
34_20220825 12,3210.88525390625
34_20220825 13,3204.99560546875
34_20220825 14,3213.958984375
34_20220825 15,3177.499267578125
34_20220825 16,3180.58203125
34_20220825 17,3193.254638671875
34_20220825 18,3169.53564453125
34_20220825 19,3165.90380859375
34_20220825 20,3150.828369140625
34_20220825 21,3155.96044921875
34_20220825 22,3160.58544921875
34_20220825 23,3141.265625
34_20220826 00,3144.43017578125
34_20220826 01,3134.24951171875
34_20220826 02,3118.228515625
34_20220826 03,3122.69287109375
34_20220826 04,3122.03271484375
34_20220826 05,3123.68310546875
34_20220826 06,3130.47705078125
34_20220826 07,3154.45166015625
34_20220826 08,3183.68701171875
34_20220826 09,3214.464111328125
34_20220826 10,3224.034423828125
34_20220826 11,3231.50634765625
34_20220826 12,3232.338134765625
34_20220826 13,3240.942138671875
34_20220826 14,3236.3271484375
34_20220826 15,3285.819580078125
34_20220826 16,3276.491455078125
34_20220826 17,3264.19091796875
34_20220826 18,3256.86962890625
34_20220826 19,3216.189208984375
34_20220826 20,3209.36083984375
34_20220826 21,3214.84765625
34_20220826 22,3215.093017578125
34_20220826 23,3210.980712890625
34_20220827 00,3142.388427734375
34_20220827 01,3121.900390625
34_20220827 02,3108.705078125
34_20220827 03,3086.091064453125
34_20220827 04,3080.406982421875
34_20220827 05,3087.59130859375
34_20220827 06,3107.79833984375
34_20220827 07,3106.141845703125
34_20220827 08,3129.42333984375
34_20220827 09,3116.08544921875
34_20220827 10,3128.708251953125
34_20220827 11,3131.594970703125
34_20220827 12,3143.89794921875
34_20220827 13,3143.78466796875
34_20220827 14,3147.307861328125
34_20220827 15,3153.297607421875
34_20220827 16,3169.030517578125
34_20220827 17,3159.38671875
34_20220827 18,3157.416748046875
34_20220827 19,3128.58740234375
34_20220827 20,3126.474853515625
34_20220827 21,3119.520751953125
34_20220827 22,3121.74462890625
34_20220827 23,3122.728759765625
34_20220828 00,3104.60498046875
34_20220828 01,3095.19189453125
34_20220828 02,3085.968505859375
34_20220828 03,3086.4375
34_20220828 04,3080.983154296875
34_20220828 05,3082.55419921875
34_20220828 06,3098.652587890625
34_20220828 07,3122.11083984375
34_20220828 08,3125.55859375
34_20220828 09,3140.69775390625
34_20220828 10,3147.208984375
34_20220828 11,3159.850830078125
34_20220828 12,3167.55859375
34_20220828 13,3162.588134765625
34_20220828 14,3171.30615234375
34_20220828 15,3175.5458984375
34_20220828 16,3195.08642578125
34_20220828 17,3197.697265625
34_20220828 18,3189.3369140625
34_20220828 19,3172.046630859375
34_20220828 20,3172.840087890625
34_20220828 21,3155.27978515625
34_20220828 22,3156.658203125
34_20220828 23,3157.614501953125
34_20220829 00,3107.66015625
34_20220829 01,3100.05517578125
34_20220829 02,3091.380126953125
34_20220829 03,3081.61669921875
34_20220829 04,3075.703125
34_20220829 05,3081.850830078125
34_20220829 06,3130.694580078125
34_20220829 07,3130.11376953125
34_20220829 08,3147.82861328125
34_20220829 09,3165.516845703125
34_20220829 10,3168.92041015625
34_20220829 11,3167.86474609375
34_20220829 12,3169.14111328125
34_20220829 13,3170.82275390625
34_20220829 14,3162.07666015625
34_20220829 15,3206.38037109375
34_20220829 16,3199.588134765625
34_20220829 17,3184.221923828125
34_20220829 18,3136.75390625
34_20220829 19,3131.59326171875
34_20220829 20,3117.31591796875
34_20220829 21,3094.24755859375
34_20220829 22,3137.31689453125
34_20220829 23,3124.80029296875
34_20220830 00,3074.481201171875
34_20220830 01,3077.2158203125
34_20220830 02,3069.212646484375
34_20220830 03,3077.132080078125
34_20220830 04,3071.013671875
34_20220830 05,3077.413330078125
34_20220830 06,3090.169189453125
34_20220830 07,3089.942138671875
34_20220830 08,3114.53955078125
34_20220830 09,3126.2841796875
34_20220830 10,3160.18310546875
34_20220830 11,3155.91162109375
34_20220830 12,3156.709716796875
34_20220830 13,3160.64697265625
34_20220830 14,3155.514404296875
34_20220830 15,3170.204345703125
34_20220830 16,3169.3134765625
34_20220830 17,3163.864990234375
34_20220830 18,3136.38330078125
34_20220830 19,3139.043212890625
34_20220830 20,3122.92138671875
34_20220830 21,3106.28173828125
34_20220830 22,3108.49658203125
34_20220830 23,3095.378662109375
34_20220831 00,3092.80224609375
34_20220831 01,3096.30908203125
34_20220831 02,3089.95263671875
34_20220831 03,3095.22705078125
34_20220831 04,3079.306884765625
34_20220831 05,3088.44970703125
34_20220831 06,3110.376953125
34_20220831 07,3110.578125
34_20220831 08,3126.2333984375
34_20220831 09,3126.374267578125
34_20220831 10,3158.633544921875
34_20220831 11,3157.9384765625
34_20220831 12,3158.62744140625
34_20220831 13,3174.253662109375
34_20220831 14,3174.642578125
34_20220831 15,3184.720947265625
34_20220831 16,3186.269775390625
34_20220831 17,3188.760009765625
34_20220831 18,3144.77685546875
34_20220831 19,3139.673583984375
34_20220831 20,3116.96240234375
34_20220831 21,3113.647216796875
34_20220831 22,3112.844482421875
34_20220831 23,3099.39990234375
35_20220825 00,2077.958251953125
35_20220825 01,2085.216064453125
35_20220825 02,2074.9306640625
35_20220825 03,2076.029541015625
35_20220825 04,2074.33740234375
35_20220825 05,2077.21826171875
35_20220825 06,2080.09130859375
35_20220825 07,2087.700927734375
35_20220825 08,2093.333984375
35_20220825 09,2099.233642578125
35_20220825 10,2103.226318359375
35_20220825 11,2101.46142578125
35_20220825 12,2100.445068359375
35_20220825 13,2109.552734375
35_20220825 14,2123.270263671875
35_20220825 15,2120.85791015625
35_20220825 16,2099.7861328125
35_20220825 17,2094.22412109375
35_20220825 18,2078.245361328125
35_20220825 19,2076.480712890625
35_20220825 20,2061.783935546875
35_20220825 21,2059.4375
35_20220825 22,2058.947265625
35_20220825 23,2068.316162109375
35_20220826 00,2080.806640625
35_20220826 01,2083.74853515625
35_20220826 02,2080.95654296875
35_20220826 03,2081.03125
35_20220826 04,2080.460205078125
35_20220826 05,2080.04736328125
35_20220826 06,2082.026611328125
35_20220826 07,2090.954345703125
35_20220826 08,2102.748779296875
35_20220826 09,2116.553955078125
35_20220826 10,2131.260498046875
35_20220826 11,2137.87841796875
35_20220826 12,2133.69873046875
35_20220826 13,2134.33837890625
35_20220826 14,2132.820068359375
35_20220826 15,2158.334716796875
35_20220826 16,2138.781494140625
35_20220826 17,2125.0
35_20220826 18,2134.150634765625
35_20220826 19,2104.109375
35_20220826 20,2099.788818359375
35_20220826 21,2101.166015625
35_20220826 22,2095.434814453125
35_20220826 23,2096.423095703125
35_20220827 00,2070.2109375
35_20220827 01,2070.08837890625
35_20220827 02,2074.440673828125
35_20220827 03,2068.837646484375
35_20220827 04,2061.371337890625
35_20220827 05,2062.55419921875
35_20220827 06,2069.205810546875
35_20220827 07,2072.6201171875
35_20220827 08,2069.7861328125
35_20220827 09,2076.41650390625
35_20220827 10,2073.24462890625
35_20220827 11,2083.671630859375
35_20220827 12,2084.26025390625
35_20220827 13,2079.412841796875
35_20220827 14,2084.917236328125
35_20220827 15,2097.34619140625
35_20220827 16,2094.32373046875
35_20220827 17,2097.637939453125
35_20220827 18,2095.16748046875
35_20220827 19,2071.68310546875
35_20220827 20,2063.71337890625
35_20220827 21,2063.27294921875
35_20220827 22,2058.60400390625
35_20220827 23,2057.774169921875
35_20220828 00,2054.36962890625
35_20220828 01,2053.65576171875
35_20220828 02,2055.973388671875
35_20220828 03,2056.739990234375
35_20220828 04,2054.685302734375
35_20220828 05,2057.8203125
35_20220828 06,2057.181396484375
35_20220828 07,2068.92138671875
35_20220828 08,2061.03076171875
35_20220828 09,2064.34765625
35_20220828 10,2075.904541015625
35_20220828 11,2077.150634765625
35_20220828 12,2083.142333984375
35_20220828 13,2076.478759765625
35_20220828 14,2086.015625
35_20220828 15,2087.45849609375
35_20220828 16,2097.51806640625
35_20220828 17,2101.10888671875
35_20220828 18,2091.79345703125
35_20220828 19,2072.96240234375
35_20220828 20,2061.773193359375
35_20220828 21,2052.32421875
35_20220828 22,2050.529541015625
35_20220828 23,2053.443603515625
35_20220829 00,2056.9609375
35_20220829 01,2061.27001953125
35_20220829 02,2059.45068359375
35_20220829 03,2063.689697265625
35_20220829 04,2056.281005859375
35_20220829 05,2061.701416015625
35_20220829 06,2063.154541015625
35_20220829 07,2063.806640625
35_20220829 08,2064.52001953125
35_20220829 09,2072.96240234375
35_20220829 10,2075.264404296875
35_20220829 11,2075.95361328125
35_20220829 12,2072.855712890625
35_20220829 13,2078.970458984375
35_20220829 14,2073.241455078125
35_20220829 15,2085.0595703125
35_20220829 16,2075.60693359375
35_20220829 17,2098.091552734375
35_20220829 18,2075.830078125
35_20220829 19,2067.925048828125
35_20220829 20,2052.867919921875
35_20220829 21,2053.81982421875
35_20220829 22,2055.99658203125
35_20220829 23,2057.595703125
35_20220830 00,2052.923583984375
35_20220830 01,2053.673828125
35_20220830 02,2051.885009765625
35_20220830 03,2058.39306640625
35_20220830 04,2034.7972412109375
35_20220830 05,2036.710205078125
35_20220830 06,2041.1226806640625
35_20220830 07,2062.713134765625
35_20220830 08,2065.98486328125
35_20220830 09,2078.42822265625
35_20220830 10,2084.39111328125
35_20220830 11,2088.65478515625
35_20220830 12,2081.73486328125
35_20220830 13,2086.9765625
35_20220830 14,2080.891357421875
35_20220830 15,2098.5205078125
35_20220830 16,2089.78857421875
35_20220830 17,2084.884521484375
35_20220830 18,2078.9111328125
35_20220830 19,2076.821533203125
35_20220830 20,2069.08154296875
35_20220830 21,2065.560791015625
35_20220830 22,2067.76416015625
35_20220830 23,2058.19970703125
35_20220831 00,2050.42333984375
35_20220831 01,2052.9765625
35_20220831 02,2049.42138671875
35_20220831 03,2051.63671875
35_20220831 04,2047.4146728515625
35_20220831 05,2055.05419921875
35_20220831 06,2053.658935546875
35_20220831 07,2058.364013671875
35_20220831 08,2072.17138671875
35_20220831 09,2082.90966796875
35_20220831 10,2087.014892578125
35_20220831 11,2076.75
35_20220831 12,2077.745849609375
35_20220831 13,2073.30078125
35_20220831 14,2069.35302734375
35_20220831 15,2084.326171875
35_20220831 16,2064.807861328125
35_20220831 17,2070.41064453125
35_20220831 18,2073.720703125
35_20220831 19,2059.872314453125
35_20220831 20,2055.96533203125
35_20220831 21,2052.5732421875
35_20220831 22,2054.77490234375
35_20220831 23,2057.66650390625
36_20220825 00,2761.316650390625
36_20220825 01,2762.177734375
36_20220825 02,2755.299560546875
36_20220825 03,2758.26708984375
36_20220825 04,2764.0537109375
36_20220825 05,2755.61865234375
36_20220825 06,2756.05419921875
36_20220825 07,2772.72900390625
36_20220825 08,2795.255859375
36_20220825 09,2789.652587890625
36_20220825 10,2801.2255859375
36_20220825 11,2803.58837890625
36_20220825 12,2799.77490234375
36_20220825 13,2791.391357421875
36_20220825 14,2808.940673828125
36_20220825 15,2805.33447265625
36_20220825 16,2797.600341796875
36_20220825 17,2795.263427734375
36_20220825 18,2773.97705078125
36_20220825 19,2759.80615234375
36_20220825 20,2758.82568359375
36_20220825 21,2764.157958984375
36_20220825 22,2757.718994140625
36_20220825 23,2763.752685546875
36_20220826 00,2802.595703125
36_20220826 01,2788.429443359375
36_20220826 02,2791.32080078125
36_20220826 03,2790.20166015625
36_20220826 04,2793.375732421875
36_20220826 05,2776.332763671875
36_20220826 06,2777.761474609375
36_20220826 07,2805.60009765625
36_20220826 08,2826.290283203125
36_20220826 09,2826.60009765625
36_20220826 10,2842.72216796875
36_20220826 11,2838.787109375
36_20220826 12,2849.59033203125
36_20220826 13,2855.891845703125
36_20220826 14,2856.61474609375
36_20220826 15,2861.609375
36_20220826 16,2876.814697265625
36_20220826 17,2864.203857421875
36_20220826 18,2853.90966796875
36_20220826 19,2832.78662109375
36_20220826 20,2833.54296875
36_20220826 21,2812.52783203125
36_20220826 22,2799.899658203125
36_20220826 23,2801.995361328125
36_20220827 00,2730.06640625
36_20220827 01,2729.908203125
36_20220827 02,2727.495361328125
36_20220827 03,2733.469970703125
36_20220827 04,2729.803955078125
36_20220827 05,2717.682861328125
36_20220827 06,2708.287353515625
36_20220827 07,2743.560546875
36_20220827 08,2740.89306640625
36_20220827 09,2753.55517578125
36_20220827 10,2783.326416015625
36_20220827 11,2796.26806640625
36_20220827 12,2801.733154296875
36_20220827 13,2808.912353515625
36_20220827 14,2807.541748046875
36_20220827 15,2796.06005859375
36_20220827 16,2765.719482421875
36_20220827 17,2782.635009765625
36_20220827 18,2761.86279296875
36_20220827 19,2741.34375
36_20220827 20,2733.171875
36_20220827 21,2732.25537109375
36_20220827 22,2723.559326171875
36_20220827 23,2717.01513671875
36_20220828 00,2725.501220703125
36_20220828 01,2732.54638671875
36_20220828 02,2730.364013671875
36_20220828 03,2738.50732421875
36_20220828 04,2741.452392578125
36_20220828 05,2715.988037109375
36_20220828 06,2718.92919921875
36_20220828 07,2748.79052734375
36_20220828 08,2743.933837890625
36_20220828 09,2743.14990234375
36_20220828 10,2773.1298828125
36_20220828 11,2791.84130859375
36_20220828 12,2810.081298828125
36_20220828 13,2803.6689453125
36_20220828 14,2812.282470703125
36_20220828 15,2810.97998046875
36_20220828 16,2802.52392578125
36_20220828 17,2799.285400390625
36_20220828 18,2805.530517578125
36_20220828 19,2764.390625
36_20220828 20,2759.348876953125
36_20220828 21,2753.643310546875
36_20220828 22,2725.86376953125
36_20220828 23,2728.8544921875
36_20220829 00,2730.454345703125
36_20220829 01,2724.568115234375
36_20220829 02,2727.14501953125
36_20220829 03,2716.483642578125
36_20220829 04,2711.174560546875
36_20220829 05,2710.57861328125
36_20220829 06,2720.17529296875
36_20220829 07,2748.33447265625
36_20220829 08,2753.05615234375
36_20220829 09,2764.332763671875
36_20220829 10,2768.654296875
36_20220829 11,2771.594482421875
36_20220829 12,2769.72705078125
36_20220829 13,2774.026123046875
36_20220829 14,2772.96533203125
36_20220829 15,2768.015869140625
36_20220829 16,2773.23486328125
36_20220829 17,2771.027099609375
36_20220829 18,2758.1298828125
36_20220829 19,2749.918212890625
36_20220829 20,2750.16552734375
36_20220829 21,2751.543701171875
36_20220829 22,2734.111083984375
36_20220829 23,2737.974609375
36_20220830 00,2726.905517578125
36_20220830 01,2706.86572265625
36_20220830 02,2707.2021484375
36_20220830 03,2714.95166015625
36_20220830 04,2718.557373046875
36_20220830 05,2703.756591796875
36_20220830 06,2706.299560546875
36_20220830 07,2730.2197265625
36_20220830 08,2752.02880859375
36_20220830 09,2763.760986328125
36_20220830 10,2761.03271484375
36_20220830 11,2761.292236328125
36_20220830 12,2770.79541015625
36_20220830 13,2767.94775390625
36_20220830 14,2762.844970703125
36_20220830 15,2765.08154296875
36_20220830 16,2761.826171875
36_20220830 17,2756.12109375
36_20220830 18,2740.88623046875
36_20220830 19,2723.992919921875
36_20220830 20,2728.91552734375
36_20220830 21,2729.3203125
36_20220830 22,2721.83056640625
36_20220830 23,2727.55517578125
36_20220831 00,2751.079345703125
36_20220831 01,2736.634521484375
36_20220831 02,2731.285888671875
36_20220831 03,2737.255126953125
36_20220831 04,2739.2900390625
36_20220831 05,2731.678955078125
36_20220831 06,2735.31298828125
36_20220831 07,2751.044677734375
36_20220831 08,2779.5244140625
36_20220831 09,2771.385009765625
36_20220831 10,2778.6220703125
36_20220831 11,2776.248291015625
36_20220831 12,2775.49951171875
36_20220831 13,2773.957275390625
36_20220831 14,2765.97412109375
36_20220831 15,2770.966064453125
36_20220831 16,2765.80322265625
36_20220831 17,2760.073486328125
36_20220831 18,2756.613525390625
36_20220831 19,2739.779541015625
36_20220831 20,2741.230712890625
36_20220831 21,2743.046630859375
36_20220831 22,2730.72705078125
36_20220831 23,2724.04931640625
37_20220825 00,1097.8192138671875
37_20220825 01,1054.7890625
37_20220825 02,1049.720947265625
37_20220825 03,1045.3890380859375
37_20220825 04,1004.9832763671875
37_20220825 05,973.2542114257812
37_20220825 06,1325.572509765625
37_20220825 07,3099.1611328125
37_20220825 08,4156.50927734375
37_20220825 09,4918.2392578125
37_20220825 10,5250.0361328125
37_20220825 11,5372.8408203125
37_20220825 12,5415.642578125
37_20220825 13,5416.6025390625
37_20220825 14,5361.94775390625
37_20220825 15,5223.134765625
37_20220825 16,5158.72412109375
37_20220825 17,5146.18115234375
37_20220825 18,4740.1669921875
37_20220825 19,4329.28125
37_20220825 20,2673.033935546875
37_20220825 21,2056.3056640625
37_20220825 22,1381.736572265625
37_20220825 23,1032.3291015625
37_20220826 00,1107.1396484375
37_20220826 01,1055.081787109375
37_20220826 02,1053.0201416015625
37_20220826 03,1049.77490234375
37_20220826 04,1015.0792846679688
37_20220826 05,989.4063720703125
37_20220826 06,1345.3148193359375
37_20220826 07,3044.462158203125
37_20220826 08,4134.15185546875
37_20220826 09,4812.12939453125
37_20220826 10,5172.69384765625
37_20220826 11,5155.6962890625
37_20220826 12,5282.0791015625
37_20220826 13,5179.03466796875
37_20220826 14,5122.78125
37_20220826 15,5130.58154296875
37_20220826 16,5121.908203125
37_20220826 17,5089.8173828125
37_20220826 18,4674.146484375
37_20220826 19,4396.4111328125
37_20220826 20,3182.798828125
37_20220826 21,2080.169921875
37_20220826 22,1466.26171875
37_20220826 23,1074.7030029296875
37_20220827 00,1087.0921630859375
37_20220827 01,1042.2095947265625
37_20220827 02,1029.806884765625
37_20220827 03,1018.8587036132812
37_20220827 04,988.9381713867188
37_20220827 05,951.501953125
37_20220827 06,1288.159912109375
37_20220827 07,2900.094482421875
37_20220827 08,3813.16259765625
37_20220827 09,4569.1455078125
37_20220827 10,5020.02783203125
37_20220827 11,5031.2548828125
37_20220827 12,5048.59375
37_20220827 13,5050.7119140625
37_20220827 14,5069.1318359375
37_20220827 15,5057.27734375
37_20220827 16,5053.86669921875
37_20220827 17,5047.5166015625
37_20220827 18,4600.88330078125
37_20220827 19,4291.10791015625
37_20220827 20,3248.7451171875
37_20220827 21,1985.002685546875
37_20220827 22,1388.8197021484375
37_20220827 23,967.1949462890625
37_20220828 00,1002.7275390625
37_20220828 01,958.8262939453125
37_20220828 02,974.2840576171875
37_20220828 03,961.5570068359375
37_20220828 04,943.6652221679688
37_20220828 05,919.2513427734375
37_20220828 06,1244.3905029296875
37_20220828 07,2732.679443359375
37_20220828 08,3753.73779296875
37_20220828 09,4504.97412109375
37_20220828 10,4996.48583984375
37_20220828 11,5040.0751953125
37_20220828 12,5010.46240234375
37_20220828 13,4997.55029296875
37_20220828 14,5087.3701171875
37_20220828 15,5046.27685546875
37_20220828 16,5074.26953125
37_20220828 17,5081.86962890625
37_20220828 18,4615.25341796875
37_20220828 19,4343.67724609375
37_20220828 20,3279.62744140625
37_20220828 21,2008.3480224609375
37_20220828 22,1422.0322265625
37_20220828 23,997.9837646484375
37_20220829 00,1046.367431640625
37_20220829 01,1012.4422607421875
37_20220829 02,1022.8211059570312
37_20220829 03,1002.0045166015625
37_20220829 04,968.3072509765625
37_20220829 05,935.8621826171875
37_20220829 06,1294.7740478515625
37_20220829 07,2939.8759765625
37_20220829 08,3897.778564453125
37_20220829 09,4700.25244140625
37_20220829 10,5017.0283203125
37_20220829 11,5020.26123046875
37_20220829 12,5046.0908203125
37_20220829 13,5072.76171875
37_20220829 14,4952.984375
37_20220829 15,4978.33447265625
37_20220829 16,4954.30419921875
37_20220829 17,4815.91796875
37_20220829 18,4255.587890625
37_20220829 19,3909.580810546875
37_20220829 20,2444.34814453125
37_20220829 21,1920.482421875
37_20220829 22,1317.8660888671875
37_20220829 23,1009.6036987304688
37_20220830 00,1025.557373046875
37_20220830 01,1001.7321166992188
37_20220830 02,1001.2063598632812
37_20220830 03,1001.0897216796875
37_20220830 04,970.583984375
37_20220830 05,946.9468994140625
37_20220830 06,1287.555419921875
37_20220830 07,2888.664794921875
37_20220830 08,3866.161376953125
37_20220830 09,4634.08203125
37_20220830 10,5113.138671875
37_20220830 11,5114.9326171875
37_20220830 12,5134.41552734375
37_20220830 13,5180.55126953125
37_20220830 14,5120.076171875
37_20220830 15,5003.306640625
37_20220830 16,5013.14404296875
37_20220830 17,4966.84912109375
37_20220830 18,4587.20556640625
37_20220830 19,4194.46875
37_20220830 20,2374.62109375
37_20220830 21,1966.4931640625
37_20220830 22,1330.430419921875
37_20220830 23,1006.6514892578125
37_20220831 00,1043.5838623046875
37_20220831 01,1014.7351684570312
37_20220831 02,1009.998046875
37_20220831 03,1010.77294921875
37_20220831 04,972.1632080078125
37_20220831 05,944.8516845703125
37_20220831 06,1288.164306640625
37_20220831 07,2884.642578125
37_20220831 08,3856.28173828125
37_20220831 09,4653.79296875
37_20220831 10,5069.9482421875
37_20220831 11,5108.21435546875
37_20220831 12,5255.25732421875
37_20220831 13,5168.3095703125
37_20220831 14,5113.8125
37_20220831 15,5105.2255859375
37_20220831 16,5090.5966796875
37_20220831 17,5077.4052734375
37_20220831 18,4600.74072265625
37_20220831 19,4262.5146484375
37_20220831 20,2543.657958984375
37_20220831 21,2003.5347900390625
37_20220831 22,1351.69921875
37_20220831 23,1022.4874877929688
38_20220825 00,561.4059448242188
38_20220825 01,554.3966674804688
38_20220825 02,560.0540771484375
38_20220825 03,513.3619384765625
38_20220825 04,489.1566467285156
38_20220825 05,523.6199951171875
38_20220825 06,699.955078125
38_20220825 07,847.4699096679688
38_20220825 08,1393.0533447265625
38_20220825 09,2711.545654296875
38_20220825 10,3111.943359375
38_20220825 11,3112.40576171875
38_20220825 12,3097.29736328125
38_20220825 13,3052.17919921875
38_20220825 14,3034.804443359375
38_20220825 15,2906.09423828125
38_20220825 16,2911.47607421875
38_20220825 17,2890.22802734375
38_20220825 18,2868.91845703125
38_20220825 19,2610.239013671875
38_20220825 20,1319.7276611328125
38_20220825 21,832.8015747070312
38_20220825 22,626.5256958007812
38_20220825 23,554.2293701171875
38_20220826 00,568.5580444335938
38_20220826 01,575.4742431640625
38_20220826 02,577.3724365234375
38_20220826 03,526.5045166015625
38_20220826 04,504.72747802734375
38_20220826 05,527.9385986328125
38_20220826 06,694.04052734375
38_20220826 07,839.7467651367188
38_20220826 08,1360.1370849609375
38_20220826 09,2649.44873046875
38_20220826 10,3114.543212890625
38_20220826 11,3117.681640625
38_20220826 12,3087.08935546875
38_20220826 13,3064.61962890625
38_20220826 14,3012.22216796875
38_20220826 15,2996.036376953125
38_20220826 16,2963.544677734375
38_20220826 17,2942.88720703125
38_20220826 18,2914.02001953125
38_20220826 19,2723.23583984375
38_20220826 20,1721.850341796875
38_20220826 21,867.7056884765625
38_20220826 22,637.9381103515625
38_20220826 23,569.9144287109375
38_20220827 00,569.0691528320312
38_20220827 01,576.3013916015625
38_20220827 02,565.0028686523438
38_20220827 03,528.9664916992188
38_20220827 04,494.96051025390625
38_20220827 05,509.1473693847656
38_20220827 06,667.1156005859375
38_20220827 07,848.9529418945312
38_20220827 08,1264.7044677734375
38_20220827 09,2597.07421875
38_20220827 10,3055.09619140625
38_20220827 11,3058.392578125
38_20220827 12,3049.871826171875
38_20220827 13,3031.50634765625
38_20220827 14,3043.42529296875
38_20220827 15,3022.56103515625
38_20220827 16,2963.456298828125
38_20220827 17,2936.8271484375
38_20220827 18,2967.799560546875
38_20220827 19,2771.104736328125
38_20220827 20,1899.457763671875
38_20220827 21,849.9105224609375
38_20220827 22,592.1024169921875
38_20220827 23,521.093994140625
38_20220828 00,534.7213134765625
38_20220828 01,533.099609375
38_20220828 02,522.576171875
38_20220828 03,488.89349365234375
38_20220828 04,461.52813720703125
38_20220828 05,481.321533203125
38_20220828 06,626.1624755859375
38_20220828 07,818.7044067382812
38_20220828 08,1210.2349853515625
38_20220828 09,2538.705078125
38_20220828 10,3040.20361328125
38_20220828 11,3061.553955078125
38_20220828 12,3037.22314453125
38_20220828 13,3022.0185546875
38_20220828 14,3016.395263671875
38_20220828 15,3001.88134765625
38_20220828 16,2963.22412109375
38_20220828 17,2962.876953125
38_20220828 18,2936.03369140625
38_20220828 19,2770.1923828125
38_20220828 20,1939.720458984375
38_20220828 21,865.9610595703125
38_20220828 22,595.431396484375
38_20220828 23,536.8453979492188
38_20220829 00,550.7096557617188
38_20220829 01,554.9638061523438
38_20220829 02,558.8410034179688
38_20220829 03,513.4730224609375
38_20220829 04,485.35821533203125
38_20220829 05,513.638671875
38_20220829 06,691.95751953125
38_20220829 07,840.36328125
38_20220829 08,1277.6510009765625
38_20220829 09,2380.83544921875
38_20220829 10,2802.53759765625
38_20220829 11,2785.393798828125
38_20220829 12,2775.712158203125
38_20220829 13,2765.44921875
38_20220829 14,2728.25
38_20220829 15,2653.044921875
38_20220829 16,2598.810791015625
38_20220829 17,2549.29052734375
38_20220829 18,2509.3876953125
38_20220829 19,2312.724853515625
38_20220829 20,1300.0888671875
38_20220829 21,806.491455078125
38_20220829 22,619.3031005859375
38_20220829 23,560.2447509765625
38_20220830 00,549.4349365234375
38_20220830 01,556.9495239257812
38_20220830 02,563.0545043945312
38_20220830 03,526.3619384765625
38_20220830 04,498.24993896484375
38_20220830 05,529.64306640625
38_20220830 06,703.72216796875
38_20220830 07,865.5496215820312
38_20220830 08,1397.460205078125
38_20220830 09,2555.5068359375
38_20220830 10,2998.150390625
38_20220830 11,3005.257080078125
38_20220830 12,2985.323486328125
38_20220830 13,2979.391845703125
38_20220830 14,2967.4072265625
38_20220830 15,2921.76416015625
38_20220830 16,2840.897705078125
38_20220830 17,2869.15869140625
38_20220830 18,2816.01904296875
38_20220830 19,2564.89599609375
38_20220830 20,1321.8447265625
38_20220830 21,834.7431640625
38_20220830 22,628.8685302734375
38_20220830 23,560.3538818359375
38_20220831 00,555.8663330078125
38_20220831 01,562.1513671875
38_20220831 02,552.1383056640625
38_20220831 03,510.2870178222656
38_20220831 04,486.502685546875
38_20220831 05,517.4963989257812
38_20220831 06,690.0673828125
38_20220831 07,835.1710205078125
38_20220831 08,1315.2611083984375
38_20220831 09,2510.4765625
38_20220831 10,3020.18798828125
38_20220831 11,3044.4501953125
38_20220831 12,3045.714111328125
38_20220831 13,3025.806640625
38_20220831 14,2975.801513671875
38_20220831 15,2916.77734375
38_20220831 16,2881.332763671875
38_20220831 17,2859.37548828125
38_20220831 18,2836.67724609375
38_20220831 19,2533.809814453125
38_20220831 20,1314.887451171875
38_20220831 21,823.244140625
38_20220831 22,598.5599365234375
38_20220831 23,542.7677001953125
39_20220825 00,591.9508056640625
39_20220825 01,611.8021240234375
39_20220825 02,580.7855224609375
39_20220825 03,574.2573852539062
39_20220825 04,596.6976318359375
39_20220825 05,595.5068359375
39_20220825 06,672.6854858398438
39_20220825 07,1498.0792236328125
39_20220825 08,1836.7415771484375
39_20220825 09,2624.339111328125
39_20220825 10,3404.0859375
39_20220825 11,3602.18994140625
39_20220825 12,3632.97412109375
39_20220825 13,3610.194580078125
39_20220825 14,3566.393798828125
39_20220825 15,3499.917236328125
39_20220825 16,3475.694091796875
39_20220825 17,3471.16796875
39_20220825 18,3402.08251953125
39_20220825 19,3294.18115234375
39_20220825 20,2015.472412109375
39_20220825 21,1365.0416259765625
39_20220825 22,1100.370849609375
39_20220825 23,730.8121337890625
39_20220826 00,591.87060546875
39_20220826 01,612.5843505859375
39_20220826 02,568.703369140625
39_20220826 03,568.5967407226562
39_20220826 04,585.8634643554688
39_20220826 05,586.8018188476562
39_20220826 06,654.5506591796875
39_20220826 07,1454.9580078125
39_20220826 08,1787.398193359375
39_20220826 09,2570.70166015625
39_20220826 10,3409.322998046875
39_20220826 11,3632.23046875
39_20220826 12,3657.490234375
39_20220826 13,3642.00830078125
39_20220826 14,3627.247314453125
39_20220826 15,3583.57421875
39_20220826 16,3538.51416015625
39_20220826 17,3539.38427734375
39_20220826 18,3475.846923828125
39_20220826 19,3378.783203125
39_20220826 20,2309.1669921875
39_20220826 21,1386.807373046875
39_20220826 22,1106.0908203125
39_20220826 23,734.9179077148438
39_20220827 00,605.970458984375
39_20220827 01,619.984375
39_20220827 02,576.4850463867188
39_20220827 03,572.3089599609375
39_20220827 04,594.0057983398438
39_20220827 05,584.6680297851562
39_20220827 06,668.489013671875
39_20220827 07,1413.5325927734375
39_20220827 08,1746.2535400390625
39_20220827 09,2590.55126953125
39_20220827 10,3327.33642578125
39_20220827 11,3596.112548828125
39_20220827 12,3588.95654296875
39_20220827 13,3608.883544921875
39_20220827 14,3612.10595703125
39_20220827 15,3605.94091796875
39_20220827 16,3585.786376953125
39_20220827 17,3544.45068359375
39_20220827 18,3450.92333984375
39_20220827 19,3349.57568359375
39_20220827 20,2524.14306640625
39_20220827 21,1288.50732421875
39_20220827 22,1037.228271484375
39_20220827 23,691.7027587890625
39_20220828 00,585.4757080078125
39_20220828 01,589.4146728515625
39_20220828 02,546.58935546875
39_20220828 03,544.8079833984375
39_20220828 04,563.8458251953125
39_20220828 05,555.0045166015625
39_20220828 06,629.6686401367188
39_20220828 07,1427.6363525390625
39_20220828 08,1718.998291015625
39_20220828 09,2531.324951171875
39_20220828 10,3322.30322265625
39_20220828 11,3527.72802734375
39_20220828 12,3531.45947265625
39_20220828 13,3569.72998046875
39_20220828 14,3577.70166015625
39_20220828 15,3570.41162109375
39_20220828 16,3532.268798828125
39_20220828 17,3500.51904296875
39_20220828 18,3451.877685546875
39_20220828 19,3351.368408203125
39_20220828 20,2522.760009765625
39_20220828 21,1299.1654052734375
39_20220828 22,1021.4240112304688
39_20220828 23,668.6168212890625
39_20220829 00,576.7705688476562
39_20220829 01,600.943359375
39_20220829 02,558.7998046875
39_20220829 03,565.4202270507812
39_20220829 04,581.4014892578125
39_20220829 05,581.8892822265625
39_20220829 06,651.5057373046875
39_20220829 07,1357.568603515625
39_20220829 08,1709.0279541015625
39_20220829 09,2337.99365234375
39_20220829 10,3121.01708984375
39_20220829 11,3281.83642578125
39_20220829 12,3289.57275390625
39_20220829 13,3284.387939453125
39_20220829 14,3262.655517578125
39_20220829 15,3207.094482421875
39_20220829 16,3181.1044921875
39_20220829 17,3171.721435546875
39_20220829 18,3127.274169921875
39_20220829 19,2997.8046875
39_20220829 20,1905.9993896484375
39_20220829 21,1268.103271484375
39_20220829 22,1034.672607421875
39_20220829 23,708.3151245117188
39_20220830 00,564.2274169921875
39_20220830 01,587.4579467773438
39_20220830 02,543.8577270507812
39_20220830 03,554.8255615234375
39_20220830 04,576.5046997070312
39_20220830 05,575.8180541992188
39_20220830 06,644.2774658203125
39_20220830 07,1366.116455078125
39_20220830 08,1724.970947265625
39_20220830 09,2444.56787109375
39_20220830 10,3231.6875
39_20220830 11,3386.178466796875
39_20220830 12,3393.22802734375
39_20220830 13,3387.509033203125
39_20220830 14,3368.09228515625
39_20220830 15,3288.19873046875
39_20220830 16,3273.057861328125
39_20220830 17,3249.31689453125
39_20220830 18,3219.041259765625
39_20220830 19,3169.54150390625
39_20220830 20,1919.5611572265625
39_20220830 21,1309.5150146484375
39_20220830 22,1054.400390625
39_20220830 23,713.6705322265625
39_20220831 00,583.3658447265625
39_20220831 01,608.572265625
39_20220831 02,567.9697265625
39_20220831 03,571.644775390625
39_20220831 04,592.4596557617188
39_20220831 05,593.0400390625
39_20220831 06,658.731201171875
39_20220831 07,1392.9124755859375
39_20220831 08,1761.433349609375
39_20220831 09,2488.144287109375
39_20220831 10,3240.905517578125
39_20220831 11,3432.59619140625
39_20220831 12,3475.27587890625
39_20220831 13,3477.21435546875
39_20220831 14,3456.0859375
39_20220831 15,3385.237060546875
39_20220831 16,3344.339111328125
39_20220831 17,3346.162841796875
39_20220831 18,3285.02294921875
39_20220831 19,3188.314453125
39_20220831 20,1999.375244140625
39_20220831 21,1321.019287109375
39_20220831 22,1087.085693359375
39_20220831 23,734.9198608398438
40_20220825 00,575.5192260742188
40_20220825 01,567.9561157226562
40_20220825 02,566.9554443359375
40_20220825 03,554.0791015625
40_20220825 04,488.5843811035156
40_20220825 05,472.843994140625
40_20220825 06,548.8137817382812
40_20220825 07,691.5285034179688
40_20220825 08,1231.724609375
40_20220825 09,2735.456298828125
40_20220825 10,3469.361328125
40_20220825 11,3480.09765625
40_20220825 12,3484.173828125
40_20220825 13,3460.809326171875
40_20220825 14,3446.913330078125
40_20220825 15,3370.61474609375
40_20220825 16,3336.274169921875
40_20220825 17,3299.89501953125
40_20220825 18,3190.3427734375
40_20220825 19,2677.033447265625
40_20220825 20,1015.9427490234375
40_20220825 21,771.8980712890625
40_20220825 22,738.785888671875
40_20220825 23,631.7498168945312
40_20220826 00,565.710693359375
40_20220826 01,558.432861328125
40_20220826 02,556.0153198242188
40_20220826 03,537.7160034179688
40_20220826 04,478.2083435058594
40_20220826 05,479.65692138671875
40_20220826 06,542.6296997070312
40_20220826 07,689.8387451171875
40_20220826 08,1208.264404296875
40_20220826 09,2730.18408203125
40_20220826 10,3376.82958984375
40_20220826 11,3380.56982421875
40_20220826 12,3417.436767578125
40_20220826 13,3362.22314453125
40_20220826 14,3409.817138671875
40_20220826 15,3363.99365234375
40_20220826 16,3312.009033203125
40_20220826 17,3263.91650390625
40_20220826 18,3197.28515625
40_20220826 19,2943.26806640625
40_20220826 20,1246.1683349609375
40_20220826 21,761.7742309570312
40_20220826 22,734.4739379882812
40_20220826 23,655.5890502929688
40_20220827 00,567.501220703125
40_20220827 01,556.6549072265625
40_20220827 02,567.78759765625
40_20220827 03,549.6075439453125
40_20220827 04,501.62872314453125
40_20220827 05,486.83251953125
40_20220827 06,525.1512451171875
40_20220827 07,684.2371826171875
40_20220827 08,1242.5985107421875
40_20220827 09,2485.60546875
40_20220827 10,3673.044189453125
40_20220827 11,3692.123779296875
40_20220827 12,3698.06591796875
40_20220827 13,3691.262451171875
40_20220827 14,3694.19921875
40_20220827 15,3674.06787109375
40_20220827 16,3652.082763671875
40_20220827 17,3610.078125
40_20220827 18,3453.02880859375
40_20220827 19,3293.379638671875
40_20220827 20,1510.780517578125
40_20220827 21,699.7237548828125
40_20220827 22,665.44189453125
40_20220827 23,585.83056640625
40_20220828 00,517.3783569335938
40_20220828 01,500.8428649902344
40_20220828 02,507.5372009277344
40_20220828 03,496.56060791015625
40_20220828 04,443.3497619628906
40_20220828 05,421.4674377441406
40_20220828 06,476.93280029296875
40_20220828 07,623.29931640625
40_20220828 08,1051.458740234375
40_20220828 09,2239.29736328125
40_20220828 10,3564.35107421875
40_20220828 11,3624.167236328125
40_20220828 12,3638.598388671875
40_20220828 13,3653.18896484375
40_20220828 14,3652.091796875
40_20220828 15,3600.867919921875
40_20220828 16,3613.51513671875
40_20220828 17,3586.24755859375
40_20220828 18,3444.455078125
40_20220828 19,3284.50390625
40_20220828 20,1579.006591796875
40_20220828 21,742.3497314453125
40_20220828 22,702.4442138671875
40_20220828 23,610.318115234375
40_20220829 00,582.4729614257812
40_20220829 01,562.42236328125
40_20220829 02,560.3012084960938
40_20220829 03,541.116455078125
40_20220829 04,484.9891662597656
40_20220829 05,474.94476318359375
40_20220829 06,545.6613159179688
40_20220829 07,669.7415771484375
40_20220829 08,1046.34033203125
40_20220829 09,2377.467529296875
40_20220829 10,3127.60595703125
40_20220829 11,3000.12255859375
40_20220829 12,2935.353759765625
40_20220829 13,3041.69921875
40_20220829 14,3041.343994140625
40_20220829 15,3004.588134765625
40_20220829 16,2952.89306640625
40_20220829 17,2934.18798828125
40_20220829 18,2802.116455078125
40_20220829 19,2437.14501953125
40_20220829 20,978.9998168945312
40_20220829 21,749.8150634765625
40_20220829 22,725.1580200195312
40_20220829 23,646.6763916015625
40_20220830 00,569.0142822265625
40_20220830 01,558.8634033203125
40_20220830 02,558.8469848632812
40_20220830 03,544.9586181640625
40_20220830 04,485.7169494628906
40_20220830 05,471.3037109375
40_20220830 06,550.4012451171875
40_20220830 07,694.8909301757812
40_20220830 08,1217.3997802734375
40_20220830 09,2746.72509765625
40_20220830 10,3498.103515625
40_20220830 11,3500.42822265625
40_20220830 12,3540.51416015625
40_20220830 13,3520.88134765625
40_20220830 14,3566.18505859375
40_20220830 15,3530.088623046875
40_20220830 16,3456.97119140625
40_20220830 17,3448.19873046875
40_20220830 18,3370.48095703125
40_20220830 19,2686.93115234375
40_20220830 20,1021.1212768554688
40_20220830 21,793.5291137695312
40_20220830 22,748.5663452148438
40_20220830 23,673.1544189453125
40_20220831 00,606.9724731445312
40_20220831 01,589.4757080078125
40_20220831 02,588.9769287109375
40_20220831 03,573.9091796875
40_20220831 04,513.9114379882812
40_20220831 05,511.3414001464844
40_20220831 06,560.8914794921875
40_20220831 07,702.5457763671875
40_20220831 08,1182.9560546875
40_20220831 09,2621.014892578125
40_20220831 10,3408.22607421875
40_20220831 11,3439.651611328125
40_20220831 12,3439.83447265625
40_20220831 13,3402.990966796875
40_20220831 14,3414.778076171875
40_20220831 15,3331.015625
40_20220831 16,3261.002685546875
40_20220831 17,3293.171142578125
40_20220831 18,3180.57080078125
40_20220831 19,2649.19287109375
40_20220831 20,988.4521484375
40_20220831 21,738.4722900390625
40_20220831 22,712.691162109375
40_20220831 23,626.2313842773438
41_20220825 00,1560.6925048828125
41_20220825 01,1284.283935546875
41_20220825 02,1095.451904296875
41_20220825 03,1056.229248046875
41_20220825 04,1014.2623901367188
41_20220825 05,1068.1595458984375
41_20220825 06,1271.1171875
41_20220825 07,1744.9517822265625
41_20220825 08,3382.26123046875
41_20220825 09,4527.7666015625
41_20220825 10,5008.86669921875
41_20220825 11,5081.7666015625
41_20220825 12,5073.22412109375
41_20220825 13,5062.59814453125
41_20220825 14,5026.1806640625
41_20220825 15,4892.29296875
41_20220825 16,4900.365234375
41_20220825 17,4913.5087890625
41_20220825 18,4864.22802734375
41_20220825 19,4831.8974609375
41_20220825 20,3429.423828125
41_20220825 21,2878.62646484375
41_20220825 22,1983.365234375
41_20220825 23,1680.653076171875
41_20220826 00,1505.403076171875
41_20220826 01,1283.011962890625
41_20220826 02,1113.4588623046875
41_20220826 03,1074.3828125
41_20220826 04,1029.09814453125
41_20220826 05,1066.4583740234375
41_20220826 06,1272.738037109375
41_20220826 07,1690.0970458984375
41_20220826 08,3366.073486328125
41_20220826 09,4625.41748046875
41_20220826 10,5059.1513671875
41_20220826 11,5071.4609375
41_20220826 12,5050.21240234375
41_20220826 13,5026.18115234375
41_20220826 14,4995.8291015625
41_20220826 15,4980.33447265625
41_20220826 16,4973.580078125
41_20220826 17,4918.84130859375
41_20220826 18,4847.60986328125
41_20220826 19,4859.29736328125
41_20220826 20,3693.139892578125
41_20220826 21,2894.780029296875
41_20220826 22,2015.859130859375
41_20220826 23,1721.356689453125
41_20220827 00,1486.356201171875
41_20220827 01,1274.981201171875
41_20220827 02,1123.963623046875
41_20220827 03,1039.8470458984375
41_20220827 04,999.3941650390625
41_20220827 05,1039.3099365234375
41_20220827 06,1278.4720458984375
41_20220827 07,1823.5550537109375
41_20220827 08,3263.57421875
41_20220827 09,4470.1220703125
41_20220827 10,5059.02783203125
41_20220827 11,5117.265625
41_20220827 12,5091.8232421875
41_20220827 13,5111.3759765625
41_20220827 14,5083.95947265625
41_20220827 15,5088.4951171875
41_20220827 16,5087.16796875
41_20220827 17,5059.95751953125
41_20220827 18,5002.94677734375
41_20220827 19,4961.11962890625
41_20220827 20,3746.864501953125
41_20220827 21,2850.05712890625
41_20220827 22,1943.1441650390625
41_20220827 23,1665.330078125
41_20220828 00,1456.890869140625
41_20220828 01,1235.145263671875
41_20220828 02,1077.5224609375
41_20220828 03,1004.8108520507812
41_20220828 04,967.5291748046875
41_20220828 05,981.6495971679688
41_20220828 06,1162.3336181640625
41_20220828 07,1692.1712646484375
41_20220828 08,3138.328125
41_20220828 09,4534.6640625
41_20220828 10,5264.07275390625
41_20220828 11,5357.95849609375
41_20220828 12,5377.3271484375
41_20220828 13,5402.5205078125
41_20220828 14,5416.6259765625
41_20220828 15,5420.5693359375
41_20220828 16,5421.70703125
41_20220828 17,5424.02294921875
41_20220828 18,5353.3720703125
41_20220828 19,5254.5078125
41_20220828 20,3878.016357421875
41_20220828 21,2890.756591796875
41_20220828 22,1967.726806640625
41_20220828 23,1708.6953125
41_20220829 00,1475.3814697265625
41_20220829 01,1269.636962890625
41_20220829 02,1101.889892578125
41_20220829 03,1046.8726806640625
41_20220829 04,1013.8406372070312
41_20220829 05,1047.074951171875
41_20220829 06,1205.306640625
41_20220829 07,1640.7183837890625
41_20220829 08,3078.016845703125
41_20220829 09,4129.07861328125
41_20220829 10,4772.2958984375
41_20220829 11,4802.59619140625
41_20220829 12,4809.8662109375
41_20220829 13,4871.6708984375
41_20220829 14,4859.83544921875
41_20220829 15,4821.3896484375
41_20220829 16,4804.681640625
41_20220829 17,4806.17578125
41_20220829 18,4748.8544921875
41_20220829 19,4655.189453125
41_20220829 20,3298.264892578125
41_20220829 21,2739.367919921875
41_20220829 22,1911.177490234375
41_20220829 23,1649.500244140625
41_20220830 00,1433.694091796875
41_20220830 01,1246.156005859375
41_20220830 02,1083.1270751953125
41_20220830 03,1040.037353515625
41_20220830 04,1007.9201049804688
41_20220830 05,1056.052978515625
41_20220830 06,1250.8546142578125
41_20220830 07,1703.962646484375
41_20220830 08,3121.511474609375
41_20220830 09,4247.3955078125
41_20220830 10,4849.1630859375
41_20220830 11,4870.88720703125
41_20220830 12,4887.53515625
41_20220830 13,4878.93212890625
41_20220830 14,4858.8076171875
41_20220830 15,4847.1474609375
41_20220830 16,4793.84765625
41_20220830 17,4808.435546875
41_20220830 18,4756.36767578125
41_20220830 19,4662.0986328125
41_20220830 20,3280.774169921875
41_20220830 21,2731.32373046875
41_20220830 22,1911.002197265625
41_20220830 23,1654.8079833984375
41_20220831 00,1449.3111572265625
41_20220831 01,1222.3114013671875
41_20220831 02,1085.131591796875
41_20220831 03,1045.8258056640625
41_20220831 04,1015.3294677734375
41_20220831 05,1061.927001953125
41_20220831 06,1255.988525390625
41_20220831 07,1680.3336181640625
41_20220831 08,3268.11572265625
41_20220831 09,4333.07373046875
41_20220831 10,4946.33984375
41_20220831 11,5050.59716796875
41_20220831 12,5055.00732421875
41_20220831 13,5045.3642578125
41_20220831 14,4960.9619140625
41_20220831 15,4932.84228515625
41_20220831 16,4862.99951171875
41_20220831 17,4804.029296875
41_20220831 18,4801.248046875
41_20220831 19,4817.6240234375
41_20220831 20,3390.384033203125
41_20220831 21,2812.635498046875
41_20220831 22,1957.650390625
41_20220831 23,1696.496337890625
42_20220825 00,372.27032470703125
42_20220825 01,372.8576965332031
42_20220825 02,373.01165771484375
42_20220825 03,373.281005859375
42_20220825 04,406.02874755859375
42_20220825 05,423.87445068359375
42_20220825 06,491.39501953125
42_20220825 07,542.47900390625
42_20220825 08,695.763427734375
42_20220825 09,1811.524169921875
42_20220825 10,3029.84814453125
42_20220825 11,3161.81396484375
42_20220825 12,3159.014892578125
42_20220825 13,3165.06103515625
42_20220825 14,3155.08203125
42_20220825 15,3108.850341796875
42_20220825 16,3089.311279296875
42_20220825 17,3062.05029296875
42_20220825 18,2918.74169921875
42_20220825 19,2469.218017578125
42_20220825 20,1074.373291015625
42_20220825 21,486.0321350097656
42_20220825 22,429.89581298828125
42_20220825 23,394.93310546875
42_20220826 00,390.21142578125
42_20220826 01,383.75006103515625
42_20220826 02,385.17291259765625
42_20220826 03,383.93121337890625
42_20220826 04,404.6580810546875
42_20220826 05,385.7324523925781
42_20220826 06,454.32110595703125
42_20220826 07,533.615234375
42_20220826 08,686.5386962890625
42_20220826 09,1876.121826171875
42_20220826 10,3094.521240234375
42_20220826 11,3195.786376953125
42_20220826 12,3194.873291015625
42_20220826 13,3191.46533203125
42_20220826 14,3156.802734375
42_20220826 15,3122.111083984375
42_20220826 16,3082.4736328125
42_20220826 17,3066.32861328125
42_20220826 18,2988.8466796875
42_20220826 19,2770.758544921875
42_20220826 20,1413.9974365234375
42_20220826 21,501.42950439453125
42_20220826 22,437.62799072265625
42_20220826 23,389.3275451660156
42_20220827 00,380.86761474609375
42_20220827 01,382.63525390625
42_20220827 02,381.89984130859375
42_20220827 03,375.3053283691406
42_20220827 04,416.0320739746094
42_20220827 05,423.3765563964844
42_20220827 06,487.19964599609375
42_20220827 07,534.34716796875
42_20220827 08,640.1345825195312
42_20220827 09,1738.605712890625
42_20220827 10,2859.38525390625
42_20220827 11,2981.407470703125
42_20220827 12,2978.25634765625
42_20220827 13,2950.376220703125
42_20220827 14,2922.906494140625
42_20220827 15,2908.95263671875
42_20220827 16,2844.149658203125
42_20220827 17,2855.53515625
42_20220827 18,2793.141357421875
42_20220827 19,2720.651611328125
42_20220827 20,1604.4329833984375
42_20220827 21,439.39520263671875
42_20220827 22,380.8944396972656
42_20220827 23,365.3307189941406
42_20220828 00,335.68927001953125
42_20220828 01,335.2660217285156
42_20220828 02,343.0837097167969
42_20220828 03,326.71221923828125
42_20220828 04,380.6998596191406
42_20220828 05,399.98388671875
42_20220828 06,448.93292236328125
42_20220828 07,494.47088623046875
42_20220828 08,582.3511352539062
42_20220828 09,1583.2835693359375
42_20220828 10,2749.166015625
42_20220828 11,2865.74072265625
42_20220828 12,2867.076416015625
42_20220828 13,2877.326171875
42_20220828 14,2889.49609375
42_20220828 15,2893.25341796875
42_20220828 16,2843.599609375
42_20220828 17,2862.42822265625
42_20220828 18,2872.235595703125
42_20220828 19,2706.2822265625
42_20220828 20,1614.8314208984375
42_20220828 21,435.5575256347656
42_20220828 22,382.17401123046875
42_20220828 23,352.8235778808594
42_20220829 00,364.6718444824219
42_20220829 01,360.92523193359375
42_20220829 02,360.74188232421875
42_20220829 03,363.2994079589844
42_20220829 04,363.4647521972656
42_20220829 05,384.72686767578125
42_20220829 06,416.13641357421875
42_20220829 07,486.42413330078125
42_20220829 08,632.807861328125
42_20220829 09,1654.9993896484375
42_20220829 10,2544.61328125
42_20220829 11,2684.014892578125
42_20220829 12,2691.4658203125
42_20220829 13,2710.220458984375
42_20220829 14,2705.71533203125
42_20220829 15,2694.727294921875
42_20220829 16,2644.2373046875
42_20220829 17,2637.2236328125
42_20220829 18,2536.597412109375
42_20220829 19,2205.826171875
42_20220829 20,1031.0101318359375
42_20220829 21,467.1275329589844
42_20220829 22,422.3128356933594
42_20220829 23,392.2565002441406
42_20220830 00,366.0594787597656
42_20220830 01,365.87841796875
42_20220830 02,366.08367919921875
42_20220830 03,357.26263427734375
42_20220830 04,401.71563720703125
42_20220830 05,421.10552978515625
42_20220830 06,489.4476623535156
42_20220830 07,542.6001586914062
42_20220830 08,691.7368774414062
42_20220830 09,1794.451171875
42_20220830 10,2856.662109375
42_20220830 11,3040.86279296875
42_20220830 12,3025.114990234375
42_20220830 13,3033.06884765625
42_20220830 14,2996.833740234375
42_20220830 15,2983.178955078125
42_20220830 16,2905.15576171875
42_20220830 17,2837.147705078125
42_20220830 18,2734.451171875
42_20220830 19,2364.850341796875
42_20220830 20,996.7984619140625
42_20220830 21,449.12518310546875
42_20220830 22,406.5980529785156
42_20220830 23,379.48052978515625
42_20220831 00,369.36297607421875
42_20220831 01,372.2567443847656
42_20220831 02,375.69683837890625
42_20220831 03,379.3489074707031
42_20220831 04,414.24139404296875
42_20220831 05,422.85906982421875
42_20220831 06,496.42010498046875
42_20220831 07,555.3717041015625
42_20220831 08,705.5311889648438
42_20220831 09,1813.6702880859375
42_20220831 10,3001.3203125
42_20220831 11,3129.5556640625
42_20220831 12,3075.958251953125
42_20220831 13,3118.03466796875
42_20220831 14,3111.152587890625
42_20220831 15,3065.50927734375
42_20220831 16,3004.9951171875
42_20220831 17,2978.661376953125
42_20220831 18,2891.23876953125
42_20220831 19,2535.431884765625
42_20220831 20,1046.6400146484375
42_20220831 21,472.21575927734375
42_20220831 22,408.33294677734375
42_20220831 23,382.24066162109375
43_20220825 00,420.222412109375
43_20220825 01,417.40557861328125
43_20220825 02,399.6207275390625
43_20220825 03,401.815185546875
43_20220825 04,403.8627014160156
43_20220825 05,404.3153381347656
43_20220825 06,431.87860107421875
43_20220825 07,532.9549560546875
43_20220825 08,710.2820434570312
43_20220825 09,1356.497802734375
43_20220825 10,3140.901611328125
43_20220825 11,3156.7724609375
43_20220825 12,3165.155517578125
43_20220825 13,3180.54345703125
43_20220825 14,3160.45947265625
43_20220825 15,3136.930419921875
43_20220825 16,3121.371337890625
43_20220825 17,3097.6611328125
43_20220825 18,3046.887939453125
43_20220825 19,2976.454345703125
43_20220825 20,2736.03271484375
43_20220825 21,770.3031005859375
43_20220825 22,414.50067138671875
43_20220825 23,395.7872314453125
43_20220826 00,411.34075927734375
43_20220826 01,417.2547302246094
43_20220826 02,399.4790344238281
43_20220826 03,399.0304870605469
43_20220826 04,402.2670593261719
43_20220826 05,390.15704345703125
43_20220826 06,412.94256591796875
43_20220826 07,551.5008544921875
43_20220826 08,705.716796875
43_20220826 09,1382.5665283203125
43_20220826 10,3159.877197265625
43_20220826 11,3267.53564453125
43_20220826 12,3291.145751953125
43_20220826 13,3335.535888671875
43_20220826 14,3353.481201171875
43_20220826 15,3324.356689453125
43_20220826 16,3264.948486328125
43_20220826 17,3240.40478515625
43_20220826 18,3184.446044921875
43_20220826 19,3112.9169921875
43_20220826 20,2879.939453125
43_20220826 21,820.1492309570312
43_20220826 22,436.02410888671875
43_20220826 23,421.3289489746094
43_20220827 00,434.86358642578125
43_20220827 01,436.03546142578125
43_20220827 02,429.7998962402344
43_20220827 03,423.99603271484375
43_20220827 04,408.95489501953125
43_20220827 05,396.957275390625
43_20220827 06,406.99273681640625
43_20220827 07,508.232666015625
43_20220827 08,658.0845947265625
43_20220827 09,1399.4378662109375
43_20220827 10,2959.099853515625
43_20220827 11,3137.0869140625
43_20220827 12,3321.142578125
43_20220827 13,3399.904296875
43_20220827 14,3455.864501953125
43_20220827 15,3411.064453125
43_20220827 16,3415.71728515625
43_20220827 17,3424.87939453125
43_20220827 18,3394.243408203125
43_20220827 19,3162.25390625
43_20220827 20,2862.40283203125
43_20220827 21,793.1689453125
43_20220827 22,414.75152587890625
43_20220827 23,389.00396728515625
43_20220828 00,398.17852783203125
43_20220828 01,384.72857666015625
43_20220828 02,383.0382385253906
43_20220828 03,380.7200012207031
43_20220828 04,373.2719421386719
43_20220828 05,369.5283508300781
43_20220828 06,388.3358459472656
43_20220828 07,454.6932067871094
43_20220828 08,579.5687255859375
43_20220828 09,1299.613037109375
43_20220828 10,2928.6171875
43_20220828 11,3188.56494140625
43_20220828 12,3407.981201171875
43_20220828 13,3525.10400390625
43_20220828 14,3619.44873046875
43_20220828 15,3609.25439453125
43_20220828 16,3644.29541015625
43_20220828 17,3589.65478515625
43_20220828 18,3513.772216796875
43_20220828 19,3254.051513671875
43_20220828 20,2962.52392578125
43_20220828 21,799.7525024414062
43_20220828 22,407.3613586425781
43_20220828 23,383.38763427734375
43_20220829 00,399.27410888671875
43_20220829 01,396.6379089355469
43_20220829 02,389.0019226074219
43_20220829 03,392.08441162109375
43_20220829 04,388.61065673828125
43_20220829 05,390.34478759765625
43_20220829 06,415.1836853027344
43_20220829 07,545.4994506835938
43_20220829 08,693.6422729492188
43_20220829 09,1320.486083984375
43_20220829 10,3051.569091796875
43_20220829 11,3085.555908203125
43_20220829 12,3080.73388671875
43_20220829 13,3077.08984375
43_20220829 14,3117.65185546875
43_20220829 15,3055.981201171875
43_20220829 16,3030.3359375
43_20220829 17,3023.47802734375
43_20220829 18,2973.2568359375
43_20220829 19,2922.507080078125
43_20220829 20,2696.512451171875
43_20220829 21,765.4851684570312
43_20220829 22,409.71875
43_20220829 23,407.6881408691406
43_20220830 00,423.6451721191406
43_20220830 01,406.5614318847656
43_20220830 02,402.06329345703125
43_20220830 03,387.9470520019531
43_20220830 04,396.65521240234375
43_20220830 05,383.1345520019531
43_20220830 06,401.3099060058594
43_20220830 07,511.3355407714844
43_20220830 08,685.4827880859375
43_20220830 09,1308.40185546875
43_20220830 10,2921.26904296875
43_20220830 11,2993.49853515625
43_20220830 12,2992.96337890625
43_20220830 13,2969.206787109375
43_20220830 14,3013.07666015625
43_20220830 15,2923.85888671875
43_20220830 16,2909.075927734375
43_20220830 17,2879.7421875
43_20220830 18,2852.9775390625
43_20220830 19,2818.05810546875
43_20220830 20,2608.383056640625
43_20220830 21,776.86669921875
43_20220830 22,419.6446228027344
43_20220830 23,408.735107421875
43_20220831 00,398.0665588378906
43_20220831 01,383.90216064453125
43_20220831 02,376.8770751953125
43_20220831 03,380.040283203125
43_20220831 04,378.9416809082031
43_20220831 05,379.8490905761719
43_20220831 06,397.0400390625
43_20220831 07,528.2057495117188
43_20220831 08,681.5382080078125
43_20220831 09,1313.7852783203125
43_20220831 10,2985.88427734375
43_20220831 11,3093.772216796875
43_20220831 12,3157.099853515625
43_20220831 13,3159.4541015625
43_20220831 14,3220.334716796875
43_20220831 15,3197.031494140625
43_20220831 16,3149.719970703125
43_20220831 17,3133.67724609375
43_20220831 18,3076.621826171875
43_20220831 19,2990.03515625
43_20220831 20,2760.808837890625
43_20220831 21,782.6397705078125
43_20220831 22,406.1892395019531
43_20220831 23,385.2442932128906
44_20220825 00,508.19854736328125
44_20220825 01,500.3299865722656
44_20220825 02,504.16265869140625
44_20220825 03,508.6739807128906
44_20220825 04,513.6809692382812
44_20220825 05,509.22332763671875
44_20220825 06,498.5987854003906
44_20220825 07,551.4414672851562
44_20220825 08,964.7501220703125
44_20220825 09,2039.2056884765625
44_20220825 10,3390.836669921875
44_20220825 11,3413.500732421875
44_20220825 12,3412.74951171875
44_20220825 13,3423.7421875
44_20220825 14,3395.30859375
44_20220825 15,3391.67578125
44_20220825 16,3369.272216796875
44_20220825 17,3288.74609375
44_20220825 18,3193.17626953125
44_20220825 19,3027.129150390625
44_20220825 20,2778.764404296875
44_20220825 21,1090.101318359375
44_20220825 22,542.2154541015625
44_20220825 23,507.4725646972656
44_20220826 00,498.053955078125
44_20220826 01,492.290771484375
44_20220826 02,496.72882080078125
44_20220826 03,501.70654296875
44_20220826 04,505.32781982421875
44_20220826 05,497.72210693359375
44_20220826 06,488.82464599609375
44_20220826 07,539.6719360351562
44_20220826 08,950.9466552734375
44_20220826 09,2077.31689453125
44_20220826 10,3519.68994140625
44_20220826 11,3560.10205078125
44_20220826 12,3603.16259765625
44_20220826 13,3648.367919921875
44_20220826 14,3634.26953125
44_20220826 15,3658.283935546875
44_20220826 16,3613.452392578125
44_20220826 17,3499.285888671875
44_20220826 18,3343.328125
44_20220826 19,3213.815185546875
44_20220826 20,2961.50244140625
44_20220826 21,1111.6536865234375
44_20220826 22,554.3694458007812
44_20220826 23,513.8494262695312
44_20220827 00,509.6919860839844
44_20220827 01,508.7312927246094
44_20220827 02,516.8322143554688
44_20220827 03,519.1663818359375
44_20220827 04,520.7877807617188
44_20220827 05,515.21142578125
44_20220827 06,505.29022216796875
44_20220827 07,550.2435302734375
44_20220827 08,969.2062377929688
44_20220827 09,1995.8424072265625
44_20220827 10,3456.080078125
44_20220827 11,3511.064453125
44_20220827 12,3610.216064453125
44_20220827 13,3740.393798828125
44_20220827 14,3757.41552734375
44_20220827 15,3806.40869140625
44_20220827 16,3770.714111328125
44_20220827 17,3705.96044921875
44_20220827 18,3574.16552734375
44_20220827 19,3404.06640625
44_20220827 20,3053.53466796875
44_20220827 21,1188.523681640625
44_20220827 22,529.1393432617188
44_20220827 23,512.5458374023438
44_20220828 00,504.3468322753906
44_20220828 01,497.5674743652344
44_20220828 02,505.829833984375
44_20220828 03,509.01116943359375
44_20220828 04,513.7391357421875
44_20220828 05,501.17706298828125
44_20220828 06,494.08026123046875
44_20220828 07,534.8004760742188
44_20220828 08,946.1731567382812
44_20220828 09,1948.023193359375
44_20220828 10,3465.41748046875
44_20220828 11,3559.512939453125
44_20220828 12,3731.264892578125
44_20220828 13,3864.89111328125
44_20220828 14,3965.052001953125
44_20220828 15,3970.79150390625
44_20220828 16,3984.657470703125
44_20220828 17,3861.154296875
44_20220828 18,3635.5859375
44_20220828 19,3503.06689453125
44_20220828 20,3099.5166015625
44_20220828 21,1213.532470703125
44_20220828 22,529.714599609375
44_20220828 23,512.7982788085938
44_20220829 00,499.80487060546875
44_20220829 01,492.5179748535156
44_20220829 02,497.70770263671875
44_20220829 03,503.7120056152344
44_20220829 04,503.34942626953125
44_20220829 05,500.0474548339844
44_20220829 06,489.37225341796875
44_20220829 07,558.5115356445312
44_20220829 08,970.78076171875
44_20220829 09,1993.3814697265625
44_20220829 10,3350.764892578125
44_20220829 11,3375.224609375
44_20220829 12,3407.982421875
44_20220829 13,3386.54541015625
44_20220829 14,3393.301513671875
44_20220829 15,3378.23876953125
44_20220829 16,3361.41455078125
44_20220829 17,3251.403564453125
44_20220829 18,3161.656494140625
44_20220829 19,3058.154296875
44_20220829 20,2793.678466796875
44_20220829 21,1100.053466796875
44_20220829 22,544.3603515625
44_20220829 23,513.55126953125
44_20220830 00,493.40631103515625
44_20220830 01,483.5171813964844
44_20220830 02,487.52728271484375
44_20220830 03,495.2709045410156
44_20220830 04,498.47210693359375
44_20220830 05,497.50006103515625
44_20220830 06,487.2176208496094
44_20220830 07,526.9428100585938
44_20220830 08,933.5236206054688
44_20220830 09,1951.479736328125
44_20220830 10,3244.78955078125
44_20220830 11,3266.430908203125
44_20220830 12,3256.40771484375
44_20220830 13,3231.4931640625
44_20220830 14,3225.733154296875
44_20220830 15,3212.755126953125
44_20220830 16,3206.02783203125
44_20220830 17,3135.229736328125
44_20220830 18,3045.95361328125
44_20220830 19,2903.975341796875
44_20220830 20,2661.047119140625
44_20220830 21,1067.6400146484375
44_20220830 22,528.8995361328125
44_20220830 23,498.13287353515625
44_20220831 00,491.5406799316406
44_20220831 01,484.2227478027344
44_20220831 02,486.6680603027344
44_20220831 03,492.4767150878906
44_20220831 04,494.63348388671875
44_20220831 05,491.47491455078125
44_20220831 06,480.92169189453125
44_20220831 07,530.42138671875
44_20220831 08,934.54443359375
44_20220831 09,1956.096923828125
44_20220831 10,3338.59521484375
44_20220831 11,3413.906982421875
44_20220831 12,3441.717529296875
44_20220831 13,3449.955810546875
44_20220831 14,3466.395263671875
44_20220831 15,3507.07421875
44_20220831 16,3495.43115234375
44_20220831 17,3392.14404296875
44_20220831 18,3262.80126953125
44_20220831 19,3054.287109375
44_20220831 20,2798.47802734375
44_20220831 21,1072.1728515625
44_20220831 22,533.2243041992188
44_20220831 23,505.23492431640625
45_20220825 00,2352.64111328125
45_20220825 01,2346.029541015625
45_20220825 02,2339.0166015625
45_20220825 03,2295.656982421875
45_20220825 04,2377.570068359375
45_20220825 05,2494.803466796875
45_20220825 06,2894.044189453125
45_20220825 07,3198.55517578125
45_20220825 08,3571.64306640625
45_20220825 09,3644.678955078125
45_20220825 10,3635.78955078125
45_20220825 11,3668.561767578125
45_20220825 12,3568.88525390625
45_20220825 13,3548.550048828125
45_20220825 14,3608.65380859375
45_20220825 15,3529.19482421875
45_20220825 16,3423.112060546875
45_20220825 17,3138.26513671875
45_20220825 18,2848.570556640625
45_20220825 19,2815.133544921875
45_20220825 20,2729.690673828125
45_20220825 21,2595.57373046875
45_20220825 22,2445.236328125
45_20220825 23,2400.79345703125
45_20220826 00,2274.392333984375
45_20220826 01,2284.03564453125
45_20220826 02,2283.665771484375
45_20220826 03,2252.61572265625
45_20220826 04,2328.08837890625
45_20220826 05,2436.744873046875
45_20220826 06,2854.28955078125
45_20220826 07,3226.980712890625
45_20220826 08,3560.07177734375
45_20220826 09,3612.79638671875
45_20220826 10,3611.338623046875
45_20220826 11,3620.19677734375
45_20220826 12,3574.608642578125
45_20220826 13,3568.80419921875
45_20220826 14,3603.20068359375
45_20220826 15,3587.561279296875
45_20220826 16,3495.18701171875
45_20220826 17,3166.04248046875
45_20220826 18,2876.093017578125
45_20220826 19,2821.76416015625
45_20220826 20,2740.065185546875
45_20220826 21,2612.029296875
45_20220826 22,2450.139404296875
45_20220826 23,2409.061767578125
45_20220827 00,2252.066650390625
45_20220827 01,2274.74951171875
45_20220827 02,2228.99560546875
45_20220827 03,2200.791748046875
45_20220827 04,2218.897216796875
45_20220827 05,2262.114013671875
45_20220827 06,2523.92333984375
45_20220827 07,2766.17578125
45_20220827 08,2946.69580078125
45_20220827 09,2970.21533203125
45_20220827 10,2993.027587890625
45_20220827 11,2966.56103515625
45_20220827 12,2892.615966796875
45_20220827 13,2769.494140625
45_20220827 14,2736.5390625
45_20220827 15,2719.15673828125
45_20220827 16,2688.75341796875
45_20220827 17,2659.68505859375
45_20220827 18,2590.864501953125
45_20220827 19,2564.370361328125
45_20220827 20,2461.52587890625
45_20220827 21,2387.15869140625
45_20220827 22,2278.415283203125
45_20220827 23,2241.343017578125
45_20220828 00,2157.2626953125
45_20220828 01,2142.712646484375
45_20220828 02,2125.63232421875
45_20220828 03,2072.79443359375
45_20220828 04,2116.63427734375
45_20220828 05,2154.85205078125
45_20220828 06,2302.102294921875
45_20220828 07,2468.170654296875
45_20220828 08,2603.49365234375
45_20220828 09,2648.68115234375
45_20220828 10,2689.391845703125
45_20220828 11,2701.46728515625
45_20220828 12,2661.269287109375
45_20220828 13,2644.3671875
45_20220828 14,2659.22216796875
45_20220828 15,2670.8251953125
45_20220828 16,2674.1181640625
45_20220828 17,2649.2587890625
45_20220828 18,2555.22607421875
45_20220828 19,2584.318359375
45_20220828 20,2477.540283203125
45_20220828 21,2401.6220703125
45_20220828 22,2320.138916015625
45_20220828 23,2282.470458984375
45_20220829 00,2227.82568359375
45_20220829 01,2242.4716796875
45_20220829 02,2238.498046875
45_20220829 03,2198.125732421875
45_20220829 04,2265.7919921875
45_20220829 05,2375.057861328125
45_20220829 06,2833.079833984375
45_20220829 07,3145.88671875
45_20220829 08,3462.185546875
45_20220829 09,3534.8984375
45_20220829 10,3544.53271484375
45_20220829 11,3535.301513671875
45_20220829 12,3473.242919921875
45_20220829 13,3498.81396484375
45_20220829 14,3514.65185546875
45_20220829 15,3485.649169921875
45_20220829 16,3389.703125
45_20220829 17,3080.496337890625
45_20220829 18,2775.93212890625
45_20220829 19,2731.9375
45_20220829 20,2618.12841796875
45_20220829 21,2472.763671875
45_20220829 22,2311.704345703125
45_20220829 23,2279.6630859375
45_20220830 00,2158.948486328125
45_20220830 01,2170.39111328125
45_20220830 02,2171.51513671875
45_20220830 03,2156.97509765625
45_20220830 04,2240.642333984375
45_20220830 05,2334.935791015625
45_20220830 06,2786.18505859375
45_20220830 07,3122.735595703125
45_20220830 08,3484.99560546875
45_20220830 09,3544.653076171875
45_20220830 10,3577.869140625
45_20220830 11,3571.490234375
45_20220830 12,3491.96533203125
45_20220830 13,3511.22314453125
45_20220830 14,3555.129638671875
45_20220830 15,3479.67138671875
45_20220830 16,3412.852783203125
45_20220830 17,3123.95068359375
45_20220830 18,2825.661376953125
45_20220830 19,2780.582763671875
45_20220830 20,2661.456787109375
45_20220830 21,2506.67431640625
45_20220830 22,2342.955810546875
45_20220830 23,2291.134521484375
45_20220831 00,2217.199951171875
45_20220831 01,2233.582275390625
45_20220831 02,2224.583984375
45_20220831 03,2200.98291015625
45_20220831 04,2265.35693359375
45_20220831 05,2387.03955078125
45_20220831 06,2830.27197265625
45_20220831 07,3175.810546875
45_20220831 08,3522.24853515625
45_20220831 09,3548.50439453125
45_20220831 10,3553.436767578125
45_20220831 11,3545.42529296875
45_20220831 12,3486.58154296875
45_20220831 13,3492.639404296875
45_20220831 14,3532.903076171875
45_20220831 15,3498.477783203125
45_20220831 16,3415.397216796875
45_20220831 17,3133.119873046875
45_20220831 18,2803.82275390625
45_20220831 19,2786.880615234375
45_20220831 20,2663.615966796875
45_20220831 21,2518.776611328125
45_20220831 22,2374.308837890625
45_20220831 23,2328.184326171875
46_20220825 00,1515.1358642578125
46_20220825 01,1491.4736328125
46_20220825 02,1680.826171875
46_20220825 03,1635.112548828125
46_20220825 04,1463.130859375
46_20220825 05,1528.4857177734375
46_20220825 06,1930.504150390625
46_20220825 07,2337.856201171875
46_20220825 08,2812.40625
46_20220825 09,2978.924560546875
46_20220825 10,3039.51708984375
46_20220825 11,3019.589599609375
46_20220825 12,2927.697509765625
46_20220825 13,2948.98291015625
46_20220825 14,2950.557373046875
46_20220825 15,2967.678955078125
46_20220825 16,2967.7509765625
46_20220825 17,2855.32080078125
46_20220825 18,2315.18798828125
46_20220825 19,2150.89892578125
46_20220825 20,1995.919677734375
46_20220825 21,1907.8118896484375
46_20220825 22,1784.6722412109375
46_20220825 23,1697.699951171875
46_20220826 00,1475.778564453125
46_20220826 01,1472.0611572265625
46_20220826 02,1606.5985107421875
46_20220826 03,1570.88623046875
46_20220826 04,1456.737060546875
46_20220826 05,1477.9775390625
46_20220826 06,1744.7958984375
46_20220826 07,2129.18603515625
46_20220826 08,2592.940185546875
46_20220826 09,2812.123291015625
46_20220826 10,2855.12353515625
46_20220826 11,2860.852294921875
46_20220826 12,2775.4052734375
46_20220826 13,2805.21044921875
46_20220826 14,2818.834716796875
46_20220826 15,2828.780029296875
46_20220826 16,2810.921142578125
46_20220826 17,2665.71240234375
46_20220826 18,2143.10693359375
46_20220826 19,2055.38330078125
46_20220826 20,1927.3072509765625
46_20220826 21,1823.9332275390625
46_20220826 22,1738.4146728515625
46_20220826 23,1674.558837890625
46_20220827 00,1560.34326171875
46_20220827 01,1504.015869140625
46_20220827 02,1635.7950439453125
46_20220827 03,1613.2767333984375
46_20220827 04,1480.435546875
46_20220827 05,1519.57275390625
46_20220827 06,1930.0787353515625
46_20220827 07,2040.370361328125
46_20220827 08,2001.373046875
46_20220827 09,2087.3515625
46_20220827 10,2042.720703125
46_20220827 11,2077.26220703125
46_20220827 12,2048.27197265625
46_20220827 13,2056.44384765625
46_20220827 14,2077.40380859375
46_20220827 15,2058.6708984375
46_20220827 16,2078.073974609375
46_20220827 17,2036.303955078125
46_20220827 18,2006.194091796875
46_20220827 19,1962.457763671875
46_20220827 20,1861.7183837890625
46_20220827 21,1799.012939453125
46_20220827 22,1701.563232421875
46_20220827 23,1613.57470703125
46_20220828 00,1447.294189453125
46_20220828 01,1430.1734619140625
46_20220828 02,1504.331298828125
46_20220828 03,1491.6402587890625
46_20220828 04,1395.3359375
46_20220828 05,1437.77685546875
46_20220828 06,1711.966552734375
46_20220828 07,1814.4840087890625
46_20220828 08,1912.650634765625
46_20220828 09,1932.072265625
46_20220828 10,1917.4798583984375
46_20220828 11,1930.5084228515625
46_20220828 12,1911.3812255859375
46_20220828 13,1939.3134765625
46_20220828 14,1947.0697021484375
46_20220828 15,1943.6966552734375
46_20220828 16,1984.0980224609375
46_20220828 17,1968.6539306640625
46_20220828 18,1976.8792724609375
46_20220828 19,1908.3492431640625
46_20220828 20,1807.466064453125
46_20220828 21,1746.109375
46_20220828 22,1712.6351318359375
46_20220828 23,1597.5679931640625
46_20220829 00,1418.971435546875
46_20220829 01,1385.0286865234375
46_20220829 02,1523.831787109375
46_20220829 03,1483.15185546875
46_20220829 04,1378.780517578125
46_20220829 05,1421.8701171875
46_20220829 06,1707.331787109375
46_20220829 07,2087.64501953125
46_20220829 08,2520.242919921875
46_20220829 09,2733.131103515625
46_20220829 10,2826.7314453125
46_20220829 11,2827.143310546875
46_20220829 12,2739.211669921875
46_20220829 13,2759.962890625
46_20220829 14,2700.698486328125
46_20220829 15,2687.791748046875
46_20220829 16,2729.800048828125
46_20220829 17,2615.74951171875
46_20220829 18,2114.66552734375
46_20220829 19,1987.4847412109375
46_20220829 20,1866.5601806640625
46_20220829 21,1777.845703125
46_20220829 22,1688.5745849609375
46_20220829 23,1611.7935791015625
46_20220830 00,1433.2965087890625
46_20220830 01,1444.40869140625
46_20220830 02,1586.8118896484375
46_20220830 03,1565.241943359375
46_20220830 04,1419.7789306640625
46_20220830 05,1479.1563720703125
46_20220830 06,1819.8756103515625
46_20220830 07,2162.99267578125
46_20220830 08,2644.44189453125
46_20220830 09,2867.065673828125
46_20220830 10,2872.958984375
46_20220830 11,2869.615478515625
46_20220830 12,2744.952880859375
46_20220830 13,2829.57763671875
46_20220830 14,2826.290771484375
46_20220830 15,2823.270263671875
46_20220830 16,2812.10302734375
46_20220830 17,2677.67138671875
46_20220830 18,2162.27197265625
46_20220830 19,2030.5091552734375
46_20220830 20,1904.934814453125
46_20220830 21,1792.98046875
46_20220830 22,1712.6103515625
46_20220830 23,1639.999267578125
46_20220831 00,1455.577392578125
46_20220831 01,1460.36572265625
46_20220831 02,1612.283447265625
46_20220831 03,1576.019775390625
46_20220831 04,1418.2088623046875
46_20220831 05,1485.5325927734375
46_20220831 06,1812.427978515625
46_20220831 07,2197.880126953125
46_20220831 08,2571.37939453125
46_20220831 09,2770.84228515625
46_20220831 10,2779.106689453125
46_20220831 11,2806.71142578125
46_20220831 12,2720.962158203125
46_20220831 13,2746.52978515625
46_20220831 14,2774.19384765625
46_20220831 15,2769.930908203125
46_20220831 16,2752.504638671875
46_20220831 17,2634.552001953125
46_20220831 18,2157.479248046875
46_20220831 19,2055.20166015625
46_20220831 20,1909.772216796875
46_20220831 21,1821.590576171875
46_20220831 22,1727.6302490234375
46_20220831 23,1636.0167236328125
47_20220825 00,4153.9560546875
47_20220825 01,4132.72021484375
47_20220825 02,4119.61669921875
47_20220825 03,4126.82861328125
47_20220825 04,4148.8583984375
47_20220825 05,4238.7060546875
47_20220825 06,4937.40478515625
47_20220825 07,5745.21484375
47_20220825 08,6257.19775390625
47_20220825 09,6497.123046875
47_20220825 10,6507.97265625
47_20220825 11,6486.5986328125
47_20220825 12,6474.6826171875
47_20220825 13,6484.64013671875
47_20220825 14,6456.4775390625
47_20220825 15,6407.66015625
47_20220825 16,6373.6708984375
47_20220825 17,5723.8369140625
47_20220825 18,5199.8095703125
47_20220825 19,4992.8056640625
47_20220825 20,4678.7509765625
47_20220825 21,4526.6064453125
47_20220825 22,4476.61572265625
47_20220825 23,4228.5185546875
47_20220826 00,4167.5263671875
47_20220826 01,4171.8662109375
47_20220826 02,4119.7431640625
47_20220826 03,4145.14599609375
47_20220826 04,4200.7314453125
47_20220826 05,4264.62255859375
47_20220826 06,4986.7236328125
47_20220826 07,5451.9619140625
47_20220826 08,6065.671875
47_20220826 09,6339.8046875
47_20220826 10,6382.5244140625
47_20220826 11,6414.19921875
47_20220826 12,6397.685546875
47_20220826 13,6435.36083984375
47_20220826 14,6456.158203125
47_20220826 15,6461.04296875
47_20220826 16,6411.0302734375
47_20220826 17,5757.21630859375
47_20220826 18,5353.1083984375
47_20220826 19,5017.3408203125
47_20220826 20,4804.107421875
47_20220826 21,4625.2529296875
47_20220826 22,4507.99853515625
47_20220826 23,4287.8505859375
47_20220827 00,4007.80908203125
47_20220827 01,3962.201904296875
47_20220827 02,3959.38525390625
47_20220827 03,4012.107421875
47_20220827 04,4018.787841796875
47_20220827 05,3975.875732421875
47_20220827 06,4481.650390625
47_20220827 07,4603.1201171875
47_20220827 08,4751.548828125
47_20220827 09,4691.2021484375
47_20220827 10,4846.41552734375
47_20220827 11,4836.21240234375
47_20220827 12,4743.419921875
47_20220827 13,4797.98779296875
47_20220827 14,4792.93798828125
47_20220827 15,4643.19140625
47_20220827 16,4616.89208984375
47_20220827 17,4607.06494140625
47_20220827 18,4510.5712890625
47_20220827 19,4329.18359375
47_20220827 20,4229.57861328125
47_20220827 21,4153.85107421875
47_20220827 22,4079.675048828125
47_20220827 23,3939.87841796875
47_20220828 00,3810.662841796875
47_20220828 01,3825.06982421875
47_20220828 02,3822.231689453125
47_20220828 03,3849.95068359375
47_20220828 04,3905.42724609375
47_20220828 05,3915.531982421875
47_20220828 06,4265.45849609375
47_20220828 07,4289.14794921875
47_20220828 08,4345.8623046875
47_20220828 09,4326.912109375
47_20220828 10,4486.1865234375
47_20220828 11,4561.49462890625
47_20220828 12,4558.0751953125
47_20220828 13,4663.38330078125
47_20220828 14,4653.3583984375
47_20220828 15,4674.3740234375
47_20220828 16,4672.8193359375
47_20220828 17,4639.9140625
47_20220828 18,4564.52978515625
47_20220828 19,4383.7080078125
47_20220828 20,4304.82080078125
47_20220828 21,4281.8515625
47_20220828 22,4074.0625
47_20220828 23,3962.542236328125
47_20220829 00,4046.509765625
47_20220829 01,4043.471923828125
47_20220829 02,3982.654296875
47_20220829 03,4037.228515625
47_20220829 04,4078.53564453125
47_20220829 05,4129.458984375
47_20220829 06,4840.70703125
47_20220829 07,5470.0224609375
47_20220829 08,6118.8759765625
47_20220829 09,6116.3740234375
47_20220829 10,6328.7236328125
47_20220829 11,6316.28369140625
47_20220829 12,6286.9248046875
47_20220829 13,6289.09765625
47_20220829 14,6288.29345703125
47_20220829 15,6273.9111328125
47_20220829 16,5965.1982421875
47_20220829 17,5598.3837890625
47_20220829 18,5137.74755859375
47_20220829 19,4905.08984375
47_20220829 20,4647.259765625
47_20220829 21,4510.5986328125
47_20220829 22,4391.65234375
47_20220829 23,4141.13720703125
47_20220830 00,3991.30126953125
47_20220830 01,4029.11962890625
47_20220830 02,4008.701904296875
47_20220830 03,4062.50537109375
47_20220830 04,4067.337158203125
47_20220830 05,4194.0625
47_20220830 06,4860.650390625
47_20220830 07,5480.50048828125
47_20220830 08,6005.3603515625
47_20220830 09,6239.7685546875
47_20220830 10,6243.8740234375
47_20220830 11,6231.05615234375
47_20220830 12,6206.78125
47_20220830 13,6217.6845703125
47_20220830 14,6211.9130859375
47_20220830 15,6198.38525390625
47_20220830 16,6166.6435546875
47_20220830 17,5698.00341796875
47_20220830 18,5170.22265625
47_20220830 19,4943.794921875
47_20220830 20,4668.50244140625
47_20220830 21,4494.6630859375
47_20220830 22,4441.4365234375
47_20220830 23,4216.1025390625
47_20220831 00,4083.735107421875
47_20220831 01,4074.127685546875
47_20220831 02,4074.83056640625
47_20220831 03,4096.85791015625
47_20220831 04,4109.31005859375
47_20220831 05,4206.4814453125
47_20220831 06,4884.8525390625
47_20220831 07,5524.71142578125
47_20220831 08,6089.53857421875
47_20220831 09,6062.50244140625
47_20220831 10,6288.97900390625
47_20220831 11,6059.1806640625
47_20220831 12,6020.07958984375
47_20220831 13,6036.3388671875
47_20220831 14,6053.8544921875
47_20220831 15,6030.28271484375
47_20220831 16,5988.77490234375
47_20220831 17,5668.263671875
47_20220831 18,5061.7216796875
47_20220831 19,4819.3857421875
47_20220831 20,4583.52587890625
47_20220831 21,4485.9091796875
47_20220831 22,4331.6279296875
47_20220831 23,4109.71875
48_20220825 00,1422.9993896484375
48_20220825 01,1414.8985595703125
48_20220825 02,1390.177001953125
48_20220825 03,1396.702880859375
48_20220825 04,1407.937255859375
48_20220825 05,1473.85693359375
48_20220825 06,1662.669921875
48_20220825 07,2092.91748046875
48_20220825 08,2450.9521484375
48_20220825 09,2445.553466796875
48_20220825 10,2440.83642578125
48_20220825 11,2465.684814453125
48_20220825 12,2429.897216796875
48_20220825 13,2431.21826171875
48_20220825 14,2461.262451171875
48_20220825 15,2465.44580078125
48_20220825 16,2418.305419921875
48_20220825 17,2054.37939453125
48_20220825 18,1809.0999755859375
48_20220825 19,1689.487548828125
48_20220825 20,1601.866943359375
48_20220825 21,1549.2650146484375
48_20220825 22,1482.462890625
48_20220825 23,1431.354248046875
48_20220826 00,1384.733642578125
48_20220826 01,1388.189208984375
48_20220826 02,1361.6123046875
48_20220826 03,1370.356201171875
48_20220826 04,1373.316162109375
48_20220826 05,1446.456787109375
48_20220826 06,1606.959716796875
48_20220826 07,2033.126953125
48_20220826 08,2408.51171875
48_20220826 09,2403.67138671875
48_20220826 10,2434.903564453125
48_20220826 11,2477.347412109375
48_20220826 12,2415.28759765625
48_20220826 13,2427.18212890625
48_20220826 14,2475.11279296875
48_20220826 15,2481.271728515625
48_20220826 16,2421.16357421875
48_20220826 17,2070.85888671875
48_20220826 18,1834.384765625
48_20220826 19,1698.2847900390625
48_20220826 20,1612.3690185546875
48_20220826 21,1555.2171630859375
48_20220826 22,1496.158935546875
48_20220826 23,1444.705322265625
48_20220827 00,1376.130126953125
48_20220827 01,1367.5406494140625
48_20220827 02,1366.3656005859375
48_20220827 03,1369.8499755859375
48_20220827 04,1390.5797119140625
48_20220827 05,1408.701904296875
48_20220827 06,1521.576171875
48_20220827 07,1638.7154541015625
48_20220827 08,1740.387939453125
48_20220827 09,1763.987060546875
48_20220827 10,1790.91796875
48_20220827 11,1783.605224609375
48_20220827 12,1786.8616943359375
48_20220827 13,1745.1666259765625
48_20220827 14,1755.984619140625
48_20220827 15,1705.9609375
48_20220827 16,1690.7437744140625
48_20220827 17,1648.8004150390625
48_20220827 18,1559.4903564453125
48_20220827 19,1510.2135009765625
48_20220827 20,1455.146240234375
48_20220827 21,1430.626953125
48_20220827 22,1398.809326171875
48_20220827 23,1362.5228271484375
48_20220828 00,1332.312744140625
48_20220828 01,1323.592529296875
48_20220828 02,1309.2861328125
48_20220828 03,1308.175048828125
48_20220828 04,1329.254150390625
48_20220828 05,1346.199462890625
48_20220828 06,1432.2305908203125
48_20220828 07,1519.483154296875
48_20220828 08,1610.185546875
48_20220828 09,1623.5399169921875
48_20220828 10,1652.9127197265625
48_20220828 11,1662.367919921875
48_20220828 12,1711.12109375
48_20220828 13,1720.266357421875
48_20220828 14,1735.052734375
48_20220828 15,1692.059814453125
48_20220828 16,1734.2984619140625
48_20220828 17,1668.5419921875
48_20220828 18,1594.685302734375
48_20220828 19,1544.9749755859375
48_20220828 20,1492.2379150390625
48_20220828 21,1465.6058349609375
48_20220828 22,1428.3016357421875
48_20220828 23,1362.003173828125
48_20220829 00,1357.5599365234375
48_20220829 01,1351.099365234375
48_20220829 02,1343.164794921875
48_20220829 03,1344.4625244140625
48_20220829 04,1356.7503662109375
48_20220829 05,1399.264892578125
48_20220829 06,1562.047119140625
48_20220829 07,1992.8870849609375
48_20220829 08,2267.954345703125
48_20220829 09,2256.080810546875
48_20220829 10,2250.02587890625
48_20220829 11,2261.88134765625
48_20220829 12,2213.8212890625
48_20220829 13,2235.99072265625
48_20220829 14,2257.25732421875
48_20220829 15,2242.623046875
48_20220829 16,2218.564697265625
48_20220829 17,1976.375244140625
48_20220829 18,1732.169921875
48_20220829 19,1638.1351318359375
48_20220829 20,1569.2611083984375
48_20220829 21,1531.307373046875
48_20220829 22,1459.833740234375
48_20220829 23,1418.7904052734375
48_20220830 00,1398.68359375
48_20220830 01,1384.657958984375
48_20220830 02,1366.156005859375
48_20220830 03,1374.208984375
48_20220830 04,1389.2525634765625
48_20220830 05,1472.262939453125
48_20220830 06,1639.0166015625
48_20220830 07,2066.100341796875
48_20220830 08,2423.38720703125
48_20220830 09,2427.68017578125
48_20220830 10,2434.33447265625
48_20220830 11,2454.162841796875
48_20220830 12,2431.041748046875
48_20220830 13,2443.0234375
48_20220830 14,2448.3798828125
48_20220830 15,2427.07861328125
48_20220830 16,2393.239990234375
48_20220830 17,2076.54248046875
48_20220830 18,1851.678466796875
48_20220830 19,1738.220458984375
48_20220830 20,1644.3245849609375
48_20220830 21,1603.013916015625
48_20220830 22,1512.2122802734375
48_20220830 23,1474.3839111328125
48_20220831 00,1418.0350341796875
48_20220831 01,1412.987060546875
48_20220831 02,1391.5897216796875
48_20220831 03,1391.922607421875
48_20220831 04,1404.9705810546875
48_20220831 05,1464.693115234375
48_20220831 06,1639.0609130859375
48_20220831 07,2044.819580078125
48_20220831 08,2363.070556640625
48_20220831 09,2363.74853515625
48_20220831 10,2392.451171875
48_20220831 11,2399.97314453125
48_20220831 12,2357.58154296875
48_20220831 13,2342.33984375
48_20220831 14,2376.00830078125
48_20220831 15,2359.853515625
48_20220831 16,2315.77783203125
48_20220831 17,1996.8544921875
48_20220831 18,1774.3695068359375
48_20220831 19,1678.5032958984375
48_20220831 20,1596.1864013671875
48_20220831 21,1539.0198974609375
48_20220831 22,1471.0816650390625
48_20220831 23,1427.697998046875
49_20220825 00,2591.68115234375
49_20220825 01,2518.479736328125
49_20220825 02,2516.63720703125
49_20220825 03,2513.572021484375
49_20220825 04,2556.55615234375
49_20220825 05,2628.95751953125
49_20220825 06,2749.582763671875
49_20220825 07,3030.05224609375
49_20220825 08,3539.31396484375
49_20220825 09,3724.522216796875
49_20220825 10,3757.80517578125
49_20220825 11,3767.13818359375
49_20220825 12,3672.76708984375
49_20220825 13,3667.70849609375
49_20220825 14,3769.835205078125
49_20220825 15,3758.00830078125
49_20220825 16,3740.385498046875
49_20220825 17,3360.139404296875
49_20220825 18,3102.99951171875
49_20220825 19,2982.873046875
49_20220825 20,2857.725830078125
49_20220825 21,2740.029541015625
49_20220825 22,2679.744140625
49_20220825 23,2592.72119140625
49_20220826 00,2564.294677734375
49_20220826 01,2493.53955078125
49_20220826 02,2521.81298828125
49_20220826 03,2493.35791015625
49_20220826 04,2505.630126953125
49_20220826 05,2604.899658203125
49_20220826 06,2750.356689453125
49_20220826 07,2986.16650390625
49_20220826 08,3460.62109375
49_20220826 09,3661.84814453125
49_20220826 10,3720.54638671875
49_20220826 11,3733.28271484375
49_20220826 12,3635.696533203125
49_20220826 13,3638.82666015625
49_20220826 14,3741.79248046875
49_20220826 15,3748.133544921875
49_20220826 16,3757.556640625
49_20220826 17,3403.44921875
49_20220826 18,3138.335205078125
49_20220826 19,3005.840087890625
49_20220826 20,2854.598388671875
49_20220826 21,2779.26806640625
49_20220826 22,2726.80126953125
49_20220826 23,2653.40966796875
49_20220827 00,2479.60009765625
49_20220827 01,2419.15478515625
49_20220827 02,2402.12060546875
49_20220827 03,2388.01611328125
49_20220827 04,2400.99951171875
49_20220827 05,2432.35986328125
49_20220827 06,2543.077392578125
49_20220827 07,2621.480712890625
49_20220827 08,2800.471923828125
49_20220827 09,2884.07958984375
49_20220827 10,2900.888916015625
49_20220827 11,2907.04052734375
49_20220827 12,2905.352783203125
49_20220827 13,2818.37158203125
49_20220827 14,2840.01025390625
49_20220827 15,2823.750244140625
49_20220827 16,2816.12109375
49_20220827 17,2783.03564453125
49_20220827 18,2694.08154296875
49_20220827 19,2680.774658203125
49_20220827 20,2595.026123046875
49_20220827 21,2505.869873046875
49_20220827 22,2471.76806640625
49_20220827 23,2391.905029296875
49_20220828 00,2354.034912109375
49_20220828 01,2337.397216796875
49_20220828 02,2295.530517578125
49_20220828 03,2279.90185546875
49_20220828 04,2338.10888671875
49_20220828 05,2375.24560546875
49_20220828 06,2432.65625
49_20220828 07,2504.57373046875
49_20220828 08,2672.150146484375
49_20220828 09,2707.64990234375
49_20220828 10,2740.514404296875
49_20220828 11,2752.759033203125
49_20220828 12,2760.556640625
49_20220828 13,2772.343994140625
49_20220828 14,2804.20263671875
49_20220828 15,2825.951904296875
49_20220828 16,2851.04931640625
49_20220828 17,2807.90869140625
49_20220828 18,2738.575439453125
49_20220828 19,2714.12353515625
49_20220828 20,2621.576904296875
49_20220828 21,2541.98876953125
49_20220828 22,2511.9697265625
49_20220828 23,2453.63671875
49_20220829 00,2451.267822265625
49_20220829 01,2393.376953125
49_20220829 02,2366.24072265625
49_20220829 03,2368.902099609375
49_20220829 04,2391.78173828125
49_20220829 05,2491.808349609375
49_20220829 06,2594.96630859375
49_20220829 07,2870.4892578125
49_20220829 08,3275.781005859375
49_20220829 09,3463.27490234375
49_20220829 10,3504.85400390625
49_20220829 11,3518.616455078125
49_20220829 12,3430.58837890625
49_20220829 13,3457.133544921875
49_20220829 14,3525.010986328125
49_20220829 15,3515.46142578125
49_20220829 16,3487.309326171875
49_20220829 17,3207.021484375
49_20220829 18,2969.307861328125
49_20220829 19,2864.794189453125
49_20220829 20,2756.51708984375
49_20220829 21,2674.43603515625
49_20220829 22,2609.182373046875
49_20220829 23,2543.27001953125
49_20220830 00,2603.466552734375
49_20220830 01,2557.204345703125
49_20220830 02,2553.78662109375
49_20220830 03,2563.99560546875
49_20220830 04,2584.88623046875
49_20220830 05,2659.5
49_20220830 06,2770.21337890625
49_20220830 07,3020.394775390625
49_20220830 08,3509.92431640625
49_20220830 09,3728.155517578125
49_20220830 10,3794.399658203125
49_20220830 11,3788.48193359375
49_20220830 12,3713.30029296875
49_20220830 13,3729.162841796875
49_20220830 14,3806.803466796875
49_20220830 15,3797.14794921875
49_20220830 16,3804.115234375
49_20220830 17,3461.81884765625
49_20220830 18,3178.82177734375
49_20220830 19,3052.998779296875
49_20220830 20,2882.951171875
49_20220830 21,2804.380615234375
49_20220830 22,2724.689208984375
49_20220830 23,2668.3876953125
49_20220831 00,2606.21923828125
49_20220831 01,2546.4482421875
49_20220831 02,2537.3349609375
49_20220831 03,2539.836669921875
49_20220831 04,2564.61669921875
49_20220831 05,2647.81494140625
49_20220831 06,2742.745849609375
49_20220831 07,3000.08447265625
49_20220831 08,3396.647216796875
49_20220831 09,3591.887939453125
49_20220831 10,3705.789794921875
49_20220831 11,3693.233642578125
49_20220831 12,3560.182373046875
49_20220831 13,3530.93310546875
49_20220831 14,3639.224609375
49_20220831 15,3621.948486328125
49_20220831 16,3612.10791015625
49_20220831 17,3268.859619140625
49_20220831 18,3030.09716796875
49_20220831 19,2912.830078125
49_20220831 20,2815.02587890625
49_20220831 21,2719.820556640625
49_20220831 22,2665.14404296875
49_20220831 23,2602.130615234375
50_20220825 00,2449.03515625
50_20220825 01,2449.97021484375
50_20220825 02,2452.358154296875
50_20220825 03,2454.95361328125
50_20220825 04,2492.873046875
50_20220825 05,2723.150390625
50_20220825 06,2933.425048828125
50_20220825 07,3281.974609375
50_20220825 08,3549.30615234375
50_20220825 09,3600.94091796875
50_20220825 10,3683.003173828125
50_20220825 11,3718.97021484375
50_20220825 12,3623.091796875
50_20220825 13,3604.78759765625
50_20220825 14,3695.881591796875
50_20220825 15,3677.44287109375
50_20220825 16,3625.18115234375
50_20220825 17,3298.50341796875
50_20220825 18,3076.682373046875
50_20220825 19,2869.26416015625
50_20220825 20,2751.80908203125
50_20220825 21,2634.188720703125
50_20220825 22,2571.027099609375
50_20220825 23,2517.85888671875
50_20220826 00,2634.54638671875
50_20220826 01,2631.980224609375
50_20220826 02,2626.18408203125
50_20220826 03,2643.00439453125
50_20220826 04,2625.173095703125
50_20220826 05,2776.801025390625
50_20220826 06,2974.116455078125
50_20220826 07,3316.346923828125
50_20220826 08,3581.2109375
50_20220826 09,3642.061279296875
50_20220826 10,3687.382080078125
50_20220826 11,3689.99609375
50_20220826 12,3652.466796875
50_20220826 13,3611.88037109375
50_20220826 14,3676.017578125
50_20220826 15,3700.098876953125
50_20220826 16,3632.56689453125
50_20220826 17,3318.921875
50_20220826 18,3110.639892578125
50_20220826 19,2972.438720703125
50_20220826 20,2864.35595703125
50_20220826 21,2746.870849609375
50_20220826 22,2701.284423828125
50_20220826 23,2624.62646484375
50_20220827 00,2445.427734375
50_20220827 01,2456.378173828125
50_20220827 02,2449.73779296875
50_20220827 03,2448.611328125
50_20220827 04,2474.476318359375
50_20220827 05,2606.53857421875
50_20220827 06,2743.994140625
50_20220827 07,2986.199462890625
50_20220827 08,3149.464111328125
50_20220827 09,3161.74755859375
50_20220827 10,3149.22314453125
50_20220827 11,3148.2490234375
50_20220827 12,3001.98828125
50_20220827 13,2866.32666015625
50_20220827 14,2839.782470703125
50_20220827 15,2855.211669921875
50_20220827 16,2816.25830078125
50_20220827 17,2756.82080078125
50_20220827 18,2670.234375
50_20220827 19,2577.179931640625
50_20220827 20,2499.43603515625
50_20220827 21,2444.54443359375
50_20220827 22,2382.64013671875
50_20220827 23,2331.65283203125
50_20220828 00,2236.849609375
50_20220828 01,2213.61083984375
50_20220828 02,2226.675048828125
50_20220828 03,2237.49169921875
50_20220828 04,2239.846923828125
50_20220828 05,2354.954833984375
50_20220828 06,2392.22900390625
50_20220828 07,2568.187255859375
50_20220828 08,2604.33740234375
50_20220828 09,2613.77587890625
50_20220828 10,2712.418212890625
50_20220828 11,2708.70458984375
50_20220828 12,2699.53076171875
50_20220828 13,2662.70947265625
50_20220828 14,2654.46630859375
50_20220828 15,2704.340087890625
50_20220828 16,2701.44921875
50_20220828 17,2662.19677734375
50_20220828 18,2662.6328125
50_20220828 19,2527.41748046875
50_20220828 20,2451.39404296875
50_20220828 21,2379.58984375
50_20220828 22,2331.296875
50_20220828 23,2296.012939453125
50_20220829 00,2337.92431640625
50_20220829 01,2303.37109375
50_20220829 02,2343.930419921875
50_20220829 03,2348.67919921875
50_20220829 04,2362.598876953125
50_20220829 05,2567.99951171875
50_20220829 06,2776.87744140625
50_20220829 07,3095.44287109375
50_20220829 08,3376.599609375
50_20220829 09,3449.59716796875
50_20220829 10,3511.569580078125
50_20220829 11,3485.28662109375
50_20220829 12,3490.016845703125
50_20220829 13,3466.45849609375
50_20220829 14,3476.90625
50_20220829 15,3494.83837890625
50_20220829 16,3454.272705078125
50_20220829 17,3136.668701171875
50_20220829 18,2934.795654296875
50_20220829 19,2748.9130859375
50_20220829 20,2677.50390625
50_20220829 21,2561.47900390625
50_20220829 22,2506.569580078125
50_20220829 23,2439.35400390625
50_20220830 00,2418.986328125
50_20220830 01,2381.23974609375
50_20220830 02,2381.71435546875
50_20220830 03,2419.45751953125
50_20220830 04,2443.45849609375
50_20220830 05,2650.23046875
50_20220830 06,2851.65185546875
50_20220830 07,3172.30029296875
50_20220830 08,3452.865234375
50_20220830 09,3478.83740234375
50_20220830 10,3511.465576171875
50_20220830 11,3504.965576171875
50_20220830 12,3485.165283203125
50_20220830 13,3436.63037109375
50_20220830 14,3462.29052734375
50_20220830 15,3458.21826171875
50_20220830 16,3377.481689453125
50_20220830 17,3066.49365234375
50_20220830 18,2835.67626953125
50_20220830 19,2684.689208984375
50_20220830 20,2610.151123046875
50_20220830 21,2500.82666015625
50_20220830 22,2456.89794921875
50_20220830 23,2394.30810546875
50_20220831 00,2518.31298828125
50_20220831 01,2513.51904296875
50_20220831 02,2531.260498046875
50_20220831 03,2541.6142578125
50_20220831 04,2572.020751953125
50_20220831 05,2775.197265625
50_20220831 06,2965.02783203125
50_20220831 07,3256.696533203125
50_20220831 08,3539.805419921875
50_20220831 09,3581.07763671875
50_20220831 10,3605.225830078125
50_20220831 11,3619.185546875
50_20220831 12,3586.031982421875
50_20220831 13,3514.9921875
50_20220831 14,3546.407470703125
50_20220831 15,3555.793701171875
50_20220831 16,3519.172607421875
50_20220831 17,3197.36572265625
50_20220831 18,2990.010986328125
50_20220831 19,2843.11962890625
50_20220831 20,2772.603759765625
50_20220831 21,2652.5166015625
50_20220831 22,2576.57275390625
50_20220831 23,2513.053955078125
51_20220825 00,2009.1048583984375
51_20220825 01,1977.396240234375
51_20220825 02,1931.9573974609375
51_20220825 03,1936.4095458984375
51_20220825 04,1947.8701171875
51_20220825 05,2053.322265625
51_20220825 06,2430.799560546875
51_20220825 07,2692.576171875
51_20220825 08,3107.82958984375
51_20220825 09,3242.311279296875
51_20220825 10,3369.73046875
51_20220825 11,3408.608642578125
51_20220825 12,3370.231689453125
51_20220825 13,3416.297607421875
51_20220825 14,3436.3671875
51_20220825 15,3430.258544921875
51_20220825 16,3351.61181640625
51_20220825 17,2965.487548828125
51_20220825 18,2613.566650390625
51_20220825 19,2450.277587890625
51_20220825 20,2338.19677734375
51_20220825 21,2312.360107421875
51_20220825 22,2228.13427734375
51_20220825 23,2136.39013671875
51_20220826 00,2077.169189453125
51_20220826 01,2031.2698974609375
51_20220826 02,1937.036376953125
51_20220826 03,1945.388427734375
51_20220826 04,1957.837890625
51_20220826 05,2095.3349609375
51_20220826 06,2533.833740234375
51_20220826 07,2795.572509765625
51_20220826 08,3195.41064453125
51_20220826 09,3381.359375
51_20220826 10,3429.088623046875
51_20220826 11,3439.46337890625
51_20220826 12,3365.11669921875
51_20220826 13,3419.573486328125
51_20220826 14,3436.29296875
51_20220826 15,3452.501953125
51_20220826 16,3385.47509765625
51_20220826 17,2948.59130859375
51_20220826 18,2633.050048828125
51_20220826 19,2506.061767578125
51_20220826 20,2392.53076171875
51_20220826 21,2370.68505859375
51_20220826 22,2256.91357421875
51_20220826 23,2156.27587890625
51_20220827 00,1994.556396484375
51_20220827 01,1902.5269775390625
51_20220827 02,1863.8544921875
51_20220827 03,1880.609130859375
51_20220827 04,1855.726318359375
51_20220827 05,1889.1849365234375
51_20220827 06,1992.8167724609375
51_20220827 07,2125.562744140625
51_20220827 08,2239.392578125
51_20220827 09,2358.244140625
51_20220827 10,2434.86328125
51_20220827 11,2445.97119140625
51_20220827 12,2413.44482421875
51_20220827 13,2414.531005859375
51_20220827 14,2375.5234375
51_20220827 15,2381.87548828125
51_20220827 16,2354.635009765625
51_20220827 17,2252.84619140625
51_20220827 18,2224.663330078125
51_20220827 19,2134.18017578125
51_20220827 20,2078.62158203125
51_20220827 21,2118.6806640625
51_20220827 22,1971.6083984375
51_20220827 23,1908.7525634765625
51_20220828 00,1879.236328125
51_20220828 01,1806.266845703125
51_20220828 02,1801.1236572265625
51_20220828 03,1808.461669921875
51_20220828 04,1777.992431640625
51_20220828 05,1805.6136474609375
51_20220828 06,1906.365478515625
51_20220828 07,2000.8463134765625
51_20220828 08,2114.82763671875
51_20220828 09,2194.373779296875
51_20220828 10,2248.077392578125
51_20220828 11,2280.288818359375
51_20220828 12,2290.646484375
51_20220828 13,2312.919189453125
51_20220828 14,2313.25146484375
51_20220828 15,2332.54248046875
51_20220828 16,2292.12109375
51_20220828 17,2252.067138671875
51_20220828 18,2228.586669921875
51_20220828 19,2135.732666015625
51_20220828 20,2069.196533203125
51_20220828 21,2058.721435546875
51_20220828 22,1939.913818359375
51_20220828 23,1884.5992431640625
51_20220829 00,1892.798583984375
51_20220829 01,1827.3355712890625
51_20220829 02,1793.2532958984375
51_20220829 03,1826.524169921875
51_20220829 04,1844.204345703125
51_20220829 05,1981.675537109375
51_20220829 06,2293.677734375
51_20220829 07,2589.9384765625
51_20220829 08,2958.08935546875
51_20220829 09,3088.64892578125
51_20220829 10,3148.074951171875
51_20220829 11,3232.3916015625
51_20220829 12,3133.72509765625
51_20220829 13,3188.3046875
51_20220829 14,3194.6669921875
51_20220829 15,3191.81494140625
51_20220829 16,3087.950439453125
51_20220829 17,2783.56982421875
51_20220829 18,2484.13916015625
51_20220829 19,2310.34765625
51_20220829 20,2220.1767578125
51_20220829 21,2213.769287109375
51_20220829 22,2123.2431640625
51_20220829 23,2033.5601806640625
51_20220830 00,1945.4613037109375
51_20220830 01,1910.77734375
51_20220830 02,1863.4888916015625
51_20220830 03,1874.519775390625
51_20220830 04,1887.944580078125
51_20220830 05,2005.910400390625
51_20220830 06,2363.129150390625
51_20220830 07,2613.4775390625
51_20220830 08,3000.716796875
51_20220830 09,3113.1845703125
51_20220830 10,3211.159423828125
51_20220830 11,3226.268310546875
51_20220830 12,3156.337646484375
51_20220830 13,3179.254150390625
51_20220830 14,3196.52685546875
51_20220830 15,3186.4921875
51_20220830 16,3090.93603515625
51_20220830 17,2718.48583984375
51_20220830 18,2409.00439453125
51_20220830 19,2240.96337890625
51_20220830 20,2191.66064453125
51_20220830 21,2176.54833984375
51_20220830 22,2092.95458984375
51_20220830 23,2026.4573974609375
51_20220831 00,2047.934326171875
51_20220831 01,1967.4036865234375
51_20220831 02,1954.890869140625
51_20220831 03,1984.5023193359375
51_20220831 04,2007.1748046875
51_20220831 05,2125.79150390625
51_20220831 06,2450.938232421875
51_20220831 07,2687.3740234375
51_20220831 08,3015.94482421875
51_20220831 09,3121.941650390625
51_20220831 10,3178.471435546875
51_20220831 11,3173.551513671875
51_20220831 12,3121.05419921875
51_20220831 13,3122.78076171875
51_20220831 14,3166.95166015625
51_20220831 15,3186.9921875
51_20220831 16,3070.78466796875
51_20220831 17,2763.6142578125
51_20220831 18,2471.400634765625
51_20220831 19,2363.15087890625
51_20220831 20,2270.904541015625
51_20220831 21,2262.458251953125
51_20220831 22,2160.48486328125
51_20220831 23,2078.269287109375
52_20220825 00,1591.5062255859375
52_20220825 01,1580.840576171875
52_20220825 02,1569.639892578125
52_20220825 03,1587.0382080078125
52_20220825 04,1603.3017578125
52_20220825 05,1715.9329833984375
52_20220825 06,1964.625
52_20220825 07,2522.013427734375
52_20220825 08,2945.050048828125
52_20220825 09,3043.13818359375
52_20220825 10,3037.86181640625
52_20220825 11,3022.91455078125
52_20220825 12,2944.6298828125
52_20220825 13,2992.69921875
52_20220825 14,3022.82763671875
52_20220825 15,3015.74072265625
52_20220825 16,2967.42236328125
52_20220825 17,2763.393798828125
52_20220825 18,2280.71533203125
52_20220825 19,2021.0374755859375
52_20220825 20,1887.357421875
52_20220825 21,1762.5595703125
52_20220825 22,1670.7064208984375
52_20220825 23,1622.4393310546875
52_20220826 00,1623.751708984375
52_20220826 01,1629.7420654296875
52_20220826 02,1610.6552734375
52_20220826 03,1639.4290771484375
52_20220826 04,1676.0904541015625
52_20220826 05,1794.9713134765625
52_20220826 06,2060.7880859375
52_20220826 07,2567.213134765625
52_20220826 08,2941.1884765625
52_20220826 09,3061.041015625
52_20220826 10,3005.08935546875
52_20220826 11,2999.471435546875
52_20220826 12,2907.201171875
52_20220826 13,2959.35595703125
52_20220826 14,2974.826904296875
52_20220826 15,2975.8837890625
52_20220826 16,2886.036376953125
52_20220826 17,2692.260009765625
52_20220826 18,2257.134765625
52_20220826 19,1974.1900634765625
52_20220826 20,1823.8843994140625
52_20220826 21,1758.8863525390625
52_20220826 22,1693.796875
52_20220826 23,1638.9437255859375
52_20220827 00,1577.683837890625
52_20220827 01,1582.3782958984375
52_20220827 02,1557.82080078125
52_20220827 03,1549.141845703125
52_20220827 04,1594.9630126953125
52_20220827 05,1645.753173828125
52_20220827 06,1743.7998046875
52_20220827 07,1796.19140625
52_20220827 08,1840.884033203125
52_20220827 09,2027.194091796875
52_20220827 10,2002.847900390625
52_20220827 11,1919.2945556640625
52_20220827 12,1958.7366943359375
52_20220827 13,1927.4554443359375
52_20220827 14,1932.1666259765625
52_20220827 15,1948.7109375
52_20220827 16,1967.587158203125
52_20220827 17,1847.3404541015625
52_20220827 18,1847.4453125
52_20220827 19,1738.9515380859375
52_20220827 20,1679.609619140625
52_20220827 21,1595.3282470703125
52_20220827 22,1568.624267578125
52_20220827 23,1552.9801025390625
52_20220828 00,1484.4906005859375
52_20220828 01,1483.9256591796875
52_20220828 02,1462.2926025390625
52_20220828 03,1447.979248046875
52_20220828 04,1459.4498291015625
52_20220828 05,1523.07763671875
52_20220828 06,1584.909912109375
52_20220828 07,1644.7965087890625
52_20220828 08,1680.8568115234375
52_20220828 09,1810.1663818359375
52_20220828 10,1816.559814453125
52_20220828 11,1798.0657958984375
52_20220828 12,1809.7562255859375
52_20220828 13,1796.5003662109375
52_20220828 14,1803.9857177734375
52_20220828 15,1809.5703125
52_20220828 16,1854.062744140625
52_20220828 17,1715.5355224609375
52_20220828 18,1769.5537109375
52_20220828 19,1704.659423828125
52_20220828 20,1666.201171875
52_20220828 21,1544.249755859375
52_20220828 22,1514.634033203125
52_20220828 23,1502.2679443359375
52_20220829 00,1528.834716796875
52_20220829 01,1536.3092041015625
52_20220829 02,1530.253662109375
52_20220829 03,1552.3779296875
52_20220829 04,1562.8062744140625
52_20220829 05,1677.1751708984375
52_20220829 06,1935.8031005859375
52_20220829 07,2440.84130859375
52_20220829 08,2838.4404296875
52_20220829 09,2941.62109375
52_20220829 10,2896.25146484375
52_20220829 11,2892.44970703125
52_20220829 12,2840.528564453125
52_20220829 13,2879.856689453125
52_20220829 14,2894.204345703125
52_20220829 15,2892.22998046875
52_20220829 16,2877.06689453125
52_20220829 17,2606.164306640625
52_20220829 18,2211.65234375
52_20220829 19,1985.0804443359375
52_20220829 20,1838.227294921875
52_20220829 21,1725.134765625
52_20220829 22,1652.262939453125
52_20220829 23,1594.9656982421875
52_20220830 00,1586.4111328125
52_20220830 01,1585.7060546875
52_20220830 02,1555.635009765625
52_20220830 03,1557.1656494140625
52_20220830 04,1560.1273193359375
52_20220830 05,1694.4906005859375
52_20220830 06,1961.0660400390625
52_20220830 07,2467.270263671875
52_20220830 08,2916.0654296875
52_20220830 09,3057.7705078125
52_20220830 10,3033.65771484375
52_20220830 11,3081.815185546875
52_20220830 12,3006.23486328125
52_20220830 13,3059.561279296875
52_20220830 14,3083.24951171875
52_20220830 15,3094.019775390625
52_20220830 16,2929.27392578125
52_20220830 17,2758.59130859375
52_20220830 18,2315.215576171875
52_20220830 19,2020.004638671875
52_20220830 20,1829.8948974609375
52_20220830 21,1777.3160400390625
52_20220830 22,1680.548828125
52_20220830 23,1618.0867919921875
52_20220831 00,1570.9801025390625
52_20220831 01,1609.160400390625
52_20220831 02,1632.9766845703125
52_20220831 03,1677.0589599609375
52_20220831 04,1704.4781494140625
52_20220831 05,1796.148193359375
52_20220831 06,2054.533203125
52_20220831 07,2533.74755859375
52_20220831 08,2927.87744140625
52_20220831 09,3002.539306640625
52_20220831 10,2983.32080078125
52_20220831 11,2967.254638671875
52_20220831 12,2905.64990234375
52_20220831 13,2915.36962890625
52_20220831 14,2949.121337890625
52_20220831 15,2965.47412109375
52_20220831 16,2894.22607421875
52_20220831 17,2698.467529296875
52_20220831 18,2258.017333984375
52_20220831 19,1930.295166015625
52_20220831 20,1817.326904296875
52_20220831 21,1735.102294921875
52_20220831 22,1633.114990234375
52_20220831 23,1594.391357421875
53_20220825 00,1045.22607421875
53_20220825 01,1003.5244140625
53_20220825 02,1026.854248046875
53_20220825 03,1153.3101806640625
53_20220825 04,1752.4091796875
53_20220825 05,2423.653564453125
53_20220825 06,2871.428955078125
53_20220825 07,3174.641357421875
53_20220825 08,3281.49169921875
53_20220825 09,3349.042236328125
53_20220825 10,3348.92529296875
53_20220825 11,3326.06298828125
53_20220825 12,3197.15576171875
53_20220825 13,3322.94677734375
53_20220825 14,3329.491455078125
53_20220825 15,3140.792236328125
53_20220825 16,3094.18359375
53_20220825 17,3001.675048828125
53_20220825 18,2692.87060546875
53_20220825 19,1732.8834228515625
53_20220825 20,1340.99658203125
53_20220825 21,1119.289306640625
53_20220825 22,1009.9186401367188
53_20220825 23,1017.3347778320312
53_20220826 00,1035.147216796875
53_20220826 01,1035.631591796875
53_20220826 02,1041.772216796875
53_20220826 03,1166.782470703125
53_20220826 04,1691.0455322265625
53_20220826 05,2312.7890625
53_20220826 06,2767.719482421875
53_20220826 07,3112.793212890625
53_20220826 08,3255.093994140625
53_20220826 09,3311.9453125
53_20220826 10,3371.251220703125
53_20220826 11,3330.00146484375
53_20220826 12,3229.723876953125
53_20220826 13,3330.186279296875
53_20220826 14,3344.085205078125
53_20220826 15,3319.470703125
53_20220826 16,3195.612548828125
53_20220826 17,3065.743408203125
53_20220826 18,2697.57568359375
53_20220826 19,1771.3427734375
53_20220826 20,1379.747802734375
53_20220826 21,1159.3226318359375
53_20220826 22,1046.9073486328125
53_20220826 23,1004.8267822265625
53_20220827 00,833.6055908203125
53_20220827 01,825.80810546875
53_20220827 02,882.7741088867188
53_20220827 03,876.3421630859375
53_20220827 04,949.1650390625
53_20220827 05,955.2576904296875
53_20220827 06,959.5656127929688
53_20220827 07,998.3433837890625
53_20220827 08,1006.0153198242188
53_20220827 09,1010.5556640625
53_20220827 10,1044.3248291015625
53_20220827 11,976.0662841796875
53_20220827 12,916.0430908203125
53_20220827 13,879.3184814453125
53_20220827 14,899.1297607421875
53_20220827 15,864.8438720703125
53_20220827 16,855.8590698242188
53_20220827 17,805.5643310546875
53_20220827 18,806.6641845703125
53_20220827 19,810.0764770507812
53_20220827 20,812.45849609375
53_20220827 21,797.7346801757812
53_20220827 22,827.7606201171875
53_20220827 23,821.3563232421875
53_20220828 00,731.7138671875
53_20220828 01,728.7789916992188
53_20220828 02,762.2938232421875
53_20220828 03,767.3975830078125
53_20220828 04,855.3714599609375
53_20220828 05,891.0653076171875
53_20220828 06,882.2092895507812
53_20220828 07,914.1286010742188
53_20220828 08,943.7770385742188
53_20220828 09,936.892578125
53_20220828 10,958.3333129882812
53_20220828 11,910.7205200195312
53_20220828 12,800.8643188476562
53_20220828 13,797.8692626953125
53_20220828 14,794.4740600585938
53_20220828 15,800.5438232421875
53_20220828 16,826.6431884765625
53_20220828 17,795.9606323242188
53_20220828 18,780.8863525390625
53_20220828 19,801.97705078125
53_20220828 20,864.5286254882812
53_20220828 21,885.7532348632812
53_20220828 22,1042.9642333984375
53_20220828 23,1128.497802734375
53_20220829 00,1283.6795654296875
53_20220829 01,1311.630859375
53_20220829 02,1348.709228515625
53_20220829 03,1458.56201171875
53_20220829 04,1881.958740234375
53_20220829 05,2258.42236328125
53_20220829 06,2678.37939453125
53_20220829 07,3024.56298828125
53_20220829 08,3132.09228515625
53_20220829 09,3194.77685546875
53_20220829 10,3180.7451171875
53_20220829 11,3137.497314453125
53_20220829 12,3024.80615234375
53_20220829 13,3092.51904296875
53_20220829 14,3111.44482421875
53_20220829 15,3067.7265625
53_20220829 16,2953.326904296875
53_20220829 17,2826.952880859375
53_20220829 18,2508.68408203125
53_20220829 19,1659.073486328125
53_20220829 20,1258.0224609375
53_20220829 21,1039.7413330078125
53_20220829 22,959.8401489257812
53_20220829 23,966.8404541015625
53_20220830 00,942.30078125
53_20220830 01,909.4410400390625
53_20220830 02,938.1755981445312
53_20220830 03,1117.718017578125
53_20220830 04,1698.9761962890625
53_20220830 05,2225.046875
53_20220830 06,2692.08642578125
53_20220830 07,2998.7021484375
53_20220830 08,3115.806640625
53_20220830 09,3193.31884765625
53_20220830 10,3198.375732421875
53_20220830 11,3147.4580078125
53_20220830 12,3049.7109375
53_20220830 13,3150.77685546875
53_20220830 14,3143.67236328125
53_20220830 15,3091.03857421875
53_20220830 16,2982.79443359375
53_20220830 17,2882.45263671875
53_20220830 18,2556.6044921875
53_20220830 19,1688.968017578125
53_20220830 20,1317.741455078125
53_20220830 21,1099.29345703125
53_20220830 22,983.73486328125
53_20220830 23,960.2730712890625
53_20220831 00,919.8873291015625
53_20220831 01,898.9918823242188
53_20220831 02,913.6080932617188
53_20220831 03,1076.2269287109375
53_20220831 04,1611.281005859375
53_20220831 05,2204.25927734375
53_20220831 06,2680.561279296875
53_20220831 07,2978.99853515625
53_20220831 08,3128.173828125
53_20220831 09,3148.90185546875
53_20220831 10,3160.647216796875
53_20220831 11,3147.559814453125
53_20220831 12,3069.06689453125
53_20220831 13,3141.1806640625
53_20220831 14,3154.10791015625
53_20220831 15,3134.46533203125
53_20220831 16,3028.94482421875
53_20220831 17,2923.582275390625
53_20220831 18,2585.05224609375
53_20220831 19,1735.0843505859375
53_20220831 20,1333.360107421875
53_20220831 21,1084.684326171875
53_20220831 22,969.8762817382812
53_20220831 23,963.3963012695312
54_20220825 00,793.9854125976562
54_20220825 01,667.6961669921875
54_20220825 02,657.4833984375
54_20220825 03,658.4801025390625
54_20220825 04,664.3005981445312
54_20220825 05,958.1451416015625
54_20220825 06,1428.1865234375
54_20220825 07,1813.857421875
54_20220825 08,2111.52587890625
54_20220825 09,2371.12353515625
54_20220825 10,2907.89599609375
54_20220825 11,3203.5087890625
54_20220825 12,3277.13525390625
54_20220825 13,3288.51806640625
54_20220825 14,3293.951904296875
54_20220825 15,3287.38671875
54_20220825 16,3289.6796875
54_20220825 17,3252.3779296875
54_20220825 18,3180.34521484375
54_20220825 19,3027.873046875
54_20220825 20,2176.260986328125
54_20220825 21,1040.7191162109375
54_20220825 22,884.3367309570312
54_20220825 23,883.4742431640625
54_20220826 00,805.21923828125
54_20220826 01,676.5472412109375
54_20220826 02,670.98974609375
54_20220826 03,670.4844970703125
54_20220826 04,685.0617065429688
54_20220826 05,1021.4031982421875
54_20220826 06,1586.6533203125
54_20220826 07,1951.4918212890625
54_20220826 08,2223.405517578125
54_20220826 09,2412.783203125
54_20220826 10,3019.34912109375
54_20220826 11,3271.62841796875
54_20220826 12,3301.30615234375
54_20220826 13,3334.525390625
54_20220826 14,3324.934326171875
54_20220826 15,3318.492919921875
54_20220826 16,3296.925048828125
54_20220826 17,3260.05712890625
54_20220826 18,3196.2021484375
54_20220826 19,3020.34814453125
54_20220826 20,2164.371337890625
54_20220826 21,1020.92578125
54_20220826 22,878.6598510742188
54_20220826 23,890.7471923828125
54_20220827 00,793.7652587890625
54_20220827 01,661.4978637695312
54_20220827 02,654.5745849609375
54_20220827 03,656.0367431640625
54_20220827 04,665.057373046875
54_20220827 05,1006.2117309570312
54_20220827 06,1539.002685546875
54_20220827 07,1906.5787353515625
54_20220827 08,2142.96142578125
54_20220827 09,2365.711181640625
54_20220827 10,2899.728271484375
54_20220827 11,3201.77734375
54_20220827 12,3226.785888671875
54_20220827 13,3293.70947265625
54_20220827 14,3304.21533203125
54_20220827 15,3305.46044921875
54_20220827 16,3274.51953125
54_20220827 17,3238.0087890625
54_20220827 18,3166.571533203125
54_20220827 19,3019.2822265625
54_20220827 20,2128.525146484375
54_20220827 21,1030.645263671875
54_20220827 22,905.8274536132812
54_20220827 23,897.6682739257812
54_20220828 00,724.5733032226562
54_20220828 01,578.1105346679688
54_20220828 02,560.3630981445312
54_20220828 03,556.8826904296875
54_20220828 04,566.0150146484375
54_20220828 05,867.7891845703125
54_20220828 06,1221.5657958984375
54_20220828 07,1453.598388671875
54_20220828 08,1781.4013671875
54_20220828 09,2133.30322265625
54_20220828 10,2615.724609375
54_20220828 11,3023.517333984375
54_20220828 12,3053.45263671875
54_20220828 13,3053.17236328125
54_20220828 14,3074.087158203125
54_20220828 15,3079.333984375
54_20220828 16,3028.709716796875
54_20220828 17,2981.03076171875
54_20220828 18,2928.476318359375
54_20220828 19,2685.83642578125
54_20220828 20,1840.267822265625
54_20220828 21,894.6531982421875
54_20220828 22,796.5196533203125
54_20220828 23,788.0751953125
54_20220829 00,722.4466552734375
54_20220829 01,613.9027099609375
54_20220829 02,598.2819213867188
54_20220829 03,603.2239990234375
54_20220829 04,614.2198486328125
54_20220829 05,826.0106201171875
54_20220829 06,940.5657348632812
54_20220829 07,1051.794677734375
54_20220829 08,1219.8489990234375
54_20220829 09,1446.437255859375
54_20220829 10,1521.7186279296875
54_20220829 11,1537.622802734375
54_20220829 12,1542.050537109375
54_20220829 13,1624.6910400390625
54_20220829 14,1603.597900390625
54_20220829 15,1581.5672607421875
54_20220829 16,1571.455322265625
54_20220829 17,1482.119873046875
54_20220829 18,1472.494873046875
54_20220829 19,1466.91064453125
54_20220829 20,1239.1278076171875
54_20220829 21,874.9923095703125
54_20220829 22,844.9514770507812
54_20220829 23,895.2835693359375
54_20220830 00,795.0159912109375
54_20220830 01,668.6621704101562
54_20220830 02,659.7293701171875
54_20220830 03,659.1333618164062
54_20220830 04,672.33447265625
54_20220830 05,998.7657470703125
54_20220830 06,1550.943603515625
54_20220830 07,1956.820068359375
54_20220830 08,2238.642578125
54_20220830 09,2385.78564453125
54_20220830 10,2896.64404296875
54_20220830 11,3155.91748046875
54_20220830 12,3213.020263671875
54_20220830 13,3196.149169921875
54_20220830 14,3191.7666015625
54_20220830 15,3179.079833984375
54_20220830 16,3171.307373046875
54_20220830 17,3126.24658203125
54_20220830 18,3066.751708984375
54_20220830 19,2942.921875
54_20220830 20,2166.927734375
54_20220830 21,1014.0549926757812
54_20220830 22,881.3772583007812
54_20220830 23,876.6107177734375
54_20220831 00,749.568115234375
54_20220831 01,615.2788696289062
54_20220831 02,599.9463500976562
54_20220831 03,595.6480712890625
54_20220831 04,603.7325439453125
54_20220831 05,936.5845947265625
54_20220831 06,1470.708251953125
54_20220831 07,1934.005615234375
54_20220831 08,2190.28466796875
54_20220831 09,2323.72705078125
54_20220831 10,2817.22412109375
54_20220831 11,3063.374267578125
54_20220831 12,3107.161865234375
54_20220831 13,3097.23876953125
54_20220831 14,3071.911865234375
54_20220831 15,3061.08544921875
54_20220831 16,3000.44677734375
54_20220831 17,2965.580810546875
54_20220831 18,2900.01513671875
54_20220831 19,2777.679931640625
54_20220831 20,1935.691650390625
54_20220831 21,938.7509765625
54_20220831 22,820.6123046875
54_20220831 23,825.4099731445312
55_20220825 00,927.2794799804688
55_20220825 01,930.3903198242188
55_20220825 02,922.10009765625
55_20220825 03,922.7867431640625
55_20220825 04,929.0482177734375
55_20220825 05,955.9470825195312
55_20220825 06,1032.927734375
55_20220825 07,1074.547119140625
55_20220825 08,1131.261474609375
55_20220825 09,1115.724853515625
55_20220825 10,1119.888427734375
55_20220825 11,1107.45751953125
55_20220825 12,1123.006591796875
55_20220825 13,1114.3521728515625
55_20220825 14,1095.9560546875
55_20220825 15,1093.5927734375
55_20220825 16,1092.419921875
55_20220825 17,1088.747314453125
55_20220825 18,1019.6572265625
55_20220825 19,952.287109375
55_20220825 20,939.4059448242188
55_20220825 21,930.1929931640625
55_20220825 22,921.4603271484375
55_20220825 23,922.5393676757812
55_20220826 00,918.20361328125
55_20220826 01,916.6262817382812
55_20220826 02,914.5875244140625
55_20220826 03,917.5242919921875
55_20220826 04,925.1492919921875
55_20220826 05,948.669921875
55_20220826 06,1029.93408203125
55_20220826 07,1063.7984619140625
55_20220826 08,1110.478759765625
55_20220826 09,1097.3682861328125
55_20220826 10,1097.5120849609375
55_20220826 11,1098.504638671875
55_20220826 12,1109.2196044921875
55_20220826 13,1101.610107421875
55_20220826 14,1094.516357421875
55_20220826 15,1074.144775390625
55_20220826 16,1073.889892578125
55_20220826 17,1073.6873779296875
55_20220826 18,1024.637939453125
55_20220826 19,957.6456909179688
55_20220826 20,942.1564331054688
55_20220826 21,936.32275390625
55_20220826 22,934.1744384765625
55_20220826 23,933.0642700195312
55_20220827 00,919.7113037109375
55_20220827 01,913.2780151367188
55_20220827 02,917.0933837890625
55_20220827 03,917.7384033203125
55_20220827 04,915.7677001953125
55_20220827 05,919.2322387695312
55_20220827 06,929.4738159179688
55_20220827 07,925.2994384765625
55_20220827 08,940.568359375
55_20220827 09,939.9459228515625
55_20220827 10,938.875
55_20220827 11,931.6527099609375
55_20220827 12,933.05126953125
55_20220827 13,923.7080078125
55_20220827 14,925.9384765625
55_20220827 15,929.18017578125
55_20220827 16,927.7937622070312
55_20220827 17,920.13134765625
55_20220827 18,921.4095458984375
55_20220827 19,917.0577392578125
55_20220827 20,913.6815185546875
55_20220827 21,912.4134521484375
55_20220827 22,912.9147338867188
55_20220827 23,908.90771484375
55_20220828 00,891.6427001953125
55_20220828 01,891.38232421875
55_20220828 02,892.6828002929688
55_20220828 03,896.6046752929688
55_20220828 04,896.0472412109375
55_20220828 05,901.2825927734375
55_20220828 06,904.8561401367188
55_20220828 07,903.4508666992188
55_20220828 08,898.1506958007812
55_20220828 09,898.9392700195312
55_20220828 10,897.4747924804688
55_20220828 11,891.0281372070312
55_20220828 12,900.68408203125
55_20220828 13,905.2008666992188
55_20220828 14,906.7890625
55_20220828 15,901.1619873046875
55_20220828 16,906.4373168945312
55_20220828 17,909.6995239257812
55_20220828 18,912.4462890625
55_20220828 19,905.6387939453125
55_20220828 20,903.1101684570312
55_20220828 21,898.6583862304688
55_20220828 22,899.8922729492188
55_20220828 23,888.8677978515625
55_20220829 00,900.95703125
55_20220829 01,903.64990234375
55_20220829 02,903.5546875
55_20220829 03,901.4425048828125
55_20220829 04,906.2354736328125
55_20220829 05,940.0726318359375
55_20220829 06,1012.5174560546875
55_20220829 07,1051.542724609375
55_20220829 08,1084.1917724609375
55_20220829 09,1082.4234619140625
55_20220829 10,1076.835693359375
55_20220829 11,1077.001220703125
55_20220829 12,1100.94384765625
55_20220829 13,1075.342529296875
55_20220829 14,1070.03173828125
55_20220829 15,1068.3756103515625
55_20220829 16,1061.7139892578125
55_20220829 17,1061.925048828125
55_20220829 18,1006.314453125
55_20220829 19,935.65673828125
55_20220829 20,926.5798950195312
55_20220829 21,916.3356323242188
55_20220829 22,905.1383666992188
55_20220829 23,912.6295776367188
55_20220830 00,913.7702026367188
55_20220830 01,912.5582885742188
55_20220830 02,908.5471801757812
55_20220830 03,916.2840576171875
55_20220830 04,922.7791748046875
55_20220830 05,948.9202880859375
55_20220830 06,1035.399169921875
55_20220830 07,1067.4327392578125
55_20220830 08,1115.512939453125
55_20220830 09,1111.732666015625
55_20220830 10,1110.646728515625
55_20220830 11,1109.5152587890625
55_20220830 12,1120.152099609375
55_20220830 13,1110.04541015625
55_20220830 14,1104.545166015625
55_20220830 15,1086.0032958984375
55_20220830 16,1079.93408203125
55_20220830 17,1080.360595703125
55_20220830 18,1028.8863525390625
55_20220830 19,960.2254638671875
55_20220830 20,943.6328125
55_20220830 21,936.3043212890625
55_20220830 22,924.2896728515625
55_20220830 23,926.814453125
55_20220831 00,916.5426025390625
55_20220831 01,911.6201171875
55_20220831 02,910.076171875
55_20220831 03,915.2654418945312
55_20220831 04,918.0155029296875
55_20220831 05,949.0711669921875
55_20220831 06,1028.614013671875
55_20220831 07,1062.497314453125
55_20220831 08,1097.8955078125
55_20220831 09,1093.6651611328125
55_20220831 10,1092.665771484375
55_20220831 11,1092.86328125
55_20220831 12,1115.860107421875
55_20220831 13,1085.6517333984375
55_20220831 14,1077.8441162109375
55_20220831 15,1070.888916015625
55_20220831 16,1062.385009765625
55_20220831 17,1060.27001953125
55_20220831 18,1006.6455078125
55_20220831 19,939.1199340820312
55_20220831 20,929.8975830078125
55_20220831 21,921.2886962890625
55_20220831 22,911.7517700195312
55_20220831 23,912.9118041992188
56_20220825 00,3834.46484375
56_20220825 01,3835.84326171875
56_20220825 02,3834.86181640625
56_20220825 03,3798.702392578125
56_20220825 04,3842.46826171875
56_20220825 05,3920.661376953125
56_20220825 06,4058.72265625
56_20220825 07,4153.8994140625
56_20220825 08,4294.98681640625
56_20220825 09,4303.43701171875
56_20220825 10,4321.5654296875
56_20220825 11,4324.1142578125
56_20220825 12,4334.7529296875
56_20220825 13,4327.69921875
56_20220825 14,4332.14013671875
56_20220825 15,4316.1611328125
56_20220825 16,4303.197265625
56_20220825 17,4291.87939453125
56_20220825 18,4198.59130859375
56_20220825 19,4046.916015625
56_20220825 20,3949.919921875
56_20220825 21,3901.302734375
56_20220825 22,3870.89013671875
56_20220825 23,3850.68017578125
56_20220826 00,3840.16552734375
56_20220826 01,3841.80078125
56_20220826 02,3840.682373046875
56_20220826 03,3812.47119140625
56_20220826 04,3856.44140625
56_20220826 05,3926.06201171875
56_20220826 06,4079.590576171875
56_20220826 07,4155.23974609375
56_20220826 08,4250.44091796875
56_20220826 09,4302.4169921875
56_20220826 10,4326.1318359375
56_20220826 11,4327.1748046875
56_20220826 12,4319.59765625
56_20220826 13,4324.0771484375
56_20220826 14,4330.82470703125
56_20220826 15,4320.76708984375
56_20220826 16,4294.71484375
56_20220826 17,4301.73828125
56_20220826 18,4187.98291015625
56_20220826 19,4054.581298828125
56_20220826 20,3961.173828125
56_20220826 21,3915.33740234375
56_20220826 22,3892.33544921875
56_20220826 23,3867.33154296875
56_20220827 00,3758.331298828125
56_20220827 01,3700.08984375
56_20220827 02,3755.624267578125
56_20220827 03,3699.298828125
56_20220827 04,3759.969482421875
56_20220827 05,3764.3984375
56_20220827 06,3780.276611328125
56_20220827 07,3832.223388671875
56_20220827 08,3831.76904296875
56_20220827 09,3834.159423828125
56_20220827 10,3824.47265625
56_20220827 11,3851.9765625
56_20220827 12,3848.79443359375
56_20220827 13,3850.34033203125
56_20220827 14,3850.776611328125
56_20220827 15,3845.63623046875
56_20220827 16,3843.751953125
56_20220827 17,3826.578125
56_20220827 18,3809.963623046875
56_20220827 19,3782.885986328125
56_20220827 20,3796.38720703125
56_20220827 21,3763.23291015625
56_20220827 22,3759.07275390625
56_20220827 23,3764.337158203125
56_20220828 00,3741.87060546875
56_20220828 01,3692.4609375
56_20220828 02,3720.880859375
56_20220828 03,3708.815185546875
56_20220828 04,3740.692138671875
56_20220828 05,3771.94091796875
56_20220828 06,3776.41552734375
56_20220828 07,3790.51708984375
56_20220828 08,3799.81640625
56_20220828 09,3804.66796875
56_20220828 10,3792.63330078125
56_20220828 11,3839.692626953125
56_20220828 12,3841.90380859375
56_20220828 13,3823.06494140625
56_20220828 14,3820.9453125
56_20220828 15,3819.18310546875
56_20220828 16,3815.224609375
56_20220828 17,3819.34423828125
56_20220828 18,3777.539794921875
56_20220828 19,3764.958984375
56_20220828 20,3770.151611328125
56_20220828 21,3746.54541015625
56_20220828 22,3743.73828125
56_20220828 23,3745.29150390625
56_20220829 00,3775.94384765625
56_20220829 01,3776.02783203125
56_20220829 02,3784.56201171875
56_20220829 03,3763.17578125
56_20220829 04,3788.01611328125
56_20220829 05,3872.060546875
56_20220829 06,3989.58056640625
56_20220829 07,4110.7939453125
56_20220829 08,4182.6396484375
56_20220829 09,4180.1201171875
56_20220829 10,4197.251953125
56_20220829 11,4192.8046875
56_20220829 12,4168.78955078125
56_20220829 13,4164.4189453125
56_20220829 14,4164.43994140625
56_20220829 15,4163.82177734375
56_20220829 16,4116.98388671875
56_20220829 17,4119.1962890625
56_20220829 18,4091.23828125
56_20220829 19,3911.02587890625
56_20220829 20,3877.70556640625
56_20220829 21,3838.30126953125
56_20220829 22,3828.03466796875
56_20220829 23,3805.13818359375
56_20220830 00,3769.42138671875
56_20220830 01,3778.897216796875
56_20220830 02,3776.5859375
56_20220830 03,3750.770263671875
56_20220830 04,3776.76953125
56_20220830 05,3852.223876953125
56_20220830 06,3949.61474609375
56_20220830 07,4076.20556640625
56_20220830 08,4136.2919921875
56_20220830 09,4162.734375
56_20220830 10,4170.1923828125
56_20220830 11,4223.51904296875
56_20220830 12,4225.2099609375
56_20220830 13,4213.20166015625
56_20220830 14,4220.0107421875
56_20220830 15,4154.169921875
56_20220830 16,4114.97216796875
56_20220830 17,4137.13525390625
56_20220830 18,4082.27587890625
56_20220830 19,3897.295654296875
56_20220830 20,3872.53955078125
56_20220830 21,3830.46484375
56_20220830 22,3815.237548828125
56_20220830 23,3781.30224609375
56_20220831 00,3773.848388671875
56_20220831 01,3779.401611328125
56_20220831 02,3779.13134765625
56_20220831 03,3757.73583984375
56_20220831 04,3784.212158203125
56_20220831 05,3845.32958984375
56_20220831 06,3954.67138671875
56_20220831 07,4087.403076171875
56_20220831 08,4150.81494140625
56_20220831 09,4146.943359375
56_20220831 10,4151.7138671875
56_20220831 11,4177.2822265625
56_20220831 12,4166.7890625
56_20220831 13,4164.7705078125
56_20220831 14,4161.7060546875
56_20220831 15,4161.994140625
56_20220831 16,4048.783935546875
56_20220831 17,4106.42578125
56_20220831 18,4074.121826171875
56_20220831 19,3889.79345703125
56_20220831 20,3860.57958984375
56_20220831 21,3797.939453125
56_20220831 22,3798.85791015625
56_20220831 23,3757.71044921875
57_20220825 00,986.9776611328125
57_20220825 01,932.9254150390625
57_20220825 02,801.8424072265625
57_20220825 03,788.6343994140625
57_20220825 04,770.8627319335938
57_20220825 05,801.9766845703125
57_20220825 06,989.7662353515625
57_20220825 07,1466.806396484375
57_20220825 08,2038.5279541015625
57_20220825 09,2333.8583984375
57_20220825 10,2819.90185546875
57_20220825 11,2931.2578125
57_20220825 12,2961.826416015625
57_20220825 13,2948.645263671875
57_20220825 14,2938.9990234375
57_20220825 15,2810.8935546875
57_20220825 16,2801.32177734375
57_20220825 17,2873.11572265625
57_20220825 18,2526.35546875
57_20220825 19,2472.858642578125
57_20220825 20,2352.641357421875
57_20220825 21,2069.895751953125
57_20220825 22,1640.5325927734375
57_20220825 23,1111.1162109375
57_20220826 00,993.7003784179688
57_20220826 01,946.7257690429688
57_20220826 02,807.9517822265625
57_20220826 03,804.0849609375
57_20220826 04,784.62158203125
57_20220826 05,821.1520385742188
57_20220826 06,1001.552734375
57_20220826 07,1472.3330078125
57_20220826 08,2000.103515625
57_20220826 09,2279.471435546875
57_20220826 10,2812.90673828125
57_20220826 11,2941.06396484375
57_20220826 12,2991.262451171875
57_20220826 13,3008.193359375
57_20220826 14,2940.283447265625
57_20220826 15,2887.34423828125
57_20220826 16,2828.76025390625
57_20220826 17,2874.62548828125
57_20220826 18,2524.00048828125
57_20220826 19,2456.529052734375
57_20220826 20,2367.32861328125
57_20220826 21,2136.70068359375
57_20220826 22,1665.0826416015625
57_20220826 23,1152.142578125
57_20220827 00,958.55126953125
57_20220827 01,925.734375
57_20220827 02,825.2366943359375
57_20220827 03,805.0894165039062
57_20220827 04,789.8118286132812
57_20220827 05,791.6151123046875
57_20220827 06,909.1887817382812
57_20220827 07,1035.427001953125
57_20220827 08,1143.0123291015625
57_20220827 09,1345.4815673828125
57_20220827 10,1823.0478515625
57_20220827 11,2032.270263671875
57_20220827 12,2128.01025390625
57_20220827 13,2185.484619140625
57_20220827 14,2190.94677734375
57_20220827 15,2164.2119140625
57_20220827 16,2135.40185546875
57_20220827 17,2201.13232421875
57_20220827 18,2205.139892578125
57_20220827 19,2165.196044921875
57_20220827 20,2055.186767578125
57_20220827 21,1773.067626953125
57_20220827 22,1406.167236328125
57_20220827 23,985.2860107421875
57_20220828 00,876.8952026367188
57_20220828 01,835.8973388671875
57_20220828 02,789.9727783203125
57_20220828 03,777.9235229492188
57_20220828 04,772.3443603515625
57_20220828 05,777.419189453125
57_20220828 06,883.314453125
57_20220828 07,988.9036254882812
57_20220828 08,1091.4287109375
57_20220828 09,1299.5091552734375
57_20220828 10,1790.260986328125
57_20220828 11,1999.033935546875
57_20220828 12,2089.8056640625
57_20220828 13,2166.780517578125
57_20220828 14,2176.143310546875
57_20220828 15,2153.04833984375
57_20220828 16,2125.425537109375
57_20220828 17,2200.921630859375
57_20220828 18,2203.423583984375
57_20220828 19,2144.27783203125
57_20220828 20,2064.40869140625
57_20220828 21,1798.235107421875
57_20220828 22,1447.5152587890625
57_20220828 23,995.0093994140625
57_20220829 00,929.5657348632812
57_20220829 01,872.3795776367188
57_20220829 02,792.8229370117188
57_20220829 03,790.1326293945312
57_20220829 04,764.2239990234375
57_20220829 05,787.6373291015625
57_20220829 06,984.9046630859375
57_20220829 07,1426.413818359375
57_20220829 08,1963.1031494140625
57_20220829 09,2188.080078125
57_20220829 10,2717.213134765625
57_20220829 11,2854.184814453125
57_20220829 12,2880.826171875
57_20220829 13,2876.38818359375
57_20220829 14,2850.018798828125
57_20220829 15,2763.92724609375
57_20220829 16,2693.56005859375
57_20220829 17,2704.62451171875
57_20220829 18,2356.550537109375
57_20220829 19,2269.93798828125
57_20220829 20,2218.38916015625
57_20220829 21,1982.9866943359375
57_20220829 22,1589.7701416015625
57_20220829 23,1086.4918212890625
57_20220830 00,956.4690551757812
57_20220830 01,927.04443359375
57_20220830 02,799.1117553710938
57_20220830 03,799.7391967773438
57_20220830 04,775.6453857421875
57_20220830 05,799.5825805664062
57_20220830 06,989.36376953125
57_20220830 07,1463.639404296875
57_20220830 08,1973.673828125
57_20220830 09,2203.77880859375
57_20220830 10,2715.52490234375
57_20220830 11,2850.338623046875
57_20220830 12,2904.07958984375
57_20220830 13,2919.029296875
57_20220830 14,2832.8359375
57_20220830 15,2770.9765625
57_20220830 16,2719.0078125
57_20220830 17,2753.21435546875
57_20220830 18,2373.92822265625
57_20220830 19,2312.341796875
57_20220830 20,2241.34716796875
57_20220830 21,2018.296630859375
57_20220830 22,1627.5421142578125
57_20220830 23,1134.1201171875
57_20220831 00,988.5065307617188
57_20220831 01,942.1043090820312
57_20220831 02,802.4876098632812
57_20220831 03,798.888671875
57_20220831 04,776.90478515625
57_20220831 05,802.6974487304688
57_20220831 06,977.9797973632812
57_20220831 07,1450.290771484375
57_20220831 08,1952.878173828125
57_20220831 09,2199.06201171875
57_20220831 10,2714.44775390625
57_20220831 11,2831.613037109375
57_20220831 12,2907.434814453125
57_20220831 13,2909.70556640625
57_20220831 14,2875.3564453125
57_20220831 15,2798.3720703125
57_20220831 16,2739.02001953125
57_20220831 17,2763.2314453125
57_20220831 18,2435.1181640625
57_20220831 19,2375.23095703125
57_20220831 20,2289.71728515625
57_20220831 21,2033.246826171875
57_20220831 22,1628.0003662109375
57_20220831 23,1117.124755859375
58_20220825 00,2793.98193359375
58_20220825 01,2796.149169921875
58_20220825 02,2788.107421875
58_20220825 03,2773.989013671875
58_20220825 04,2789.89013671875
58_20220825 05,2795.20654296875
58_20220825 06,2817.02734375
58_20220825 07,2859.33154296875
58_20220825 08,2880.559814453125
58_20220825 09,2892.33740234375
58_20220825 10,2904.817138671875
58_20220825 11,2905.466552734375
58_20220825 12,2903.56005859375
58_20220825 13,2894.66015625
58_20220825 14,2890.839111328125
58_20220825 15,2885.01708984375
58_20220825 16,2903.903564453125
58_20220825 17,2882.40673828125
58_20220825 18,2831.630615234375
58_20220825 19,2804.767822265625
58_20220825 20,2790.863525390625
58_20220825 21,2791.29833984375
58_20220825 22,2790.571044921875
58_20220825 23,2776.951171875
58_20220826 00,2788.2578125
58_20220826 01,2788.62939453125
58_20220826 02,2773.796142578125
58_20220826 03,2793.866943359375
58_20220826 04,2794.156982421875
58_20220826 05,2794.210693359375
58_20220826 06,2818.36962890625
58_20220826 07,2860.583251953125
58_20220826 08,2883.358154296875
58_20220826 09,2895.70361328125
58_20220826 10,2907.021728515625
58_20220826 11,2908.89892578125
58_20220826 12,2902.9638671875
58_20220826 13,2902.30078125
58_20220826 14,2898.75048828125
58_20220826 15,2897.522705078125
58_20220826 16,2910.908203125
58_20220826 17,2899.309326171875
58_20220826 18,2847.457763671875
58_20220826 19,2822.873291015625
58_20220826 20,2820.3818359375
58_20220826 21,2804.68115234375
58_20220826 22,2806.07373046875
58_20220826 23,2793.208251953125
58_20220827 00,2762.893310546875
58_20220827 01,2777.103759765625
58_20220827 02,2754.0361328125
58_20220827 03,2765.63916015625
58_20220827 04,2754.657470703125
58_20220827 05,2746.74267578125
58_20220827 06,2749.609375
58_20220827 07,2764.720947265625
58_20220827 08,2759.91748046875
58_20220827 09,2784.368408203125
58_20220827 10,2798.567138671875
58_20220827 11,2810.21337890625
58_20220827 12,2818.955322265625
58_20220827 13,2810.944091796875
58_20220827 14,2809.35595703125
58_20220827 15,2799.880126953125
58_20220827 16,2776.88330078125
58_20220827 17,2792.45263671875
58_20220827 18,2766.74853515625
58_20220827 19,2741.65869140625
58_20220827 20,2740.40478515625
58_20220827 21,2727.212158203125
58_20220827 22,2727.35986328125
58_20220827 23,2730.264892578125
58_20220828 00,2724.554443359375
58_20220828 01,2742.4931640625
58_20220828 02,2727.29638671875
58_20220828 03,2727.9287109375
58_20220828 04,2730.7080078125
58_20220828 05,2735.697998046875
58_20220828 06,2739.250732421875
58_20220828 07,2740.213623046875
58_20220828 08,2740.210205078125
58_20220828 09,2753.74609375
58_20220828 10,2764.41943359375
58_20220828 11,2786.39892578125
58_20220828 12,2797.009521484375
58_20220828 13,2780.03369140625
58_20220828 14,2774.7744140625
58_20220828 15,2764.2900390625
58_20220828 16,2767.0234375
58_20220828 17,2751.612548828125
58_20220828 18,2742.34130859375
58_20220828 19,2733.89794921875
58_20220828 20,2722.29150390625
58_20220828 21,2715.396484375
58_20220828 22,2718.06689453125
58_20220828 23,2715.69091796875
58_20220829 00,2739.94775390625
58_20220829 01,2743.853515625
58_20220829 02,2743.9951171875
58_20220829 03,2743.2138671875
58_20220829 04,2736.8798828125
58_20220829 05,2753.427490234375
58_20220829 06,2782.384765625
58_20220829 07,2835.09033203125
58_20220829 08,2831.40869140625
58_20220829 09,2842.298095703125
58_20220829 10,2854.906982421875
58_20220829 11,2874.762451171875
58_20220829 12,2874.79541015625
58_20220829 13,2851.060546875
58_20220829 14,2870.241455078125
58_20220829 15,2869.088623046875
58_20220829 16,2893.168701171875
58_20220829 17,2844.17626953125
58_20220829 18,2804.8310546875
58_20220829 19,2777.642578125
58_20220829 20,2763.061279296875
58_20220829 21,2759.11376953125
58_20220829 22,2761.54638671875
58_20220829 23,2746.3564453125
58_20220830 00,2737.1533203125
58_20220830 01,2735.64697265625
58_20220830 02,2733.884033203125
58_20220830 03,2737.013671875
58_20220830 04,2728.898681640625
58_20220830 05,2746.74853515625
58_20220830 06,2765.00146484375
58_20220830 07,2816.60400390625
58_20220830 08,2818.64453125
58_20220830 09,2821.1845703125
58_20220830 10,2860.180908203125
58_20220830 11,2859.86181640625
58_20220830 12,2876.240478515625
58_20220830 13,2857.67431640625
58_20220830 14,2832.007080078125
58_20220830 15,2855.538330078125
58_20220830 16,2875.07666015625
58_20220830 17,2846.3056640625
58_20220830 18,2799.75439453125
58_20220830 19,2771.692138671875
58_20220830 20,2764.364013671875
58_20220830 21,2754.0498046875
58_20220830 22,2755.009033203125
58_20220830 23,2743.780517578125
58_20220831 00,2764.452880859375
58_20220831 01,2767.59228515625
58_20220831 02,2768.56591796875
58_20220831 03,2770.013916015625
58_20220831 04,2772.04736328125
58_20220831 05,2776.0
58_20220831 06,2794.564697265625
58_20220831 07,2845.198974609375
58_20220831 08,2845.76220703125
58_20220831 09,2837.11181640625
58_20220831 10,2848.447021484375
58_20220831 11,2850.660888671875
58_20220831 12,2870.145751953125
58_20220831 13,2847.610107421875
58_20220831 14,2843.328369140625
58_20220831 15,2841.547119140625
58_20220831 16,2870.60693359375
58_20220831 17,2838.602783203125
58_20220831 18,2795.621826171875
58_20220831 19,2776.853515625
58_20220831 20,2763.094970703125
58_20220831 21,2758.5498046875
58_20220831 22,2759.58984375
58_20220831 23,2752.25927734375
59_20220825 00,675.8838500976562
59_20220825 01,669.4515380859375
59_20220825 02,664.6656494140625
59_20220825 03,657.427734375
59_20220825 04,695.0687255859375
59_20220825 05,812.0089111328125
59_20220825 06,1406.7508544921875
59_20220825 07,2597.52294921875
59_20220825 08,2850.225341796875
59_20220825 09,2941.458251953125
59_20220825 10,3032.85400390625
59_20220825 11,2951.49072265625
59_20220825 12,2919.93994140625
59_20220825 13,3011.49267578125
59_20220825 14,3012.42138671875
59_20220825 15,2943.188232421875
59_20220825 16,2904.25439453125
59_20220825 17,2812.854736328125
59_20220825 18,2234.642578125
59_20220825 19,1777.406494140625
59_20220825 20,1227.502197265625
59_20220825 21,990.9901123046875
59_20220825 22,818.6124267578125
59_20220825 23,709.7396240234375
59_20220826 00,678.1085815429688
59_20220826 01,673.5296630859375
59_20220826 02,677.8812255859375
59_20220826 03,662.4073486328125
59_20220826 04,700.3245849609375
59_20220826 05,822.2028198242188
59_20220826 06,1421.690673828125
59_20220826 07,2379.09716796875
59_20220826 08,2685.394775390625
59_20220826 09,2931.61279296875
59_20220826 10,3021.411865234375
59_20220826 11,3037.35888671875
59_20220826 12,2952.994873046875
59_20220826 13,3047.67333984375
59_20220826 14,3034.185791015625
59_20220826 15,3012.837646484375
59_20220826 16,2975.362548828125
59_20220826 17,2834.48095703125
59_20220826 18,2275.49755859375
59_20220826 19,1785.6005859375
59_20220826 20,1248.5166015625
59_20220826 21,1029.670166015625
59_20220826 22,835.2906494140625
59_20220826 23,745.1397705078125
59_20220827 00,653.1729736328125
59_20220827 01,651.6279907226562
59_20220827 02,629.7255249023438
59_20220827 03,628.8585205078125
59_20220827 04,639.34326171875
59_20220827 05,663.83642578125
59_20220827 06,679.5299072265625
59_20220827 07,725.657470703125
59_20220827 08,890.4429931640625
59_20220827 09,1024.245849609375
59_20220827 10,1118.5340576171875
59_20220827 11,1147.41943359375
59_20220827 12,1161.120849609375
59_20220827 13,1174.029541015625
59_20220827 14,1171.188232421875
59_20220827 15,1175.964599609375
59_20220827 16,1172.9981689453125
59_20220827 17,1144.366943359375
59_20220827 18,1129.147705078125
59_20220827 19,1042.665771484375
59_20220827 20,872.7638549804688
59_20220827 21,835.8606567382812
59_20220827 22,725.3101806640625
59_20220827 23,660.9555053710938
59_20220828 00,582.957275390625
59_20220828 01,580.8267822265625
59_20220828 02,580.8086547851562
59_20220828 03,554.4425048828125
59_20220828 04,584.6209716796875
59_20220828 05,600.9758911132812
59_20220828 06,599.49169921875
59_20220828 07,610.6484375
59_20220828 08,699.4470825195312
59_20220828 09,757.2752075195312
59_20220828 10,805.1878662109375
59_20220828 11,840.3345947265625
59_20220828 12,856.2195434570312
59_20220828 13,893.3961791992188
59_20220828 14,901.8025512695312
59_20220828 15,900.9881591796875
59_20220828 16,927.3486328125
59_20220828 17,932.1560668945312
59_20220828 18,906.7155151367188
59_20220828 19,887.7815551757812
59_20220828 20,818.7109985351562
59_20220828 21,771.2575073242188
59_20220828 22,693.9456787109375
59_20220828 23,651.3909912109375
59_20220829 00,661.3150024414062
59_20220829 01,663.9495849609375
59_20220829 02,659.7389526367188
59_20220829 03,640.5552368164062
59_20220829 04,686.5484619140625
59_20220829 05,807.9113159179688
59_20220829 06,1606.375732421875
59_20220829 07,2432.771484375
59_20220829 08,2758.136474609375
59_20220829 09,2892.905517578125
59_20220829 10,2905.943115234375
59_20220829 11,2892.737548828125
59_20220829 12,2820.02197265625
59_20220829 13,2863.532470703125
59_20220829 14,2821.85888671875
59_20220829 15,2837.38916015625
59_20220829 16,2800.7470703125
59_20220829 17,2673.57080078125
59_20220829 18,2093.906494140625
59_20220829 19,1720.647216796875
59_20220829 20,1198.046142578125
59_20220829 21,1004.7224731445312
59_20220829 22,839.4939575195312
59_20220829 23,755.3478393554688
59_20220830 00,674.7164306640625
59_20220830 01,672.08544921875
59_20220830 02,674.6542358398438
59_20220830 03,661.9191284179688
59_20220830 04,694.8400268554688
59_20220830 05,830.5603637695312
59_20220830 06,1510.1646728515625
59_20220830 07,2369.121826171875
59_20220830 08,2644.5556640625
59_20220830 09,2792.68408203125
59_20220830 10,2812.287841796875
59_20220830 11,2826.82080078125
59_20220830 12,2763.015380859375
59_20220830 13,2823.45361328125
59_20220830 14,2827.205078125
59_20220830 15,2832.94091796875
59_20220830 16,2794.248779296875
59_20220830 17,2658.5126953125
59_20220830 18,2064.57080078125
59_20220830 19,1710.4290771484375
59_20220830 20,1226.55322265625
59_20220830 21,1006.5929565429688
59_20220830 22,838.4527587890625
59_20220830 23,742.48779296875
59_20220831 00,678.2200317382812
59_20220831 01,672.3605346679688
59_20220831 02,675.5856323242188
59_20220831 03,660.3118286132812
59_20220831 04,692.8655395507812
59_20220831 05,804.3991088867188
59_20220831 06,1381.1103515625
59_20220831 07,2290.27197265625
59_20220831 08,2586.14892578125
59_20220831 09,2724.5
59_20220831 10,2777.11376953125
59_20220831 11,2825.727783203125
59_20220831 12,2778.38134765625
59_20220831 13,2865.059814453125
59_20220831 14,2894.19384765625
59_20220831 15,2915.60693359375
59_20220831 16,2858.531494140625
59_20220831 17,2741.8857421875
59_20220831 18,2179.993896484375
59_20220831 19,1731.0699462890625
59_20220831 20,1220.6064453125
59_20220831 21,1010.0783081054688
59_20220831 22,834.1570434570312
59_20220831 23,737.6534423828125
60_20220825 00,1729.1243896484375
60_20220825 01,1680.2103271484375
60_20220825 02,1656.2496337890625
60_20220825 03,1656.8873291015625
60_20220825 04,1691.7333984375
60_20220825 05,2652.351318359375
60_20220825 06,3267.839599609375
60_20220825 07,3766.626220703125
60_20220825 08,4148.93603515625
60_20220825 09,4292.6025390625
60_20220825 10,4273.0283203125
60_20220825 11,4271.4755859375
60_20220825 12,4208.01904296875
60_20220825 13,4296.19189453125
60_20220825 14,4201.0458984375
60_20220825 15,4230.8779296875
60_20220825 16,4178.55859375
60_20220825 17,4210.98974609375
60_20220825 18,3916.099609375
60_20220825 19,3170.529541015625
60_20220825 20,2843.939208984375
60_20220825 21,2425.069580078125
60_20220825 22,1849.875
60_20220825 23,1754.3306884765625
60_20220826 00,1690.087158203125
60_20220826 01,1646.426025390625
60_20220826 02,1627.822998046875
60_20220826 03,1620.258056640625
60_20220826 04,1651.4124755859375
60_20220826 05,2561.966064453125
60_20220826 06,3278.446044921875
60_20220826 07,3743.844482421875
60_20220826 08,4066.569580078125
60_20220826 09,4269.09521484375
60_20220826 10,4248.8671875
60_20220826 11,4230.73388671875
60_20220826 12,4165.12646484375
60_20220826 13,4247.5615234375
60_20220826 14,4191.9208984375
60_20220826 15,4245.79345703125
60_20220826 16,4203.2509765625
60_20220826 17,4195.501953125
60_20220826 18,3938.254638671875
60_20220826 19,3148.942626953125
60_20220826 20,2776.7919921875
60_20220826 21,2244.044921875
60_20220826 22,1783.8577880859375
60_20220826 23,1744.353515625
60_20220827 00,1613.2830810546875
60_20220827 01,1579.34375
60_20220827 02,1571.0135498046875
60_20220827 03,1567.374755859375
60_20220827 04,1568.798828125
60_20220827 05,1722.3248291015625
60_20220827 06,1925.003662109375
60_20220827 07,2147.6455078125
60_20220827 08,2220.000732421875
60_20220827 09,2451.167236328125
60_20220827 10,2433.353759765625
60_20220827 11,2386.58056640625
60_20220827 12,2371.125
60_20220827 13,2424.01171875
60_20220827 14,2430.85107421875
60_20220827 15,2470.27880859375
60_20220827 16,2463.597900390625
60_20220827 17,2502.658935546875
60_20220827 18,2450.263671875
60_20220827 19,2240.70263671875
60_20220827 20,2088.911376953125
60_20220827 21,1906.9609375
60_20220827 22,1691.5120849609375
60_20220827 23,1609.281494140625
60_20220828 00,1555.2904052734375
60_20220828 01,1537.822021484375
60_20220828 02,1541.4510498046875
60_20220828 03,1547.54638671875
60_20220828 04,1556.218994140625
60_20220828 05,1659.9927978515625
60_20220828 06,1780.389404296875
60_20220828 07,2055.45849609375
60_20220828 08,2151.19775390625
60_20220828 09,2311.403076171875
60_20220828 10,2341.632080078125
60_20220828 11,2366.1171875
60_20220828 12,2291.64501953125
60_20220828 13,2331.20458984375
60_20220828 14,2359.49267578125
60_20220828 15,2429.913330078125
60_20220828 16,2413.60302734375
60_20220828 17,2449.397705078125
60_20220828 18,2370.06396484375
60_20220828 19,2196.571044921875
60_20220828 20,2052.065673828125
60_20220828 21,1927.1890869140625
60_20220828 22,1690.2740478515625
60_20220828 23,1656.65234375
60_20220829 00,1654.8990478515625
60_20220829 01,1616.150634765625
60_20220829 02,1593.5863037109375
60_20220829 03,1585.8966064453125
60_20220829 04,1618.8814697265625
60_20220829 05,2408.1171875
60_20220829 06,3079.30224609375
60_20220829 07,3592.66455078125
60_20220829 08,3917.510986328125
60_20220829 09,4192.9951171875
60_20220829 10,4154.60107421875
60_20220829 11,4129.6689453125
60_20220829 12,4022.22314453125
60_20220829 13,4145.7099609375
60_20220829 14,4046.33984375
60_20220829 15,4122.2373046875
60_20220829 16,4019.95751953125
60_20220829 17,4014.752685546875
60_20220829 18,3828.2265625
60_20220829 19,3147.10302734375
60_20220829 20,2791.52783203125
60_20220829 21,2288.56640625
60_20220829 22,1776.627197265625
60_20220829 23,1717.143310546875
60_20220830 00,1673.2734375
60_20220830 01,1629.25390625
60_20220830 02,1614.1363525390625
60_20220830 03,1603.7532958984375
60_20220830 04,1635.8609619140625
60_20220830 05,2488.98583984375
60_20220830 06,3190.59814453125
60_20220830 07,3650.479248046875
60_20220830 08,3969.06591796875
60_20220830 09,4206.42431640625
60_20220830 10,4195.23046875
60_20220830 11,4132.08349609375
60_20220830 12,4069.93994140625
60_20220830 13,4192.4619140625
60_20220830 14,4094.846435546875
60_20220830 15,4170.115234375
60_20220830 16,4104.2890625
60_20220830 17,4101.20068359375
60_20220830 18,3824.567138671875
60_20220830 19,3085.54150390625
60_20220830 20,2710.16015625
60_20220830 21,2266.706298828125
60_20220830 22,1792.3349609375
60_20220830 23,1711.224365234375
60_20220831 00,1661.853515625
60_20220831 01,1635.282470703125
60_20220831 02,1604.020751953125
60_20220831 03,1592.1839599609375
60_20220831 04,1641.50390625
60_20220831 05,2510.426513671875
60_20220831 06,3178.146240234375
60_20220831 07,3613.162109375
60_20220831 08,3893.940185546875
60_20220831 09,4133.77099609375
60_20220831 10,4110.78173828125
60_20220831 11,4008.018310546875
60_20220831 12,3975.427734375
60_20220831 13,4110.8037109375
60_20220831 14,4011.129638671875
60_20220831 15,4099.47412109375
60_20220831 16,4008.36572265625
60_20220831 17,4091.247314453125
60_20220831 18,3806.362548828125
60_20220831 19,3188.19873046875
60_20220831 20,2835.623291015625
60_20220831 21,2284.4658203125
60_20220831 22,1803.7291259765625
60_20220831 23,1737.8193359375
61_20220825 00,2554.46142578125
61_20220825 01,2044.393798828125
61_20220825 02,1834.0716552734375
61_20220825 03,1724.276611328125
61_20220825 04,1710.7757568359375
61_20220825 05,1832.0953369140625
61_20220825 06,2379.785888671875
61_20220825 07,2974.14404296875
61_20220825 08,2979.787109375
61_20220825 09,2822.991943359375
61_20220825 10,2727.46875
61_20220825 11,2714.342529296875
61_20220825 12,2754.052734375
61_20220825 13,2707.21728515625
61_20220825 14,2658.38916015625
61_20220825 15,2597.621826171875
61_20220825 16,2684.00732421875
61_20220825 17,2902.150634765625
61_20220825 18,3374.381591796875
61_20220825 19,3737.397705078125
61_20220825 20,3899.1796875
61_20220825 21,3868.33154296875
61_20220825 22,3553.581298828125
61_20220825 23,2955.542236328125
61_20220826 00,2435.0009765625
61_20220826 01,2024.955810546875
61_20220826 02,1778.2066650390625
61_20220826 03,1692.4661865234375
61_20220826 04,1688.4287109375
61_20220826 05,1796.8851318359375
61_20220826 06,2297.701416015625
61_20220826 07,2937.859619140625
61_20220826 08,2980.44287109375
61_20220826 09,2776.18505859375
61_20220826 10,2657.26025390625
61_20220826 11,2690.791748046875
61_20220826 12,2603.736328125
61_20220826 13,2615.05517578125
61_20220826 14,2588.8740234375
61_20220826 15,2672.837890625
61_20220826 16,2739.58642578125
61_20220826 17,2924.22802734375
61_20220826 18,3342.28076171875
61_20220826 19,3716.536376953125
61_20220826 20,3893.65771484375
61_20220826 21,3876.93896484375
61_20220826 22,3599.615234375
61_20220826 23,3079.52978515625
61_20220827 00,2526.64208984375
61_20220827 01,2101.876708984375
61_20220827 02,1864.3052978515625
61_20220827 03,1751.2191162109375
61_20220827 04,1701.0328369140625
61_20220827 05,1720.0228271484375
61_20220827 06,1945.3121337890625
61_20220827 07,2393.125
61_20220827 08,2834.96484375
61_20220827 09,3047.78466796875
61_20220827 10,2996.18994140625
61_20220827 11,2980.835693359375
61_20220827 12,3091.38818359375
61_20220827 13,3039.487548828125
61_20220827 14,2912.81396484375
61_20220827 15,2813.656005859375
61_20220827 16,2836.24462890625
61_20220827 17,3036.58154296875
61_20220827 18,3273.027099609375
61_20220827 19,3552.34130859375
61_20220827 20,3711.04052734375
61_20220827 21,3642.92041015625
61_20220827 22,3385.17578125
61_20220827 23,2942.6953125
61_20220828 00,2536.41796875
61_20220828 01,2075.38232421875
61_20220828 02,1846.640380859375
61_20220828 03,1717.3148193359375
61_20220828 04,1665.9447021484375
61_20220828 05,1693.9808349609375
61_20220828 06,1877.167724609375
61_20220828 07,2304.71142578125
61_20220828 08,2754.62353515625
61_20220828 09,2988.281494140625
61_20220828 10,2976.53369140625
61_20220828 11,2996.05712890625
61_20220828 12,3122.17578125
61_20220828 13,3075.073486328125
61_20220828 14,2916.52294921875
61_20220828 15,2900.241455078125
61_20220828 16,3020.77197265625
61_20220828 17,3235.401123046875
61_20220828 18,3428.391845703125
61_20220828 19,3670.34521484375
61_20220828 20,3776.06884765625
61_20220828 21,3747.659423828125
61_20220828 22,3380.050048828125
61_20220828 23,2933.15234375
61_20220829 00,2446.10986328125
61_20220829 01,2015.5631103515625
61_20220829 02,1825.3961181640625
61_20220829 03,1712.996337890625
61_20220829 04,1702.605224609375
61_20220829 05,1815.8206787109375
61_20220829 06,2325.47412109375
61_20220829 07,2902.20849609375
61_20220829 08,2973.08935546875
61_20220829 09,2898.69921875
61_20220829 10,2818.930908203125
61_20220829 11,2818.58154296875
61_20220829 12,2878.279541015625
61_20220829 13,2835.2509765625
61_20220829 14,2746.67919921875
61_20220829 15,2758.423828125
61_20220829 16,2816.172607421875
61_20220829 17,3078.6259765625
61_20220829 18,3492.859375
61_20220829 19,3908.163330078125
61_20220829 20,4059.339111328125
61_20220829 21,3976.725830078125
61_20220829 22,3647.117919921875
61_20220829 23,3085.099853515625
61_20220830 00,2467.201416015625
61_20220830 01,2018.650390625
61_20220830 02,1813.6624755859375
61_20220830 03,1707.518310546875
61_20220830 04,1697.759033203125
61_20220830 05,1807.0863037109375
61_20220830 06,2310.17138671875
61_20220830 07,2941.486328125
61_20220830 08,2953.848388671875
61_20220830 09,2792.5908203125
61_20220830 10,2699.592529296875
61_20220830 11,2681.545654296875
61_20220830 12,2703.952392578125
61_20220830 13,2685.214111328125
61_20220830 14,2603.69970703125
61_20220830 15,2639.82373046875
61_20220830 16,2727.59130859375
61_20220830 17,2975.385009765625
61_20220830 18,3380.94970703125
61_20220830 19,3722.03564453125
61_20220830 20,3874.5859375
61_20220830 21,3793.335205078125
61_20220830 22,3469.378173828125
61_20220830 23,2943.92333984375
61_20220831 00,2411.9560546875
61_20220831 01,2001.4251708984375
61_20220831 02,1784.1533203125
61_20220831 03,1695.599853515625
61_20220831 04,1687.1256103515625
61_20220831 05,1794.9664306640625
61_20220831 06,2298.768310546875
61_20220831 07,2874.08837890625
61_20220831 08,2963.16015625
61_20220831 09,2801.85498046875
61_20220831 10,2654.626220703125
61_20220831 11,2636.13330078125
61_20220831 12,2724.5087890625
61_20220831 13,2671.228759765625
61_20220831 14,2606.17333984375
61_20220831 15,2602.29541015625
61_20220831 16,2688.700927734375
61_20220831 17,2874.53125
61_20220831 18,3258.73193359375
61_20220831 19,3615.75634765625
61_20220831 20,3767.678466796875
61_20220831 21,3735.859375
61_20220831 22,3410.83642578125
61_20220831 23,2917.59423828125
62_20220825 00,902.8360595703125
62_20220825 01,734.7739868164062
62_20220825 02,664.9983520507812
62_20220825 03,627.5204467773438
62_20220825 04,612.7188720703125
62_20220825 05,632.0075073242188
62_20220825 06,743.8978271484375
62_20220825 07,926.955078125
62_20220825 08,976.49853515625
62_20220825 09,955.09521484375
62_20220825 10,941.5623779296875
62_20220825 11,937.1558837890625
62_20220825 12,986.5812377929688
62_20220825 13,965.5880737304688
62_20220825 14,951.8058471679688
62_20220825 15,896.1218872070312
62_20220825 16,968.0147705078125
62_20220825 17,1045.13818359375
62_20220825 18,1208.8228759765625
62_20220825 19,1297.920654296875
62_20220825 20,1335.3035888671875
62_20220825 21,1316.5419921875
62_20220825 22,1247.5858154296875
62_20220825 23,1063.331787109375
62_20220826 00,912.7150268554688
62_20220826 01,748.5333862304688
62_20220826 02,684.3934326171875
62_20220826 03,650.1820068359375
62_20220826 04,638.25732421875
62_20220826 05,643.9837646484375
62_20220826 06,749.201416015625
62_20220826 07,938.853515625
62_20220826 08,990.6263427734375
62_20220826 09,972.7340698242188
62_20220826 10,959.720703125
62_20220826 11,967.1047973632812
62_20220826 12,1002.1417846679688
62_20220826 13,996.4910888671875
62_20220826 14,974.51953125
62_20220826 15,1007.1427001953125
62_20220826 16,1037.240966796875
62_20220826 17,1064.939697265625
62_20220826 18,1235.496337890625
62_20220826 19,1288.154541015625
62_20220826 20,1373.806640625
62_20220826 21,1352.6085205078125
62_20220826 22,1295.635498046875
62_20220826 23,1139.3126220703125
62_20220827 00,927.1881713867188
62_20220827 01,786.4171142578125
62_20220827 02,706.5848388671875
62_20220827 03,657.8072509765625
62_20220827 04,630.3162231445312
62_20220827 05,629.7786865234375
62_20220827 06,680.0217895507812
62_20220827 07,800.8084716796875
62_20220827 08,937.5783081054688
62_20220827 09,1011.8287963867188
62_20220827 10,1022.4722900390625
62_20220827 11,1066.153076171875
62_20220827 12,1137.045654296875
62_20220827 13,1101.236083984375
62_20220827 14,1075.0228271484375
62_20220827 15,1036.055908203125
62_20220827 16,1037.995849609375
62_20220827 17,1111.2896728515625
62_20220827 18,1237.322998046875
62_20220827 19,1304.9674072265625
62_20220827 20,1352.05908203125
62_20220827 21,1331.577392578125
62_20220827 22,1248.806640625
62_20220827 23,1087.3045654296875
62_20220828 00,902.21240234375
62_20220828 01,763.3963623046875
62_20220828 02,688.4667358398438
62_20220828 03,642.23779296875
62_20220828 04,623.6375732421875
62_20220828 05,625.9843139648438
62_20220828 06,669.0635375976562
62_20220828 07,779.5822143554688
62_20220828 08,913.5533447265625
62_20220828 09,998.2111206054688
62_20220828 10,1024.5943603515625
62_20220828 11,1093.309326171875
62_20220828 12,1147.763671875
62_20220828 13,1154.670166015625
62_20220828 14,1113.0921630859375
62_20220828 15,1101.6943359375
62_20220828 16,1150.7825927734375
62_20220828 17,1257.052001953125
62_20220828 18,1351.9383544921875
62_20220828 19,1388.4906005859375
62_20220828 20,1434.1590576171875
62_20220828 21,1409.4212646484375
62_20220828 22,1301.7012939453125
62_20220828 23,1104.5047607421875
62_20220829 00,890.9915161132812
62_20220829 01,736.3659057617188
62_20220829 02,669.0328369140625
62_20220829 03,627.361572265625
62_20220829 04,614.2457885742188
62_20220829 05,625.6111450195312
62_20220829 06,753.2380981445312
62_20220829 07,934.7308349609375
62_20220829 08,956.4918823242188
62_20220829 09,953.5943603515625
62_20220829 10,956.21630859375
62_20220829 11,960.4983520507812
62_20220829 12,1009.1361083984375
62_20220829 13,996.5692138671875
62_20220829 14,979.8863525390625
62_20220829 15,967.7554931640625
62_20220829 16,992.1658935546875
62_20220829 17,1065.7587890625
62_20220829 18,1220.737548828125
62_20220829 19,1322.1995849609375
62_20220829 20,1369.3961181640625
62_20220829 21,1317.6610107421875
62_20220829 22,1257.283447265625
62_20220829 23,1079.7601318359375
62_20220830 00,882.5286865234375
62_20220830 01,740.4273681640625
62_20220830 02,673.3824462890625
62_20220830 03,635.0794677734375
62_20220830 04,621.983154296875
62_20220830 05,637.044921875
62_20220830 06,746.3521728515625
62_20220830 07,926.6470947265625
62_20220830 08,961.5291137695312
62_20220830 09,950.3463745117188
62_20220830 10,945.0345458984375
62_20220830 11,934.34765625
62_20220830 12,981.5744018554688
62_20220830 13,985.3406372070312
62_20220830 14,971.6412963867188
62_20220830 15,970.7771606445312
62_20220830 16,1009.4390869140625
62_20220830 17,1104.078857421875
62_20220830 18,1252.2340087890625
62_20220830 19,1347.784423828125
62_20220830 20,1372.129638671875
62_20220830 21,1329.480224609375
62_20220830 22,1260.410400390625
62_20220830 23,1066.3876953125
62_20220831 00,883.1946411132812
62_20220831 01,729.3953857421875
62_20220831 02,662.7072143554688
62_20220831 03,626.04052734375
62_20220831 04,606.0999755859375
62_20220831 05,622.5047607421875
62_20220831 06,728.0284423828125
62_20220831 07,909.2796630859375
62_20220831 08,941.33837890625
62_20220831 09,937.0304565429688
62_20220831 10,910.2303466796875
62_20220831 11,895.45703125
62_20220831 12,938.97216796875
62_20220831 13,918.9608154296875
62_20220831 14,910.7979736328125
62_20220831 15,899.1470947265625
62_20220831 16,947.0172729492188
62_20220831 17,1029.5062255859375
62_20220831 18,1189.108642578125
62_20220831 19,1291.671875
62_20220831 20,1330.924072265625
62_20220831 21,1289.4154052734375
62_20220831 22,1238.538818359375
62_20220831 23,1067.759033203125
63_20220825 00,591.7430419921875
63_20220825 01,470.6802673339844
63_20220825 02,413.10528564453125
63_20220825 03,383.1777038574219
63_20220825 04,371.34478759765625
63_20220825 05,383.54193115234375
63_20220825 06,492.50933837890625
63_20220825 07,643.2271728515625
63_20220825 08,616.3751220703125
63_20220825 09,573.6378173828125
63_20220825 10,571.9435424804688
63_20220825 11,587.5527954101562
63_20220825 12,629.8851318359375
63_20220825 13,619.0105590820312
63_20220825 14,634.03369140625
63_20220825 15,632.6741333007812
63_20220825 16,656.7964477539062
63_20220825 17,720.0057983398438
63_20220825 18,783.1404418945312
63_20220825 19,817.4118041992188
63_20220825 20,842.2693481445312
63_20220825 21,852.8563232421875
63_20220825 22,801.7025146484375
63_20220825 23,694.4929809570312
63_20220826 00,590.3562622070312
63_20220826 01,472.7525939941406
63_20220826 02,412.9546813964844
63_20220826 03,382.1249694824219
63_20220826 04,378.87908935546875
63_20220826 05,387.49169921875
63_20220826 06,492.8672790527344
63_20220826 07,644.8394775390625
63_20220826 08,614.5828247070312
63_20220826 09,563.7723388671875
63_20220826 10,548.662109375
63_20220826 11,577.273193359375
63_20220826 12,604.2168579101562
63_20220826 13,608.1024169921875
63_20220826 14,638.5712890625
63_20220826 15,655.4774780273438
63_20220826 16,665.7391357421875
63_20220826 17,740.4723510742188
63_20220826 18,798.4037475585938
63_20220826 19,857.8571166992188
63_20220826 20,874.03125
63_20220826 21,873.3616943359375
63_20220826 22,826.681640625
63_20220826 23,723.3133544921875
63_20220827 00,620.7046508789062
63_20220827 01,497.315185546875
63_20220827 02,431.07684326171875
63_20220827 03,396.55792236328125
63_20220827 04,385.65985107421875
63_20220827 05,395.06744384765625
63_20220827 06,439.5550231933594
63_20220827 07,520.6854248046875
63_20220827 08,605.7470703125
63_20220827 09,648.9482421875
63_20220827 10,665.1329956054688
63_20220827 11,680.6339111328125
63_20220827 12,708.6116943359375
63_20220827 13,710.9650268554688
63_20220827 14,692.39453125
63_20220827 15,674.5135498046875
63_20220827 16,671.9017944335938
63_20220827 17,711.3456420898438
63_20220827 18,762.0094604492188
63_20220827 19,809.3825073242188
63_20220827 20,831.8756103515625
63_20220827 21,840.7633666992188
63_20220827 22,791.010986328125
63_20220827 23,706.702880859375
63_20220828 00,613.0061645507812
63_20220828 01,494.386474609375
63_20220828 02,425.58624267578125
63_20220828 03,391.0599670410156
63_20220828 04,386.97430419921875
63_20220828 05,393.78106689453125
63_20220828 06,432.755126953125
63_20220828 07,508.899658203125
63_20220828 08,595.7537231445312
63_20220828 09,657.8343505859375
63_20220828 10,677.0731811523438
63_20220828 11,709.2686767578125
63_20220828 12,740.45654296875
63_20220828 13,729.9505615234375
63_20220828 14,726.747802734375
63_20220828 15,717.01123046875
63_20220828 16,732.70068359375
63_20220828 17,787.0654296875
63_20220828 18,822.83251953125
63_20220828 19,854.6844482421875
63_20220828 20,868.8917846679688
63_20220828 21,864.1179809570312
63_20220828 22,800.6227416992188
63_20220828 23,694.2078247070312
63_20220829 00,583.2615356445312
63_20220829 01,454.3457946777344
63_20220829 02,407.5576477050781
63_20220829 03,383.5790710449219
63_20220829 04,378.6649475097656
63_20220829 05,385.24249267578125
63_20220829 06,491.79718017578125
63_20220829 07,640.08837890625
63_20220829 08,621.8064575195312
63_20220829 09,591.0828857421875
63_20220829 10,575.2288208007812
63_20220829 11,601.2128295898438
63_20220829 12,630.5481567382812
63_20220829 13,634.3720703125
63_20220829 14,641.0699462890625
63_20220829 15,648.8129272460938
63_20220829 16,671.8919067382812
63_20220829 17,736.72509765625
63_20220829 18,806.2468872070312
63_20220829 19,845.1456909179688
63_20220829 20,855.0718994140625
63_20220829 21,858.6251220703125
63_20220829 22,816.0637817382812
63_20220829 23,706.5361938476562
63_20220830 00,592.9886474609375
63_20220830 01,478.1910095214844
63_20220830 02,417.93853759765625
63_20220830 03,389.73699951171875
63_20220830 04,383.4585876464844
63_20220830 05,391.2579040527344
63_20220830 06,489.4932556152344
63_20220830 07,641.4866943359375
63_20220830 08,619.9356079101562
63_20220830 09,580.1419677734375
63_20220830 10,567.874755859375
63_20220830 11,588.6500854492188
63_20220830 12,618.75390625
63_20220830 13,624.4599609375
63_20220830 14,642.9012451171875
63_20220830 15,647.1721801757812
63_20220830 16,676.1685791015625
63_20220830 17,739.1866455078125
63_20220830 18,810.724365234375
63_20220830 19,858.3816528320312
63_20220830 20,874.0704345703125
63_20220830 21,864.2848510742188
63_20220830 22,839.3435668945312
63_20220830 23,724.0958251953125
63_20220831 00,596.5728759765625
63_20220831 01,488.13421630859375
63_20220831 02,429.20269775390625
63_20220831 03,395.93414306640625
63_20220831 04,394.67474365234375
63_20220831 05,401.3123474121094
63_20220831 06,502.7191467285156
63_20220831 07,643.582275390625
63_20220831 08,624.7694091796875
63_20220831 09,585.3767700195312
63_20220831 10,575.1944580078125
63_20220831 11,585.9324340820312
63_20220831 12,616.0181884765625
63_20220831 13,611.8060302734375
63_20220831 14,617.5100708007812
63_20220831 15,621.6092529296875
63_20220831 16,640.480712890625
63_20220831 17,717.4904174804688
63_20220831 18,774.2998046875
63_20220831 19,821.0693359375
63_20220831 20,835.1668090820312
63_20220831 21,839.4324951171875
63_20220831 22,808.7667236328125
63_20220831 23,702.458984375
64_20220825 00,974.4806518554688
64_20220825 01,834.0027465820312
64_20220825 02,775.791748046875
64_20220825 03,739.4501953125
64_20220825 04,735.2374267578125
64_20220825 05,752.33056640625
64_20220825 06,860.13818359375
64_20220825 07,994.9248046875
64_20220825 08,1005.1036376953125
64_20220825 09,992.5604248046875
64_20220825 10,987.7537231445312
64_20220825 11,997.1217041015625
64_20220825 12,1025.2578125
64_20220825 13,961.3135986328125
64_20220825 14,938.4782104492188
64_20220825 15,959.26513671875
64_20220825 16,1013.5314331054688
64_20220825 17,1131.1734619140625
64_20220825 18,1276.446044921875
64_20220825 19,1390.8660888671875
64_20220825 20,1427.4661865234375
64_20220825 21,1391.643798828125
64_20220825 22,1305.4813232421875
64_20220825 23,1147.4332275390625
64_20220826 00,964.4718017578125
64_20220826 01,842.9345703125
64_20220826 02,779.93408203125
64_20220826 03,746.3959350585938
64_20220826 04,738.6566162109375
64_20220826 05,751.4723510742188
64_20220826 06,856.40380859375
64_20220826 07,984.3030395507812
64_20220826 08,1008.0556640625
64_20220826 09,984.7488403320312
64_20220826 10,980.3001098632812
64_20220826 11,996.30517578125
64_20220826 12,1028.243896484375
64_20220826 13,1006.5335083007812
64_20220826 14,991.11962890625
64_20220826 15,1010.4674682617188
64_20220826 16,1067.199462890625
64_20220826 17,1161.272705078125
64_20220826 18,1294.4263916015625
64_20220826 19,1418.8477783203125
64_20220826 20,1458.7142333984375
64_20220826 21,1425.952392578125
64_20220826 22,1345.342041015625
64_20220826 23,1185.394287109375
64_20220827 00,1010.6507568359375
64_20220827 01,880.1954956054688
64_20220827 02,805.7431030273438
64_20220827 03,766.030029296875
64_20220827 04,741.6669921875
64_20220827 05,740.4837646484375
64_20220827 06,812.4095458984375
64_20220827 07,882.4544677734375
64_20220827 08,1000.306640625
64_20220827 09,1059.34765625
64_20220827 10,1075.153076171875
64_20220827 11,1116.889404296875
64_20220827 12,1146.9649658203125
64_20220827 13,1130.6646728515625
64_20220827 14,1125.4765625
64_20220827 15,1124.3607177734375
64_20220827 16,1150.208984375
64_20220827 17,1199.354736328125
64_20220827 18,1332.1195068359375
64_20220827 19,1402.6492919921875
64_20220827 20,1450.1497802734375
64_20220827 21,1409.947265625
64_20220827 22,1300.702392578125
64_20220827 23,1160.8841552734375
64_20220828 00,1017.1456298828125
64_20220828 01,894.72509765625
64_20220828 02,810.6176147460938
64_20220828 03,779.8568115234375
64_20220828 04,760.2196044921875
64_20220828 05,760.9596557617188
64_20220828 06,820.4603271484375
64_20220828 07,891.2628784179688
64_20220828 08,1005.9098510742188
64_20220828 09,1081.289794921875
64_20220828 10,1113.6693115234375
64_20220828 11,1150.178955078125
64_20220828 12,1203.1298828125
64_20220828 13,1197.9234619140625
64_20220828 14,1201.225341796875
64_20220828 15,1198.7381591796875
64_20220828 16,1259.618408203125
64_20220828 17,1344.414306640625
64_20220828 18,1447.9058837890625
64_20220828 19,1504.9478759765625
64_20220828 20,1515.2713623046875
64_20220828 21,1481.3275146484375
64_20220828 22,1332.541748046875
64_20220828 23,1182.957763671875
64_20220829 00,975.1796875
64_20220829 01,862.6949462890625
64_20220829 02,799.4035034179688
64_20220829 03,767.8327026367188
64_20220829 04,752.0311279296875
64_20220829 05,773.4652099609375
64_20220829 06,875.0252075195312
64_20220829 07,982.08642578125
64_20220829 08,1004.1162109375
64_20220829 09,1003.3654174804688
64_20220829 10,1001.287109375
64_20220829 11,1011.6229248046875
64_20220829 12,1051.1224365234375
64_20220829 13,1031.556640625
64_20220829 14,1015.8184814453125
64_20220829 15,1016.0451049804688
64_20220829 16,1037.0406494140625
64_20220829 17,1164.48193359375
64_20220829 18,1319.6002197265625
64_20220829 19,1450.373779296875
64_20220829 20,1482.5794677734375
64_20220829 21,1448.167236328125
64_20220829 22,1311.8560791015625
64_20220829 23,1145.0814208984375
64_20220830 00,934.0855712890625
64_20220830 01,829.1015625
64_20220830 02,782.9552612304688
64_20220830 03,745.1957397460938
64_20220830 04,741.7449340820312
64_20220830 05,762.170166015625
64_20220830 06,856.7404174804688
64_20220830 07,968.9503173828125
64_20220830 08,987.2955932617188
64_20220830 09,966.0887451171875
64_20220830 10,957.6892700195312
64_20220830 11,972.74609375
64_20220830 12,984.9176025390625
64_20220830 13,968.5963134765625
64_20220830 14,958.3556518554688
64_20220830 15,973.9776611328125
64_20220830 16,1023.0881958007812
64_20220830 17,1146.727294921875
64_20220830 18,1284.4512939453125
64_20220830 19,1404.307373046875
64_20220830 20,1439.1915283203125
64_20220830 21,1396.1656494140625
64_20220830 22,1286.7589111328125
64_20220830 23,1122.211181640625
64_20220831 00,931.0938720703125
64_20220831 01,825.1111450195312
64_20220831 02,768.8931884765625
64_20220831 03,737.3663330078125
64_20220831 04,729.4388427734375
64_20220831 05,740.9851684570312
64_20220831 06,837.6174926757812
64_20220831 07,958.1536865234375
64_20220831 08,967.24267578125
64_20220831 09,953.0452270507812
64_20220831 10,941.712890625
64_20220831 11,942.6959228515625
64_20220831 12,968.0056762695312
64_20220831 13,945.59375
64_20220831 14,931.4666748046875
64_20220831 15,930.82080078125
64_20220831 16,971.986328125
64_20220831 17,1081.031005859375
64_20220831 18,1239.361328125
64_20220831 19,1385.3634033203125
64_20220831 20,1424.6820068359375
64_20220831 21,1384.771240234375
64_20220831 22,1285.250732421875
64_20220831 23,1125.674072265625
65_20220825 00,442.5362854003906
65_20220825 01,383.9352722167969
65_20220825 02,333.69744873046875
65_20220825 03,335.056396484375
65_20220825 04,336.58013916015625
65_20220825 05,340.31689453125
65_20220825 06,454.76446533203125
65_20220825 07,616.3175048828125
65_20220825 08,617.1930541992188
65_20220825 09,546.3370971679688
65_20220825 10,491.8067932128906
65_20220825 11,469.03070068359375
65_20220825 12,474.54974365234375
65_20220825 13,479.2158203125
65_20220825 14,472.19024658203125
65_20220825 15,492.9024963378906
65_20220825 16,594.6661376953125
65_20220825 17,689.438720703125
65_20220825 18,759.3211669921875
65_20220825 19,760.84521484375
65_20220825 20,755.1903076171875
65_20220825 21,731.6622314453125
65_20220825 22,668.5179443359375
65_20220825 23,544.3406372070312
65_20220826 00,407.9886779785156
65_20220826 01,351.92669677734375
65_20220826 02,311.6094665527344
65_20220826 03,309.87445068359375
65_20220826 04,317.4660949707031
65_20220826 05,326.073486328125
65_20220826 06,431.07830810546875
65_20220826 07,586.1090087890625
65_20220826 08,585.5588989257812
65_20220826 09,512.0234375
65_20220826 10,458.39453125
65_20220826 11,436.0858459472656
65_20220826 12,451.5220642089844
65_20220826 13,450.5386657714844
65_20220826 14,444.05474853515625
65_20220826 15,467.9828186035156
65_20220826 16,561.9414672851562
65_20220826 17,692.8005981445312
65_20220826 18,783.1137084960938
65_20220826 19,790.6341552734375
65_20220826 20,774.2192993164062
65_20220826 21,755.9364013671875
65_20220826 22,686.4131469726562
65_20220826 23,574.8748779296875
65_20220827 00,449.08502197265625
65_20220827 01,382.0498352050781
65_20220827 02,346.74700927734375
65_20220827 03,312.9671630859375
65_20220827 04,316.87896728515625
65_20220827 05,324.73529052734375
65_20220827 06,406.4315490722656
65_20220827 07,550.565185546875
65_20220827 08,579.65869140625
65_20220827 09,581.6834106445312
65_20220827 10,555.0752563476562
65_20220827 11,509.9580078125
65_20220827 12,539.8179931640625
65_20220827 13,497.69439697265625
65_20220827 14,503.83233642578125
65_20220827 15,499.70928955078125
65_20220827 16,568.1029052734375
65_20220827 17,623.7506103515625
65_20220827 18,650.5557250976562
65_20220827 19,683.7811279296875
65_20220827 20,673.971435546875
65_20220827 21,661.7791748046875
65_20220827 22,620.7027587890625
65_20220827 23,515.5256958007812
65_20220828 00,425.806640625
65_20220828 01,363.3197021484375
65_20220828 02,320.5794372558594
65_20220828 03,303.018310546875
65_20220828 04,308.9508972167969
65_20220828 05,315.12615966796875
65_20220828 06,383.4876708984375
65_20220828 07,515.52978515625
65_20220828 08,555.0647583007812
65_20220828 09,543.8325805664062
65_20220828 10,512.3741455078125
65_20220828 11,475.044677734375
65_20220828 12,521.670654296875
65_20220828 13,532.0409545898438
65_20220828 14,542.6453857421875
65_20220828 15,554.6838989257812
65_20220828 16,616.4181518554688
65_20220828 17,665.89990234375
65_20220828 18,718.0114135742188
65_20220828 19,725.1824340820312
65_20220828 20,710.4308471679688
65_20220828 21,697.7863159179688
65_20220828 22,639.1945190429688
65_20220828 23,524.4783935546875
65_20220829 00,442.6376953125
65_20220829 01,402.6329040527344
65_20220829 02,358.9429931640625
65_20220829 03,340.6827697753906
65_20220829 04,343.4150390625
65_20220829 05,353.9896240234375
65_20220829 06,450.0122985839844
65_20220829 07,591.4781494140625
65_20220829 08,580.54931640625
65_20220829 09,524.396484375
65_20220829 10,477.9900817871094
65_20220829 11,470.55828857421875
65_20220829 12,474.3369140625
65_20220829 13,472.323486328125
65_20220829 14,458.74749755859375
65_20220829 15,476.81610107421875
65_20220829 16,572.8060302734375
65_20220829 17,679.4598999023438
65_20220829 18,776.8068237304688
65_20220829 19,777.1485595703125
65_20220829 20,776.9127197265625
65_20220829 21,752.3937377929688
65_20220829 22,676.3930053710938
65_20220829 23,562.1910400390625
65_20220830 00,451.93927001953125
65_20220830 01,394.4969482421875
65_20220830 02,355.53424072265625
65_20220830 03,341.8710021972656
65_20220830 04,342.5408935546875
65_20220830 05,349.1957092285156
65_20220830 06,463.9974670410156
65_20220830 07,631.3292236328125
65_20220830 08,617.9351806640625
65_20220830 09,577.5162963867188
65_20220830 10,535.51025390625
65_20220830 11,517.3546142578125
65_20220830 12,534.195068359375
65_20220830 13,524.0399780273438
65_20220830 14,532.5726928710938
65_20220830 15,567.0862426757812
65_20220830 16,675.8775634765625
65_20220830 17,808.336181640625
65_20220830 18,922.2725830078125
65_20220830 19,910.9386596679688
65_20220830 20,879.9480590820312
65_20220830 21,839.0384521484375
65_20220830 22,741.1610717773438
65_20220830 23,626.701171875
65_20220831 00,461.4278869628906
65_20220831 01,391.14990234375
65_20220831 02,343.572509765625
65_20220831 03,340.51025390625
65_20220831 04,343.0518798828125
65_20220831 05,346.83551025390625
65_20220831 06,446.78155517578125
65_20220831 07,601.994873046875
65_20220831 08,594.3255615234375
65_20220831 09,545.7236328125
65_20220831 10,501.866943359375
65_20220831 11,469.61614990234375
65_20220831 12,455.9207458496094
65_20220831 13,424.6416931152344
65_20220831 14,425.1930236816406
65_20220831 15,443.43023681640625
65_20220831 16,539.3255004882812
65_20220831 17,654.3287353515625
65_20220831 18,740.2237548828125
65_20220831 19,739.1229248046875
65_20220831 20,743.7911987304688
65_20220831 21,724.1121826171875
65_20220831 22,667.0109252929688
65_20220831 23,545.857666015625
66_20220825 00,353.70196533203125
66_20220825 01,311.5001525878906
66_20220825 02,307.2626037597656
66_20220825 03,305.36016845703125
66_20220825 04,306.22052001953125
66_20220825 05,308.6942443847656
66_20220825 06,335.5966491699219
66_20220825 07,360.0433654785156
66_20220825 08,346.1601257324219
66_20220825 09,358.06439208984375
66_20220825 10,345.408447265625
66_20220825 11,339.9960021972656
66_20220825 12,356.16436767578125
66_20220825 13,356.9701843261719
66_20220825 14,350.2666015625
66_20220825 15,336.56298828125
66_20220825 16,327.7445373535156
66_20220825 17,350.2184143066406
66_20220825 18,377.291015625
66_20220825 19,403.76312255859375
66_20220825 20,421.44427490234375
66_20220825 21,389.212890625
66_20220825 22,362.8675231933594
66_20220825 23,330.94012451171875
66_20220826 00,324.53826904296875
66_20220826 01,293.57855224609375
66_20220826 02,288.8875732421875
66_20220826 03,290.76751708984375
66_20220826 04,294.62652587890625
66_20220826 05,296.0927429199219
66_20220826 06,321.9651794433594
66_20220826 07,341.32763671875
66_20220826 08,327.5379333496094
66_20220826 09,328.73358154296875
66_20220826 10,312.8408508300781
66_20220826 11,311.43353271484375
66_20220826 12,328.6791076660156
66_20220826 13,323.343017578125
66_20220826 14,321.277587890625
66_20220826 15,331.9141540527344
66_20220826 16,346.2934265136719
66_20220826 17,357.0208740234375
66_20220826 18,382.5224304199219
66_20220826 19,408.60540771484375
66_20220826 20,418.4942321777344
66_20220826 21,387.0335388183594
66_20220826 22,364.4312744140625
66_20220826 23,337.56201171875
66_20220827 00,335.4272155761719
66_20220827 01,300.03326416015625
66_20220827 02,297.038330078125
66_20220827 03,293.80999755859375
66_20220827 04,295.68829345703125
66_20220827 05,297.51165771484375
66_20220827 06,303.8422546386719
66_20220827 07,331.6923828125
66_20220827 08,345.68170166015625
66_20220827 09,358.5251770019531
66_20220827 10,341.94085693359375
66_20220827 11,340.4969787597656
66_20220827 12,334.2023620605469
66_20220827 13,340.69659423828125
66_20220827 14,333.01092529296875
66_20220827 15,353.716796875
66_20220827 16,341.1192626953125
66_20220827 17,352.9638671875
66_20220827 18,358.6751403808594
66_20220827 19,386.4409484863281
66_20220827 20,411.98468017578125
66_20220827 21,382.91888427734375
66_20220827 22,362.8097229003906
66_20220827 23,337.43243408203125
66_20220828 00,333.43572998046875
66_20220828 01,299.1252136230469
66_20220828 02,294.8956298828125
66_20220828 03,290.9781799316406
66_20220828 04,294.54498291015625
66_20220828 05,296.94140625
66_20220828 06,305.3796081542969
66_20220828 07,335.08160400390625
66_20220828 08,350.5723876953125
66_20220828 09,370.72003173828125
66_20220828 10,339.3716125488281
66_20220828 11,344.8985900878906
66_20220828 12,358.1896057128906
66_20220828 13,357.71044921875
66_20220828 14,361.24029541015625
66_20220828 15,376.6785888671875
66_20220828 16,375.72412109375
66_20220828 17,379.9388732910156
66_20220828 18,391.9317932128906
66_20220828 19,404.98419189453125
66_20220828 20,422.94915771484375
66_20220828 21,391.79248046875
66_20220828 22,371.00506591796875
66_20220828 23,338.1576843261719
66_20220829 00,353.3930969238281
66_20220829 01,319.2300720214844
66_20220829 02,315.69091796875
66_20220829 03,315.7815856933594
66_20220829 04,317.1212463378906
66_20220829 05,319.79425048828125
66_20220829 06,340.77008056640625
66_20220829 07,364.1388854980469
66_20220829 08,359.63238525390625
66_20220829 09,360.0323791503906
66_20220829 10,345.2313232421875
66_20220829 11,347.3553771972656
66_20220829 12,368.66741943359375
66_20220829 13,352.9596862792969
66_20220829 14,349.3191833496094
66_20220829 15,360.8260192871094
66_20220829 16,364.5287170410156
66_20220829 17,375.1033020019531
66_20220829 18,401.087646484375
66_20220829 19,432.75372314453125
66_20220829 20,447.3585510253906
66_20220829 21,408.97979736328125
66_20220829 22,388.3909912109375
66_20220829 23,361.7649841308594
66_20220830 00,352.39251708984375
66_20220830 01,318.61181640625
66_20220830 02,316.16595458984375
66_20220830 03,312.77197265625
66_20220830 04,313.8271789550781
66_20220830 05,317.50701904296875
66_20220830 06,339.776611328125
66_20220830 07,363.2370300292969
66_20220830 08,355.0219421386719
66_20220830 09,362.8764953613281
66_20220830 10,350.68585205078125
66_20220830 11,347.42608642578125
66_20220830 12,358.7863464355469
66_20220830 13,356.9726257324219
66_20220830 14,357.40386962890625
66_20220830 15,372.22576904296875
66_20220830 16,377.5834045410156
66_20220830 17,400.4781188964844
66_20220830 18,422.6845703125
66_20220830 19,449.1827697753906
66_20220830 20,456.52496337890625
66_20220830 21,419.007568359375
66_20220830 22,403.25750732421875
66_20220830 23,367.91241455078125
66_20220831 00,353.64935302734375
66_20220831 01,317.86114501953125
66_20220831 02,312.88385009765625
66_20220831 03,309.802978515625
66_20220831 04,306.787841796875
66_20220831 05,312.391845703125
66_20220831 06,321.4827575683594
66_20220831 07,352.82733154296875
66_20220831 08,344.52777099609375
66_20220831 09,348.3316955566406
66_20220831 10,343.31597900390625
66_20220831 11,338.39996337890625
66_20220831 12,347.33355712890625
66_20220831 13,328.41741943359375
66_20220831 14,326.0621032714844
66_20220831 15,331.28399658203125
66_20220831 16,334.82269287109375
66_20220831 17,351.6905822753906
66_20220831 18,379.35888671875
66_20220831 19,402.2016296386719
66_20220831 20,421.77191162109375
66_20220831 21,388.5621643066406
66_20220831 22,363.5254821777344
66_20220831 23,340.06048583984375
67_20220825 00,1069.9832763671875
67_20220825 01,906.4327392578125
67_20220825 02,831.5617065429688
67_20220825 03,790.2113647460938
67_20220825 04,807.4217529296875
67_20220825 05,818.5941772460938
67_20220825 06,955.6685791015625
67_20220825 07,1124.8902587890625
67_20220825 08,1130.4683837890625
67_20220825 09,1123.323974609375
67_20220825 10,1101.8531494140625
67_20220825 11,1088.8905029296875
67_20220825 12,1119.4537353515625
67_20220825 13,1102.1182861328125
67_20220825 14,1101.701416015625
67_20220825 15,1101.711181640625
67_20220825 16,1178.764892578125
67_20220825 17,1324.471435546875
67_20220825 18,1465.76171875
67_20220825 19,1588.0185546875
67_20220825 20,1637.050537109375
67_20220825 21,1613.096435546875
67_20220825 22,1454.8385009765625
67_20220825 23,1273.2816162109375
67_20220826 00,1096.26953125
67_20220826 01,929.09326171875
67_20220826 02,849.5241088867188
67_20220826 03,807.9249267578125
67_20220826 04,817.55859375
67_20220826 05,833.6116943359375
67_20220826 06,963.9732666015625
67_20220826 07,1101.55322265625
67_20220826 08,1080.8936767578125
67_20220826 09,1081.40185546875
67_20220826 10,1056.3699951171875
67_20220826 11,1057.067138671875
67_20220826 12,1089.901611328125
67_20220826 13,1067.71923828125
67_20220826 14,1058.9842529296875
67_20220826 15,1058.7918701171875
67_20220826 16,1119.3861083984375
67_20220826 17,1247.470947265625
67_20220826 18,1405.3558349609375
67_20220826 19,1590.621337890625
67_20220826 20,1628.18994140625
67_20220826 21,1607.5179443359375
67_20220826 22,1497.210205078125
67_20220826 23,1321.4404296875
67_20220827 00,1111.7525634765625
67_20220827 01,961.4539794921875
67_20220827 02,876.6392822265625
67_20220827 03,825.4631958007812
67_20220827 04,833.4625244140625
67_20220827 05,820.7111206054688
67_20220827 06,877.5003051757812
67_20220827 07,1018.3873291015625
67_20220827 08,1146.7144775390625
67_20220827 09,1229.5416259765625
67_20220827 10,1285.748779296875
67_20220827 11,1276.170654296875
67_20220827 12,1278.9114990234375
67_20220827 13,1256.07373046875
67_20220827 14,1231.5264892578125
67_20220827 15,1236.4571533203125
67_20220827 16,1234.8211669921875
67_20220827 17,1334.1527099609375
67_20220827 18,1426.29345703125
67_20220827 19,1487.0216064453125
67_20220827 20,1522.561767578125
67_20220827 21,1487.5108642578125
67_20220827 22,1396.917236328125
67_20220827 23,1235.93505859375
67_20220828 00,1101.4952392578125
67_20220828 01,938.8562622070312
67_20220828 02,856.2625122070312
67_20220828 03,808.90771484375
67_20220828 04,819.2593994140625
67_20220828 05,813.6748046875
67_20220828 06,855.5966796875
67_20220828 07,985.1016845703125
67_20220828 08,1107.8902587890625
67_20220828 09,1183.894775390625
67_20220828 10,1237.36865234375
67_20220828 11,1252.865234375
67_20220828 12,1271.3807373046875
67_20220828 13,1245.0531005859375
67_20220828 14,1218.64306640625
67_20220828 15,1205.4490966796875
67_20220828 16,1256.2777099609375
67_20220828 17,1345.150146484375
67_20220828 18,1427.7362060546875
67_20220828 19,1519.04052734375
67_20220828 20,1557.941650390625
67_20220828 21,1517.19775390625
67_20220828 22,1406.8040771484375
67_20220828 23,1244.02734375
67_20220829 00,1060.020751953125
67_20220829 01,901.4011840820312
67_20220829 02,839.7191162109375
67_20220829 03,806.0422973632812
67_20220829 04,816.3758544921875
67_20220829 05,826.19873046875
67_20220829 06,947.57666015625
67_20220829 07,1090.339111328125
67_20220829 08,1102.065185546875
67_20220829 09,1101.5892333984375
67_20220829 10,1106.7646484375
67_20220829 11,1115.1944580078125
67_20220829 12,1124.5087890625
67_20220829 13,1138.601318359375
67_20220829 14,1118.6123046875
67_20220829 15,1102.479248046875
67_20220829 16,1185.759765625
67_20220829 17,1334.2403564453125
67_20220829 18,1508.100341796875
67_20220829 19,1625.950439453125
67_20220829 20,1645.4534912109375
67_20220829 21,1613.501953125
67_20220829 22,1479.424560546875
67_20220829 23,1290.576416015625
67_20220830 00,1104.2984619140625
67_20220830 01,939.9025268554688
67_20220830 02,857.8572387695312
67_20220830 03,818.439453125
67_20220830 04,829.89453125
67_20220830 05,834.7640380859375
67_20220830 06,980.0442504882812
67_20220830 07,1148.310791015625
67_20220830 08,1156.7294921875
67_20220830 09,1164.283935546875
67_20220830 10,1139.7109375
67_20220830 11,1142.0390625
67_20220830 12,1153.489501953125
67_20220830 13,1129.2845458984375
67_20220830 14,1099.9268798828125
67_20220830 15,1120.321533203125
67_20220830 16,1188.5799560546875
67_20220830 17,1463.32470703125
67_20220830 18,1676.2691650390625
67_20220830 19,1777.2535400390625
67_20220830 20,1808.3199462890625
67_20220830 21,1745.964111328125
67_20220830 22,1608.7081298828125
67_20220830 23,1408.71142578125
67_20220831 00,1113.3843994140625
67_20220831 01,956.6580200195312
67_20220831 02,869.5601806640625
67_20220831 03,831.8269653320312
67_20220831 04,849.8635864257812
67_20220831 05,870.3430786132812
67_20220831 06,1011.7861328125
67_20220831 07,1179.65869140625
67_20220831 08,1218.1649169921875
67_20220831 09,1202.6151123046875
67_20220831 10,1162.31689453125
67_20220831 11,1170.8414306640625
67_20220831 12,1210.2803955078125
67_20220831 13,1158.5218505859375
67_20220831 14,1107.7529296875
67_20220831 15,1041.2947998046875
67_20220831 16,1101.8890380859375
67_20220831 17,1262.873291015625
67_20220831 18,1389.497314453125
67_20220831 19,1525.7469482421875
67_20220831 20,1548.676513671875
67_20220831 21,1493.416015625
67_20220831 22,1371.2113037109375
67_20220831 23,1194.576416015625
68_20220825 00,1746.839111328125
68_20220825 01,1444.9306640625
68_20220825 02,1313.001708984375
68_20220825 03,1225.9010009765625
68_20220825 04,1166.283447265625
68_20220825 05,1216.1357421875
68_20220825 06,1466.8267822265625
68_20220825 07,1792.9859619140625
68_20220825 08,1831.0859375
68_20220825 09,1711.5687255859375
68_20220825 10,1677.1279296875
68_20220825 11,1673.6929931640625
68_20220825 12,1694.521484375
68_20220825 13,1673.0078125
68_20220825 14,1685.0413818359375
68_20220825 15,1661.0628662109375
68_20220825 16,1723.2269287109375
68_20220825 17,1922.4146728515625
68_20220825 18,2177.61669921875
68_20220825 19,2375.58837890625
68_20220825 20,2487.690673828125
68_20220825 21,2452.381103515625
68_20220825 22,2334.18017578125
68_20220825 23,2054.874267578125
68_20220826 00,1669.068359375
68_20220826 01,1409.3836669921875
68_20220826 02,1305.857177734375
68_20220826 03,1201.47314453125
68_20220826 04,1161.169189453125
68_20220826 05,1198.7501220703125
68_20220826 06,1434.6505126953125
68_20220826 07,1720.282470703125
68_20220826 08,1774.6448974609375
68_20220826 09,1672.629150390625
68_20220826 10,1642.4390869140625
68_20220826 11,1640.584716796875
68_20220826 12,1653.953857421875
68_20220826 13,1648.1298828125
68_20220826 14,1691.720703125
68_20220826 15,1757.1517333984375
68_20220826 16,1797.615966796875
68_20220826 17,1940.4769287109375
68_20220826 18,2162.500244140625
68_20220826 19,2328.809326171875
68_20220826 20,2465.60009765625
68_20220826 21,2433.95361328125
68_20220826 22,2317.961669921875
68_20220826 23,2090.398681640625
68_20220827 00,1763.745361328125
68_20220827 01,1528.7193603515625
68_20220827 02,1324.894775390625
68_20220827 03,1242.935546875
68_20220827 04,1190.1859130859375
68_20220827 05,1185.232666015625
68_20220827 06,1292.633544921875
68_20220827 07,1486.0648193359375
68_20220827 08,1698.1812744140625
68_20220827 09,1831.9918212890625
68_20220827 10,1897.6243896484375
68_20220827 11,1915.604736328125
68_20220827 12,1966.744140625
68_20220827 13,1945.4254150390625
68_20220827 14,1914.4710693359375
68_20220827 15,1909.0277099609375
68_20220827 16,1910.3118896484375
68_20220827 17,1995.309814453125
68_20220827 18,2163.358154296875
68_20220827 19,2330.85595703125
68_20220827 20,2398.72314453125
68_20220827 21,2355.452392578125
68_20220827 22,2239.392822265625
68_20220827 23,2012.244140625
68_20220828 00,1733.9609375
68_20220828 01,1491.4393310546875
68_20220828 02,1307.3941650390625
68_20220828 03,1210.611572265625
68_20220828 04,1170.25390625
68_20220828 05,1172.208251953125
68_20220828 06,1286.0504150390625
68_20220828 07,1471.2044677734375
68_20220828 08,1652.1175537109375
68_20220828 09,1839.0269775390625
68_20220828 10,1923.800537109375
68_20220828 11,1949.454345703125
68_20220828 12,2029.079833984375
68_20220828 13,2067.142578125
68_20220828 14,2032.323974609375
68_20220828 15,2032.2265625
68_20220828 16,2089.061279296875
68_20220828 17,2249.888916015625
68_20220828 18,2431.153076171875
68_20220828 19,2517.519287109375
68_20220828 20,2569.801513671875
68_20220828 21,2524.42236328125
68_20220828 22,2318.77880859375
68_20220828 23,2007.9996337890625
68_20220829 00,1714.3046875
68_20220829 01,1447.0550537109375
68_20220829 02,1307.936767578125
68_20220829 03,1228.795654296875
68_20220829 04,1171.7784423828125
68_20220829 05,1223.3602294921875
68_20220829 06,1468.8358154296875
68_20220829 07,1716.8922119140625
68_20220829 08,1762.0836181640625
68_20220829 09,1702.729248046875
68_20220829 10,1688.069091796875
68_20220829 11,1709.6715087890625
68_20220829 12,1738.1968994140625
68_20220829 13,1738.423583984375
68_20220829 14,1743.9173583984375
68_20220829 15,1761.079345703125
68_20220829 16,1805.323974609375
68_20220829 17,1958.9814453125
68_20220829 18,2242.100341796875
68_20220829 19,2455.00146484375
68_20220829 20,2566.032470703125
68_20220829 21,2488.1494140625
68_20220829 22,2336.534423828125
68_20220829 23,2031.42578125
68_20220830 00,1691.552490234375
68_20220830 01,1416.96240234375
68_20220830 02,1305.08203125
68_20220830 03,1223.15625
68_20220830 04,1160.352294921875
68_20220830 05,1219.1361083984375
68_20220830 06,1459.45068359375
68_20220830 07,1733.346923828125
68_20220830 08,1768.375
68_20220830 09,1682.633544921875
68_20220830 10,1660.9429931640625
68_20220830 11,1664.5111083984375
68_20220830 12,1705.1083984375
68_20220830 13,1698.354248046875
68_20220830 14,1714.5267333984375
68_20220830 15,1752.624267578125
68_20220830 16,1829.330322265625
68_20220830 17,1963.732421875
68_20220830 18,2210.78369140625
68_20220830 19,2419.747314453125
68_20220830 20,2517.51904296875
68_20220830 21,2458.763671875
68_20220830 22,2299.14208984375
68_20220830 23,2011.647216796875
68_20220831 00,1665.537841796875
68_20220831 01,1425.6220703125
68_20220831 02,1300.39990234375
68_20220831 03,1200.7578125
68_20220831 04,1154.732177734375
68_20220831 05,1196.8155517578125
68_20220831 06,1443.3511962890625
68_20220831 07,1701.8603515625
68_20220831 08,1759.5413818359375
68_20220831 09,1674.5914306640625
68_20220831 10,1631.263671875
68_20220831 11,1635.132568359375
68_20220831 12,1652.512939453125
68_20220831 13,1629.127685546875
68_20220831 14,1642.0989990234375
68_20220831 15,1693.4215087890625
68_20220831 16,1717.9176025390625
68_20220831 17,1889.884765625
68_20220831 18,2111.15673828125
68_20220831 19,2335.48828125
68_20220831 20,2469.047119140625
68_20220831 21,2388.701904296875
68_20220831 22,2246.267333984375
68_20220831 23,1999.000732421875
69_20220825 00,3554.76123046875
69_20220825 01,3512.27001953125
69_20220825 02,3491.94482421875
69_20220825 03,3419.00244140625
69_20220825 04,3440.66064453125
69_20220825 05,3526.05078125
69_20220825 06,4366.4267578125
69_20220825 07,4974.02099609375
69_20220825 08,5318.564453125
69_20220825 09,5698.2666015625
69_20220825 10,5999.9775390625
69_20220825 11,5996.0810546875
69_20220825 12,5957.9560546875
69_20220825 13,6098.68115234375
69_20220825 14,5880.501953125
69_20220825 15,5948.13037109375
69_20220825 16,5994.55029296875
69_20220825 17,5484.13134765625
69_20220825 18,4299.67041015625
69_20220825 19,4057.10546875
69_20220825 20,3876.219970703125
69_20220825 21,3711.49462890625
69_20220825 22,3650.71826171875
69_20220825 23,3609.71240234375
69_20220826 00,3514.917236328125
69_20220826 01,3495.319091796875
69_20220826 02,3475.60498046875
69_20220826 03,3414.33056640625
69_20220826 04,3509.54931640625
69_20220826 05,3646.26171875
69_20220826 06,4379.83447265625
69_20220826 07,4864.7001953125
69_20220826 08,5162.6767578125
69_20220826 09,5512.697265625
69_20220826 10,5801.97021484375
69_20220826 11,5808.86572265625
69_20220826 12,5790.97509765625
69_20220826 13,6135.9462890625
69_20220826 14,5762.3798828125
69_20220826 15,6150.60546875
69_20220826 16,6141.44970703125
69_20220826 17,5411.736328125
69_20220826 18,4387.8095703125
69_20220826 19,4051.69140625
69_20220826 20,3860.041748046875
69_20220826 21,3710.973388671875
69_20220826 22,3696.15771484375
69_20220826 23,3581.323486328125
69_20220827 00,3373.71728515625
69_20220827 01,3351.447998046875
69_20220827 02,3339.18994140625
69_20220827 03,3345.741455078125
69_20220827 04,3325.65478515625
69_20220827 05,3300.14794921875
69_20220827 06,3327.055419921875
69_20220827 07,3352.906982421875
69_20220827 08,3329.493408203125
69_20220827 09,3318.37109375
69_20220827 10,3372.776611328125
69_20220827 11,3384.16015625
69_20220827 12,3448.323486328125
69_20220827 13,3477.95751953125
69_20220827 14,3517.00830078125
69_20220827 15,3531.828125
69_20220827 16,3520.128173828125
69_20220827 17,3511.94921875
69_20220827 18,3535.1953125
69_20220827 19,3454.83740234375
69_20220827 20,3455.25732421875
69_20220827 21,3422.47119140625
69_20220827 22,3384.498779296875
69_20220827 23,3366.93359375
69_20220828 00,3311.02392578125
69_20220828 01,3285.115966796875
69_20220828 02,3281.09814453125
69_20220828 03,3267.6669921875
69_20220828 04,3255.62646484375
69_20220828 05,3267.011962890625
69_20220828 06,3281.749267578125
69_20220828 07,3311.37109375
69_20220828 08,3312.703857421875
69_20220828 09,3308.734375
69_20220828 10,3390.23046875
69_20220828 11,3440.99658203125
69_20220828 12,3498.75732421875
69_20220828 13,3522.490234375
69_20220828 14,3575.86279296875
69_20220828 15,3637.690185546875
69_20220828 16,3645.61328125
69_20220828 17,3658.78955078125
69_20220828 18,3627.180419921875
69_20220828 19,3573.899169921875
69_20220828 20,3520.39697265625
69_20220828 21,3450.09765625
69_20220828 22,3422.641357421875
69_20220828 23,3389.10400390625
69_20220829 00,3430.268798828125
69_20220829 01,3395.70556640625
69_20220829 02,3399.733642578125
69_20220829 03,3341.724609375
69_20220829 04,3336.303466796875
69_20220829 05,3462.259033203125
69_20220829 06,4234.435546875
69_20220829 07,4793.490234375
69_20220829 08,5060.05859375
69_20220829 09,5530.11279296875
69_20220829 10,5786.49951171875
69_20220829 11,5769.98046875
69_20220829 12,5743.91552734375
69_20220829 13,5718.01806640625
69_20220829 14,5627.33349609375
69_20220829 15,5689.9853515625
69_20220829 16,5634.47900390625
69_20220829 17,5255.90234375
69_20220829 18,4210.7373046875
69_20220829 19,3906.393310546875
69_20220829 20,3778.291015625
69_20220829 21,3663.680908203125
69_20220829 22,3611.688720703125
69_20220829 23,3568.64111328125
69_20220830 00,3446.042236328125
69_20220830 01,3406.62548828125
69_20220830 02,3412.29150390625
69_20220830 03,3363.846923828125
69_20220830 04,3440.66357421875
69_20220830 05,3483.885986328125
69_20220830 06,4143.8662109375
69_20220830 07,4741.86669921875
69_20220830 08,5025.8330078125
69_20220830 09,5442.03515625
69_20220830 10,5626.81005859375
69_20220830 11,5620.80126953125
69_20220830 12,5609.26318359375
69_20220830 13,5653.375
69_20220830 14,5496.16748046875
69_20220830 15,5629.62646484375
69_20220830 16,5555.7919921875
69_20220830 17,5213.91015625
69_20220830 18,4157.35107421875
69_20220830 19,3916.70703125
69_20220830 20,3773.47119140625
69_20220830 21,3653.88232421875
69_20220830 22,3607.041748046875
69_20220830 23,3533.051513671875
69_20220831 00,3487.578857421875
69_20220831 01,3441.362548828125
69_20220831 02,3427.71337890625
69_20220831 03,3395.890625
69_20220831 04,3419.56787109375
69_20220831 05,3460.57080078125
69_20220831 06,4164.7802734375
69_20220831 07,4707.4306640625
69_20220831 08,4969.263671875
69_20220831 09,5387.5634765625
69_20220831 10,5696.47021484375
69_20220831 11,5708.83544921875
69_20220831 12,5708.06005859375
69_20220831 13,5701.3974609375
69_20220831 14,5518.623046875
69_20220831 15,5679.3740234375
69_20220831 16,5521.2099609375
69_20220831 17,5235.36181640625
69_20220831 18,4166.04052734375
69_20220831 19,3863.66650390625
69_20220831 20,3747.188720703125
69_20220831 21,3612.108154296875
69_20220831 22,3595.58251953125
69_20220831 23,3516.583251953125
70_20220825 00,3353.30810546875
70_20220825 01,3291.658203125
70_20220825 02,3257.435791015625
70_20220825 03,3161.400390625
70_20220825 04,3138.250732421875
70_20220825 05,3190.194091796875
70_20220825 06,4132.9453125
70_20220825 07,5181.787109375
70_20220825 08,5855.09228515625
70_20220825 09,6183.6259765625
70_20220825 10,6243.46923828125
70_20220825 11,6232.6064453125
70_20220825 12,6261.15673828125
70_20220825 13,6229.84521484375
70_20220825 14,6316.91357421875
70_20220825 15,6237.32275390625
70_20220825 16,6231.5068359375
70_20220825 17,5977.63623046875
70_20220825 18,4797.64697265625
70_20220825 19,4138.4248046875
70_20220825 20,3749.204345703125
70_20220825 21,3598.114013671875
70_20220825 22,3417.23095703125
70_20220825 23,3326.712890625
70_20220826 00,3349.0234375
70_20220826 01,3270.92626953125
70_20220826 02,3236.531982421875
70_20220826 03,3169.12255859375
70_20220826 04,3120.38525390625
70_20220826 05,3175.54931640625
70_20220826 06,4044.494140625
70_20220826 07,4808.05078125
70_20220826 08,5301.4755859375
70_20220826 09,5729.31005859375
70_20220826 10,6086.93994140625
70_20220826 11,6086.85205078125
70_20220826 12,6089.64501953125
70_20220826 13,6094.50732421875
70_20220826 14,6206.3388671875
70_20220826 15,6160.78125
70_20220826 16,6105.2275390625
70_20220826 17,5530.11962890625
70_20220826 18,4579.16259765625
70_20220826 19,4010.39990234375
70_20220826 20,3603.49609375
70_20220826 21,3522.10302734375
70_20220826 22,3368.909423828125
70_20220826 23,3239.71728515625
70_20220827 00,3167.292724609375
70_20220827 01,3149.236328125
70_20220827 02,3099.88720703125
70_20220827 03,3020.548583984375
70_20220827 04,2957.526611328125
70_20220827 05,2934.51025390625
70_20220827 06,2923.10498046875
70_20220827 07,2972.178466796875
70_20220827 08,2998.158935546875
70_20220827 09,3028.572509765625
70_20220827 10,2965.58642578125
70_20220827 11,2954.169189453125
70_20220827 12,3051.97705078125
70_20220827 13,3000.422119140625
70_20220827 14,3107.20068359375
70_20220827 15,3107.89404296875
70_20220827 16,3085.7626953125
70_20220827 17,3070.38134765625
70_20220827 18,3103.885498046875
70_20220827 19,3083.658935546875
70_20220827 20,3078.284912109375
70_20220827 21,3083.890869140625
70_20220827 22,3039.028076171875
70_20220827 23,3008.835205078125
70_20220828 00,3019.11962890625
70_20220828 01,2998.8671875
70_20220828 02,2949.75341796875
70_20220828 03,2874.56005859375
70_20220828 04,2843.90673828125
70_20220828 05,2790.78369140625
70_20220828 06,2758.64892578125
70_20220828 07,2798.972412109375
70_20220828 08,2829.586181640625
70_20220828 09,2895.349365234375
70_20220828 10,2775.62548828125
70_20220828 11,2811.85791015625
70_20220828 12,2935.43994140625
70_20220828 13,2851.0029296875
70_20220828 14,2984.69580078125
70_20220828 15,3017.00830078125
70_20220828 16,3009.821044921875
70_20220828 17,2983.431640625
70_20220828 18,2976.943359375
70_20220828 19,3018.72705078125
70_20220828 20,3025.70166015625
70_20220828 21,3020.302490234375
70_20220828 22,2987.257080078125
70_20220828 23,2961.216552734375
70_20220829 00,3208.86083984375
70_20220829 01,3159.47998046875
70_20220829 02,3128.03076171875
70_20220829 03,3034.38916015625
70_20220829 04,3007.61279296875
70_20220829 05,3093.95654296875
70_20220829 06,4009.73876953125
70_20220829 07,4892.94482421875
70_20220829 08,5547.94482421875
70_20220829 09,5691.5166015625
70_20220829 10,5973.09912109375
70_20220829 11,5973.4521484375
70_20220829 12,6008.16455078125
70_20220829 13,6001.05859375
70_20220829 14,6021.2607421875
70_20220829 15,5948.96826171875
70_20220829 16,5926.3935546875
70_20220829 17,5660.15478515625
70_20220829 18,4719.97412109375
70_20220829 19,3989.61865234375
70_20220829 20,3641.86669921875
70_20220829 21,3502.47216796875
70_20220829 22,3366.56396484375
70_20220829 23,3263.123046875
70_20220830 00,3237.371337890625
70_20220830 01,3166.072509765625
70_20220830 02,3125.033935546875
70_20220830 03,3056.64501953125
70_20220830 04,3021.41259765625
70_20220830 05,3101.145263671875
70_20220830 06,3932.174560546875
70_20220830 07,4945.5751953125
70_20220830 08,5562.357421875
70_20220830 09,5813.45849609375
70_20220830 10,5962.9638671875
70_20220830 11,5954.9326171875
70_20220830 12,5960.89794921875
70_20220830 13,5956.07666015625
70_20220830 14,6042.40771484375
70_20220830 15,5904.12841796875
70_20220830 16,5875.35986328125
70_20220830 17,5620.376953125
70_20220830 18,4701.63623046875
70_20220830 19,3940.78515625
70_20220830 20,3609.375
70_20220830 21,3510.283203125
70_20220830 22,3313.20751953125
70_20220830 23,3210.38916015625
70_20220831 00,3281.233642578125
70_20220831 01,3236.741943359375
70_20220831 02,3209.3984375
70_20220831 03,3153.14453125
70_20220831 04,3096.3544921875
70_20220831 05,3138.541015625
70_20220831 06,3990.875732421875
70_20220831 07,4964.1826171875
70_20220831 08,5674.47216796875
70_20220831 09,5916.1884765625
70_20220831 10,6036.8583984375
70_20220831 11,6036.0517578125
70_20220831 12,6063.4697265625
70_20220831 13,6058.4580078125
70_20220831 14,6219.55712890625
70_20220831 15,6028.03662109375
70_20220831 16,5999.056640625
70_20220831 17,5722.68408203125
70_20220831 18,4741.45654296875
70_20220831 19,3993.759033203125
70_20220831 20,3615.749267578125
70_20220831 21,3534.59375
70_20220831 22,3368.139404296875
70_20220831 23,3264.251220703125
71_20220825 00,2255.51611328125
71_20220825 01,2257.24365234375
71_20220825 02,2249.71630859375
71_20220825 03,2251.27099609375
71_20220825 04,2243.390380859375
71_20220825 05,1836.0718994140625
71_20220825 06,1823.5101318359375
71_20220825 07,1882.2884521484375
71_20220825 08,2181.087158203125
71_20220825 09,2475.71533203125
71_20220825 10,2294.87060546875
71_20220825 11,2271.16650390625
71_20220825 12,2613.3984375
71_20220825 13,2353.38623046875
71_20220825 14,2427.22705078125
71_20220825 15,2804.41455078125
71_20220825 16,2896.837158203125
71_20220825 17,2610.134765625
71_20220825 18,2203.58544921875
71_20220825 19,2048.45556640625
71_20220825 20,1968.5869140625
71_20220825 21,1913.506591796875
71_20220825 22,1870.2806396484375
71_20220825 23,1825.232666015625
71_20220826 00,2256.71630859375
71_20220826 01,2236.41015625
71_20220826 02,2219.001220703125
71_20220826 03,2208.55322265625
71_20220826 04,2174.40380859375
71_20220826 05,1778.9271240234375
71_20220826 06,1782.46875
71_20220826 07,1834.597900390625
71_20220826 08,2084.91064453125
71_20220826 09,2355.589111328125
71_20220826 10,2113.26708984375
71_20220826 11,2076.900634765625
71_20220826 12,2471.113037109375
71_20220826 13,2185.780517578125
71_20220826 14,2231.87744140625
71_20220826 15,2591.17138671875
71_20220826 16,2677.934814453125
71_20220826 17,2359.02294921875
71_20220826 18,2089.91259765625
71_20220826 19,1972.904296875
71_20220826 20,1897.342041015625
71_20220826 21,1842.6376953125
71_20220826 22,1818.0709228515625
71_20220826 23,1790.3101806640625
71_20220827 00,2027.2435302734375
71_20220827 01,2022.5634765625
71_20220827 02,2009.4761962890625
71_20220827 03,2018.380126953125
71_20220827 04,2022.833251953125
71_20220827 05,1717.784423828125
71_20220827 06,1692.714599609375
71_20220827 07,1669.250732421875
71_20220827 08,1640.447021484375
71_20220827 09,1623.1475830078125
71_20220827 10,1238.1646728515625
71_20220827 11,1222.122314453125
71_20220827 12,1529.065185546875
71_20220827 13,1228.252685546875
71_20220827 14,1276.6314697265625
71_20220827 15,1518.266845703125
71_20220827 16,1639.3193359375
71_20220827 17,1635.165283203125
71_20220827 18,1675.2691650390625
71_20220827 19,1702.9990234375
71_20220827 20,1718.776611328125
71_20220827 21,1716.160888671875
71_20220827 22,1715.3486328125
71_20220827 23,1670.020263671875
71_20220828 00,1702.824462890625
71_20220828 01,1687.0908203125
71_20220828 02,1681.598388671875
71_20220828 03,1680.353271484375
71_20220828 04,1682.576171875
71_20220828 05,1625.095458984375
71_20220828 06,1618.1732177734375
71_20220828 07,1608.6087646484375
71_20220828 08,1570.58203125
71_20220828 09,1567.360107421875
71_20220828 10,1445.1834716796875
71_20220828 11,1424.336669921875
71_20220828 12,1504.027099609375
71_20220828 13,1407.6546630859375
71_20220828 14,1435.2926025390625
71_20220828 15,1535.6839599609375
71_20220828 16,1602.072998046875
71_20220828 17,1634.07080078125
71_20220828 18,1635.77880859375
71_20220828 19,1669.918212890625
71_20220828 20,1690.203857421875
71_20220828 21,1719.982666015625
71_20220828 22,1715.8668212890625
71_20220828 23,1683.625732421875
71_20220829 00,2115.735107421875
71_20220829 01,2082.63916015625
71_20220829 02,2101.76220703125
71_20220829 03,2106.917236328125
71_20220829 04,2094.149658203125
71_20220829 05,1756.5767822265625
71_20220829 06,1761.6617431640625
71_20220829 07,1829.327880859375
71_20220829 08,2091.885009765625
71_20220829 09,2365.01318359375
71_20220829 10,2198.78076171875
71_20220829 11,2191.958984375
71_20220829 12,2508.29296875
71_20220829 13,2340.77978515625
71_20220829 14,2389.56884765625
71_20220829 15,2741.169677734375
71_20220829 16,2773.490966796875
71_20220829 17,2444.064697265625
71_20220829 18,2116.4990234375
71_20220829 19,1996.4954833984375
71_20220829 20,1913.963134765625
71_20220829 21,1864.307861328125
71_20220829 22,1833.44140625
71_20220829 23,1792.2880859375
71_20220830 00,2157.25830078125
71_20220830 01,2154.538818359375
71_20220830 02,2141.0693359375
71_20220830 03,2141.425048828125
71_20220830 04,2134.004150390625
71_20220830 05,1755.9681396484375
71_20220830 06,1761.204833984375
71_20220830 07,1825.9097900390625
71_20220830 08,2088.275146484375
71_20220830 09,2354.943115234375
71_20220830 10,2125.42822265625
71_20220830 11,2105.319091796875
71_20220830 12,2464.774169921875
71_20220830 13,2238.798095703125
71_20220830 14,2307.121337890625
71_20220830 15,2602.021484375
71_20220830 16,2773.524169921875
71_20220830 17,2478.942138671875
71_20220830 18,2164.88232421875
71_20220830 19,2013.156005859375
71_20220830 20,1961.679443359375
71_20220830 21,1893.973876953125
71_20220830 22,1837.378662109375
71_20220830 23,1803.9879150390625
71_20220831 00,2239.44970703125
71_20220831 01,2245.64501953125
71_20220831 02,2229.022216796875
71_20220831 03,2232.550048828125
71_20220831 04,2210.67822265625
71_20220831 05,1812.1552734375
71_20220831 06,1812.1842041015625
71_20220831 07,1862.478515625
71_20220831 08,2183.11572265625
71_20220831 09,2414.30419921875
71_20220831 10,2269.41943359375
71_20220831 11,2270.354248046875
71_20220831 12,2587.544921875
71_20220831 13,2393.696533203125
71_20220831 14,2471.636474609375
71_20220831 15,2790.901611328125
71_20220831 16,2853.582275390625
71_20220831 17,2586.26171875
71_20220831 18,2229.905029296875
71_20220831 19,2067.74658203125
71_20220831 20,1964.583251953125
71_20220831 21,1902.7291259765625
71_20220831 22,1870.378173828125
71_20220831 23,1813.049072265625
72_20220825 00,1192.155029296875
72_20220825 01,1186.8905029296875
72_20220825 02,1177.981201171875
72_20220825 03,1181.754150390625
72_20220825 04,1170.299072265625
72_20220825 05,1179.21630859375
72_20220825 06,1214.873046875
72_20220825 07,1292.826904296875
72_20220825 08,1436.5238037109375
72_20220825 09,1499.325439453125
72_20220825 10,1557.7271728515625
72_20220825 11,1567.509521484375
72_20220825 12,1551.8939208984375
72_20220825 13,1554.36376953125
72_20220825 14,1533.1458740234375
72_20220825 15,1542.2279052734375
72_20220825 16,1524.6409912109375
72_20220825 17,1410.0833740234375
72_20220825 18,1281.124755859375
72_20220825 19,1234.40283203125
72_20220825 20,1227.401611328125
72_20220825 21,1209.348388671875
72_20220825 22,1200.0538330078125
72_20220825 23,1184.30517578125
72_20220826 00,1160.3858642578125
72_20220826 01,1153.534423828125
72_20220826 02,1149.5667724609375
72_20220826 03,1159.239013671875
72_20220826 04,1145.718017578125
72_20220826 05,1159.0396728515625
72_20220826 06,1195.384765625
72_20220826 07,1269.68017578125
72_20220826 08,1380.8150634765625
72_20220826 09,1445.283203125
72_20220826 10,1528.0631103515625
72_20220826 11,1527.1773681640625
72_20220826 12,1517.915771484375
72_20220826 13,1540.012451171875
72_20220826 14,1534.983642578125
72_20220826 15,1533.484619140625
72_20220826 16,1522.309326171875
72_20220826 17,1403.643798828125
72_20220826 18,1269.278564453125
72_20220826 19,1235.2685546875
72_20220826 20,1224.759521484375
72_20220826 21,1212.4193115234375
72_20220826 22,1211.072509765625
72_20220826 23,1196.218505859375
72_20220827 00,1163.736328125
72_20220827 01,1158.4808349609375
72_20220827 02,1144.9342041015625
72_20220827 03,1146.679931640625
72_20220827 04,1144.551025390625
72_20220827 05,1142.9884033203125
72_20220827 06,1151.2242431640625
72_20220827 07,1171.52197265625
72_20220827 08,1163.3575439453125
72_20220827 09,1175.691650390625
72_20220827 10,1188.1815185546875
72_20220827 11,1199.584228515625
72_20220827 12,1186.490478515625
72_20220827 13,1151.5789794921875
72_20220827 14,1161.1422119140625
72_20220827 15,1144.6383056640625
72_20220827 16,1146.7200927734375
72_20220827 17,1141.8729248046875
72_20220827 18,1125.6031494140625
72_20220827 19,1120.8021240234375
72_20220827 20,1140.1956787109375
72_20220827 21,1135.77001953125
72_20220827 22,1137.1783447265625
72_20220827 23,1138.1064453125
72_20220828 00,1116.8017578125
72_20220828 01,1109.7425537109375
72_20220828 02,1099.1351318359375
72_20220828 03,1102.3717041015625
72_20220828 04,1104.780029296875
72_20220828 05,1106.718505859375
72_20220828 06,1111.7698974609375
72_20220828 07,1118.7164306640625
72_20220828 08,1115.521728515625
72_20220828 09,1103.4696044921875
72_20220828 10,1103.545166015625
72_20220828 11,1116.4912109375
72_20220828 12,1125.272705078125
72_20220828 13,1127.5908203125
72_20220828 14,1132.930908203125
72_20220828 15,1141.947021484375
72_20220828 16,1156.7457275390625
72_20220828 17,1149.4515380859375
72_20220828 18,1136.754150390625
72_20220828 19,1131.3214111328125
72_20220828 20,1133.2584228515625
72_20220828 21,1135.275146484375
72_20220828 22,1130.2720947265625
72_20220828 23,1127.027099609375
72_20220829 00,1146.4345703125
72_20220829 01,1141.3724365234375
72_20220829 02,1134.779052734375
72_20220829 03,1136.018310546875
72_20220829 04,1127.437744140625
72_20220829 05,1140.5406494140625
72_20220829 06,1175.0347900390625
72_20220829 07,1252.268798828125
72_20220829 08,1341.319580078125
72_20220829 09,1391.19140625
72_20220829 10,1460.9951171875
72_20220829 11,1467.644287109375
72_20220829 12,1433.0908203125
72_20220829 13,1447.599609375
72_20220829 14,1439.072998046875
72_20220829 15,1453.217529296875
72_20220829 16,1423.61865234375
72_20220829 17,1365.8250732421875
72_20220829 18,1246.85595703125
72_20220829 19,1206.8714599609375
72_20220829 20,1202.7142333984375
72_20220829 21,1185.781494140625
72_20220829 22,1185.2711181640625
72_20220829 23,1172.686279296875
72_20220830 00,1173.0264892578125
72_20220830 01,1166.004638671875
72_20220830 02,1159.6959228515625
72_20220830 03,1163.5489501953125
72_20220830 04,1160.875244140625
72_20220830 05,1170.1217041015625
72_20220830 06,1217.3236083984375
72_20220830 07,1289.0322265625
72_20220830 08,1421.3509521484375
72_20220830 09,1516.392578125
72_20220830 10,1593.593017578125
72_20220830 11,1607.868896484375
72_20220830 12,1586.7548828125
72_20220830 13,1593.6839599609375
72_20220830 14,1595.0584716796875
72_20220830 15,1592.3646240234375
72_20220830 16,1574.5771484375
72_20220830 17,1474.9398193359375
72_20220830 18,1338.4716796875
72_20220830 19,1278.2679443359375
72_20220830 20,1271.326416015625
72_20220830 21,1256.8192138671875
72_20220830 22,1242.679931640625
72_20220830 23,1235.786865234375
72_20220831 00,1200.782470703125
72_20220831 01,1193.0875244140625
72_20220831 02,1189.4866943359375
72_20220831 03,1186.0419921875
72_20220831 04,1174.294189453125
72_20220831 05,1185.114990234375
72_20220831 06,1220.867431640625
72_20220831 07,1290.424560546875
72_20220831 08,1394.3743896484375
72_20220831 09,1468.698974609375
72_20220831 10,1550.1248779296875
72_20220831 11,1541.159423828125
72_20220831 12,1521.9136962890625
72_20220831 13,1514.7498779296875
72_20220831 14,1513.678955078125
72_20220831 15,1487.1031494140625
72_20220831 16,1458.8299560546875
72_20220831 17,1391.3939208984375
72_20220831 18,1256.604248046875
72_20220831 19,1225.052734375
72_20220831 20,1227.096435546875
72_20220831 21,1210.738525390625
72_20220831 22,1207.575927734375
72_20220831 23,1192.263671875
73_20220825 00,3302.350830078125
73_20220825 01,3301.266845703125
73_20220825 02,3296.33349609375
73_20220825 03,3248.514404296875
73_20220825 04,3260.973388671875
73_20220825 05,3295.576171875
73_20220825 06,3432.13818359375
73_20220825 07,3640.57373046875
73_20220825 08,3820.47412109375
73_20220825 09,3914.42626953125
73_20220825 10,3967.10205078125
73_20220825 11,4005.63720703125
73_20220825 12,4013.309814453125
73_20220825 13,3995.05615234375
73_20220825 14,4060.54931640625
73_20220825 15,4026.384033203125
73_20220825 16,3991.8984375
73_20220825 17,3859.981201171875
73_20220825 18,3766.51611328125
73_20220825 19,3676.467529296875
73_20220825 20,3571.921875
73_20220825 21,3536.37744140625
73_20220825 22,3339.181640625
73_20220825 23,3265.328857421875
73_20220826 00,3147.66064453125
73_20220826 01,3127.906005859375
73_20220826 02,3155.093505859375
73_20220826 03,3167.325927734375
73_20220826 04,3136.59033203125
73_20220826 05,3186.302001953125
73_20220826 06,3355.492919921875
73_20220826 07,3591.794189453125
73_20220826 08,3713.47119140625
73_20220826 09,3859.899169921875
73_20220826 10,3910.19287109375
73_20220826 11,3946.45166015625
73_20220826 12,3939.790283203125
73_20220826 13,3981.77978515625
73_20220826 14,3990.02490234375
73_20220826 15,3942.44580078125
73_20220826 16,3906.196533203125
73_20220826 17,3843.03125
73_20220826 18,3743.768310546875
73_20220826 19,3651.45947265625
73_20220826 20,3584.369140625
73_20220826 21,3494.815673828125
73_20220826 22,3262.44091796875
73_20220826 23,3243.381591796875
73_20220827 00,3110.29052734375
73_20220827 01,3083.896728515625
73_20220827 02,3083.63037109375
73_20220827 03,3094.525390625
73_20220827 04,3073.77734375
73_20220827 05,3056.09765625
73_20220827 06,3077.809814453125
73_20220827 07,3117.928955078125
73_20220827 08,3114.72998046875
73_20220827 09,3128.24755859375
73_20220827 10,3123.80615234375
73_20220827 11,3164.93896484375
73_20220827 12,3177.90966796875
73_20220827 13,3209.466552734375
73_20220827 14,3232.04248046875
73_20220827 15,3243.608642578125
73_20220827 16,3234.50341796875
73_20220827 17,3230.485595703125
73_20220827 18,3224.9453125
73_20220827 19,3188.4921875
73_20220827 20,3181.25927734375
73_20220827 21,3148.361083984375
73_20220827 22,3066.158447265625
73_20220827 23,3016.828857421875
73_20220828 00,2979.555419921875
73_20220828 01,2955.290283203125
73_20220828 02,2983.9716796875
73_20220828 03,2969.090576171875
73_20220828 04,2978.02587890625
73_20220828 05,2972.999267578125
73_20220828 06,3010.567626953125
73_20220828 07,3047.2509765625
73_20220828 08,3052.82177734375
73_20220828 09,3090.237548828125
73_20220828 10,3120.125
73_20220828 11,3151.99560546875
73_20220828 12,3137.71923828125
73_20220828 13,3177.477294921875
73_20220828 14,3177.864013671875
73_20220828 15,3227.93701171875
73_20220828 16,3239.251953125
73_20220828 17,3252.365234375
73_20220828 18,3242.708740234375
73_20220828 19,3234.90673828125
73_20220828 20,3196.599609375
73_20220828 21,3177.58154296875
73_20220828 22,3104.421875
73_20220828 23,3096.145263671875
73_20220829 00,3116.627685546875
73_20220829 01,3128.620361328125
73_20220829 02,3101.71337890625
73_20220829 03,3097.9638671875
73_20220829 04,3108.65478515625
73_20220829 05,3136.507080078125
73_20220829 06,3250.48681640625
73_20220829 07,3531.47607421875
73_20220829 08,3677.84326171875
73_20220829 09,3775.98388671875
73_20220829 10,3763.05419921875
73_20220829 11,3778.716796875
73_20220829 12,3771.23388671875
73_20220829 13,3797.073486328125
73_20220829 14,3821.885986328125
73_20220829 15,3810.80859375
73_20220829 16,3749.7109375
73_20220829 17,3669.216064453125
73_20220829 18,3620.75830078125
73_20220829 19,3556.087890625
73_20220829 20,3480.55712890625
73_20220829 21,3423.87890625
73_20220829 22,3246.68310546875
73_20220829 23,3176.859619140625
73_20220830 00,3019.844482421875
73_20220830 01,3017.620361328125
73_20220830 02,3049.736328125
73_20220830 03,3058.750732421875
73_20220830 04,3094.30224609375
73_20220830 05,3099.80078125
73_20220830 06,3279.315673828125
73_20220830 07,3526.00341796875
73_20220830 08,3681.721435546875
73_20220830 09,3774.043701171875
73_20220830 10,3786.053955078125
73_20220830 11,3816.168701171875
73_20220830 12,3815.40771484375
73_20220830 13,3875.645263671875
73_20220830 14,3895.65234375
73_20220830 15,3893.701171875
73_20220830 16,3852.946044921875
73_20220830 17,3762.709716796875
73_20220830 18,3658.47705078125
73_20220830 19,3603.47705078125
73_20220830 20,3512.50048828125
73_20220830 21,3431.046142578125
73_20220830 22,3242.761474609375
73_20220830 23,3172.380615234375
73_20220831 00,3107.001220703125
73_20220831 01,3109.82958984375
73_20220831 02,3131.33154296875
73_20220831 03,3132.720703125
73_20220831 04,3142.60009765625
73_20220831 05,3193.48388671875
73_20220831 06,3327.905517578125
73_20220831 07,3572.16455078125
73_20220831 08,3676.578857421875
73_20220831 09,3782.420654296875
73_20220831 10,3777.774658203125
73_20220831 11,3825.489013671875
73_20220831 12,3794.65869140625
73_20220831 13,3826.18896484375
73_20220831 14,3869.45654296875
73_20220831 15,3846.283203125
73_20220831 16,3793.067138671875
73_20220831 17,3745.39794921875
73_20220831 18,3627.823486328125
73_20220831 19,3579.98486328125
73_20220831 20,3519.77197265625
73_20220831 21,3438.042236328125
73_20220831 22,3253.0205078125
73_20220831 23,3226.91845703125
74_20220825 00,3090.671630859375
74_20220825 01,3063.8076171875
74_20220825 02,3019.596923828125
74_20220825 03,3018.15673828125
74_20220825 04,3308.780029296875
74_20220825 05,5150.6123046875
74_20220825 06,5760.9072265625
74_20220825 07,6061.09912109375
74_20220825 08,6183.041015625
74_20220825 09,6129.27734375
74_20220825 10,6211.9580078125
74_20220825 11,6277.53662109375
74_20220825 12,6106.67724609375
74_20220825 13,5778.1064453125
74_20220825 14,5780.560546875
74_20220825 15,5701.69189453125
74_20220825 16,5719.2333984375
74_20220825 17,5596.75439453125
74_20220825 18,4386.2744140625
74_20220825 19,3744.044189453125
74_20220825 20,3118.43408203125
74_20220825 21,2897.458251953125
74_20220825 22,2592.224609375
74_20220825 23,3038.73291015625
74_20220826 00,2968.58935546875
74_20220826 01,2965.58984375
74_20220826 02,2964.03076171875
74_20220826 03,2970.091796875
74_20220826 04,3213.40185546875
74_20220826 05,4975.9697265625
74_20220826 06,5391.9453125
74_20220826 07,5747.06689453125
74_20220826 08,5872.49951171875
74_20220826 09,5849.1484375
74_20220826 10,5982.26123046875
74_20220826 11,5996.6826171875
74_20220826 12,5843.29052734375
74_20220826 13,5516.27001953125
74_20220826 14,5527.216796875
74_20220826 15,5509.4228515625
74_20220826 16,5398.80322265625
74_20220826 17,5383.17822265625
74_20220826 18,4245.98876953125
74_20220826 19,3613.06884765625
74_20220826 20,2999.32666015625
74_20220826 21,2816.86181640625
74_20220826 22,2526.78857421875
74_20220826 23,3000.562744140625
74_20220827 00,2847.45166015625
74_20220827 01,2832.32763671875
74_20220827 02,2834.55224609375
74_20220827 03,2809.878173828125
74_20220827 04,2845.503662109375
74_20220827 05,2806.518798828125
74_20220827 06,2676.66015625
74_20220827 07,2606.014404296875
74_20220827 08,2427.4521484375
74_20220827 09,2417.65283203125
74_20220827 10,2380.45751953125
74_20220827 11,2374.428955078125
74_20220827 12,2373.09423828125
74_20220827 13,2363.933837890625
74_20220827 14,2402.17919921875
74_20220827 15,2393.100830078125
74_20220827 16,2390.900634765625
74_20220827 17,2400.365478515625
74_20220827 18,2488.16259765625
74_20220827 19,2467.777099609375
74_20220827 20,2419.223876953125
74_20220827 21,2399.3388671875
74_20220827 22,2352.86083984375
74_20220827 23,2348.29248046875
74_20220828 00,2345.20947265625
74_20220828 01,2308.64990234375
74_20220828 02,2321.424560546875
74_20220828 03,2265.40087890625
74_20220828 04,2316.822265625
74_20220828 05,2270.42919921875
74_20220828 06,2254.897705078125
74_20220828 07,2249.32080078125
74_20220828 08,2225.5546875
74_20220828 09,2247.802490234375
74_20220828 10,2237.18408203125
74_20220828 11,2197.883056640625
74_20220828 12,2197.931640625
74_20220828 13,2214.265380859375
74_20220828 14,2266.73876953125
74_20220828 15,2264.7890625
74_20220828 16,2272.42724609375
74_20220828 17,2319.533203125
74_20220828 18,2408.050048828125
74_20220828 19,2492.828369140625
74_20220828 20,2536.762451171875
74_20220828 21,2517.966552734375
74_20220828 22,2459.983154296875
74_20220828 23,2326.50244140625
74_20220829 00,2665.4677734375
74_20220829 01,2646.7041015625
74_20220829 02,2572.56689453125
74_20220829 03,2574.310791015625
74_20220829 04,3313.354736328125
74_20220829 05,4662.7509765625
74_20220829 06,5339.478515625
74_20220829 07,5853.6298828125
74_20220829 08,5874.5537109375
74_20220829 09,5826.4541015625
74_20220829 10,5858.3349609375
74_20220829 11,5843.1455078125
74_20220829 12,5793.796875
74_20220829 13,5605.8388671875
74_20220829 14,5622.3857421875
74_20220829 15,5607.5390625
74_20220829 16,5577.4033203125
74_20220829 17,5396.87158203125
74_20220829 18,4160.6611328125
74_20220829 19,3716.951904296875
74_20220829 20,3104.81494140625
74_20220829 21,2979.91943359375
74_20220829 22,2654.876953125
74_20220829 23,2967.720703125
74_20220830 00,2954.3125
74_20220830 01,2911.58935546875
74_20220830 02,2910.509521484375
74_20220830 03,2901.08544921875
74_20220830 04,3304.452392578125
74_20220830 05,4870.81298828125
74_20220830 06,5429.7216796875
74_20220830 07,5775.20703125
74_20220830 08,5817.43359375
74_20220830 09,5776.18212890625
74_20220830 10,5859.0126953125
74_20220830 11,5843.73876953125
74_20220830 12,5769.8466796875
74_20220830 13,5565.92431640625
74_20220830 14,5574.3359375
74_20220830 15,5549.689453125
74_20220830 16,5532.95166015625
74_20220830 17,5411.43359375
74_20220830 18,4297.88525390625
74_20220830 19,3628.18310546875
74_20220830 20,3001.87451171875
74_20220830 21,2846.1357421875
74_20220830 22,2509.47021484375
74_20220830 23,2928.13037109375
74_20220831 00,2994.70556640625
74_20220831 01,2956.776123046875
74_20220831 02,2955.48193359375
74_20220831 03,2958.87451171875
74_20220831 04,3220.12060546875
74_20220831 05,4908.984375
74_20220831 06,5496.17529296875
74_20220831 07,5770.2705078125
74_20220831 08,5768.9072265625
74_20220831 09,5729.05126953125
74_20220831 10,5772.2646484375
74_20220831 11,5779.5146484375
74_20220831 12,5737.650390625
74_20220831 13,5588.396484375
74_20220831 14,5606.6474609375
74_20220831 15,5520.6767578125
74_20220831 16,5428.40283203125
74_20220831 17,5425.345703125
74_20220831 18,4187.87646484375
74_20220831 19,3674.518798828125
74_20220831 20,3055.840576171875
74_20220831 21,2809.1181640625
74_20220831 22,2474.574951171875
74_20220831 23,2967.904052734375
75_20220825 00,1213.160400390625
75_20220825 01,1231.527099609375
75_20220825 02,1172.15478515625
75_20220825 03,1265.28076171875
75_20220825 04,1209.159912109375
75_20220825 05,1204.9564208984375
75_20220825 06,1174.427001953125
75_20220825 07,1484.2276611328125
75_20220825 08,1653.718505859375
75_20220825 09,1819.410888671875
75_20220825 10,1777.241943359375
75_20220825 11,1887.462890625
75_20220825 12,1806.3216552734375
75_20220825 13,1864.3609619140625
75_20220825 14,1824.2158203125
75_20220825 15,1843.5032958984375
75_20220825 16,1738.930908203125
75_20220825 17,1719.004638671875
75_20220825 18,1290.374755859375
75_20220825 19,1248.004638671875
75_20220825 20,1222.3978271484375
75_20220825 21,1279.592529296875
75_20220825 22,1190.3546142578125
75_20220825 23,1290.1282958984375
75_20220826 00,1176.6829833984375
75_20220826 01,1198.9677734375
75_20220826 02,1136.972900390625
75_20220826 03,1249.8355712890625
75_20220826 04,1179.955810546875
75_20220826 05,1178.72216796875
75_20220826 06,1138.4761962890625
75_20220826 07,1405.56787109375
75_20220826 08,1548.3658447265625
75_20220826 09,1718.595458984375
75_20220826 10,1694.757080078125
75_20220826 11,1756.346923828125
75_20220826 12,1656.3101806640625
75_20220826 13,1704.59375
75_20220826 14,1664.8642578125
75_20220826 15,1643.801513671875
75_20220826 16,1546.7562255859375
75_20220826 17,1523.5224609375
75_20220826 18,1176.2803955078125
75_20220826 19,1192.9378662109375
75_20220826 20,1178.7662353515625
75_20220826 21,1231.218505859375
75_20220826 22,1153.8515625
75_20220826 23,1250.5709228515625
75_20220827 00,1155.1171875
75_20220827 01,1177.690185546875
75_20220827 02,1108.1917724609375
75_20220827 03,1212.24560546875
75_20220827 04,1148.9049072265625
75_20220827 05,1136.621337890625
75_20220827 06,1061.3349609375
75_20220827 07,1256.408203125
75_20220827 08,1369.8287353515625
75_20220827 09,1588.0042724609375
75_20220827 10,1590.7261962890625
75_20220827 11,1646.4312744140625
75_20220827 12,1590.203125
75_20220827 13,1682.631103515625
75_20220827 14,1669.9840087890625
75_20220827 15,1688.765869140625
75_20220827 16,1587.3580322265625
75_20220827 17,1445.911376953125
75_20220827 18,1114.56787109375
75_20220827 19,1199.721923828125
75_20220827 20,1180.809814453125
75_20220827 21,1243.4290771484375
75_20220827 22,1158.31884765625
75_20220827 23,1262.76220703125
75_20220828 00,1148.953125
75_20220828 01,1165.811279296875
75_20220828 02,1101.4713134765625
75_20220828 03,1202.312255859375
75_20220828 04,1142.970703125
75_20220828 05,1141.8931884765625
75_20220828 06,1060.0965576171875
75_20220828 07,1233.6087646484375
75_20220828 08,1327.521728515625
75_20220828 09,1547.946044921875
75_20220828 10,1547.067626953125
75_20220828 11,1615.1136474609375
75_20220828 12,1550.372314453125
75_20220828 13,1628.8140869140625
75_20220828 14,1601.2799072265625
75_20220828 15,1612.8970947265625
75_20220828 16,1533.8345947265625
75_20220828 17,1456.037109375
75_20220828 18,1106.14208984375
75_20220828 19,1155.160888671875
75_20220828 20,1148.6956787109375
75_20220828 21,1202.826904296875
75_20220828 22,1135.824462890625
75_20220828 23,1224.801025390625
75_20220829 00,1114.3157958984375
75_20220829 01,1155.234130859375
75_20220829 02,1084.028076171875
75_20220829 03,1194.5860595703125
75_20220829 04,1131.7203369140625
75_20220829 05,1132.5914306640625
75_20220829 06,1086.9293212890625
75_20220829 07,1222.746826171875
75_20220829 08,1332.327880859375
75_20220829 09,1436.096435546875
75_20220829 10,1407.4039306640625
75_20220829 11,1506.200927734375
75_20220829 12,1421.7034912109375
75_20220829 13,1484.372314453125
75_20220829 14,1457.71875
75_20220829 15,1496.7427978515625
75_20220829 16,1422.2838134765625
75_20220829 17,1451.5775146484375
75_20220829 18,1201.913818359375
75_20220829 19,1167.7376708984375
75_20220829 20,1153.517822265625
75_20220829 21,1202.1019287109375
75_20220829 22,1129.57470703125
75_20220829 23,1212.9508056640625
75_20220830 00,1160.395263671875
75_20220830 01,1184.731689453125
75_20220830 02,1117.385498046875
75_20220830 03,1239.728759765625
75_20220830 04,1166.01953125
75_20220830 05,1158.7977294921875
75_20220830 06,1125.575927734375
75_20220830 07,1396.740966796875
75_20220830 08,1579.705322265625
75_20220830 09,1738.6910400390625
75_20220830 10,1733.1995849609375
75_20220830 11,1794.047607421875
75_20220830 12,1734.78515625
75_20220830 13,1758.0277099609375
75_20220830 14,1720.280517578125
75_20220830 15,1750.199951171875
75_20220830 16,1717.421875
75_20220830 17,1696.242919921875
75_20220830 18,1278.0107421875
75_20220830 19,1232.866455078125
75_20220830 20,1220.818359375
75_20220830 21,1270.0279541015625
75_20220830 22,1200.04541015625
75_20220830 23,1294.7000732421875
75_20220831 00,1210.3995361328125
75_20220831 01,1224.2261962890625
75_20220831 02,1157.7559814453125
75_20220831 03,1261.6611328125
75_20220831 04,1195.9266357421875
75_20220831 05,1195.94140625
75_20220831 06,1163.953369140625
75_20220831 07,1431.02294921875
75_20220831 08,1574.6114501953125
75_20220831 09,1810.433349609375
75_20220831 10,1799.017333984375
75_20220831 11,1843.6478271484375
75_20220831 12,1781.294189453125
75_20220831 13,1837.074462890625
75_20220831 14,1775.9947509765625
75_20220831 15,1776.680908203125
75_20220831 16,1683.4013671875
75_20220831 17,1667.175537109375
75_20220831 18,1226.0166015625
75_20220831 19,1223.1737060546875
75_20220831 20,1210.9317626953125
75_20220831 21,1272.147216796875
75_20220831 22,1188.428955078125
75_20220831 23,1287.0802001953125
76_20220825 00,1120.4427490234375
76_20220825 01,1105.265380859375
76_20220825 02,1102.4742431640625
76_20220825 03,1081.175537109375
76_20220825 04,1082.253173828125
76_20220825 05,1088.575439453125
76_20220825 06,1104.641357421875
76_20220825 07,1156.218505859375
76_20220825 08,1228.5130615234375
76_20220825 09,1426.080810546875
76_20220825 10,1453.537841796875
76_20220825 11,1473.707275390625
76_20220825 12,1432.2874755859375
76_20220825 13,1512.0406494140625
76_20220825 14,1527.6884765625
76_20220825 15,1545.4114990234375
76_20220825 16,1546.2723388671875
76_20220825 17,1508.7459716796875
76_20220825 18,1374.126708984375
76_20220825 19,1303.152587890625
76_20220825 20,1272.3795166015625
76_20220825 21,1238.254638671875
76_20220825 22,1203.482177734375
76_20220825 23,1182.7095947265625
76_20220826 00,1150.772216796875
76_20220826 01,1146.9736328125
76_20220826 02,1121.007080078125
76_20220826 03,1098.94970703125
76_20220826 04,1102.9107666015625
76_20220826 05,1095.1376953125
76_20220826 06,1093.6461181640625
76_20220826 07,1155.501708984375
76_20220826 08,1237.637451171875
76_20220826 09,1423.171630859375
76_20220826 10,1479.6500244140625
76_20220826 11,1450.307861328125
76_20220826 12,1448.7685546875
76_20220826 13,1512.787841796875
76_20220826 14,1525.157470703125
76_20220826 15,1545.1329345703125
76_20220826 16,1475.327880859375
76_20220826 17,1434.7064208984375
76_20220826 18,1284.555419921875
76_20220826 19,1226.808837890625
76_20220826 20,1195.622802734375
76_20220826 21,1180.0904541015625
76_20220826 22,1146.8218994140625
76_20220826 23,1126.8275146484375
76_20220827 00,1063.1839599609375
76_20220827 01,1054.3359375
76_20220827 02,1037.559814453125
76_20220827 03,1032.11279296875
76_20220827 04,1043.9259033203125
76_20220827 05,1036.935791015625
76_20220827 06,1018.8590087890625
76_20220827 07,1003.3323974609375
76_20220827 08,1000.3200073242188
76_20220827 09,981.0700073242188
76_20220827 10,956.2175903320312
76_20220827 11,949.18896484375
76_20220827 12,952.5245361328125
76_20220827 13,957.0567626953125
76_20220827 14,979.5772705078125
76_20220827 15,994.6282348632812
76_20220827 16,1036.9945068359375
76_20220827 17,1056.6072998046875
76_20220827 18,1068.584228515625
76_20220827 19,1074.3167724609375
76_20220827 20,1048.449951171875
76_20220827 21,1055.78076171875
76_20220827 22,1040.0638427734375
76_20220827 23,1007.9480590820312
76_20220828 00,1002.1087646484375
76_20220828 01,998.3470458984375
76_20220828 02,983.5499267578125
76_20220828 03,965.4435424804688
76_20220828 04,978.5720825195312
76_20220828 05,979.5892333984375
76_20220828 06,966.2369384765625
76_20220828 07,950.9178466796875
76_20220828 08,940.3704833984375
76_20220828 09,920.5042114257812
76_20220828 10,895.6199951171875
76_20220828 11,898.6588134765625
76_20220828 12,896.2720947265625
76_20220828 13,916.9396362304688
76_20220828 14,937.640625
76_20220828 15,970.2279052734375
76_20220828 16,1021.7376708984375
76_20220828 17,1025.419677734375
76_20220828 18,1045.045166015625
76_20220828 19,1054.2264404296875
76_20220828 20,1029.34814453125
76_20220828 21,1036.344970703125
76_20220828 22,1023.6947021484375
76_20220828 23,998.2849731445312
76_20220829 00,1036.6258544921875
76_20220829 01,1027.6800537109375
76_20220829 02,1027.025146484375
76_20220829 03,1011.8048706054688
76_20220829 04,1018.8577270507812
76_20220829 05,1030.2451171875
76_20220829 06,1042.116943359375
76_20220829 07,1086.364013671875
76_20220829 08,1179.212646484375
76_20220829 09,1362.1014404296875
76_20220829 10,1404.572509765625
76_20220829 11,1402.7366943359375
76_20220829 12,1383.481201171875
76_20220829 13,1439.2694091796875
76_20220829 14,1487.950927734375
76_20220829 15,1498.6617431640625
76_20220829 16,1501.55859375
76_20220829 17,1424.8955078125
76_20220829 18,1313.6591796875
76_20220829 19,1251.4886474609375
76_20220829 20,1214.591796875
76_20220829 21,1200.898681640625
76_20220829 22,1157.4049072265625
76_20220829 23,1134.253662109375
76_20220830 00,1095.738037109375
76_20220830 01,1078.146484375
76_20220830 02,1072.4664306640625
76_20220830 03,1068.95654296875
76_20220830 04,1069.217529296875
76_20220830 05,1076.844482421875
76_20220830 06,1095.1597900390625
76_20220830 07,1136.8187255859375
76_20220830 08,1251.7596435546875
76_20220830 09,1451.765380859375
76_20220830 10,1509.8216552734375
76_20220830 11,1517.690673828125
76_20220830 12,1475.284423828125
76_20220830 13,1535.981201171875
76_20220830 14,1580.5782470703125
76_20220830 15,1580.780517578125
76_20220830 16,1547.591064453125
76_20220830 17,1486.4085693359375
76_20220830 18,1332.7125244140625
76_20220830 19,1287.92236328125
76_20220830 20,1239.9388427734375
76_20220830 21,1224.1859130859375
76_20220830 22,1193.625
76_20220830 23,1174.755859375
76_20220831 00,1123.8038330078125
76_20220831 01,1124.645263671875
76_20220831 02,1114.6556396484375
76_20220831 03,1102.7667236328125
76_20220831 04,1103.8116455078125
76_20220831 05,1111.721435546875
76_20220831 06,1131.728515625
76_20220831 07,1164.96630859375
76_20220831 08,1275.239013671875
76_20220831 09,1453.608154296875
76_20220831 10,1519.6966552734375
76_20220831 11,1504.7806396484375
76_20220831 12,1481.1131591796875
76_20220831 13,1524.292724609375
76_20220831 14,1552.800048828125
76_20220831 15,1538.109619140625
76_20220831 16,1525.123291015625
76_20220831 17,1448.556396484375
76_20220831 18,1326.762451171875
76_20220831 19,1259.3302001953125
76_20220831 20,1228.9290771484375
76_20220831 21,1219.083251953125
76_20220831 22,1177.1021728515625
76_20220831 23,1150.645263671875
77_20220825 00,1059.6900634765625
77_20220825 01,1030.286865234375
77_20220825 02,948.8966064453125
77_20220825 03,943.9664306640625
77_20220825 04,965.56396484375
77_20220825 05,1066.8765869140625
77_20220825 06,1279.58056640625
77_20220825 07,1800.3177490234375
77_20220825 08,2119.46923828125
77_20220825 09,2126.94921875
77_20220825 10,2220.88818359375
77_20220825 11,2235.4052734375
77_20220825 12,2217.477294921875
77_20220825 13,2223.185302734375
77_20220825 14,2207.87255859375
77_20220825 15,2187.099609375
77_20220825 16,2176.552978515625
77_20220825 17,2045.0111083984375
77_20220825 18,1535.3231201171875
77_20220825 19,1374.377197265625
77_20220825 20,1300.3056640625
77_20220825 21,1221.4439697265625
77_20220825 22,1161.745361328125
77_20220825 23,1130.865478515625
77_20220826 00,1046.431640625
77_20220826 01,1017.4632568359375
77_20220826 02,938.3814697265625
77_20220826 03,934.08642578125
77_20220826 04,952.4142456054688
77_20220826 05,1039.9808349609375
77_20220826 06,1247.641845703125
77_20220826 07,1703.1986083984375
77_20220826 08,2007.969482421875
77_20220826 09,2047.4290771484375
77_20220826 10,2118.662841796875
77_20220826 11,2138.63720703125
77_20220826 12,2114.058349609375
77_20220826 13,2153.827880859375
77_20220826 14,2139.5166015625
77_20220826 15,2134.623291015625
77_20220826 16,2116.80224609375
77_20220826 17,1998.625244140625
77_20220826 18,1550.778564453125
77_20220826 19,1385.4459228515625
77_20220826 20,1323.592041015625
77_20220826 21,1222.580078125
77_20220826 22,1165.9654541015625
77_20220826 23,1125.9686279296875
77_20220827 00,1024.6468505859375
77_20220827 01,993.5631103515625
77_20220827 02,933.0641479492188
77_20220827 03,919.3464965820312
77_20220827 04,939.7919921875
77_20220827 05,950.0035400390625
77_20220827 06,1035.1900634765625
77_20220827 07,1053.326904296875
77_20220827 08,1115.186279296875
77_20220827 09,1143.31982421875
77_20220827 10,1170.845947265625
77_20220827 11,1184.0130615234375
77_20220827 12,1198.8756103515625
77_20220827 13,1219.1309814453125
77_20220827 14,1231.72216796875
77_20220827 15,1234.523193359375
77_20220827 16,1220.9908447265625
77_20220827 17,1222.6131591796875
77_20220827 18,1181.966796875
77_20220827 19,1138.989013671875
77_20220827 20,1139.1114501953125
77_20220827 21,1097.459228515625
77_20220827 22,1034.10205078125
77_20220827 23,1028.9864501953125
77_20220828 00,965.59619140625
77_20220828 01,947.9171142578125
77_20220828 02,890.7732543945312
77_20220828 03,884.2803955078125
77_20220828 04,909.0770263671875
77_20220828 05,924.1837768554688
77_20220828 06,1006.2062377929688
77_20220828 07,1023.4171142578125
77_20220828 08,1065.69921875
77_20220828 09,1099.488037109375
77_20220828 10,1116.68798828125
77_20220828 11,1128.987060546875
77_20220828 12,1163.400146484375
77_20220828 13,1172.413818359375
77_20220828 14,1184.08349609375
77_20220828 15,1191.02197265625
77_20220828 16,1214.0150146484375
77_20220828 17,1221.266845703125
77_20220828 18,1188.275634765625
77_20220828 19,1144.7259521484375
77_20220828 20,1135.5726318359375
77_20220828 21,1096.08544921875
77_20220828 22,1028.159423828125
77_20220828 23,1022.3621215820312
77_20220829 00,1017.0452880859375
77_20220829 01,997.3224487304688
77_20220829 02,923.3427734375
77_20220829 03,917.6921997070312
77_20220829 04,941.5213623046875
77_20220829 05,1037.45263671875
77_20220829 06,1235.2615966796875
77_20220829 07,1735.294189453125
77_20220829 08,1998.277587890625
77_20220829 09,2046.0322265625
77_20220829 10,2094.1484375
77_20220829 11,2096.57568359375
77_20220829 12,2075.98193359375
77_20220829 13,2086.602783203125
77_20220829 14,2085.913330078125
77_20220829 15,2080.34326171875
77_20220829 16,2063.00439453125
77_20220829 17,1935.309814453125
77_20220829 18,1490.7576904296875
77_20220829 19,1340.8092041015625
77_20220829 20,1277.98193359375
77_20220829 21,1189.1378173828125
77_20220829 22,1125.9625244140625
77_20220829 23,1097.458251953125
77_20220830 00,1006.2593994140625
77_20220830 01,989.9845581054688
77_20220830 02,920.2376708984375
77_20220830 03,923.2191162109375
77_20220830 04,940.6199340820312
77_20220830 05,1026.195068359375
77_20220830 06,1236.23388671875
77_20220830 07,1731.290283203125
77_20220830 08,2009.6197509765625
77_20220830 09,2038.472900390625
77_20220830 10,2077.343017578125
77_20220830 11,2094.007080078125
77_20220830 12,2072.557373046875
77_20220830 13,2092.427490234375
77_20220830 14,2068.958740234375
77_20220830 15,2070.85791015625
77_20220830 16,2049.21923828125
77_20220830 17,1971.960693359375
77_20220830 18,1498.2437744140625
77_20220830 19,1344.7581787109375
77_20220830 20,1291.609130859375
77_20220830 21,1196.382080078125
77_20220830 22,1135.8011474609375
77_20220830 23,1103.0374755859375
77_20220831 00,1029.345458984375
77_20220831 01,1004.4315185546875
77_20220831 02,929.5787353515625
77_20220831 03,926.80419921875
77_20220831 04,953.1124267578125
77_20220831 05,1036.41259765625
77_20220831 06,1245.11962890625
77_20220831 07,1729.66015625
77_20220831 08,2005.3466796875
77_20220831 09,2039.095703125
77_20220831 10,2072.02734375
77_20220831 11,2087.1533203125
77_20220831 12,2059.91748046875
77_20220831 13,2083.451171875
77_20220831 14,2067.037353515625
77_20220831 15,2064.885009765625
77_20220831 16,2041.8638916015625
77_20220831 17,1938.960205078125
77_20220831 18,1508.486328125
77_20220831 19,1347.820556640625
77_20220831 20,1287.7061767578125
77_20220831 21,1200.3330078125
77_20220831 22,1145.8870849609375
77_20220831 23,1121.8662109375
78_20220825 00,952.02001953125
78_20220825 01,939.9940185546875
78_20220825 02,930.7669067382812
78_20220825 03,926.8533325195312
78_20220825 04,939.3662109375
78_20220825 05,953.7120971679688
78_20220825 06,1073.3814697265625
78_20220825 07,1398.9658203125
78_20220825 08,2153.98486328125
78_20220825 09,2789.56103515625
78_20220825 10,2873.489501953125
78_20220825 11,2897.61669921875
78_20220825 12,2912.8359375
78_20220825 13,2928.70703125
78_20220825 14,2907.941650390625
78_20220825 15,2837.42333984375
78_20220825 16,2814.798095703125
78_20220825 17,2459.51611328125
78_20220825 18,1912.9625244140625
78_20220825 19,1690.877685546875
78_20220825 20,1411.590087890625
78_20220825 21,1189.455810546875
78_20220825 22,1040.128662109375
78_20220825 23,1001.3814697265625
78_20220826 00,950.3037109375
78_20220826 01,938.2576904296875
78_20220826 02,928.7034301757812
78_20220826 03,932.0205078125
78_20220826 04,933.9645385742188
78_20220826 05,950.4656372070312
78_20220826 06,1070.002685546875
78_20220826 07,1376.916259765625
78_20220826 08,2036.4964599609375
78_20220826 09,2749.467529296875
78_20220826 10,2906.490234375
78_20220826 11,2882.774169921875
78_20220826 12,2891.940673828125
78_20220826 13,2953.70166015625
78_20220826 14,2939.85498046875
78_20220826 15,2900.546875
78_20220826 16,2890.90966796875
78_20220826 17,2447.29052734375
78_20220826 18,1895.4967041015625
78_20220826 19,1655.0537109375
78_20220826 20,1390.8265380859375
78_20220826 21,1198.206298828125
78_20220826 22,1045.252685546875
78_20220826 23,1010.2388916015625
78_20220827 00,921.92333984375
78_20220827 01,915.4509887695312
78_20220827 02,905.357421875
78_20220827 03,908.5090942382812
78_20220827 04,902.8056640625
78_20220827 05,895.9556884765625
78_20220827 06,929.6310424804688
78_20220827 07,970.1829833984375
78_20220827 08,986.326171875
78_20220827 09,1051.078125
78_20220827 10,1130.0380859375
78_20220827 11,1165.8134765625
78_20220827 12,1173.5628662109375
78_20220827 13,1198.298828125
78_20220827 14,1191.6671142578125
78_20220827 15,1163.4476318359375
78_20220827 16,1125.8670654296875
78_20220827 17,1114.6962890625
78_20220827 18,1091.856201171875
78_20220827 19,1048.40380859375
78_20220827 20,1000.9373779296875
78_20220827 21,968.5037231445312
78_20220827 22,892.6951293945312
78_20220827 23,894.3469848632812
78_20220828 00,866.8859252929688
78_20220828 01,869.7646484375
78_20220828 02,865.7682495117188
78_20220828 03,865.0984497070312
78_20220828 04,864.6802978515625
78_20220828 05,867.0280151367188
78_20220828 06,894.4627075195312
78_20220828 07,928.8010864257812
78_20220828 08,943.4644775390625
78_20220828 09,981.6744384765625
78_20220828 10,1080.91064453125
78_20220828 11,1106.236572265625
78_20220828 12,1120.798095703125
78_20220828 13,1140.9852294921875
78_20220828 14,1142.090576171875
78_20220828 15,1143.3521728515625
78_20220828 16,1161.27587890625
78_20220828 17,1126.517822265625
78_20220828 18,1097.8489990234375
78_20220828 19,1071.80419921875
78_20220828 20,1026.471923828125
78_20220828 21,994.1910400390625
78_20220828 22,904.0974731445312
78_20220828 23,904.2130126953125
78_20220829 00,926.5252075195312
78_20220829 01,917.2109375
78_20220829 02,899.9886474609375
78_20220829 03,902.7845458984375
78_20220829 04,896.8235473632812
78_20220829 05,937.94091796875
78_20220829 06,1045.4302978515625
78_20220829 07,1344.563720703125
78_20220829 08,2058.12060546875
78_20220829 09,2723.446044921875
78_20220829 10,2794.45458984375
78_20220829 11,2766.231201171875
78_20220829 12,2746.46044921875
78_20220829 13,2762.30517578125
78_20220829 14,2737.8251953125
78_20220829 15,2714.05517578125
78_20220829 16,2627.257080078125
78_20220829 17,2266.73779296875
78_20220829 18,1774.9107666015625
78_20220829 19,1588.4461669921875
78_20220829 20,1317.8792724609375
78_20220829 21,1121.8521728515625
78_20220829 22,1003.9695434570312
78_20220829 23,975.8328247070312
78_20220830 00,909.8499755859375
78_20220830 01,910.6798095703125
78_20220830 02,898.8851318359375
78_20220830 03,906.1658325195312
78_20220830 04,909.3126220703125
78_20220830 05,932.8587646484375
78_20220830 06,1044.9722900390625
78_20220830 07,1336.1302490234375
78_20220830 08,1973.562744140625
78_20220830 09,2606.542724609375
78_20220830 10,2720.88330078125
78_20220830 11,2712.18310546875
78_20220830 12,2703.69580078125
78_20220830 13,2750.72509765625
78_20220830 14,2740.60693359375
78_20220830 15,2685.99365234375
78_20220830 16,2655.30224609375
78_20220830 17,2307.387451171875
78_20220830 18,1826.536376953125
78_20220830 19,1633.7486572265625
78_20220830 20,1365.5167236328125
78_20220830 21,1141.610595703125
78_20220830 22,1018.4852294921875
78_20220830 23,982.7606201171875
78_20220831 00,926.427734375
78_20220831 01,923.5197143554688
78_20220831 02,911.5134887695312
78_20220831 03,912.8738403320312
78_20220831 04,918.00146484375
78_20220831 05,934.6399536132812
78_20220831 06,1047.79833984375
78_20220831 07,1337.3258056640625
78_20220831 08,2002.1480712890625
78_20220831 09,2611.78369140625
78_20220831 10,2715.85888671875
78_20220831 11,2709.77978515625
78_20220831 12,2696.60888671875
78_20220831 13,2735.393798828125
78_20220831 14,2750.00146484375
78_20220831 15,2722.919677734375
78_20220831 16,2697.987060546875
78_20220831 17,2322.818359375
78_20220831 18,1820.7894287109375
78_20220831 19,1627.133544921875
78_20220831 20,1340.7734375
78_20220831 21,1145.774658203125
78_20220831 22,1021.3382568359375
78_20220831 23,993.5813598632812
79_20220825 00,2201.86572265625
79_20220825 01,2183.998779296875
79_20220825 02,2181.3603515625
79_20220825 03,2153.7578125
79_20220825 04,2157.696044921875
79_20220825 05,2191.739013671875
79_20220825 06,2378.6630859375
79_20220825 07,2918.367919921875
79_20220825 08,3617.54052734375
79_20220825 09,4023.84814453125
79_20220825 10,4152.1337890625
79_20220825 11,4175.1455078125
79_20220825 12,4151.54150390625
79_20220825 13,4158.0791015625
79_20220825 14,4111.85986328125
79_20220825 15,4026.36865234375
79_20220825 16,3829.67626953125
79_20220825 17,3615.24755859375
79_20220825 18,3080.057373046875
79_20220825 19,2686.01220703125
79_20220825 20,2486.6513671875
79_20220825 21,2365.07275390625
79_20220825 22,2316.12939453125
79_20220825 23,2277.17431640625
79_20220826 00,2118.686767578125
79_20220826 01,2094.49609375
79_20220826 02,2099.494384765625
79_20220826 03,2079.206298828125
79_20220826 04,2081.274658203125
79_20220826 05,2114.29833984375
79_20220826 06,2322.385498046875
79_20220826 07,2899.7978515625
79_20220826 08,3608.474609375
79_20220826 09,4070.510986328125
79_20220826 10,4141.98974609375
79_20220826 11,4167.37646484375
79_20220826 12,4161.9609375
79_20220826 13,4168.12744140625
79_20220826 14,4142.59912109375
79_20220826 15,4030.307861328125
79_20220826 16,3912.606689453125
79_20220826 17,3641.95703125
79_20220826 18,3031.072998046875
79_20220826 19,2642.483154296875
79_20220826 20,2458.783447265625
79_20220826 21,2345.486083984375
79_20220826 22,2287.577880859375
79_20220826 23,2212.947998046875
79_20220827 00,2085.569091796875
79_20220827 01,2057.20751953125
79_20220827 02,2042.238525390625
79_20220827 03,2036.809326171875
79_20220827 04,2020.104248046875
79_20220827 05,1985.265380859375
79_20220827 06,2042.9375
79_20220827 07,2209.697021484375
79_20220827 08,2462.670654296875
79_20220827 09,2564.55810546875
79_20220827 10,2650.764892578125
79_20220827 11,2651.6474609375
79_20220827 12,2657.052978515625
79_20220827 13,2617.479248046875
79_20220827 14,2615.9775390625
79_20220827 15,2560.530029296875
79_20220827 16,2492.07763671875
79_20220827 17,2397.62060546875
79_20220827 18,2240.780517578125
79_20220827 19,2151.190185546875
79_20220827 20,2122.191162109375
79_20220827 21,2042.1337890625
79_20220827 22,1993.50390625
79_20220827 23,1923.447509765625
79_20220828 00,1884.434814453125
79_20220828 01,1868.150390625
79_20220828 02,1849.5113525390625
79_20220828 03,1834.2392578125
79_20220828 04,1809.135986328125
79_20220828 05,1791.753173828125
79_20220828 06,1794.843505859375
79_20220828 07,1926.8294677734375
79_20220828 08,2073.743408203125
79_20220828 09,2120.776611328125
79_20220828 10,2218.017822265625
79_20220828 11,2246.181396484375
79_20220828 12,2244.391357421875
79_20220828 13,2257.839111328125
79_20220828 14,2259.824951171875
79_20220828 15,2227.3876953125
79_20220828 16,2222.884033203125
79_20220828 17,2193.065185546875
79_20220828 18,2106.90380859375
79_20220828 19,2076.444580078125
79_20220828 20,2032.8896484375
79_20220828 21,1957.2593994140625
79_20220828 22,1836.7591552734375
79_20220828 23,1805.746337890625
79_20220829 00,1895.3489990234375
79_20220829 01,1896.8531494140625
79_20220829 02,1874.185546875
79_20220829 03,1867.0181884765625
79_20220829 04,1893.142333984375
79_20220829 05,1944.7777099609375
79_20220829 06,2205.136474609375
79_20220829 07,2789.067626953125
79_20220829 08,3479.51416015625
79_20220829 09,3829.369873046875
79_20220829 10,3887.940673828125
79_20220829 11,3875.839111328125
79_20220829 12,3867.940673828125
79_20220829 13,3856.039794921875
79_20220829 14,3848.16796875
79_20220829 15,3770.53369140625
79_20220829 16,3656.00927734375
79_20220829 17,3450.485107421875
79_20220829 18,2889.557861328125
79_20220829 19,2537.169921875
79_20220829 20,2340.95703125
79_20220829 21,2237.689697265625
79_20220829 22,2166.43701171875
79_20220829 23,2114.583740234375
79_20220830 00,1978.0972900390625
79_20220830 01,1991.03515625
79_20220830 02,1996.446533203125
79_20220830 03,1992.0208740234375
79_20220830 04,2015.661865234375
79_20220830 05,2032.110595703125
79_20220830 06,2249.872314453125
79_20220830 07,2756.861328125
79_20220830 08,3432.084716796875
79_20220830 09,3799.16162109375
79_20220830 10,3937.471923828125
79_20220830 11,3927.50341796875
79_20220830 12,3925.71826171875
79_20220830 13,3922.994140625
79_20220830 14,3910.02783203125
79_20220830 15,3824.850830078125
79_20220830 16,3655.239501953125
79_20220830 17,3466.682861328125
79_20220830 18,2961.00537109375
79_20220830 19,2619.314453125
79_20220830 20,2415.816162109375
79_20220830 21,2285.05078125
79_20220830 22,2214.03125
79_20220830 23,2153.25341796875
79_20220831 00,2096.08935546875
79_20220831 01,2074.16162109375
79_20220831 02,2071.49365234375
79_20220831 03,2066.616455078125
79_20220831 04,2077.33447265625
79_20220831 05,2091.99267578125
79_20220831 06,2300.09716796875
79_20220831 07,2809.40380859375
79_20220831 08,3468.634765625
79_20220831 09,3832.52294921875
79_20220831 10,3946.42138671875
79_20220831 11,3958.52685546875
79_20220831 12,3932.54931640625
79_20220831 13,3948.352783203125
79_20220831 14,3930.13671875
79_20220831 15,3825.18798828125
79_20220831 16,3696.633544921875
79_20220831 17,3481.86474609375
79_20220831 18,2961.258544921875
79_20220831 19,2613.72705078125
79_20220831 20,2399.25732421875
79_20220831 21,2299.702392578125
79_20220831 22,2249.646240234375
79_20220831 23,2193.889892578125
80_20220825 00,1209.7720947265625
80_20220825 01,1188.9083251953125
80_20220825 02,1161.884521484375
80_20220825 03,1161.2510986328125
80_20220825 04,1168.543212890625
80_20220825 05,1243.5423583984375
80_20220825 06,1534.6029052734375
80_20220825 07,2155.134765625
80_20220825 08,3715.52294921875
80_20220825 09,4882.87158203125
80_20220825 10,5015.31298828125
80_20220825 11,4997.35400390625
80_20220825 12,4793.19873046875
80_20220825 13,4808.2568359375
80_20220825 14,5074.5810546875
80_20220825 15,4771.9453125
80_20220825 16,4710.6376953125
80_20220825 17,4216.9111328125
80_20220825 18,2961.048828125
80_20220825 19,2418.081298828125
80_20220825 20,2028.0703125
80_20220825 21,1660.604736328125
80_20220825 22,1382.632080078125
80_20220825 23,1261.8511962890625
80_20220826 00,1213.773193359375
80_20220826 01,1190.4329833984375
80_20220826 02,1182.15234375
80_20220826 03,1172.7122802734375
80_20220826 04,1184.3250732421875
80_20220826 05,1242.088623046875
80_20220826 06,1520.1812744140625
80_20220826 07,2118.734375
80_20220826 08,3790.784423828125
80_20220826 09,4882.29345703125
80_20220826 10,4962.6455078125
80_20220826 11,5014.1181640625
80_20220826 12,4772.6201171875
80_20220826 13,4908.7958984375
80_20220826 14,5083.20458984375
80_20220826 15,4961.27734375
80_20220826 16,4799.72021484375
80_20220826 17,4278.07666015625
80_20220826 18,2992.0830078125
80_20220826 19,2377.080078125
80_20220826 20,2064.411376953125
80_20220826 21,1683.7261962890625
80_20220826 22,1410.06201171875
80_20220826 23,1291.687255859375
80_20220827 00,1195.743408203125
80_20220827 01,1172.3074951171875
80_20220827 02,1157.4176025390625
80_20220827 03,1144.1500244140625
80_20220827 04,1145.289794921875
80_20220827 05,1181.299560546875
80_20220827 06,1238.21630859375
80_20220827 07,1289.048828125
80_20220827 08,1540.767578125
80_20220827 09,1630.121337890625
80_20220827 10,1661.4271240234375
80_20220827 11,1705.368896484375
80_20220827 12,1774.484130859375
80_20220827 13,1726.3306884765625
80_20220827 14,1726.8167724609375
80_20220827 15,1668.634765625
80_20220827 16,1599.8829345703125
80_20220827 17,1508.58544921875
80_20220827 18,1400.906494140625
80_20220827 19,1290.728271484375
80_20220827 20,1225.277099609375
80_20220827 21,1212.386474609375
80_20220827 22,1172.1556396484375
80_20220827 23,1109.71630859375
80_20220828 00,1083.6715087890625
80_20220828 01,1056.789794921875
80_20220828 02,1052.2716064453125
80_20220828 03,1030.079833984375
80_20220828 04,1039.6268310546875
80_20220828 05,1095.339599609375
80_20220828 06,1114.6907958984375
80_20220828 07,1123.7803955078125
80_20220828 08,1249.6009521484375
80_20220828 09,1283.2353515625
80_20220828 10,1299.6246337890625
80_20220828 11,1365.9527587890625
80_20220828 12,1466.287353515625
80_20220828 13,1432.1964111328125
80_20220828 14,1474.5142822265625
80_20220828 15,1473.7535400390625
80_20220828 16,1438.213623046875
80_20220828 17,1393.0396728515625
80_20220828 18,1348.982666015625
80_20220828 19,1273.426513671875
80_20220828 20,1198.915771484375
80_20220828 21,1199.1761474609375
80_20220828 22,1147.385986328125
80_20220828 23,1082.700439453125
80_20220829 00,1118.019775390625
80_20220829 01,1108.173095703125
80_20220829 02,1093.21484375
80_20220829 03,1094.651123046875
80_20220829 04,1113.861572265625
80_20220829 05,1185.220947265625
80_20220829 06,1435.273193359375
80_20220829 07,2129.250732421875
80_20220829 08,3714.10986328125
80_20220829 09,4776.3623046875
80_20220829 10,4878.19873046875
80_20220829 11,4875.4560546875
80_20220829 12,4690.8193359375
80_20220829 13,4756.1279296875
80_20220829 14,4791.3046875
80_20220829 15,4728.28125
80_20220829 16,4595.71484375
80_20220829 17,4035.171142578125
80_20220829 18,2908.82666015625
80_20220829 19,2295.83740234375
80_20220829 20,1993.516357421875
80_20220829 21,1606.0816650390625
80_20220829 22,1344.079833984375
80_20220829 23,1239.9716796875
80_20220830 00,1155.281494140625
80_20220830 01,1132.295654296875
80_20220830 02,1122.375244140625
80_20220830 03,1115.083251953125
80_20220830 04,1133.649169921875
80_20220830 05,1199.579345703125
80_20220830 06,1470.1868896484375
80_20220830 07,2066.625244140625
80_20220830 08,3509.16162109375
80_20220830 09,4675.26708984375
80_20220830 10,4835.70361328125
80_20220830 11,4716.43505859375
80_20220830 12,4637.41845703125
80_20220830 13,4660.18310546875
80_20220830 14,4705.37646484375
80_20220830 15,4670.8515625
80_20220830 16,4495.62451171875
80_20220830 17,4028.207763671875
80_20220830 18,2861.755126953125
80_20220830 19,2290.4248046875
80_20220830 20,1972.958984375
80_20220830 21,1619.4654541015625
80_20220830 22,1340.491455078125
80_20220830 23,1244.247314453125
80_20220831 00,1188.988037109375
80_20220831 01,1169.92041015625
80_20220831 02,1159.984375
80_20220831 03,1146.744384765625
80_20220831 04,1168.4345703125
80_20220831 05,1227.211181640625
80_20220831 06,1499.822021484375
80_20220831 07,2091.635986328125
80_20220831 08,3538.987060546875
80_20220831 09,4575.056640625
80_20220831 10,4747.7294921875
80_20220831 11,4715.41650390625
80_20220831 12,4601.6640625
80_20220831 13,4659.15087890625
80_20220831 14,4758.771484375
80_20220831 15,4665.2451171875
80_20220831 16,4564.81396484375
80_20220831 17,4095.99755859375
80_20220831 18,2929.58984375
80_20220831 19,2304.36572265625
80_20220831 20,2003.1478271484375
80_20220831 21,1642.262939453125
80_20220831 22,1377.073974609375
80_20220831 23,1273.9697265625
81_20220825 00,541.4400634765625
81_20220825 01,501.41632080078125
81_20220825 02,472.33331298828125
81_20220825 03,474.41748046875
81_20220825 04,461.9165954589844
81_20220825 05,473.10858154296875
81_20220825 06,528.8614501953125
81_20220825 07,645.9260864257812
81_20220825 08,774.1044921875
81_20220825 09,1352.9564208984375
81_20220825 10,1923.023193359375
81_20220825 11,2188.918701171875
81_20220825 12,2188.7275390625
81_20220825 13,2169.863037109375
81_20220825 14,2140.32275390625
81_20220825 15,2045.784423828125
81_20220825 16,2073.73828125
81_20220825 17,2122.74365234375
81_20220825 18,2138.712890625
81_20220825 19,2150.720703125
81_20220825 20,2036.7984619140625
81_20220825 21,1700.9052734375
81_20220825 22,815.3387451171875
81_20220825 23,647.7955932617188
81_20220826 00,548.6785278320312
81_20220826 01,515.7413940429688
81_20220826 02,486.25518798828125
81_20220826 03,487.91162109375
81_20220826 04,465.83099365234375
81_20220826 05,488.45489501953125
81_20220826 06,553.8106689453125
81_20220826 07,667.7919311523438
81_20220826 08,821.6455078125
81_20220826 09,1371.450439453125
81_20220826 10,1920.326171875
81_20220826 11,2201.9892578125
81_20220826 12,2185.622802734375
81_20220826 13,2192.658203125
81_20220826 14,2170.4755859375
81_20220826 15,2164.75244140625
81_20220826 16,2175.07568359375
81_20220826 17,2157.265625
81_20220826 18,2204.071044921875
81_20220826 19,2224.95361328125
81_20220826 20,2126.87841796875
81_20220826 21,1786.687255859375
81_20220826 22,881.4143676757812
81_20220826 23,694.5180053710938
81_20220827 00,619.229248046875
81_20220827 01,550.3744506835938
81_20220827 02,496.44171142578125
81_20220827 03,487.71368408203125
81_20220827 04,473.1192932128906
81_20220827 05,483.12030029296875
81_20220827 06,511.232421875
81_20220827 07,618.0396728515625
81_20220827 08,798.7907104492188
81_20220827 09,1291.9869384765625
81_20220827 10,1790.749267578125
81_20220827 11,2113.41162109375
81_20220827 12,2147.208984375
81_20220827 13,2166.707275390625
81_20220827 14,2174.87353515625
81_20220827 15,2194.78173828125
81_20220827 16,2196.72216796875
81_20220827 17,2212.28955078125
81_20220827 18,2213.29052734375
81_20220827 19,2199.23681640625
81_20220827 20,2095.703857421875
81_20220827 21,1741.5133056640625
81_20220827 22,854.2394409179688
81_20220827 23,667.0532836914062
81_20220828 00,589.4514770507812
81_20220828 01,520.646484375
81_20220828 02,471.781494140625
81_20220828 03,464.07232666015625
81_20220828 04,455.87255859375
81_20220828 05,467.89154052734375
81_20220828 06,493.13934326171875
81_20220828 07,602.3616943359375
81_20220828 08,771.4283447265625
81_20220828 09,1276.793212890625
81_20220828 10,1829.136962890625
81_20220828 11,2139.964111328125
81_20220828 12,2160.050537109375
81_20220828 13,2189.73828125
81_20220828 14,2192.439697265625
81_20220828 15,2238.46142578125
81_20220828 16,2237.467041015625
81_20220828 17,2245.284423828125
81_20220828 18,2225.36083984375
81_20220828 19,2200.8056640625
81_20220828 20,2123.56884765625
81_20220828 21,1765.394775390625
81_20220828 22,843.7184448242188
81_20220828 23,668.3004150390625
81_20220829 00,520.4476318359375
81_20220829 01,490.40521240234375
81_20220829 02,465.49810791015625
81_20220829 03,465.17584228515625
81_20220829 04,439.62213134765625
81_20220829 05,460.826171875
81_20220829 06,523.3411254882812
81_20220829 07,640.6513671875
81_20220829 08,767.9385375976562
81_20220829 09,1342.635498046875
81_20220829 10,1870.980224609375
81_20220829 11,2088.391845703125
81_20220829 12,2078.86767578125
81_20220829 13,2083.51708984375
81_20220829 14,2059.290283203125
81_20220829 15,2028.626953125
81_20220829 16,2033.306640625
81_20220829 17,2025.3724365234375
81_20220829 18,2033.637451171875
81_20220829 19,2077.974853515625
81_20220829 20,1970.5718994140625
81_20220829 21,1651.772705078125
81_20220829 22,800.1051025390625
81_20220829 23,638.7518310546875
81_20220830 00,526.2726440429688
81_20220830 01,495.21728515625
81_20220830 02,469.68182373046875
81_20220830 03,473.66546630859375
81_20220830 04,458.221435546875
81_20220830 05,465.86798095703125
81_20220830 06,518.6996459960938
81_20220830 07,629.5067138671875
81_20220830 08,759.6972045898438
81_20220830 09,1335.779296875
81_20220830 10,1849.294677734375
81_20220830 11,2048.16845703125
81_20220830 12,2044.233154296875
81_20220830 13,2044.9521484375
81_20220830 14,2036.2056884765625
81_20220830 15,2008.596923828125
81_20220830 16,2018.441650390625
81_20220830 17,2028.0699462890625
81_20220830 18,2043.9722900390625
81_20220830 19,2061.685791015625
81_20220830 20,1972.9228515625
81_20220830 21,1685.1712646484375
81_20220830 22,814.7957153320312
81_20220830 23,645.1553955078125
81_20220831 00,528.1765747070312
81_20220831 01,496.49090576171875
81_20220831 02,454.1221618652344
81_20220831 03,454.4420471191406
81_20220831 04,445.047607421875
81_20220831 05,454.6465759277344
81_20220831 06,514.3738403320312
81_20220831 07,623.4080200195312
81_20220831 08,751.0740966796875
81_20220831 09,1308.3468017578125
81_20220831 10,1759.5869140625
81_20220831 11,2094.03125
81_20220831 12,2067.8935546875
81_20220831 13,2088.429443359375
81_20220831 14,2078.09423828125
81_20220831 15,2035.6236572265625
81_20220831 16,2043.651611328125
81_20220831 17,2061.120361328125
81_20220831 18,2080.06103515625
81_20220831 19,2113.518310546875
81_20220831 20,2004.0302734375
81_20220831 21,1693.5113525390625
81_20220831 22,803.9708862304688
81_20220831 23,644.0445556640625
82_20220825 00,1394.857177734375
82_20220825 01,1289.0509033203125
82_20220825 02,1216.3929443359375
82_20220825 03,1195.2052001953125
82_20220825 04,1212.9749755859375
82_20220825 05,1256.3363037109375
82_20220825 06,1443.4814453125
82_20220825 07,1900.2662353515625
82_20220825 08,2823.51025390625
82_20220825 09,3818.78564453125
82_20220825 10,4249.73583984375
82_20220825 11,4230.1025390625
82_20220825 12,3960.906982421875
82_20220825 13,4041.244140625
82_20220825 14,4139.46240234375
82_20220825 15,4155.5634765625
82_20220825 16,3998.388671875
82_20220825 17,3422.6328125
82_20220825 18,2713.110107421875
82_20220825 19,2266.3115234375
82_20220825 20,1990.331787109375
82_20220825 21,1822.9810791015625
82_20220825 22,1636.1417236328125
82_20220825 23,1509.6636962890625
82_20220826 00,1369.6910400390625
82_20220826 01,1287.8587646484375
82_20220826 02,1224.312255859375
82_20220826 03,1196.1865234375
82_20220826 04,1213.934326171875
82_20220826 05,1247.832763671875
82_20220826 06,1455.254638671875
82_20220826 07,1890.4241943359375
82_20220826 08,2897.912841796875
82_20220826 09,3900.384033203125
82_20220826 10,4318.2705078125
82_20220826 11,4312.3935546875
82_20220826 12,4069.705810546875
82_20220826 13,4282.58056640625
82_20220826 14,4305.5693359375
82_20220826 15,4275.728515625
82_20220826 16,4056.65673828125
82_20220826 17,3568.331298828125
82_20220826 18,2843.307373046875
82_20220826 19,2376.731201171875
82_20220826 20,2092.669921875
82_20220826 21,1946.3724365234375
82_20220826 22,1748.80078125
82_20220826 23,1612.91552734375
82_20220827 00,1382.3929443359375
82_20220827 01,1293.6746826171875
82_20220827 02,1218.2783203125
82_20220827 03,1138.2537841796875
82_20220827 04,1127.306884765625
82_20220827 05,1136.337646484375
82_20220827 06,1171.0599365234375
82_20220827 07,1267.8974609375
82_20220827 08,1454.29443359375
82_20220827 09,1676.0970458984375
82_20220827 10,1811.01953125
82_20220827 11,1876.4169921875
82_20220827 12,1851.8382568359375
82_20220827 13,1868.8828125
82_20220827 14,1867.988037109375
82_20220827 15,1838.204833984375
82_20220827 16,1793.3021240234375
82_20220827 17,1639.346923828125
82_20220827 18,1503.8431396484375
82_20220827 19,1376.5625
82_20220827 20,1391.799072265625
82_20220827 21,1381.564208984375
82_20220827 22,1323.744384765625
82_20220827 23,1251.065185546875
82_20220828 00,1153.395751953125
82_20220828 01,1082.37890625
82_20220828 02,1034.591064453125
82_20220828 03,1019.6402587890625
82_20220828 04,995.16796875
82_20220828 05,999.6702880859375
82_20220828 06,1030.6829833984375
82_20220828 07,1116.0396728515625
82_20220828 08,1222.696533203125
82_20220828 09,1363.653076171875
82_20220828 10,1475.769287109375
82_20220828 11,1535.4952392578125
82_20220828 12,1568.609130859375
82_20220828 13,1629.3095703125
82_20220828 14,1658.983642578125
82_20220828 15,1660.9517822265625
82_20220828 16,1670.1624755859375
82_20220828 17,1541.5745849609375
82_20220828 18,1452.230712890625
82_20220828 19,1357.3365478515625
82_20220828 20,1377.6842041015625
82_20220828 21,1346.0152587890625
82_20220828 22,1305.1968994140625
82_20220828 23,1222.730712890625
82_20220829 00,1263.200927734375
82_20220829 01,1183.2467041015625
82_20220829 02,1118.75341796875
82_20220829 03,1108.58154296875
82_20220829 04,1133.419189453125
82_20220829 05,1188.3043212890625
82_20220829 06,1387.528076171875
82_20220829 07,1804.4306640625
82_20220829 08,2694.33837890625
82_20220829 09,3680.780517578125
82_20220829 10,3982.262451171875
82_20220829 11,3974.718017578125
82_20220829 12,3845.61767578125
82_20220829 13,3925.81396484375
82_20220829 14,3996.098388671875
82_20220829 15,3962.290283203125
82_20220829 16,3788.612548828125
82_20220829 17,3357.60986328125
82_20220829 18,2565.8818359375
82_20220829 19,2142.01611328125
82_20220829 20,1929.5078125
82_20220829 21,1777.2154541015625
82_20220829 22,1602.471923828125
82_20220829 23,1467.1513671875
82_20220830 00,1288.9495849609375
82_20220830 01,1219.63232421875
82_20220830 02,1162.04931640625
82_20220830 03,1146.045166015625
82_20220830 04,1163.022216796875
82_20220830 05,1199.7830810546875
82_20220830 06,1392.559326171875
82_20220830 07,1784.107177734375
82_20220830 08,2571.325439453125
82_20220830 09,3558.752685546875
82_20220830 10,3826.44140625
82_20220830 11,3906.87890625
82_20220830 12,3665.15234375
82_20220830 13,3859.621826171875
82_20220830 14,4030.83935546875
82_20220830 15,3911.629638671875
82_20220830 16,3739.739013671875
82_20220830 17,3217.087890625
82_20220830 18,2508.63232421875
82_20220830 19,2144.40478515625
82_20220830 20,1928.6087646484375
82_20220830 21,1775.797607421875
82_20220830 22,1610.9013671875
82_20220830 23,1475.6187744140625
82_20220831 00,1337.218505859375
82_20220831 01,1237.208740234375
82_20220831 02,1183.966796875
82_20220831 03,1152.0101318359375
82_20220831 04,1180.096435546875
82_20220831 05,1206.0084228515625
82_20220831 06,1386.308349609375
82_20220831 07,1788.0400390625
82_20220831 08,2650.39599609375
82_20220831 09,3559.461669921875
82_20220831 10,3834.698486328125
82_20220831 11,3882.46923828125
82_20220831 12,3718.572265625
82_20220831 13,3876.568359375
82_20220831 14,4004.348388671875
82_20220831 15,3950.830810546875
82_20220831 16,3765.667236328125
82_20220831 17,3347.076904296875
82_20220831 18,2541.44873046875
82_20220831 19,2154.111572265625
82_20220831 20,1934.8310546875
82_20220831 21,1802.2626953125
82_20220831 22,1655.17578125
82_20220831 23,1515.390869140625
83_20220825 00,799.5148315429688
83_20220825 01,776.0985107421875
83_20220825 02,761.14794921875
83_20220825 03,761.3426513671875
83_20220825 04,755.9093017578125
83_20220825 05,757.7034912109375
83_20220825 06,827.13330078125
83_20220825 07,1058.2327880859375
83_20220825 08,1843.5113525390625
83_20220825 09,2597.862548828125
83_20220825 10,2734.98291015625
83_20220825 11,2707.713623046875
83_20220825 12,2675.7080078125
83_20220825 13,2722.057373046875
83_20220825 14,2707.993896484375
83_20220825 15,2708.1494140625
83_20220825 16,2603.08837890625
83_20220825 17,2280.43994140625
83_20220825 18,1638.2003173828125
83_20220825 19,1274.658935546875
83_20220825 20,1088.517822265625
83_20220825 21,938.978515625
83_20220825 22,874.7542724609375
83_20220825 23,831.6947021484375
83_20220826 00,800.1475830078125
83_20220826 01,772.2760009765625
83_20220826 02,759.9022216796875
83_20220826 03,757.7877807617188
83_20220826 04,758.478271484375
83_20220826 05,759.2457885742188
83_20220826 06,822.4486083984375
83_20220826 07,1057.1527099609375
83_20220826 08,1763.6822509765625
83_20220826 09,2544.1943359375
83_20220826 10,2722.79248046875
83_20220826 11,2696.19140625
83_20220826 12,2680.551025390625
83_20220826 13,2808.56005859375
83_20220826 14,2792.72265625
83_20220826 15,2782.1015625
83_20220826 16,2691.23291015625
83_20220826 17,2282.70166015625
83_20220826 18,1639.253173828125
83_20220826 19,1266.493896484375
83_20220826 20,1080.4945068359375
83_20220826 21,945.3670043945312
83_20220826 22,876.8372192382812
83_20220826 23,823.904296875
83_20220827 00,749.1944580078125
83_20220827 01,733.2310791015625
83_20220827 02,721.7159423828125
83_20220827 03,715.5479125976562
83_20220827 04,711.91259765625
83_20220827 05,705.0447998046875
83_20220827 06,715.7756958007812
83_20220827 07,790.0313720703125
83_20220827 08,819.7010498046875
83_20220827 09,832.1067504882812
83_20220827 10,907.2164306640625
83_20220827 11,947.2901611328125
83_20220827 12,943.7531127929688
83_20220827 13,962.7314453125
83_20220827 14,980.6094970703125
83_20220827 15,967.1849365234375
83_20220827 16,918.0519409179688
83_20220827 17,888.1644287109375
83_20220827 18,826.59765625
83_20220827 19,791.2783203125
83_20220827 20,773.452392578125
83_20220827 21,764.9204711914062
83_20220827 22,739.6524658203125
83_20220827 23,725.165283203125
83_20220828 00,707.7061767578125
83_20220828 01,701.6144409179688
83_20220828 02,684.4381103515625
83_20220828 03,678.01708984375
83_20220828 04,673.7422485351562
83_20220828 05,672.8519897460938
83_20220828 06,689.2655639648438
83_20220828 07,735.9951171875
83_20220828 08,756.7529907226562
83_20220828 09,772.3993530273438
83_20220828 10,832.6497802734375
83_20220828 11,870.2628173828125
83_20220828 12,880.9924926757812
83_20220828 13,902.5993041992188
83_20220828 14,919.9271240234375
83_20220828 15,928.96533203125
83_20220828 16,922.8590698242188
83_20220828 17,887.9327392578125
83_20220828 18,834.3790893554688
83_20220828 19,801.5194091796875
83_20220828 20,782.6089477539062
83_20220828 21,764.4406127929688
83_20220828 22,736.1566772460938
83_20220828 23,714.5375366210938
83_20220829 00,761.9944458007812
83_20220829 01,746.0505981445312
83_20220829 02,732.1773681640625
83_20220829 03,733.4649658203125
83_20220829 04,729.301513671875
83_20220829 05,741.6431884765625
83_20220829 06,797.4686279296875
83_20220829 07,1048.602294921875
83_20220829 08,1839.3388671875
83_20220829 09,2667.839599609375
83_20220829 10,2754.30615234375
83_20220829 11,2689.612060546875
83_20220829 12,2623.362548828125
83_20220829 13,2675.469970703125
83_20220829 14,2668.107421875
83_20220829 15,2661.316162109375
83_20220829 16,2518.20751953125
83_20220829 17,2204.02685546875
83_20220829 18,1592.3592529296875
83_20220829 19,1236.041259765625
83_20220829 20,1051.1224365234375
83_20220829 21,917.16064453125
83_20220829 22,856.20849609375
83_20220829 23,801.2642822265625
83_20220830 00,757.3445434570312
83_20220830 01,738.3279418945312
83_20220830 02,728.4896240234375
83_20220830 03,739.0100708007812
83_20220830 04,731.1773681640625
83_20220830 05,732.8255615234375
83_20220830 06,800.6817626953125
83_20220830 07,1029.6922607421875
83_20220830 08,1762.2611083984375
83_20220830 09,2468.033935546875
83_20220830 10,2598.35986328125
83_20220830 11,2572.071044921875
83_20220830 12,2512.71923828125
83_20220830 13,2602.64306640625
83_20220830 14,2583.667724609375
83_20220830 15,2574.48681640625
83_20220830 16,2475.8212890625
83_20220830 17,2190.07958984375
83_20220830 18,1606.4600830078125
83_20220830 19,1258.91943359375
83_20220830 20,1072.0426025390625
83_20220830 21,927.31591796875
83_20220830 22,858.0623779296875
83_20220830 23,799.2971801757812
83_20220831 00,773.2032470703125
83_20220831 01,755.0454711914062
83_20220831 02,744.1123046875
83_20220831 03,737.1495361328125
83_20220831 04,741.6995849609375
83_20220831 05,743.71533203125
83_20220831 06,811.9410400390625
83_20220831 07,1033.5042724609375
83_20220831 08,1773.6480712890625
83_20220831 09,2409.26806640625
83_20220831 10,2531.17138671875
83_20220831 11,2528.3349609375
83_20220831 12,2463.676513671875
83_20220831 13,2574.907958984375
83_20220831 14,2584.52978515625
83_20220831 15,2579.354248046875
83_20220831 16,2475.26220703125
83_20220831 17,2181.30126953125
83_20220831 18,1587.4384765625
83_20220831 19,1242.9918212890625
83_20220831 20,1047.0416259765625
83_20220831 21,922.5404052734375
83_20220831 22,864.0812377929688
83_20220831 23,811.3413696289062
84_20220825 00,1036.1895751953125
84_20220825 01,978.265625
84_20220825 02,927.6273193359375
84_20220825 03,894.1799926757812
84_20220825 04,862.3724365234375
84_20220825 05,868.2769775390625
84_20220825 06,970.1077270507812
84_20220825 07,1352.943603515625
84_20220825 08,2130.28759765625
84_20220825 09,2524.65673828125
84_20220825 10,2723.267333984375
84_20220825 11,2777.453125
84_20220825 12,2903.48486328125
84_20220825 13,2836.996337890625
84_20220825 14,2708.01220703125
84_20220825 15,2616.78955078125
84_20220825 16,2559.873291015625
84_20220825 17,2444.727783203125
84_20220825 18,2244.62255859375
84_20220825 19,1822.5576171875
84_20220825 20,1630.1676025390625
84_20220825 21,1403.2578125
84_20220825 22,1228.27587890625
84_20220825 23,1127.044189453125
84_20220826 00,1031.2291259765625
84_20220826 01,973.1871337890625
84_20220826 02,925.2032470703125
84_20220826 03,900.70263671875
84_20220826 04,861.0262451171875
84_20220826 05,870.7506103515625
84_20220826 06,974.9959106445312
84_20220826 07,1346.3822021484375
84_20220826 08,2040.8818359375
84_20220826 09,2462.971923828125
84_20220826 10,2727.434814453125
84_20220826 11,2812.353759765625
84_20220826 12,2941.110107421875
84_20220826 13,2935.954833984375
84_20220826 14,2801.229736328125
84_20220826 15,2726.035888671875
84_20220826 16,2663.89892578125
84_20220826 17,2503.063720703125
84_20220826 18,2252.63134765625
84_20220826 19,1783.3258056640625
84_20220826 20,1650.670166015625
84_20220826 21,1398.5130615234375
84_20220826 22,1226.2181396484375
84_20220826 23,1142.8209228515625
84_20220827 00,1008.7775268554688
84_20220827 01,946.5944213867188
84_20220827 02,901.0242309570312
84_20220827 03,871.0048828125
84_20220827 04,839.3927612304688
84_20220827 05,832.7522583007812
84_20220827 06,874.2796020507812
84_20220827 07,939.0965576171875
84_20220827 08,1039.0457763671875
84_20220827 09,1204.34375
84_20220827 10,1406.014892578125
84_20220827 11,1494.4801025390625
84_20220827 12,1556.6400146484375
84_20220827 13,1561.302001953125
84_20220827 14,1561.802978515625
84_20220827 15,1452.60546875
84_20220827 16,1393.760986328125
84_20220827 17,1402.8782958984375
84_20220827 18,1339.1685791015625
84_20220827 19,1321.7275390625
84_20220827 20,1294.40380859375
84_20220827 21,1181.823486328125
84_20220827 22,1058.9151611328125
84_20220827 23,998.51611328125
84_20220828 00,955.3773193359375
84_20220828 01,892.8284301757812
84_20220828 02,854.9948120117188
84_20220828 03,826.9892578125
84_20220828 04,791.9860229492188
84_20220828 05,794.5460815429688
84_20220828 06,814.9158935546875
84_20220828 07,877.8446044921875
84_20220828 08,966.1624755859375
84_20220828 09,1106.2021484375
84_20220828 10,1316.8035888671875
84_20220828 11,1380.950439453125
84_20220828 12,1466.703369140625
84_20220828 13,1474.418212890625
84_20220828 14,1486.042724609375
84_20220828 15,1433.7950439453125
84_20220828 16,1428.281982421875
84_20220828 17,1429.340087890625
84_20220828 18,1379.879638671875
84_20220828 19,1388.4251708984375
84_20220828 20,1338.678466796875
84_20220828 21,1245.24267578125
84_20220828 22,1094.2357177734375
84_20220828 23,1009.0906982421875
84_20220829 00,993.8492431640625
84_20220829 01,954.1334228515625
84_20220829 02,905.3606567382812
84_20220829 03,876.0430908203125
84_20220829 04,835.2518310546875
84_20220829 05,858.6639404296875
84_20220829 06,951.9068603515625
84_20220829 07,1292.868408203125
84_20220829 08,2074.001220703125
84_20220829 09,2424.161865234375
84_20220829 10,2650.661376953125
84_20220829 11,2670.306396484375
84_20220829 12,2767.865478515625
84_20220829 13,2692.705078125
84_20220829 14,2596.83154296875
84_20220829 15,2526.59814453125
84_20220829 16,2399.6162109375
84_20220829 17,2303.05517578125
84_20220829 18,2094.267578125
84_20220829 19,1687.0316162109375
84_20220829 20,1563.382568359375
84_20220829 21,1338.5819091796875
84_20220829 22,1184.019775390625
84_20220829 23,1089.09814453125
84_20220830 00,986.7132568359375
84_20220830 01,950.3798828125
84_20220830 02,905.6702880859375
84_20220830 03,882.4108276367188
84_20220830 04,842.1328125
84_20220830 05,856.7518310546875
84_20220830 06,957.1101684570312
84_20220830 07,1306.626708984375
84_20220830 08,1993.889404296875
84_20220830 09,2376.987060546875
84_20220830 10,2556.71435546875
84_20220830 11,2609.557373046875
84_20220830 12,2732.939208984375
84_20220830 13,2674.682861328125
84_20220830 14,2570.069580078125
84_20220830 15,2490.696044921875
84_20220830 16,2435.27734375
84_20220830 17,2345.92529296875
84_20220830 18,2130.231201171875
84_20220830 19,1743.9244384765625
84_20220830 20,1604.083984375
84_20220830 21,1358.9451904296875
84_20220830 22,1193.7958984375
84_20220830 23,1094.803466796875
84_20220831 00,996.3577880859375
84_20220831 01,954.36474609375
84_20220831 02,908.1209106445312
84_20220831 03,876.58447265625
84_20220831 04,830.5814208984375
84_20220831 05,845.9348754882812
84_20220831 06,947.4200439453125
84_20220831 07,1303.259521484375
84_20220831 08,2002.0875244140625
84_20220831 09,2309.927734375
84_20220831 10,2560.40185546875
84_20220831 11,2600.657958984375
84_20220831 12,2694.986572265625
84_20220831 13,2684.814208984375
84_20220831 14,2578.74072265625
84_20220831 15,2510.491455078125
84_20220831 16,2434.309326171875
84_20220831 17,2324.49609375
84_20220831 18,2135.37890625
84_20220831 19,1755.5101318359375
84_20220831 20,1584.927001953125
84_20220831 21,1351.092041015625
84_20220831 22,1184.1568603515625
84_20220831 23,1102.97021484375
85_20220825 00,1682.9605712890625
85_20220825 01,1652.986572265625
85_20220825 02,1650.28515625
85_20220825 03,1656.0462646484375
85_20220825 04,1692.3814697265625
85_20220825 05,1693.6995849609375
85_20220825 06,1804.7113037109375
85_20220825 07,2230.837646484375
85_20220825 08,2523.82080078125
85_20220825 09,2575.436767578125
85_20220825 10,2598.247314453125
85_20220825 11,2641.96337890625
85_20220825 12,2690.784423828125
85_20220825 13,2697.827880859375
85_20220825 14,2674.149169921875
85_20220825 15,2581.686767578125
85_20220825 16,2555.22998046875
85_20220825 17,2478.9208984375
85_20220825 18,2351.274658203125
85_20220825 19,2274.30078125
85_20220825 20,2196.6708984375
85_20220825 21,2057.9521484375
85_20220825 22,1868.73046875
85_20220825 23,1728.754150390625
85_20220826 00,1653.3111572265625
85_20220826 01,1641.592529296875
85_20220826 02,1638.882568359375
85_20220826 03,1643.297607421875
85_20220826 04,1668.004638671875
85_20220826 05,1672.068359375
85_20220826 06,1775.0208740234375
85_20220826 07,2198.331787109375
85_20220826 08,2484.45654296875
85_20220826 09,2540.60009765625
85_20220826 10,2591.85791015625
85_20220826 11,2668.228515625
85_20220826 12,2734.11669921875
85_20220826 13,2728.839599609375
85_20220826 14,2690.42919921875
85_20220826 15,2675.894775390625
85_20220826 16,2640.6171875
85_20220826 17,2526.921142578125
85_20220826 18,2395.492919921875
85_20220826 19,2303.203369140625
85_20220826 20,2263.260986328125
85_20220826 21,2114.407470703125
85_20220826 22,1904.2086181640625
85_20220826 23,1786.022705078125
85_20220827 00,1691.9058837890625
85_20220827 01,1677.5670166015625
85_20220827 02,1660.8658447265625
85_20220827 03,1664.6754150390625
85_20220827 04,1674.5367431640625
85_20220827 05,1681.0263671875
85_20220827 06,1768.584228515625
85_20220827 07,2141.45263671875
85_20220827 08,2340.97021484375
85_20220827 09,2392.35693359375
85_20220827 10,2395.23583984375
85_20220827 11,2491.15966796875
85_20220827 12,2563.123779296875
85_20220827 13,2564.99755859375
85_20220827 14,2540.3505859375
85_20220827 15,2541.692138671875
85_20220827 16,2486.41162109375
85_20220827 17,2400.97607421875
85_20220827 18,2309.55224609375
85_20220827 19,2231.97265625
85_20220827 20,2164.97802734375
85_20220827 21,2036.3775634765625
85_20220827 22,1859.8857421875
85_20220827 23,1730.586181640625
85_20220828 00,1634.9654541015625
85_20220828 01,1614.9803466796875
85_20220828 02,1616.955322265625
85_20220828 03,1618.1478271484375
85_20220828 04,1639.0504150390625
85_20220828 05,1648.830810546875
85_20220828 06,1727.606689453125
85_20220828 07,2054.512939453125
85_20220828 08,2287.2080078125
85_20220828 09,2369.59130859375
85_20220828 10,2409.108154296875
85_20220828 11,2485.285888671875
85_20220828 12,2599.93359375
85_20220828 13,2606.43115234375
85_20220828 14,2576.423583984375
85_20220828 15,2551.31982421875
85_20220828 16,2547.622802734375
85_20220828 17,2474.4775390625
85_20220828 18,2363.10302734375
85_20220828 19,2299.74853515625
85_20220828 20,2234.317626953125
85_20220828 21,2075.218017578125
85_20220828 22,1868.200439453125
85_20220828 23,1752.428955078125
85_20220829 00,1649.741943359375
85_20220829 01,1645.2750244140625
85_20220829 02,1648.0599365234375
85_20220829 03,1649.7320556640625
85_20220829 04,1659.625244140625
85_20220829 05,1662.1875
85_20220829 06,1765.926513671875
85_20220829 07,2154.70166015625
85_20220829 08,2452.21826171875
85_20220829 09,2506.620849609375
85_20220829 10,2530.84814453125
85_20220829 11,2536.327880859375
85_20220829 12,2615.583984375
85_20220829 13,2612.010986328125
85_20220829 14,2544.655517578125
85_20220829 15,2499.6171875
85_20220829 16,2440.96826171875
85_20220829 17,2361.685546875
85_20220829 18,2230.290283203125
85_20220829 19,2172.06005859375
85_20220829 20,2095.0361328125
85_20220829 21,1978.71875
85_20220829 22,1821.1195068359375
85_20220829 23,1714.6849365234375
85_20220830 00,1624.364501953125
85_20220830 01,1621.472412109375
85_20220830 02,1617.86962890625
85_20220830 03,1631.8843994140625
85_20220830 04,1648.951171875
85_20220830 05,1651.2340087890625
85_20220830 06,1748.099609375
85_20220830 07,2116.572509765625
85_20220830 08,2391.885498046875
85_20220830 09,2445.705078125
85_20220830 10,2475.04248046875
85_20220830 11,2506.61865234375
85_20220830 12,2593.439453125
85_20220830 13,2589.692626953125
85_20220830 14,2545.05859375
85_20220830 15,2488.889404296875
85_20220830 16,2454.82275390625
85_20220830 17,2346.798828125
85_20220830 18,2236.53076171875
85_20220830 19,2185.71826171875
85_20220830 20,2131.660888671875
85_20220830 21,2010.783203125
85_20220830 22,1847.79296875
85_20220830 23,1725.085205078125
85_20220831 00,1652.185546875
85_20220831 01,1643.846435546875
85_20220831 02,1634.1083984375
85_20220831 03,1640.375
85_20220831 04,1669.26171875
85_20220831 05,1674.716796875
85_20220831 06,1766.5074462890625
85_20220831 07,2144.86865234375
85_20220831 08,2382.841064453125
85_20220831 09,2442.598876953125
85_20220831 10,2459.236572265625
85_20220831 11,2519.360107421875
85_20220831 12,2628.282470703125
85_20220831 13,2625.41455078125
85_20220831 14,2570.621826171875
85_20220831 15,2538.46337890625
85_20220831 16,2488.260498046875
85_20220831 17,2424.55078125
85_20220831 18,2287.493408203125
85_20220831 19,2217.41162109375
85_20220831 20,2159.819580078125
85_20220831 21,2027.5289306640625
85_20220831 22,1849.6448974609375
85_20220831 23,1742.145751953125
86_20220825 00,574.8819580078125
86_20220825 01,546.1093139648438
86_20220825 02,536.5975952148438
86_20220825 03,551.627685546875
86_20220825 04,553.5896606445312
86_20220825 05,555.9610595703125
86_20220825 06,639.5615234375
86_20220825 07,878.5739135742188
86_20220825 08,1162.1978759765625
86_20220825 09,1392.865966796875
86_20220825 10,1587.983154296875
86_20220825 11,1601.4891357421875
86_20220825 12,1597.350341796875
86_20220825 13,1586.488037109375
86_20220825 14,1571.62744140625
86_20220825 15,1574.781005859375
86_20220825 16,1534.052490234375
86_20220825 17,1530.075439453125
86_20220825 18,1517.2705078125
86_20220825 19,1495.946044921875
86_20220825 20,1405.35693359375
86_20220825 21,1258.8756103515625
86_20220825 22,1105.332275390625
86_20220825 23,793.5389404296875
86_20220826 00,561.2567138671875
86_20220826 01,537.2659912109375
86_20220826 02,530.3970336914062
86_20220826 03,544.1744384765625
86_20220826 04,542.2061767578125
86_20220826 05,549.0347900390625
86_20220826 06,622.8382568359375
86_20220826 07,854.1676635742188
86_20220826 08,1153.2001953125
86_20220826 09,1361.3206787109375
86_20220826 10,1552.1832275390625
86_20220826 11,1565.9058837890625
86_20220826 12,1558.145263671875
86_20220826 13,1556.998779296875
86_20220826 14,1555.6629638671875
86_20220826 15,1560.9879150390625
86_20220826 16,1544.018310546875
86_20220826 17,1528.7359619140625
86_20220826 18,1502.135009765625
86_20220826 19,1466.2161865234375
86_20220826 20,1405.4652099609375
86_20220826 21,1267.349365234375
86_20220826 22,1106.6419677734375
86_20220826 23,801.0195922851562
86_20220827 00,558.4282836914062
86_20220827 01,534.8526611328125
86_20220827 02,526.2069091796875
86_20220827 03,544.5758056640625
86_20220827 04,545.2159423828125
86_20220827 05,545.01416015625
86_20220827 06,620.8453369140625
86_20220827 07,879.3966674804688
86_20220827 08,1144.986083984375
86_20220827 09,1363.0250244140625
86_20220827 10,1554.232177734375
86_20220827 11,1596.4365234375
86_20220827 12,1597.273681640625
86_20220827 13,1593.909912109375
86_20220827 14,1591.9293212890625
86_20220827 15,1593.4215087890625
86_20220827 16,1560.9205322265625
86_20220827 17,1545.0689697265625
86_20220827 18,1515.63427734375
86_20220827 19,1471.05810546875
86_20220827 20,1394.38818359375
86_20220827 21,1256.582763671875
86_20220827 22,1090.4764404296875
86_20220827 23,779.2595825195312
86_20220828 00,524.6254272460938
86_20220828 01,488.586669921875
86_20220828 02,491.71795654296875
86_20220828 03,493.66876220703125
86_20220828 04,495.37872314453125
86_20220828 05,494.01953125
86_20220828 06,519.5098876953125
86_20220828 07,625.6673583984375
86_20220828 08,640.83544921875
86_20220828 09,791.5990600585938
86_20220828 10,878.3126220703125
86_20220828 11,735.4029541015625
86_20220828 12,779.7464599609375
86_20220828 13,793.7955322265625
86_20220828 14,780.0311279296875
86_20220828 15,813.677734375
86_20220828 16,807.766357421875
86_20220828 17,788.5332641601562
86_20220828 18,752.6851806640625
86_20220828 19,735.8997802734375
86_20220828 20,697.6490478515625
86_20220828 21,660.923583984375
86_20220828 22,598.3220825195312
86_20220828 23,611.346923828125
86_20220829 00,541.818115234375
86_20220829 01,530.6300048828125
86_20220829 02,518.9774169921875
86_20220829 03,528.1874389648438
86_20220829 04,525.70556640625
86_20220829 05,539.1998291015625
86_20220829 06,620.5199584960938
86_20220829 07,869.2193603515625
86_20220829 08,1147.294189453125
86_20220829 09,1353.890625
86_20220829 10,1544.368408203125
86_20220829 11,1564.14892578125
86_20220829 12,1560.2669677734375
86_20220829 13,1547.6448974609375
86_20220829 14,1531.5982666015625
86_20220829 15,1547.279296875
86_20220829 16,1503.4820556640625
86_20220829 17,1491.869140625
86_20220829 18,1482.10546875
86_20220829 19,1450.5450439453125
86_20220829 20,1379.9442138671875
86_20220829 21,1229.741943359375
86_20220829 22,1076.848876953125
86_20220829 23,786.4251098632812
86_20220830 00,549.1002197265625
86_20220830 01,522.5203857421875
86_20220830 02,514.9949951171875
86_20220830 03,526.3043212890625
86_20220830 04,526.8724365234375
86_20220830 05,533.0224609375
86_20220830 06,608.4000854492188
86_20220830 07,857.6648559570312
86_20220830 08,1125.8109130859375
86_20220830 09,1342.0416259765625
86_20220830 10,1524.1851806640625
86_20220830 11,1532.8111572265625
86_20220830 12,1531.246826171875
86_20220830 13,1520.1724853515625
86_20220830 14,1510.845458984375
86_20220830 15,1521.4366455078125
86_20220830 16,1492.7197265625
86_20220830 17,1488.423095703125
86_20220830 18,1474.63427734375
86_20220830 19,1438.093017578125
86_20220830 20,1363.000244140625
86_20220830 21,1240.138916015625
86_20220830 22,1086.476806640625
86_20220830 23,781.885986328125
86_20220831 00,542.0858154296875
86_20220831 01,522.220703125
86_20220831 02,515.7880859375
86_20220831 03,528.0678100585938
86_20220831 04,530.1588745117188
86_20220831 05,536.1712646484375
86_20220831 06,601.292724609375
86_20220831 07,846.9840087890625
86_20220831 08,1115.317626953125
86_20220831 09,1310.907958984375
86_20220831 10,1498.021484375
86_20220831 11,1517.765625
86_20220831 12,1513.1295166015625
86_20220831 13,1487.680419921875
86_20220831 14,1489.560546875
86_20220831 15,1505.906005859375
86_20220831 16,1472.041015625
86_20220831 17,1454.0904541015625
86_20220831 18,1448.178466796875
86_20220831 19,1409.302734375
86_20220831 20,1360.3043212890625
86_20220831 21,1221.229248046875
86_20220831 22,1078.6304931640625
86_20220831 23,765.0022583007812
87_20220825 00,737.6574096679688
87_20220825 01,679.9557495117188
87_20220825 02,654.8978881835938
87_20220825 03,604.6909790039062
87_20220825 04,640.1482543945312
87_20220825 05,763.1319580078125
87_20220825 06,918.5994873046875
87_20220825 07,1092.594970703125
87_20220825 08,1637.297607421875
87_20220825 09,1874.778076171875
87_20220825 10,1843.4468994140625
87_20220825 11,1854.589599609375
87_20220825 12,1846.6448974609375
87_20220825 13,1856.900390625
87_20220825 14,1842.2132568359375
87_20220825 15,1788.1939697265625
87_20220825 16,1781.1734619140625
87_20220825 17,1745.5306396484375
87_20220825 18,1753.234375
87_20220825 19,1627.7349853515625
87_20220825 20,1433.574951171875
87_20220825 21,1121.4166259765625
87_20220825 22,879.9241333007812
87_20220825 23,814.5108032226562
87_20220826 00,754.3064575195312
87_20220826 01,670.4598388671875
87_20220826 02,641.36083984375
87_20220826 03,588.36328125
87_20220826 04,628.08642578125
87_20220826 05,753.3200073242188
87_20220826 06,917.2962646484375
87_20220826 07,1122.37060546875
87_20220826 08,1618.728271484375
87_20220826 09,1895.3326416015625
87_20220826 10,1908.2330322265625
87_20220826 11,1910.2467041015625
87_20220826 12,1880.3883056640625
87_20220826 13,1858.4124755859375
87_20220826 14,1868.2818603515625
87_20220826 15,1860.9375
87_20220826 16,1867.6806640625
87_20220826 17,1810.3372802734375
87_20220826 18,1815.993408203125
87_20220826 19,1704.765869140625
87_20220826 20,1526.894775390625
87_20220826 21,1169.95361328125
87_20220826 22,878.4957275390625
87_20220826 23,823.45703125
87_20220827 00,765.7857666015625
87_20220827 01,674.9966430664062
87_20220827 02,644.4479370117188
87_20220827 03,592.39208984375
87_20220827 04,625.2882080078125
87_20220827 05,742.3431396484375
87_20220827 06,894.1550903320312
87_20220827 07,1084.552001953125
87_20220827 08,1575.4642333984375
87_20220827 09,1832.962890625
87_20220827 10,1845.44921875
87_20220827 11,1850.928466796875
87_20220827 12,1838.1507568359375
87_20220827 13,1848.7164306640625
87_20220827 14,1860.6455078125
87_20220827 15,1831.089599609375
87_20220827 16,1826.8638916015625
87_20220827 17,1799.350830078125
87_20220827 18,1785.2017822265625
87_20220827 19,1636.559326171875
87_20220827 20,1467.707763671875
87_20220827 21,1140.809326171875
87_20220827 22,874.6565551757812
87_20220827 23,782.4247436523438
87_20220828 00,578.1936645507812
87_20220828 01,555.4742431640625
87_20220828 02,549.21142578125
87_20220828 03,523.4398803710938
87_20220828 04,563.485107421875
87_20220828 05,671.8311157226562
87_20220828 06,710.7755737304688
87_20220828 07,847.1355590820312
87_20220828 08,822.5843505859375
87_20220828 09,893.8401489257812
87_20220828 10,908.8870849609375
87_20220828 11,997.2611083984375
87_20220828 12,994.16552734375
87_20220828 13,996.5173950195312
87_20220828 14,1010.3557739257812
87_20220828 15,975.4386596679688
87_20220828 16,987.7359619140625
87_20220828 17,864.6867065429688
87_20220828 18,877.0003051757812
87_20220828 19,902.2431640625
87_20220828 20,888.2130126953125
87_20220828 21,862.8636474609375
87_20220828 22,819.8899536132812
87_20220828 23,672.2537841796875
87_20220829 00,719.1680908203125
87_20220829 01,662.7702026367188
87_20220829 02,637.15380859375
87_20220829 03,590.06396484375
87_20220829 04,627.3466186523438
87_20220829 05,756.1447143554688
87_20220829 06,912.8977661132812
87_20220829 07,1087.3621826171875
87_20220829 08,1571.3193359375
87_20220829 09,1818.422607421875
87_20220829 10,1827.4254150390625
87_20220829 11,1809.48046875
87_20220829 12,1799.811279296875
87_20220829 13,1795.4547119140625
87_20220829 14,1788.7613525390625
87_20220829 15,1766.321044921875
87_20220829 16,1749.3818359375
87_20220829 17,1706.4378662109375
87_20220829 18,1706.3648681640625
87_20220829 19,1610.3096923828125
87_20220829 20,1394.8746337890625
87_20220829 21,1074.615478515625
87_20220829 22,845.4862060546875
87_20220829 23,791.8792114257812
87_20220830 00,693.165771484375
87_20220830 01,640.787841796875
87_20220830 02,611.9627685546875
87_20220830 03,569.8299560546875
87_20220830 04,594.4405517578125
87_20220830 05,716.5489501953125
87_20220830 06,866.6209106445312
87_20220830 07,1078.3900146484375
87_20220830 08,1607.356201171875
87_20220830 09,1810.038818359375
87_20220830 10,1810.796630859375
87_20220830 11,1769.885498046875
87_20220830 12,1776.6923828125
87_20220830 13,1756.2454833984375
87_20220830 14,1771.1920166015625
87_20220830 15,1739.1607666015625
87_20220830 16,1737.122802734375
87_20220830 17,1709.2056884765625
87_20220830 18,1712.1812744140625
87_20220830 19,1609.682373046875
87_20220830 20,1420.7393798828125
87_20220830 21,1084.476806640625
87_20220830 22,845.2556762695312
87_20220830 23,802.37841796875
87_20220831 00,746.4493408203125
87_20220831 01,670.38671875
87_20220831 02,636.7384643554688
87_20220831 03,585.5628051757812
87_20220831 04,613.5648193359375
87_20220831 05,744.4483642578125
87_20220831 06,914.3385620117188
87_20220831 07,1101.148193359375
87_20220831 08,1582.7109375
87_20220831 09,1788.9183349609375
87_20220831 10,1804.912109375
87_20220831 11,1787.6705322265625
87_20220831 12,1775.653076171875
87_20220831 13,1785.6474609375
87_20220831 14,1793.907470703125
87_20220831 15,1781.936279296875
87_20220831 16,1766.1234130859375
87_20220831 17,1741.906005859375
87_20220831 18,1725.27734375
87_20220831 19,1649.9052734375
87_20220831 20,1450.6226806640625
87_20220831 21,1144.3431396484375
87_20220831 22,863.5895385742188
87_20220831 23,799.7451171875
88_20220825 00,480.705322265625
88_20220825 01,445.32000732421875
88_20220825 02,436.63275146484375
88_20220825 03,438.2940368652344
88_20220825 04,444.1940002441406
88_20220825 05,441.40472412109375
88_20220825 06,503.1954040527344
88_20220825 07,590.3069458007812
88_20220825 08,1080.6923828125
88_20220825 09,1533.507568359375
88_20220825 10,1733.09765625
88_20220825 11,1777.0765380859375
88_20220825 12,1791.117431640625
88_20220825 13,1727.5855712890625
88_20220825 14,1732.289794921875
88_20220825 15,1727.3013916015625
88_20220825 16,1730.694091796875
88_20220825 17,1702.6038818359375
88_20220825 18,1675.956787109375
88_20220825 19,1661.7060546875
88_20220825 20,1600.7845458984375
88_20220825 21,1434.3035888671875
88_20220825 22,1097.8218994140625
88_20220825 23,665.422119140625
88_20220826 00,474.59234619140625
88_20220826 01,439.5048828125
88_20220826 02,432.27197265625
88_20220826 03,441.68878173828125
88_20220826 04,445.45220947265625
88_20220826 05,438.95709228515625
88_20220826 06,503.3492736816406
88_20220826 07,591.4097290039062
88_20220826 08,1081.262451171875
88_20220826 09,1547.60986328125
88_20220826 10,1751.708251953125
88_20220826 11,1796.751953125
88_20220826 12,1806.0859375
88_20220826 13,1795.7593994140625
88_20220826 14,1785.4013671875
88_20220826 15,1764.9652099609375
88_20220826 16,1760.034912109375
88_20220826 17,1740.1041259765625
88_20220826 18,1723.11328125
88_20220826 19,1708.8441162109375
88_20220826 20,1636.718994140625
88_20220826 21,1508.7501220703125
88_20220826 22,1157.358642578125
88_20220826 23,688.7227783203125
88_20220827 00,482.0154724121094
88_20220827 01,453.8282775878906
88_20220827 02,443.43194580078125
88_20220827 03,422.2510681152344
88_20220827 04,426.32562255859375
88_20220827 05,423.27392578125
88_20220827 06,478.0957946777344
88_20220827 07,562.5230712890625
88_20220827 08,994.8372802734375
88_20220827 09,1462.8013916015625
88_20220827 10,1689.0218505859375
88_20220827 11,1760.7593994140625
88_20220827 12,1777.5550537109375
88_20220827 13,1765.294921875
88_20220827 14,1764.509765625
88_20220827 15,1734.00390625
88_20220827 16,1735.130126953125
88_20220827 17,1714.486328125
88_20220827 18,1699.3912353515625
88_20220827 19,1672.1236572265625
88_20220827 20,1593.3436279296875
88_20220827 21,1432.8155517578125
88_20220827 22,1085.245849609375
88_20220827 23,640.9476928710938
88_20220828 00,431.99945068359375
88_20220828 01,403.6634216308594
88_20220828 02,393.705078125
88_20220828 03,395.1228942871094
88_20220828 04,393.0813903808594
88_20220828 05,390.0819396972656
88_20220828 06,416.33251953125
88_20220828 07,428.9911193847656
88_20220828 08,511.543212890625
88_20220828 09,529.1815185546875
88_20220828 10,619.0795288085938
88_20220828 11,707.3224487304688
88_20220828 12,609.2723999023438
88_20220828 13,667.6095581054688
88_20220828 14,554.49267578125
88_20220828 15,564.2198486328125
88_20220828 16,573.887939453125
88_20220828 17,525.9348754882812
88_20220828 18,530.8499145507812
88_20220828 19,538.6065063476562
88_20220828 20,533.6402587890625
88_20220828 21,496.1202087402344
88_20220828 22,540.335693359375
88_20220828 23,445.37237548828125
88_20220829 00,458.44158935546875
88_20220829 01,429.25555419921875
88_20220829 02,422.5711364746094
88_20220829 03,433.93768310546875
88_20220829 04,426.8173828125
88_20220829 05,423.1849060058594
88_20220829 06,487.024169921875
88_20220829 07,563.6168212890625
88_20220829 08,1011.9346923828125
88_20220829 09,1472.5821533203125
88_20220829 10,1670.153564453125
88_20220829 11,1699.1478271484375
88_20220829 12,1700.521240234375
88_20220829 13,1690.684326171875
88_20220829 14,1700.193115234375
88_20220829 15,1682.519287109375
88_20220829 16,1672.474365234375
88_20220829 17,1658.795654296875
88_20220829 18,1643.3070068359375
88_20220829 19,1621.456787109375
88_20220829 20,1555.054443359375
88_20220829 21,1389.25439453125
88_20220829 22,1093.2039794921875
88_20220829 23,647.70849609375
88_20220830 00,456.0303649902344
88_20220830 01,426.89910888671875
88_20220830 02,420.37347412109375
88_20220830 03,426.92340087890625
88_20220830 04,428.67620849609375
88_20220830 05,423.8868713378906
88_20220830 06,484.40325927734375
88_20220830 07,561.8003540039062
88_20220830 08,1011.38037109375
88_20220830 09,1451.524169921875
88_20220830 10,1636.623291015625
88_20220830 11,1662.2613525390625
88_20220830 12,1675.137939453125
88_20220830 13,1660.6021728515625
88_20220830 14,1663.0504150390625
88_20220830 15,1640.3590087890625
88_20220830 16,1640.8382568359375
88_20220830 17,1611.527099609375
88_20220830 18,1594.7916259765625
88_20220830 19,1590.359375
88_20220830 20,1533.559814453125
88_20220830 21,1368.01953125
88_20220830 22,1067.9095458984375
88_20220830 23,646.5397338867188
88_20220831 00,457.5599670410156
88_20220831 01,424.06427001953125
88_20220831 02,420.39508056640625
88_20220831 03,420.2610778808594
88_20220831 04,421.567138671875
88_20220831 05,417.595947265625
88_20220831 06,477.9383239746094
88_20220831 07,554.0946655273438
88_20220831 08,998.3914794921875
88_20220831 09,1447.634033203125
88_20220831 10,1643.2945556640625
88_20220831 11,1712.177001953125
88_20220831 12,1719.5068359375
88_20220831 13,1706.359375
88_20220831 14,1708.106689453125
88_20220831 15,1678.6396484375
88_20220831 16,1674.510009765625
88_20220831 17,1656.801025390625
88_20220831 18,1646.259765625
88_20220831 19,1640.979736328125
88_20220831 20,1559.005859375
88_20220831 21,1405.256103515625
88_20220831 22,1103.3690185546875
88_20220831 23,656.8809814453125
89_20220825 00,572.800537109375
89_20220825 01,493.9515075683594
89_20220825 02,487.3211364746094
89_20220825 03,485.47198486328125
89_20220825 04,482.0166015625
89_20220825 05,502.6031188964844
89_20220825 06,620.2789306640625
89_20220825 07,811.8028564453125
89_20220825 08,1004.6806640625
89_20220825 09,1574.7279052734375
89_20220825 10,2149.080078125
89_20220825 11,2172.21044921875
89_20220825 12,2202.502197265625
89_20220825 13,2153.94287109375
89_20220825 14,2145.544921875
89_20220825 15,2153.09716796875
89_20220825 16,2130.1328125
89_20220825 17,2114.65576171875
89_20220825 18,2087.808837890625
89_20220825 19,2065.856201171875
89_20220825 20,1964.7584228515625
89_20220825 21,1714.1295166015625
89_20220825 22,1155.030029296875
89_20220825 23,878.8380126953125
89_20220826 00,581.4854736328125
89_20220826 01,506.5599060058594
89_20220826 02,497.353759765625
89_20220826 03,501.6451721191406
89_20220826 04,494.14630126953125
89_20220826 05,505.4820861816406
89_20220826 06,610.93896484375
89_20220826 07,817.0313110351562
89_20220826 08,995.9180908203125
89_20220826 09,1596.4449462890625
89_20220826 10,2196.728515625
89_20220826 11,2239.085205078125
89_20220826 12,2248.21875
89_20220826 13,2277.078125
89_20220826 14,2255.575927734375
89_20220826 15,2229.221435546875
89_20220826 16,2212.905517578125
89_20220826 17,2199.24365234375
89_20220826 18,2164.098388671875
89_20220826 19,2141.90673828125
89_20220826 20,2062.177978515625
89_20220826 21,1769.965087890625
89_20220826 22,1183.04296875
89_20220826 23,900.6095581054688
89_20220827 00,579.4375
89_20220827 01,507.00506591796875
89_20220827 02,496.02532958984375
89_20220827 03,474.86102294921875
89_20220827 04,471.61505126953125
89_20220827 05,492.4920349121094
89_20220827 06,584.08251953125
89_20220827 07,790.0719604492188
89_20220827 08,967.0618896484375
89_20220827 09,1544.948974609375
89_20220827 10,2068.96923828125
89_20220827 11,2084.150634765625
89_20220827 12,2111.796142578125
89_20220827 13,2138.119140625
89_20220827 14,2148.40771484375
89_20220827 15,2142.674560546875
89_20220827 16,2138.047607421875
89_20220827 17,2105.20556640625
89_20220827 18,2083.867431640625
89_20220827 19,2037.465576171875
89_20220827 20,1950.094482421875
89_20220827 21,1704.2861328125
89_20220827 22,1139.431884765625
89_20220827 23,874.423828125
89_20220828 00,582.6744995117188
89_20220828 01,485.58038330078125
89_20220828 02,470.6024475097656
89_20220828 03,460.93414306640625
89_20220828 04,452.698974609375
89_20220828 05,453.9781188964844
89_20220828 06,464.55999755859375
89_20220828 07,509.15838623046875
89_20220828 08,558.9639892578125
89_20220828 09,598.7039794921875
89_20220828 10,754.5518798828125
89_20220828 11,649.201904296875
89_20220828 12,618.4085083007812
89_20220828 13,654.5636596679688
89_20220828 14,654.0574951171875
89_20220828 15,684.0119018554688
89_20220828 16,655.1749267578125
89_20220828 17,589.8844604492188
89_20220828 18,554.166015625
89_20220828 19,509.8896484375
89_20220828 20,488.4866638183594
89_20220828 21,523.7259521484375
89_20220828 22,535.8754272460938
89_20220828 23,524.8880615234375
89_20220829 00,548.3899536132812
89_20220829 01,490.1796875
89_20220829 02,479.2281188964844
89_20220829 03,484.1973571777344
89_20220829 04,472.51617431640625
89_20220829 05,492.6673889160156
89_20220829 06,603.4583740234375
89_20220829 07,802.3140869140625
89_20220829 08,971.2258911132812
89_20220829 09,1546.5902099609375
89_20220829 10,2065.97607421875
89_20220829 11,2071.450439453125
89_20220829 12,2073.44775390625
89_20220829 13,2084.590576171875
89_20220829 14,2087.374267578125
89_20220829 15,2062.124267578125
89_20220829 16,2041.6116943359375
89_20220829 17,2036.66015625
89_20220829 18,1993.328125
89_20220829 19,1969.7952880859375
89_20220829 20,1901.66015625
89_20220829 21,1668.491455078125
89_20220829 22,1102.802001953125
89_20220829 23,873.4485473632812
89_20220830 00,550.10205078125
89_20220830 01,487.3824768066406
89_20220830 02,487.1376953125
89_20220830 03,489.58660888671875
89_20220830 04,481.75543212890625
89_20220830 05,496.54412841796875
89_20220830 06,600.678955078125
89_20220830 07,802.2152099609375
89_20220830 08,971.6984252929688
89_20220830 09,1554.73681640625
89_20220830 10,2036.6207275390625
89_20220830 11,2037.9039306640625
89_20220830 12,2037.4759521484375
89_20220830 13,2047.8157958984375
89_20220830 14,2040.9866943359375
89_20220830 15,2032.068603515625
89_20220830 16,2019.7320556640625
89_20220830 17,1995.5755615234375
89_20220830 18,1987.919189453125
89_20220830 19,1973.250732421875
89_20220830 20,1877.0657958984375
89_20220830 21,1643.388427734375
89_20220830 22,1115.0499267578125
89_20220830 23,869.1779174804688
89_20220831 00,553.2371826171875
89_20220831 01,482.4462890625
89_20220831 02,473.736328125
89_20220831 03,470.27783203125
89_20220831 04,463.6292419433594
89_20220831 05,480.68572998046875
89_20220831 06,580.7410888671875
89_20220831 07,782.2321166992188
89_20220831 08,948.4636840820312
89_20220831 09,1503.137451171875
89_20220831 10,2047.841064453125
89_20220831 11,2071.69287109375
89_20220831 12,2089.96630859375
89_20220831 13,2108.360107421875
89_20220831 14,2105.072265625
89_20220831 15,2061.657470703125
89_20220831 16,2056.505126953125
89_20220831 17,2066.0849609375
89_20220831 18,2029.785400390625
89_20220831 19,2027.335205078125
89_20220831 20,1923.472412109375
89_20220831 21,1692.6868896484375
89_20220831 22,1149.89990234375
89_20220831 23,881.8162231445312
90_20220825 00,463.209716796875
90_20220825 01,438.7132873535156
90_20220825 02,428.9501953125
90_20220825 03,431.7206115722656
90_20220825 04,446.7373962402344
90_20220825 05,448.08770751953125
90_20220825 06,508.55438232421875
90_20220825 07,696.8495483398438
90_20220825 08,1269.997802734375
90_20220825 09,1825.4410400390625
90_20220825 10,2085.434814453125
90_20220825 11,2190.266845703125
90_20220825 12,2232.241455078125
90_20220825 13,2269.18896484375
90_20220825 14,2279.670654296875
90_20220825 15,2263.802490234375
90_20220825 16,2222.50537109375
90_20220825 17,2183.908935546875
90_20220825 18,2091.3359375
90_20220825 19,2010.8782958984375
90_20220825 20,1938.9534912109375
90_20220825 21,1546.422119140625
90_20220825 22,1115.033447265625
90_20220825 23,810.5818481445312
90_20220826 00,479.1419372558594
90_20220826 01,429.7290954589844
90_20220826 02,417.66131591796875
90_20220826 03,417.4203186035156
90_20220826 04,432.2171936035156
90_20220826 05,446.82513427734375
90_20220826 06,493.3787536621094
90_20220826 07,688.45458984375
90_20220826 08,1281.697021484375
90_20220826 09,1876.323486328125
90_20220826 10,2200.56640625
90_20220826 11,2273.48193359375
90_20220826 12,2300.799560546875
90_20220826 13,2340.56591796875
90_20220826 14,2345.28369140625
90_20220826 15,2348.934326171875
90_20220826 16,2320.41162109375
90_20220826 17,2289.103515625
90_20220826 18,2179.575927734375
90_20220826 19,2107.96728515625
90_20220826 20,2000.6865234375
90_20220826 21,1546.241455078125
90_20220826 22,1110.26904296875
90_20220826 23,770.86376953125
90_20220827 00,474.40362548828125
90_20220827 01,440.876220703125
90_20220827 02,443.2618103027344
90_20220827 03,433.88092041015625
90_20220827 04,449.7808532714844
90_20220827 05,455.5585021972656
90_20220827 06,503.11083984375
90_20220827 07,691.7039184570312
90_20220827 08,1277.6201171875
90_20220827 09,1847.301513671875
90_20220827 10,2148.308837890625
90_20220827 11,2209.2314453125
90_20220827 12,2249.8369140625
90_20220827 13,2291.84375
90_20220827 14,2337.822509765625
90_20220827 15,2339.461669921875
90_20220827 16,2318.337890625
90_20220827 17,2248.95849609375
90_20220827 18,2159.054931640625
90_20220827 19,2036.116943359375
90_20220827 20,1890.1708984375
90_20220827 21,1517.54296875
90_20220827 22,1082.2952880859375
90_20220827 23,754.2359619140625
90_20220828 00,425.271728515625
90_20220828 01,390.15277099609375
90_20220828 02,393.2410583496094
90_20220828 03,384.0956115722656
90_20220828 04,395.4364318847656
90_20220828 05,394.98199462890625
90_20220828 06,417.71417236328125
90_20220828 07,471.5322265625
90_20220828 08,504.65887451171875
90_20220828 09,587.49365234375
90_20220828 10,507.435791015625
90_20220828 11,488.6932067871094
90_20220828 12,506.15399169921875
90_20220828 13,536.3526611328125
90_20220828 14,547.937744140625
90_20220828 15,541.3800659179688
90_20220828 16,522.5084228515625
90_20220828 17,501.47979736328125
90_20220828 18,498.75408935546875
90_20220828 19,463.56951904296875
90_20220828 20,462.07720947265625
90_20220828 21,478.19873046875
90_20220828 22,521.9910278320312
90_20220828 23,484.28369140625
90_20220829 00,437.1864318847656
90_20220829 01,407.47418212890625
90_20220829 02,411.32977294921875
90_20220829 03,405.52227783203125
90_20220829 04,420.08453369140625
90_20220829 05,427.8252868652344
90_20220829 06,461.6363830566406
90_20220829 07,659.5776977539062
90_20220829 08,1180.7525634765625
90_20220829 09,1675.6939697265625
90_20220829 10,1966.855224609375
90_20220829 11,2010.619873046875
90_20220829 12,2058.901611328125
90_20220829 13,2144.84912109375
90_20220829 14,2138.205322265625
90_20220829 15,2145.92724609375
90_20220829 16,2115.142578125
90_20220829 17,2090.892578125
90_20220829 18,2014.860107421875
90_20220829 19,1889.599853515625
90_20220829 20,1813.180908203125
90_20220829 21,1416.4266357421875
90_20220829 22,1020.4869995117188
90_20220829 23,750.935546875
90_20220830 00,452.8505859375
90_20220830 01,431.02520751953125
90_20220830 02,431.2525329589844
90_20220830 03,423.43426513671875
90_20220830 04,437.44451904296875
90_20220830 05,445.48114013671875
90_20220830 06,490.3106994628906
90_20220830 07,671.7680053710938
90_20220830 08,1219.36572265625
90_20220830 09,1756.522705078125
90_20220830 10,2009.6334228515625
90_20220830 11,2026.5677490234375
90_20220830 12,2047.6689453125
90_20220830 13,2091.960693359375
90_20220830 14,2087.440185546875
90_20220830 15,2084.15966796875
90_20220830 16,2050.755859375
90_20220830 17,2042.0394287109375
90_20220830 18,1973.8011474609375
90_20220830 19,1901.4293212890625
90_20220830 20,1803.959228515625
90_20220830 21,1395.9066162109375
90_20220830 22,991.0520629882812
90_20220830 23,746.3013916015625
90_20220831 00,459.70330810546875
90_20220831 01,427.86572265625
90_20220831 02,429.00335693359375
90_20220831 03,419.81683349609375
90_20220831 04,441.72052001953125
90_20220831 05,453.00872802734375
90_20220831 06,502.70025634765625
90_20220831 07,697.5521240234375
90_20220831 08,1270.9468994140625
90_20220831 09,1883.7191162109375
90_20220831 10,2146.362060546875
90_20220831 11,2172.532958984375
90_20220831 12,2185.97998046875
90_20220831 13,2193.773193359375
90_20220831 14,2241.494384765625
90_20220831 15,2217.846435546875
90_20220831 16,2196.193359375
90_20220831 17,2159.9873046875
90_20220831 18,2085.158447265625
90_20220831 19,1954.55859375
90_20220831 20,1879.635498046875
90_20220831 21,1418.8575439453125
90_20220831 22,1017.8919677734375
90_20220831 23,753.8436279296875
91_20220825 00,467.23968505859375
91_20220825 01,467.4981384277344
91_20220825 02,468.6728515625
91_20220825 03,466.6847229003906
91_20220825 04,464.64520263671875
91_20220825 05,456.71246337890625
91_20220825 06,475.4928283691406
91_20220825 07,604.5236206054688
91_20220825 08,710.4847412109375
91_20220825 09,1058.8408203125
91_20220825 10,1879.656494140625
91_20220825 11,2435.041748046875
91_20220825 12,2366.259521484375
91_20220825 13,2339.130859375
91_20220825 14,2285.115966796875
91_20220825 15,2260.64892578125
91_20220825 16,2252.19189453125
91_20220825 17,2174.90380859375
91_20220825 18,2152.01025390625
91_20220825 19,1957.8597412109375
91_20220825 20,1578.049560546875
91_20220825 21,1132.042724609375
91_20220825 22,797.4034423828125
91_20220825 23,471.35675048828125
91_20220826 00,420.43194580078125
91_20220826 01,413.84844970703125
91_20220826 02,413.85565185546875
91_20220826 03,433.35418701171875
91_20220826 04,418.92120361328125
91_20220826 05,427.1634216308594
91_20220826 06,453.6487731933594
91_20220826 07,578.48583984375
91_20220826 08,663.9413452148438
91_20220826 09,969.2012939453125
91_20220826 10,1781.3570556640625
91_20220826 11,2374.694091796875
91_20220826 12,2308.464599609375
91_20220826 13,2288.520751953125
91_20220826 14,2299.098876953125
91_20220826 15,2285.428955078125
91_20220826 16,2256.49267578125
91_20220826 17,2186.806640625
91_20220826 18,2181.01123046875
91_20220826 19,1993.869384765625
91_20220826 20,1627.9791259765625
91_20220826 21,1168.334228515625
91_20220826 22,825.6428833007812
91_20220826 23,507.1773986816406
91_20220827 00,443.9051818847656
91_20220827 01,444.32733154296875
91_20220827 02,448.14678955078125
91_20220827 03,447.0770568847656
91_20220827 04,448.2843322753906
91_20220827 05,449.1236877441406
91_20220827 06,478.16204833984375
91_20220827 07,594.0748901367188
91_20220827 08,688.091064453125
91_20220827 09,1023.3414306640625
91_20220827 10,1822.869873046875
91_20220827 11,2328.58251953125
91_20220827 12,2255.00244140625
91_20220827 13,2223.87939453125
91_20220827 14,2195.42578125
91_20220827 15,2207.29736328125
91_20220827 16,2187.868408203125
91_20220827 17,2116.292236328125
91_20220827 18,2059.820068359375
91_20220827 19,1915.4251708984375
91_20220827 20,1538.3385009765625
91_20220827 21,1106.1011962890625
91_20220827 22,776.9923706054688
91_20220827 23,461.54193115234375
91_20220828 00,406.63812255859375
91_20220828 01,404.3328857421875
91_20220828 02,392.2091369628906
91_20220828 03,396.5798645019531
91_20220828 04,392.6995849609375
91_20220828 05,401.7611389160156
91_20220828 06,415.06390380859375
91_20220828 07,478.26361083984375
91_20220828 08,550.0724487304688
91_20220828 09,648.2941284179688
91_20220828 10,1065.1700439453125
91_20220828 11,1687.8538818359375
91_20220828 12,1693.61328125
91_20220828 13,1707.0523681640625
91_20220828 14,1709.194091796875
91_20220828 15,1716.546630859375
91_20220828 16,1717.0394287109375
91_20220828 17,1654.966552734375
91_20220828 18,1659.002685546875
91_20220828 19,1591.9263916015625
91_20220828 20,1175.8885498046875
91_20220828 21,619.3513793945312
91_20220828 22,511.536376953125
91_20220828 23,423.58477783203125
91_20220829 00,431.51458740234375
91_20220829 01,432.4728088378906
91_20220829 02,426.23388671875
91_20220829 03,433.30938720703125
91_20220829 04,433.33001708984375
91_20220829 05,442.4901428222656
91_20220829 06,458.66015625
91_20220829 07,566.4180908203125
91_20220829 08,663.1305541992188
91_20220829 09,949.0999755859375
91_20220829 10,1693.4625244140625
91_20220829 11,2153.92431640625
91_20220829 12,2092.00244140625
91_20220829 13,2103.25927734375
91_20220829 14,2084.8828125
91_20220829 15,2080.037841796875
91_20220829 16,2072.36669921875
91_20220829 17,2018.759521484375
91_20220829 18,1949.686767578125
91_20220829 19,1832.097900390625
91_20220829 20,1506.6981201171875
91_20220829 21,1118.0709228515625
91_20220829 22,821.8694458007812
91_20220829 23,494.50775146484375
91_20220830 00,441.2822265625
91_20220830 01,449.49920654296875
91_20220830 02,447.5834045410156
91_20220830 03,446.8155212402344
91_20220830 04,450.70880126953125
91_20220830 05,453.3482971191406
91_20220830 06,483.4999084472656
91_20220830 07,602.9351196289062
91_20220830 08,702.64306640625
91_20220830 09,1042.370849609375
91_20220830 10,1834.7294921875
91_20220830 11,2375.1767578125
91_20220830 12,2321.10205078125
91_20220830 13,2314.8837890625
91_20220830 14,2295.481689453125
91_20220830 15,2271.56494140625
91_20220830 16,2247.96142578125
91_20220830 17,2200.71240234375
91_20220830 18,2161.207275390625
91_20220830 19,1985.1839599609375
91_20220830 20,1651.627685546875
91_20220830 21,1181.6502685546875
91_20220830 22,847.9559326171875
91_20220830 23,529.5877685546875
91_20220831 00,460.1905212402344
91_20220831 01,455.7782287597656
91_20220831 02,447.87158203125
91_20220831 03,448.4410095214844
91_20220831 04,449.01568603515625
91_20220831 05,458.4874572753906
91_20220831 06,469.31640625
91_20220831 07,594.1640625
91_20220831 08,689.4163208007812
91_20220831 09,993.6394653320312
91_20220831 10,1816.1810302734375
91_20220831 11,2365.84716796875
91_20220831 12,2306.62451171875
91_20220831 13,2300.1103515625
91_20220831 14,2284.95361328125
91_20220831 15,2239.85791015625
91_20220831 16,2210.743408203125
91_20220831 17,2112.876220703125
91_20220831 18,2112.46484375
91_20220831 19,1923.6051025390625
91_20220831 20,1583.3365478515625
91_20220831 21,1119.22705078125
91_20220831 22,810.2918701171875
91_20220831 23,490.52752685546875
92_20220825 00,485.564208984375
92_20220825 01,472.33673095703125
92_20220825 02,473.4461364746094
92_20220825 03,464.814453125
92_20220825 04,469.70574951171875
92_20220825 05,468.05194091796875
92_20220825 06,600.8572998046875
92_20220825 07,910.0036010742188
92_20220825 08,1057.426513671875
92_20220825 09,1463.619873046875
92_20220825 10,1700.1165771484375
92_20220825 11,1724.4371337890625
92_20220825 12,1749.886474609375
92_20220825 13,1743.775390625
92_20220825 14,1731.958740234375
92_20220825 15,1731.4632568359375
92_20220825 16,1713.1849365234375
92_20220825 17,1712.3277587890625
92_20220825 18,1698.5081787109375
92_20220825 19,1695.4462890625
92_20220825 20,1665.9300537109375
92_20220825 21,1560.209716796875
92_20220825 22,1359.625732421875
92_20220825 23,758.8381958007812
92_20220826 00,479.7093200683594
92_20220826 01,474.7427673339844
92_20220826 02,480.50555419921875
92_20220826 03,473.7574768066406
92_20220826 04,470.7313537597656
92_20220826 05,475.4365234375
92_20220826 06,611.9382934570312
92_20220826 07,920.4036865234375
92_20220826 08,1069.1951904296875
92_20220826 09,1507.603271484375
92_20220826 10,1711.911865234375
92_20220826 11,1728.6390380859375
92_20220826 12,1772.1656494140625
92_20220826 13,1776.7913818359375
92_20220826 14,1747.3150634765625
92_20220826 15,1744.5006103515625
92_20220826 16,1734.9478759765625
92_20220826 17,1733.504638671875
92_20220826 18,1711.560791015625
92_20220826 19,1713.3599853515625
92_20220826 20,1693.1676025390625
92_20220826 21,1572.4005126953125
92_20220826 22,1383.540283203125
92_20220826 23,785.1727905273438
92_20220827 00,481.8558044433594
92_20220827 01,475.07330322265625
92_20220827 02,470.263671875
92_20220827 03,472.3478088378906
92_20220827 04,468.01495361328125
92_20220827 05,463.01605224609375
92_20220827 06,606.8552856445312
92_20220827 07,903.6422729492188
92_20220827 08,1045.038818359375
92_20220827 09,1497.802001953125
92_20220827 10,1716.483642578125
92_20220827 11,1748.739013671875
92_20220827 12,1781.2841796875
92_20220827 13,1787.233642578125
92_20220827 14,1798.96484375
92_20220827 15,1789.2183837890625
92_20220827 16,1771.3275146484375
92_20220827 17,1772.2281494140625
92_20220827 18,1727.290283203125
92_20220827 19,1702.297607421875
92_20220827 20,1675.851318359375
92_20220827 21,1550.1558837890625
92_20220827 22,1338.58984375
92_20220827 23,749.2740478515625
92_20220828 00,428.48974609375
92_20220828 01,426.83758544921875
92_20220828 02,417.666015625
92_20220828 03,404.3309020996094
92_20220828 04,411.5862731933594
92_20220828 05,413.6739807128906
92_20220828 06,528.7996826171875
92_20220828 07,713.3375244140625
92_20220828 08,763.6033935546875
92_20220828 09,992.05859375
92_20220828 10,949.3480224609375
92_20220828 11,961.9588623046875
92_20220828 12,940.8658447265625
92_20220828 13,923.23974609375
92_20220828 14,915.8271484375
92_20220828 15,906.0010986328125
92_20220828 16,828.0305786132812
92_20220828 17,770.9285278320312
92_20220828 18,772.0153198242188
92_20220828 19,775.9651489257812
92_20220828 20,759.6759033203125
92_20220828 21,707.1727905273438
92_20220828 22,633.2781372070312
92_20220828 23,555.9795532226562
92_20220829 00,462.547607421875
92_20220829 01,454.708251953125
92_20220829 02,450.651611328125
92_20220829 03,448.5428771972656
92_20220829 04,448.99346923828125
92_20220829 05,457.94927978515625
92_20220829 06,569.1781005859375
92_20220829 07,893.0968017578125
92_20220829 08,1027.252685546875
92_20220829 09,1446.744384765625
92_20220829 10,1665.0517578125
92_20220829 11,1679.872314453125
92_20220829 12,1695.535400390625
92_20220829 13,1698.4970703125
92_20220829 14,1705.0814208984375
92_20220829 15,1703.116943359375
92_20220829 16,1692.7513427734375
92_20220829 17,1692.0426025390625
92_20220829 18,1664.8480224609375
92_20220829 19,1662.4013671875
92_20220829 20,1639.534423828125
92_20220829 21,1524.559326171875
92_20220829 22,1328.5482177734375
92_20220829 23,749.0277709960938
92_20220830 00,465.925537109375
92_20220830 01,450.70135498046875
92_20220830 02,452.87908935546875
92_20220830 03,451.345947265625
92_20220830 04,454.4837951660156
92_20220830 05,459.119384765625
92_20220830 06,570.6812744140625
92_20220830 07,890.7258911132812
92_20220830 08,1020.5770263671875
92_20220830 09,1428.190185546875
92_20220830 10,1662.2877197265625
92_20220830 11,1674.4287109375
92_20220830 12,1687.6168212890625
92_20220830 13,1694.0521240234375
92_20220830 14,1706.489501953125
92_20220830 15,1692.986328125
92_20220830 16,1681.064697265625
92_20220830 17,1678.628662109375
92_20220830 18,1675.860595703125
92_20220830 19,1667.861572265625
92_20220830 20,1641.997802734375
92_20220830 21,1515.473388671875
92_20220830 22,1328.222412109375
92_20220830 23,757.081298828125
92_20220831 00,468.92388916015625
92_20220831 01,458.38970947265625
92_20220831 02,461.345703125
92_20220831 03,455.90350341796875
92_20220831 04,455.2872619628906
92_20220831 05,462.3526916503906
92_20220831 06,584.2208251953125
92_20220831 07,895.6683349609375
92_20220831 08,1040.929931640625
92_20220831 09,1448.7257080078125
92_20220831 10,1645.8529052734375
92_20220831 11,1679.3648681640625
92_20220831 12,1696.2164306640625
92_20220831 13,1682.178955078125
92_20220831 14,1698.819580078125
92_20220831 15,1682.1968994140625
92_20220831 16,1657.6331787109375
92_20220831 17,1669.725830078125
92_20220831 18,1652.2760009765625
92_20220831 19,1654.6168212890625
92_20220831 20,1621.216064453125
92_20220831 21,1521.1944580078125
92_20220831 22,1329.7886962890625
92_20220831 23,743.040771484375
93_20220825 00,749.6954345703125
93_20220825 01,672.8031005859375
93_20220825 02,712.5579223632812
93_20220825 03,736.199462890625
93_20220825 04,741.905029296875
93_20220825 05,810.0208129882812
93_20220825 06,1006.7702026367188
93_20220825 07,1111.2684326171875
93_20220825 08,1200.715576171875
93_20220825 09,1244.2861328125
93_20220825 10,1296.727783203125
93_20220825 11,1295.91259765625
93_20220825 12,1303.6129150390625
93_20220825 13,1298.2020263671875
93_20220825 14,1295.0247802734375
93_20220825 15,1250.9342041015625
93_20220825 16,1236.8828125
93_20220825 17,1258.954833984375
93_20220825 18,1234.6549072265625
93_20220825 19,1220.318603515625
93_20220825 20,1178.96875
93_20220825 21,1105.319580078125
93_20220825 22,871.3342895507812
93_20220825 23,799.6578369140625
93_20220826 00,758.57470703125
93_20220826 01,674.3662109375
93_20220826 02,718.5614624023438
93_20220826 03,741.41064453125
93_20220826 04,746.325927734375
93_20220826 05,819.5978393554688
93_20220826 06,1018.5068359375
93_20220826 07,1112.617919921875
93_20220826 08,1197.971435546875
93_20220826 09,1261.163330078125
93_20220826 10,1309.542724609375
93_20220826 11,1318.223876953125
93_20220826 12,1315.0615234375
93_20220826 13,1331.495361328125
93_20220826 14,1346.576171875
93_20220826 15,1318.941162109375
93_20220826 16,1301.3814697265625
93_20220826 17,1297.8551025390625
93_20220826 18,1289.3170166015625
93_20220826 19,1272.4505615234375
93_20220826 20,1229.2420654296875
93_20220826 21,1167.680908203125
93_20220826 22,919.5328979492188
93_20220826 23,833.9924926757812
93_20220827 00,757.8819580078125
93_20220827 01,666.6014404296875
93_20220827 02,743.4365234375
93_20220827 03,745.669677734375
93_20220827 04,736.7186889648438
93_20220827 05,778.4283447265625
93_20220827 06,933.0111083984375
93_20220827 07,1051.6900634765625
93_20220827 08,1147.703857421875
93_20220827 09,1246.3892822265625
93_20220827 10,1304.841552734375
93_20220827 11,1297.105712890625
93_20220827 12,1313.305419921875
93_20220827 13,1310.9326171875
93_20220827 14,1291.5062255859375
93_20220827 15,1294.213134765625
93_20220827 16,1277.513427734375
93_20220827 17,1283.3155517578125
93_20220827 18,1276.3402099609375
93_20220827 19,1235.050048828125
93_20220827 20,1207.7255859375
93_20220827 21,1113.7664794921875
93_20220827 22,856.8778076171875
93_20220827 23,772.6478271484375
93_20220828 00,723.9793090820312
93_20220828 01,635.631103515625
93_20220828 02,693.5201416015625
93_20220828 03,676.9421997070312
93_20220828 04,690.7608642578125
93_20220828 05,756.2791748046875
93_20220828 06,918.0675048828125
93_20220828 07,1045.06689453125
93_20220828 08,1139.9442138671875
93_20220828 09,1230.969482421875
93_20220828 10,1306.2838134765625
93_20220828 11,1310.623291015625
93_20220828 12,1322.812255859375
93_20220828 13,1322.783935546875
93_20220828 14,1292.995361328125
93_20220828 15,1284.938232421875
93_20220828 16,1264.8453369140625
93_20220828 17,1281.2757568359375
93_20220828 18,1258.794189453125
93_20220828 19,1233.226806640625
93_20220828 20,1191.11474609375
93_20220828 21,1113.8544921875
93_20220828 22,860.9249877929688
93_20220828 23,777.2051391601562
93_20220829 00,717.968505859375
93_20220829 01,657.2178955078125
93_20220829 02,689.4149169921875
93_20220829 03,709.5624389648438
93_20220829 04,707.2643432617188
93_20220829 05,772.6637573242188
93_20220829 06,981.1043701171875
93_20220829 07,1077.3726806640625
93_20220829 08,1132.584716796875
93_20220829 09,1195.534912109375
93_20220829 10,1233.530517578125
93_20220829 11,1250.4661865234375
93_20220829 12,1254.9212646484375
93_20220829 13,1256.875732421875
93_20220829 14,1241.1058349609375
93_20220829 15,1217.188232421875
93_20220829 16,1192.430419921875
93_20220829 17,1214.848876953125
93_20220829 18,1185.8341064453125
93_20220829 19,1173.043212890625
93_20220829 20,1137.3165283203125
93_20220829 21,1054.3253173828125
93_20220829 22,840.3973388671875
93_20220829 23,760.9224853515625
93_20220830 00,709.4144897460938
93_20220830 01,649.5809326171875
93_20220830 02,665.5692749023438
93_20220830 03,708.7882690429688
93_20220830 04,701.8890380859375
93_20220830 05,780.590576171875
93_20220830 06,975.0726318359375
93_20220830 07,1047.7958984375
93_20220830 08,1137.2471923828125
93_20220830 09,1200.004638671875
93_20220830 10,1253.1285400390625
93_20220830 11,1245.820556640625
93_20220830 12,1251.59228515625
93_20220830 13,1249.448486328125
93_20220830 14,1243.6336669921875
93_20220830 15,1227.7093505859375
93_20220830 16,1204.3011474609375
93_20220830 17,1217.711181640625
93_20220830 18,1196.6046142578125
93_20220830 19,1181.684814453125
93_20220830 20,1149.7618408203125
93_20220830 21,1064.62158203125
93_20220830 22,855.28857421875
93_20220830 23,781.25390625
93_20220831 00,712.4717407226562
93_20220831 01,652.8727416992188
93_20220831 02,669.0508422851562
93_20220831 03,701.3909301757812
93_20220831 04,709.587890625
93_20220831 05,782.0694580078125
93_20220831 06,973.6751708984375
93_20220831 07,1052.7220458984375
93_20220831 08,1137.6492919921875
93_20220831 09,1192.6240234375
93_20220831 10,1246.5679931640625
93_20220831 11,1249.152099609375
93_20220831 12,1255.857421875
93_20220831 13,1260.1754150390625
93_20220831 14,1254.8270263671875
93_20220831 15,1217.8253173828125
93_20220831 16,1195.064208984375
93_20220831 17,1220.800048828125
93_20220831 18,1204.0479736328125
93_20220831 19,1190.13525390625
93_20220831 20,1150.787841796875
93_20220831 21,1070.3837890625
93_20220831 22,845.2850341796875
93_20220831 23,766.1559448242188
94_20220825 00,1706.311279296875
94_20220825 01,1633.801025390625
94_20220825 02,1599.306396484375
94_20220825 03,1534.4134521484375
94_20220825 04,1531.1900634765625
94_20220825 05,1631.554443359375
94_20220825 06,1926.992431640625
94_20220825 07,2243.72607421875
94_20220825 08,2442.360595703125
94_20220825 09,2577.595947265625
94_20220825 10,2682.710205078125
94_20220825 11,2714.779052734375
94_20220825 12,2713.86962890625
94_20220825 13,2755.846923828125
94_20220825 14,2812.568115234375
94_20220825 15,2699.381103515625
94_20220825 16,2729.9599609375
94_20220825 17,2740.75244140625
94_20220825 18,2659.48583984375
94_20220825 19,2603.59130859375
94_20220825 20,2479.557373046875
94_20220825 21,2165.41748046875
94_20220825 22,1851.5562744140625
94_20220825 23,1703.8043212890625
94_20220826 00,1594.369140625
94_20220826 01,1539.018310546875
94_20220826 02,1496.4393310546875
94_20220826 03,1480.243896484375
94_20220826 04,1493.2244873046875
94_20220826 05,1578.8880615234375
94_20220826 06,1918.3629150390625
94_20220826 07,2211.828125
94_20220826 08,2422.135498046875
94_20220826 09,2576.018798828125
94_20220826 10,2709.903076171875
94_20220826 11,2801.996826171875
94_20220826 12,2798.91455078125
94_20220826 13,2900.931396484375
94_20220826 14,2960.07861328125
94_20220826 15,2970.70556640625
94_20220826 16,2953.68798828125
94_20220826 17,2919.99267578125
94_20220826 18,2829.23193359375
94_20220826 19,2744.794921875
94_20220826 20,2667.297607421875
94_20220826 21,2390.40966796875
94_20220826 22,2035.576904296875
94_20220826 23,1876.099609375
94_20220827 00,1748.3636474609375
94_20220827 01,1690.3994140625
94_20220827 02,1594.3482666015625
94_20220827 03,1519.79638671875
94_20220827 04,1501.246826171875
94_20220827 05,1620.388916015625
94_20220827 06,1991.1236572265625
94_20220827 07,2233.80615234375
94_20220827 08,2383.694580078125
94_20220827 09,2457.121826171875
94_20220827 10,2534.9013671875
94_20220827 11,2559.9853515625
94_20220827 12,2629.505126953125
94_20220827 13,2723.19482421875
94_20220827 14,2747.79150390625
94_20220827 15,2774.445556640625
94_20220827 16,2758.047607421875
94_20220827 17,2752.901611328125
94_20220827 18,2731.310546875
94_20220827 19,2649.17724609375
94_20220827 20,2505.6171875
94_20220827 21,2173.57275390625
94_20220827 22,1864.760009765625
94_20220827 23,1700.2587890625
94_20220828 00,1649.6732177734375
94_20220828 01,1559.843017578125
94_20220828 02,1503.370361328125
94_20220828 03,1418.0367431640625
94_20220828 04,1429.1063232421875
94_20220828 05,1565.766845703125
94_20220828 06,1920.5914306640625
94_20220828 07,2232.90087890625
94_20220828 08,2399.7607421875
94_20220828 09,2532.07861328125
94_20220828 10,2642.38037109375
94_20220828 11,2664.88330078125
94_20220828 12,2726.80810546875
94_20220828 13,2831.818603515625
94_20220828 14,2844.744873046875
94_20220828 15,2863.67626953125
94_20220828 16,2850.533203125
94_20220828 17,2880.46875
94_20220828 18,2807.23095703125
94_20220828 19,2688.578125
94_20220828 20,2531.09130859375
94_20220828 21,2186.480712890625
94_20220828 22,1885.711669921875
94_20220828 23,1760.6754150390625
94_20220829 00,1600.709716796875
94_20220829 01,1560.9302978515625
94_20220829 02,1496.455078125
94_20220829 03,1411.7730712890625
94_20220829 04,1388.26025390625
94_20220829 05,1506.2174072265625
94_20220829 06,1876.751708984375
94_20220829 07,2132.6416015625
94_20220829 08,2264.829833984375
94_20220829 09,2411.027099609375
94_20220829 10,2546.572998046875
94_20220829 11,2585.914794921875
94_20220829 12,2588.292236328125
94_20220829 13,2655.34033203125
94_20220829 14,2665.3076171875
94_20220829 15,2661.81298828125
94_20220829 16,2639.081787109375
94_20220829 17,2614.661865234375
94_20220829 18,2475.7939453125
94_20220829 19,2428.00830078125
94_20220829 20,2287.37646484375
94_20220829 21,2022.4613037109375
94_20220829 22,1710.107421875
94_20220829 23,1626.858154296875
94_20220830 00,1516.4517822265625
94_20220830 01,1495.724853515625
94_20220830 02,1449.3192138671875
94_20220830 03,1432.968017578125
94_20220830 04,1422.9781494140625
94_20220830 05,1545.542236328125
94_20220830 06,1818.0208740234375
94_20220830 07,2103.614501953125
94_20220830 08,2236.74462890625
94_20220830 09,2361.996826171875
94_20220830 10,2482.213134765625
94_20220830 11,2510.25537109375
94_20220830 12,2524.2265625
94_20220830 13,2578.36279296875
94_20220830 14,2583.299560546875
94_20220830 15,2608.353515625
94_20220830 16,2605.16943359375
94_20220830 17,2606.974609375
94_20220830 18,2470.46240234375
94_20220830 19,2313.469482421875
94_20220830 20,2175.380859375
94_20220830 21,2008.1361083984375
94_20220830 22,1750.0113525390625
94_20220830 23,1652.2747802734375
94_20220831 00,1539.44140625
94_20220831 01,1510.50732421875
94_20220831 02,1470.1458740234375
94_20220831 03,1442.2261962890625
94_20220831 04,1421.6307373046875
94_20220831 05,1550.5103759765625
94_20220831 06,1805.453369140625
94_20220831 07,2122.25048828125
94_20220831 08,2284.30712890625
94_20220831 09,2410.626220703125
94_20220831 10,2512.235595703125
94_20220831 11,2594.1259765625
94_20220831 12,2611.96533203125
94_20220831 13,2721.19384765625
94_20220831 14,2770.37255859375
94_20220831 15,2766.09912109375
94_20220831 16,2735.491943359375
94_20220831 17,2746.44091796875
94_20220831 18,2626.75341796875
94_20220831 19,2552.485595703125
94_20220831 20,2438.724609375
94_20220831 21,2130.51416015625
94_20220831 22,1821.8564453125
94_20220831 23,1693.0572509765625
95_20220825 00,812.4136962890625
95_20220825 01,779.5691528320312
95_20220825 02,790.2352294921875
95_20220825 03,800.4307250976562
95_20220825 04,812.9625854492188
95_20220825 05,890.3876953125
95_20220825 06,936.4573364257812
95_20220825 07,984.6771240234375
95_20220825 08,1019.7180786132812
95_20220825 09,1241.336181640625
95_20220825 10,1426.2498779296875
95_20220825 11,1382.021728515625
95_20220825 12,1420.1383056640625
95_20220825 13,1424.881591796875
95_20220825 14,1364.3001708984375
95_20220825 15,1378.561279296875
95_20220825 16,1330.7392578125
95_20220825 17,1242.1907958984375
95_20220825 18,1112.74658203125
95_20220825 19,1190.7327880859375
95_20220825 20,1063.4039306640625
95_20220825 21,953.9443359375
95_20220825 22,889.7470703125
95_20220825 23,848.412109375
95_20220826 00,816.0247192382812
95_20220826 01,783.190185546875
95_20220826 02,804.265625
95_20220826 03,780.8192138671875
95_20220826 04,799.6246337890625
95_20220826 05,893.9879760742188
95_20220826 06,943.4368896484375
95_20220826 07,1010.0509643554688
95_20220826 08,1059.726318359375
95_20220826 09,1285.3248291015625
95_20220826 10,1421.77294921875
95_20220826 11,1456.4293212890625
95_20220826 12,1434.9892578125
95_20220826 13,1402.505859375
95_20220826 14,1415.6700439453125
95_20220826 15,1356.355224609375
95_20220826 16,1332.292236328125
95_20220826 17,1277.743896484375
95_20220826 18,1122.628662109375
95_20220826 19,1239.187744140625
95_20220826 20,1083.7255859375
95_20220826 21,994.2265625
95_20220826 22,899.0167236328125
95_20220826 23,863.4285888671875
95_20220827 00,931.57080078125
95_20220827 01,888.189453125
95_20220827 02,838.7614135742188
95_20220827 03,832.78076171875
95_20220827 04,847.7978515625
95_20220827 05,947.4489135742188
95_20220827 06,1044.4619140625
95_20220827 07,1037.5235595703125
95_20220827 08,1189.8135986328125
95_20220827 09,1408.9339599609375
95_20220827 10,1469.1929931640625
95_20220827 11,1408.2938232421875
95_20220827 12,1359.139404296875
95_20220827 13,1402.534912109375
95_20220827 14,1373.4185791015625
95_20220827 15,1330.5653076171875
95_20220827 16,1310.4794921875
95_20220827 17,1294.006591796875
95_20220827 18,1179.8948974609375
95_20220827 19,1289.5863037109375
95_20220827 20,1213.289306640625
95_20220827 21,1069.090087890625
95_20220827 22,1001.8512573242188
95_20220827 23,952.1905517578125
95_20220828 00,961.3845825195312
95_20220828 01,912.66748046875
95_20220828 02,870.18798828125
95_20220828 03,864.3134765625
95_20220828 04,860.9318237304688
95_20220828 05,947.9376831054688
95_20220828 06,1051.889404296875
95_20220828 07,1071.07275390625
95_20220828 08,1195.4217529296875
95_20220828 09,1440.782958984375
95_20220828 10,1471.0948486328125
95_20220828 11,1457.737548828125
95_20220828 12,1445.3699951171875
95_20220828 13,1417.5738525390625
95_20220828 14,1412.567626953125
95_20220828 15,1375.264892578125
95_20220828 16,1284.13623046875
95_20220828 17,1216.746337890625
95_20220828 18,1148.6695556640625
95_20220828 19,1217.5577392578125
95_20220828 20,1090.8787841796875
95_20220828 21,994.1055908203125
95_20220828 22,938.23388671875
95_20220828 23,910.0709228515625
95_20220829 00,829.4324951171875
95_20220829 01,813.3181762695312
95_20220829 02,807.2144775390625
95_20220829 03,768.9105834960938
95_20220829 04,779.0482788085938
95_20220829 05,885.9539794921875
95_20220829 06,927.79296875
95_20220829 07,983.7183837890625
95_20220829 08,1042.736083984375
95_20220829 09,1263.8280029296875
95_20220829 10,1363.3277587890625
95_20220829 11,1319.826904296875
95_20220829 12,1357.531494140625
95_20220829 13,1320.7886962890625
95_20220829 14,1302.416015625
95_20220829 15,1280.908935546875
95_20220829 16,1225.713134765625
95_20220829 17,1142.9306640625
95_20220829 18,999.7257690429688
95_20220829 19,1052.3358154296875
95_20220829 20,1035.5869140625
95_20220829 21,926.3746948242188
95_20220829 22,850.8600463867188
95_20220829 23,867.3367919921875
95_20220830 00,785.4150390625
95_20220830 01,744.1871337890625
95_20220830 02,778.697509765625
95_20220830 03,784.3389892578125
95_20220830 04,772.8251953125
95_20220830 05,864.5009765625
95_20220830 06,937.69873046875
95_20220830 07,970.8805541992188
95_20220830 08,1026.5989990234375
95_20220830 09,1199.0045166015625
95_20220830 10,1309.098388671875
95_20220830 11,1333.145263671875
95_20220830 12,1336.9400634765625
95_20220830 13,1283.265380859375
95_20220830 14,1230.184326171875
95_20220830 15,1262.7724609375
95_20220830 16,1188.618896484375
95_20220830 17,1137.9437255859375
95_20220830 18,992.2003173828125
95_20220830 19,1069.7183837890625
95_20220830 20,978.8780517578125
95_20220830 21,902.5455322265625
95_20220830 22,839.2791748046875
95_20220830 23,823.2332763671875
95_20220831 00,788.5670776367188
95_20220831 01,738.2284545898438
95_20220831 02,754.4822998046875
95_20220831 03,748.8619995117188
95_20220831 04,770.3968505859375
95_20220831 05,876.4583129882812
95_20220831 06,943.1721801757812
95_20220831 07,944.1154174804688
95_20220831 08,1058.8753662109375
95_20220831 09,1211.718017578125
95_20220831 10,1358.6380615234375
95_20220831 11,1299.0240478515625
95_20220831 12,1341.8746337890625
95_20220831 13,1313.565673828125
95_20220831 14,1218.0650634765625
95_20220831 15,1229.266845703125
95_20220831 16,1146.6771240234375
95_20220831 17,1072.9930419921875
95_20220831 18,1004.8328247070312
95_20220831 19,1097.462646484375
95_20220831 20,966.00048828125
95_20220831 21,885.9918823242188
95_20220831 22,861.7890625
95_20220831 23,800.8631591796875
96_20220825 00,1946.9453125
96_20220825 01,1924.6431884765625
96_20220825 02,1894.597412109375
96_20220825 03,1882.993408203125
96_20220825 04,1893.6312255859375
96_20220825 05,1939.380126953125
96_20220825 06,2157.582763671875
96_20220825 07,2440.58447265625
96_20220825 08,2777.30126953125
96_20220825 09,3079.16552734375
96_20220825 10,3269.22900390625
96_20220825 11,3290.2734375
96_20220825 12,3326.875
96_20220825 13,3397.42041015625
96_20220825 14,3409.666015625
96_20220825 15,3363.396484375
96_20220825 16,3333.233642578125
96_20220825 17,3333.155517578125
96_20220825 18,3250.406005859375
96_20220825 19,3177.950439453125
96_20220825 20,3018.87353515625
96_20220825 21,2932.44140625
96_20220825 22,2439.354736328125
96_20220825 23,2220.48583984375
96_20220826 00,2151.68310546875
96_20220826 01,2088.813232421875
96_20220826 02,2056.45458984375
96_20220826 03,2036.8515625
96_20220826 04,2045.9326171875
96_20220826 05,2076.4775390625
96_20220826 06,2259.82958984375
96_20220826 07,2612.950439453125
96_20220826 08,2849.74853515625
96_20220826 09,3145.386474609375
96_20220826 10,3298.89013671875
96_20220826 11,3368.83544921875
96_20220826 12,3408.078857421875
96_20220826 13,3485.81103515625
96_20220826 14,3502.189453125
96_20220826 15,3472.643310546875
96_20220826 16,3375.530029296875
96_20220826 17,3402.325439453125
96_20220826 18,3337.186767578125
96_20220826 19,3268.03271484375
96_20220826 20,3117.1611328125
96_20220826 21,3057.79296875
96_20220826 22,2617.875
96_20220826 23,2320.919189453125
96_20220827 00,2131.63720703125
96_20220827 01,2061.080810546875
96_20220827 02,2010.1285400390625
96_20220827 03,1996.8433837890625
96_20220827 04,1990.235107421875
96_20220827 05,2011.2861328125
96_20220827 06,2212.63720703125
96_20220827 07,2538.7568359375
96_20220827 08,2966.64306640625
96_20220827 09,3235.5263671875
96_20220827 10,3470.25390625
96_20220827 11,3477.818359375
96_20220827 12,3523.971435546875
96_20220827 13,3500.665283203125
96_20220827 14,3516.17724609375
96_20220827 15,3539.498046875
96_20220827 16,3451.580078125
96_20220827 17,3494.14599609375
96_20220827 18,3433.33935546875
96_20220827 19,3264.370849609375
96_20220827 20,3134.377685546875
96_20220827 21,3016.87548828125
96_20220827 22,2512.1640625
96_20220827 23,2275.858642578125
96_20220828 00,2061.813232421875
96_20220828 01,2005.2203369140625
96_20220828 02,1933.444580078125
96_20220828 03,1910.2900390625
96_20220828 04,1906.754638671875
96_20220828 05,1948.4501953125
96_20220828 06,2115.83642578125
96_20220828 07,2431.34716796875
96_20220828 08,2797.299560546875
96_20220828 09,3100.75439453125
96_20220828 10,3303.811767578125
96_20220828 11,3304.845703125
96_20220828 12,3373.006591796875
96_20220828 13,3359.879638671875
96_20220828 14,3359.73779296875
96_20220828 15,3359.87353515625
96_20220828 16,3314.57666015625
96_20220828 17,3313.18994140625
96_20220828 18,3245.56982421875
96_20220828 19,3101.53369140625
96_20220828 20,2962.12939453125
96_20220828 21,2910.65234375
96_20220828 22,2349.455810546875
96_20220828 23,2207.27490234375
96_20220829 00,2016.216064453125
96_20220829 01,1974.540283203125
96_20220829 02,1934.602783203125
96_20220829 03,1925.743408203125
96_20220829 04,1914.302734375
96_20220829 05,1937.0660400390625
96_20220829 06,2162.647216796875
96_20220829 07,2479.776611328125
96_20220829 08,2810.27392578125
96_20220829 09,3098.493896484375
96_20220829 10,3251.48388671875
96_20220829 11,3269.205078125
96_20220829 12,3341.315673828125
96_20220829 13,3386.906982421875
96_20220829 14,3419.59130859375
96_20220829 15,3356.733642578125
96_20220829 16,3316.537841796875
96_20220829 17,3325.356201171875
96_20220829 18,3261.69189453125
96_20220829 19,3167.605712890625
96_20220829 20,3013.846923828125
96_20220829 21,2932.656982421875
96_20220829 22,2458.095458984375
96_20220829 23,2260.9599609375
96_20220830 00,2085.53173828125
96_20220830 01,2036.868408203125
96_20220830 02,2016.7613525390625
96_20220830 03,1995.4560546875
96_20220830 04,1992.472412109375
96_20220830 05,2046.355224609375
96_20220830 06,2253.488037109375
96_20220830 07,2599.43408203125
96_20220830 08,2921.20068359375
96_20220830 09,3163.633056640625
96_20220830 10,3282.65625
96_20220830 11,3330.403076171875
96_20220830 12,3333.35205078125
96_20220830 13,3350.631591796875
96_20220830 14,3357.20849609375
96_20220830 15,3351.55126953125
96_20220830 16,3320.50244140625
96_20220830 17,3342.69189453125
96_20220830 18,3257.655517578125
96_20220830 19,3196.779296875
96_20220830 20,3064.58935546875
96_20220830 21,2986.068359375
96_20220830 22,2518.67333984375
96_20220830 23,2291.02734375
96_20220831 00,2052.06103515625
96_20220831 01,1998.7572021484375
96_20220831 02,1958.814453125
96_20220831 03,1966.377197265625
96_20220831 04,1968.515869140625
96_20220831 05,2033.3740234375
96_20220831 06,2224.52978515625
96_20220831 07,2500.58349609375
96_20220831 08,2795.5625
96_20220831 09,3031.35693359375
96_20220831 10,3198.87841796875
96_20220831 11,3238.453857421875
96_20220831 12,3254.908203125
96_20220831 13,3266.987060546875
96_20220831 14,3246.22607421875
96_20220831 15,3178.62158203125
96_20220831 16,3145.07763671875
96_20220831 17,3140.540283203125
96_20220831 18,3087.84521484375
96_20220831 19,2976.69970703125
96_20220831 20,2847.38916015625
96_20220831 21,2775.52685546875
96_20220831 22,2343.272705078125
96_20220831 23,2113.158935546875
97_20220825 00,875.3720703125
97_20220825 01,817.6187744140625
97_20220825 02,800.0768432617188
97_20220825 03,784.41943359375
97_20220825 04,826.4942626953125
97_20220825 05,960.8018798828125
97_20220825 06,993.7160034179688
97_20220825 07,1082.1693115234375
97_20220825 08,1243.305419921875
97_20220825 09,1425.108154296875
97_20220825 10,1439.3817138671875
97_20220825 11,1437.9722900390625
97_20220825 12,1467.0592041015625
97_20220825 13,1559.6497802734375
97_20220825 14,1580.12548828125
97_20220825 15,1554.380126953125
97_20220825 16,1547.303466796875
97_20220825 17,1544.3192138671875
97_20220825 18,1521.7340087890625
97_20220825 19,1493.411865234375
97_20220825 20,1459.5577392578125
97_20220825 21,1355.7530517578125
97_20220825 22,1161.474365234375
97_20220825 23,1005.72509765625
97_20220826 00,914.6163940429688
97_20220826 01,863.3639526367188
97_20220826 02,832.29541015625
97_20220826 03,821.3028564453125
97_20220826 04,868.3929443359375
97_20220826 05,990.06298828125
97_20220826 06,1031.2081298828125
97_20220826 07,1095.360107421875
97_20220826 08,1270.390869140625
97_20220826 09,1457.772216796875
97_20220826 10,1430.736572265625
97_20220826 11,1463.064697265625
97_20220826 12,1462.4326171875
97_20220826 13,1570.8441162109375
97_20220826 14,1568.1937255859375
97_20220826 15,1553.672607421875
97_20220826 16,1534.2626953125
97_20220826 17,1547.901123046875
97_20220826 18,1527.0731201171875
97_20220826 19,1519.254638671875
97_20220826 20,1486.870361328125
97_20220826 21,1367.18310546875
97_20220826 22,1173.738037109375
97_20220826 23,1016.2830200195312
97_20220827 00,916.5889892578125
97_20220827 01,863.3273315429688
97_20220827 02,823.2911987304688
97_20220827 03,801.7227783203125
97_20220827 04,840.4232177734375
97_20220827 05,969.3746948242188
97_20220827 06,1017.57958984375
97_20220827 07,1118.837890625
97_20220827 08,1291.1171875
97_20220827 09,1457.5279541015625
97_20220827 10,1466.2200927734375
97_20220827 11,1455.8956298828125
97_20220827 12,1478.8482666015625
97_20220827 13,1545.2281494140625
97_20220827 14,1611.5074462890625
97_20220827 15,1621.8348388671875
97_20220827 16,1616.6429443359375
97_20220827 17,1564.4840087890625
97_20220827 18,1508.2261962890625
97_20220827 19,1454.6075439453125
97_20220827 20,1438.7388916015625
97_20220827 21,1306.8402099609375
97_20220827 22,1139.560302734375
97_20220827 23,963.7537841796875
97_20220828 00,888.4892578125
97_20220828 01,836.2254028320312
97_20220828 02,797.2844848632812
97_20220828 03,754.5741577148438
97_20220828 04,777.411376953125
97_20220828 05,929.5670776367188
97_20220828 06,953.8194580078125
97_20220828 07,1107.314697265625
97_20220828 08,1255.694091796875
97_20220828 09,1414.577880859375
97_20220828 10,1440.8194580078125
97_20220828 11,1433.867431640625
97_20220828 12,1438.490478515625
97_20220828 13,1538.50830078125
97_20220828 14,1583.3773193359375
97_20220828 15,1566.285888671875
97_20220828 16,1554.8214111328125
97_20220828 17,1504.23681640625
97_20220828 18,1433.33203125
97_20220828 19,1396.7193603515625
97_20220828 20,1366.0018310546875
97_20220828 21,1263.0689697265625
97_20220828 22,1089.5250244140625
97_20220828 23,951.9918212890625
97_20220829 00,865.8665771484375
97_20220829 01,823.7594604492188
97_20220829 02,800.6947021484375
97_20220829 03,793.3259887695312
97_20220829 04,829.6966552734375
97_20220829 05,969.9488525390625
97_20220829 06,991.0552978515625
97_20220829 07,1037.159423828125
97_20220829 08,1219.9263916015625
97_20220829 09,1415.591064453125
97_20220829 10,1441.9136962890625
97_20220829 11,1423.951416015625
97_20220829 12,1449.86181640625
97_20220829 13,1544.4931640625
97_20220829 14,1545.6341552734375
97_20220829 15,1513.825927734375
97_20220829 16,1500.1676025390625
97_20220829 17,1520.1171875
97_20220829 18,1478.8709716796875
97_20220829 19,1473.5928955078125
97_20220829 20,1435.280517578125
97_20220829 21,1297.9925537109375
97_20220829 22,1127.9210205078125
97_20220829 23,1003.7586059570312
97_20220830 00,909.6368408203125
97_20220830 01,861.2298583984375
97_20220830 02,809.6712646484375
97_20220830 03,791.0773315429688
97_20220830 04,803.5484008789062
97_20220830 05,955.5989379882812
97_20220830 06,985.8547973632812
97_20220830 07,1065.520263671875
97_20220830 08,1252.461669921875
97_20220830 09,1455.322509765625
97_20220830 10,1458.688232421875
97_20220830 11,1527.2193603515625
97_20220830 12,1572.99365234375
97_20220830 13,1679.574951171875
97_20220830 14,1675.7633056640625
97_20220830 15,1662.9075927734375
97_20220830 16,1567.0487060546875
97_20220830 17,1595.0406494140625
97_20220830 18,1587.4345703125
97_20220830 19,1552.317626953125
97_20220830 20,1458.5006103515625
97_20220830 21,1376.449951171875
97_20220830 22,1182.700439453125
97_20220830 23,1004.9261474609375
97_20220831 00,891.0765380859375
97_20220831 01,877.5704956054688
97_20220831 02,849.0241088867188
97_20220831 03,857.4937744140625
97_20220831 04,892.9855346679688
97_20220831 05,1017.0162963867188
97_20220831 06,1032.043701171875
97_20220831 07,1099.767822265625
97_20220831 08,1273.5023193359375
97_20220831 09,1429.924072265625
97_20220831 10,1422.096435546875
97_20220831 11,1423.53564453125
97_20220831 12,1449.2689208984375
97_20220831 13,1534.656982421875
97_20220831 14,1533.746337890625
97_20220831 15,1518.614501953125
97_20220831 16,1491.578369140625
97_20220831 17,1504.4107666015625
97_20220831 18,1455.798583984375
97_20220831 19,1430.489501953125
97_20220831 20,1398.006103515625
97_20220831 21,1286.134033203125
97_20220831 22,1113.4991455078125
97_20220831 23,983.55859375
98_20220825 00,535.1524047851562
98_20220825 01,487.7640686035156
98_20220825 02,480.24591064453125
98_20220825 03,507.424560546875
98_20220825 04,694.9627075195312
98_20220825 05,822.2542724609375
98_20220825 06,980.4664306640625
98_20220825 07,1139.143310546875
98_20220825 08,1218.728271484375
98_20220825 09,1345.7608642578125
98_20220825 10,1454.6810302734375
98_20220825 11,1524.72412109375
98_20220825 12,1540.7767333984375
98_20220825 13,1546.9954833984375
98_20220825 14,1544.858154296875
98_20220825 15,1486.5645751953125
98_20220825 16,1507.0548095703125
98_20220825 17,1527.6431884765625
98_20220825 18,1441.0640869140625
98_20220825 19,1371.590576171875
98_20220825 20,1276.809814453125
98_20220825 21,1095.46044921875
98_20220825 22,791.8832397460938
98_20220825 23,683.9075927734375
98_20220826 00,574.2565307617188
98_20220826 01,527.9158935546875
98_20220826 02,514.0672607421875
98_20220826 03,518.1382446289062
98_20220826 04,723.3678588867188
98_20220826 05,830.5309448242188
98_20220826 06,976.2630004882812
98_20220826 07,1130.0030517578125
98_20220826 08,1230.696044921875
98_20220826 09,1361.942626953125
98_20220826 10,1522.1607666015625
98_20220826 11,1546.7989501953125
98_20220826 12,1563.69384765625
98_20220826 13,1573.2705078125
98_20220826 14,1565.41357421875
98_20220826 15,1519.571533203125
98_20220826 16,1541.114501953125
98_20220826 17,1542.6568603515625
98_20220826 18,1474.6175537109375
98_20220826 19,1375.003173828125
98_20220826 20,1302.0596923828125
98_20220826 21,1127.111083984375
98_20220826 22,787.7564697265625
98_20220826 23,687.0484619140625
98_20220827 00,570.2589111328125
98_20220827 01,524.1756591796875
98_20220827 02,486.40625
98_20220827 03,498.51373291015625
98_20220827 04,692.6760864257812
98_20220827 05,804.03955078125
98_20220827 06,949.2750244140625
98_20220827 07,1086.992431640625
98_20220827 08,1210.229248046875
98_20220827 09,1346.905517578125
98_20220827 10,1454.927978515625
98_20220827 11,1492.89208984375
98_20220827 12,1513.266845703125
98_20220827 13,1534.17724609375
98_20220827 14,1534.6851806640625
98_20220827 15,1516.1524658203125
98_20220827 16,1527.154541015625
98_20220827 17,1529.056884765625
98_20220827 18,1406.15380859375
98_20220827 19,1278.6588134765625
98_20220827 20,1196.4970703125
98_20220827 21,1018.6525268554688
98_20220827 22,796.3880004882812
98_20220827 23,697.9411010742188
98_20220828 00,554.8993530273438
98_20220828 01,518.2249145507812
98_20220828 02,482.0211486816406
98_20220828 03,498.26947021484375
98_20220828 04,639.1084594726562
98_20220828 05,749.6822509765625
98_20220828 06,885.4451293945312
98_20220828 07,1001.1710815429688
98_20220828 08,1124.592041015625
98_20220828 09,1268.439453125
98_20220828 10,1381.2484130859375
98_20220828 11,1411.0869140625
98_20220828 12,1425.529052734375
98_20220828 13,1456.030029296875
98_20220828 14,1454.0377197265625
98_20220828 15,1441.811279296875
98_20220828 16,1450.703857421875
98_20220828 17,1466.255859375
98_20220828 18,1322.6778564453125
98_20220828 19,1211.38330078125
98_20220828 20,1113.184814453125
98_20220828 21,964.8089599609375
98_20220828 22,788.315185546875
98_20220828 23,687.94482421875
98_20220829 00,526.1630249023438
98_20220829 01,476.743408203125
98_20220829 02,456.9391174316406
98_20220829 03,471.6266174316406
98_20220829 04,663.0531005859375
98_20220829 05,782.278564453125
98_20220829 06,905.7786865234375
98_20220829 07,1031.8660888671875
98_20220829 08,1139.905517578125
98_20220829 09,1277.28173828125
98_20220829 10,1398.435791015625
98_20220829 11,1440.850830078125
98_20220829 12,1450.0364990234375
98_20220829 13,1486.83349609375
98_20220829 14,1472.095703125
98_20220829 15,1435.377197265625
98_20220829 16,1467.435302734375
98_20220829 17,1492.9508056640625
98_20220829 18,1401.411865234375
98_20220829 19,1340.62548828125
98_20220829 20,1230.114990234375
98_20220829 21,1060.627685546875
98_20220829 22,760.0958251953125
98_20220829 23,660.89013671875
98_20220830 00,551.7301635742188
98_20220830 01,505.5462341308594
98_20220830 02,488.28790283203125
98_20220830 03,486.41949462890625
98_20220830 04,694.8134155273438
98_20220830 05,800.4021606445312
98_20220830 06,931.1876831054688
98_20220830 07,1049.868896484375
98_20220830 08,1156.326904296875
98_20220830 09,1297.615966796875
98_20220830 10,1377.350341796875
98_20220830 11,1410.564697265625
98_20220830 12,1413.848388671875
98_20220830 13,1434.1722412109375
98_20220830 14,1447.8411865234375
98_20220830 15,1420.841064453125
98_20220830 16,1436.432373046875
98_20220830 17,1459.48828125
98_20220830 18,1383.5599365234375
98_20220830 19,1308.3199462890625
98_20220830 20,1193.169677734375
98_20220830 21,1027.384521484375
98_20220830 22,749.9244384765625
98_20220830 23,652.75146484375
98_20220831 00,517.0982055664062
98_20220831 01,480.1937561035156
98_20220831 02,457.0354919433594
98_20220831 03,489.09332275390625
98_20220831 04,692.6270141601562
98_20220831 05,798.552490234375
98_20220831 06,924.93408203125
98_20220831 07,1033.9219970703125
98_20220831 08,1125.7890625
98_20220831 09,1240.32080078125
98_20220831 10,1353.0970458984375
98_20220831 11,1372.509033203125
98_20220831 12,1374.4110107421875
98_20220831 13,1381.814697265625
98_20220831 14,1368.8460693359375
98_20220831 15,1350.9598388671875
98_20220831 16,1355.2376708984375
98_20220831 17,1376.607666015625
98_20220831 18,1307.84228515625
98_20220831 19,1260.449951171875
98_20220831 20,1142.035400390625
98_20220831 21,980.4640502929688
98_20220831 22,720.2601318359375
98_20220831 23,632.7552490234375
99_20220825 00,695.5213623046875
99_20220825 01,648.8013916015625
99_20220825 02,622.21142578125
99_20220825 03,603.91943359375
99_20220825 04,609.9519653320312
99_20220825 05,648.2100219726562
99_20220825 06,776.6295166015625
99_20220825 07,929.2506103515625
99_20220825 08,1120.918212890625
99_20220825 09,1367.962158203125
99_20220825 10,1425.468994140625
99_20220825 11,1314.09716796875
99_20220825 12,1297.897216796875
99_20220825 13,1347.6795654296875
99_20220825 14,1384.3956298828125
99_20220825 15,1430.550537109375
99_20220825 16,1464.754150390625
99_20220825 17,1426.447021484375
99_20220825 18,1352.1636962890625
99_20220825 19,1267.182861328125
99_20220825 20,1267.602294921875
99_20220825 21,1126.2886962890625
99_20220825 22,908.5735473632812
99_20220825 23,778.3929443359375
99_20220826 00,706.227294921875
99_20220826 01,657.2998046875
99_20220826 02,628.64697265625
99_20220826 03,626.2930908203125
99_20220826 04,632.7794799804688
99_20220826 05,656.0875244140625
99_20220826 06,780.39697265625
99_20220826 07,961.15478515625
99_20220826 08,1190.52978515625
99_20220826 09,1492.36328125
99_20220826 10,1550.625732421875
99_20220826 11,1382.386962890625
99_20220826 12,1394.3818359375
99_20220826 13,1427.568603515625
99_20220826 14,1466.3980712890625
99_20220826 15,1508.515869140625
99_20220826 16,1531.091064453125
99_20220826 17,1539.86181640625
99_20220826 18,1463.047607421875
99_20220826 19,1350.692626953125
99_20220826 20,1338.076904296875
99_20220826 21,1200.240234375
99_20220826 22,975.2507934570312
99_20220826 23,833.0056762695312
99_20220827 00,746.3319702148438
99_20220827 01,685.3572387695312
99_20220827 02,651.7015991210938
99_20220827 03,626.0182495117188
99_20220827 04,621.2208862304688
99_20220827 05,663.629150390625
99_20220827 06,791.7684936523438
99_20220827 07,943.6013793945312
99_20220827 08,1136.624267578125
99_20220827 09,1450.6219482421875
99_20220827 10,1519.97900390625
99_20220827 11,1376.834228515625
99_20220827 12,1372.0616455078125
99_20220827 13,1418.896240234375
99_20220827 14,1462.2769775390625
99_20220827 15,1502.221435546875
99_20220827 16,1547.0809326171875
99_20220827 17,1532.423583984375
99_20220827 18,1443.286376953125
99_20220827 19,1337.757080078125
99_20220827 20,1312.5357666015625
99_20220827 21,1192.4117431640625
99_20220827 22,972.00341796875
99_20220827 23,815.87548828125
99_20220828 00,728.4547119140625
99_20220828 01,664.4923095703125
99_20220828 02,642.2396240234375
99_20220828 03,615.5716552734375
99_20220828 04,605.5474243164062
99_20220828 05,637.4283447265625
99_20220828 06,775.135009765625
99_20220828 07,932.8810424804688
99_20220828 08,1133.5123291015625
99_20220828 09,1441.6146240234375
99_20220828 10,1481.431640625
99_20220828 11,1343.811767578125
99_20220828 12,1343.228759765625
99_20220828 13,1386.29638671875
99_20220828 14,1424.306884765625
99_20220828 15,1479.645263671875
99_20220828 16,1524.4710693359375
99_20220828 17,1566.5433349609375
99_20220828 18,1454.2681884765625
99_20220828 19,1333.913330078125
99_20220828 20,1317.794677734375
99_20220828 21,1180.184814453125
99_20220828 22,975.0525512695312
99_20220828 23,812.4337158203125
99_20220829 00,707.7613525390625
99_20220829 01,652.3851928710938
99_20220829 02,622.6158447265625
99_20220829 03,614.511962890625
99_20220829 04,618.1163330078125
99_20220829 05,656.2164306640625
99_20220829 06,781.6736450195312
99_20220829 07,919.1190185546875
99_20220829 08,1116.947509765625
99_20220829 09,1388.9962158203125
99_20220829 10,1437.0283203125
99_20220829 11,1289.1578369140625
99_20220829 12,1294.407958984375
99_20220829 13,1322.8377685546875
99_20220829 14,1367.0234375
99_20220829 15,1408.4520263671875
99_20220829 16,1443.3519287109375
99_20220829 17,1442.1217041015625
99_20220829 18,1363.6064453125
99_20220829 19,1279.760498046875
99_20220829 20,1271.5950927734375
99_20220829 21,1134.42578125
99_20220829 22,932.5613403320312
99_20220829 23,791.628662109375
99_20220830 00,696.0635375976562
99_20220830 01,644.0286865234375
99_20220830 02,621.4486083984375
99_20220830 03,612.1235961914062
99_20220830 04,612.0470581054688
99_20220830 05,655.5716552734375
99_20220830 06,768.420166015625
99_20220830 07,923.9186401367188
99_20220830 08,1124.9937744140625
99_20220830 09,1377.767822265625
99_20220830 10,1402.995361328125
99_20220830 11,1265.046875
99_20220830 12,1268.779052734375
99_20220830 13,1310.998291015625
99_20220830 14,1343.052734375
99_20220830 15,1366.740478515625
99_20220830 16,1419.0084228515625
99_20220830 17,1405.7835693359375
99_20220830 18,1328.0213623046875
99_20220830 19,1254.4613037109375
99_20220830 20,1245.9111328125
99_20220830 21,1100.524658203125
99_20220830 22,917.7564697265625
99_20220830 23,774.7100830078125
99_20220831 00,677.0638427734375
99_20220831 01,628.6463012695312
99_20220831 02,604.8594970703125
99_20220831 03,594.1548461914062
99_20220831 04,604.59033203125
99_20220831 05,635.6031494140625
99_20220831 06,759.98583984375
99_20220831 07,914.1209106445312
99_20220831 08,1090.3043212890625
99_20220831 09,1343.378662109375
99_20220831 10,1372.2347412109375
99_20220831 11,1247.0418701171875
99_20220831 12,1255.098876953125
99_20220831 13,1294.6177978515625
99_20220831 14,1322.183837890625
99_20220831 15,1351.837890625
99_20220831 16,1403.2088623046875
99_20220831 17,1387.4056396484375
99_20220831 18,1306.6783447265625
99_20220831 19,1230.687255859375
99_20220831 20,1227.734619140625
99_20220831 21,1094.2916259765625
99_20220831 22,896.3865356445312
99_20220831 23,768.73681640625
100_20220825 00,408.6612548828125
100_20220825 01,369.74462890625
100_20220825 02,351.13616943359375
100_20220825 03,351.02069091796875
100_20220825 04,353.4193420410156
100_20220825 05,377.5697326660156
100_20220825 06,560.49755859375
100_20220825 07,759.1041259765625
100_20220825 08,867.7164306640625
100_20220825 09,973.4124755859375
100_20220825 10,1045.0543212890625
100_20220825 11,1014.9244995117188
100_20220825 12,1035.718017578125
100_20220825 13,1056.1737060546875
100_20220825 14,1051.698486328125
100_20220825 15,1094.8836669921875
100_20220825 16,1068.49853515625
100_20220825 17,1039.881591796875
100_20220825 18,958.3958740234375
100_20220825 19,874.0711059570312
100_20220825 20,822.0634765625
100_20220825 21,731.7083129882812
100_20220825 22,648.1571044921875
100_20220825 23,516.443603515625
100_20220826 00,408.0669860839844
100_20220826 01,374.78289794921875
100_20220826 02,352.0429382324219
100_20220826 03,342.50958251953125
100_20220826 04,343.76495361328125
100_20220826 05,377.27716064453125
100_20220826 06,551.6854248046875
100_20220826 07,753.8060913085938
100_20220826 08,857.5812377929688
100_20220826 09,960.4471435546875
100_20220826 10,1056.800048828125
100_20220826 11,996.8123168945312
100_20220826 12,997.5780029296875
100_20220826 13,1052.685546875
100_20220826 14,1049.2298583984375
100_20220826 15,1090.9996337890625
100_20220826 16,1113.254150390625
100_20220826 17,1110.683349609375
100_20220826 18,1035.6126708984375
100_20220826 19,942.1500854492188
100_20220826 20,874.2034301757812
100_20220826 21,790.2344970703125
100_20220826 22,682.831787109375
100_20220826 23,554.41259765625
100_20220827 00,432.0310974121094
100_20220827 01,394.3879699707031
100_20220827 02,371.862548828125
100_20220827 03,362.98394775390625
100_20220827 04,356.0980529785156
100_20220827 05,398.882080078125
100_20220827 06,583.4341430664062
100_20220827 07,769.0704345703125
100_20220827 08,871.5823364257812
100_20220827 09,966.7586059570312
100_20220827 10,1042.7691650390625
100_20220827 11,982.6687622070312
100_20220827 12,995.5343017578125
100_20220827 13,1033.3026123046875
100_20220827 14,1027.763427734375
100_20220827 15,1137.9071044921875
100_20220827 16,1147.748046875
100_20220827 17,1096.41943359375
100_20220827 18,1001.8892822265625
100_20220827 19,953.4720458984375
100_20220827 20,872.10205078125
100_20220827 21,790.7243041992188
100_20220827 22,701.5120239257812
100_20220827 23,554.009765625
100_20220828 00,411.85394287109375
100_20220828 01,375.05133056640625
100_20220828 02,348.4164733886719
100_20220828 03,339.4993591308594
100_20220828 04,337.0391540527344
100_20220828 05,370.3852844238281
100_20220828 06,551.5175170898438
100_20220828 07,738.7744140625
100_20220828 08,838.6506958007812
100_20220828 09,950.7218627929688
100_20220828 10,1026.951416015625
100_20220828 11,957.8123779296875
100_20220828 12,957.2731323242188
100_20220828 13,991.5201416015625
100_20220828 14,1003.3693237304688
100_20220828 15,1106.7476806640625
100_20220828 16,1121.994140625
100_20220828 17,1095.144287109375
100_20220828 18,1026.374267578125
100_20220828 19,956.9876708984375
100_20220828 20,876.8805541992188
100_20220828 21,788.4627685546875
100_20220828 22,705.3577270507812
100_20220828 23,541.2836303710938
100_20220829 00,396.05718994140625
100_20220829 01,367.74212646484375
100_20220829 02,342.9132385253906
100_20220829 03,342.5168762207031
100_20220829 04,340.58001708984375
100_20220829 05,367.9930725097656
100_20220829 06,538.3378295898438
100_20220829 07,733.9434204101562
100_20220829 08,830.8229370117188
100_20220829 09,935.5179443359375
100_20220829 10,1011.6068115234375
100_20220829 11,955.1104736328125
100_20220829 12,956.1429443359375
100_20220829 13,959.3187255859375
100_20220829 14,957.5386962890625
100_20220829 15,1011.9677734375
100_20220829 16,1022.7273559570312
100_20220829 17,1006.111328125
100_20220829 18,934.8511962890625
100_20220829 19,878.1104736328125
100_20220829 20,817.5460205078125
100_20220829 21,739.0899658203125
100_20220829 22,642.0093383789062
100_20220829 23,509.3427734375
100_20220830 00,381.8076171875
100_20220830 01,347.663818359375
100_20220830 02,331.74029541015625
100_20220830 03,333.88482666015625
100_20220830 04,334.11505126953125
100_20220830 05,367.8664245605469
100_20220830 06,543.63818359375
100_20220830 07,735.0567626953125
100_20220830 08,839.5899658203125
100_20220830 09,942.3787231445312
100_20220830 10,999.68115234375
100_20220830 11,958.6632690429688
100_20220830 12,963.57958984375
100_20220830 13,973.2047119140625
100_20220830 14,967.5667114257812
100_20220830 15,998.5672607421875
100_20220830 16,1006.97119140625
100_20220830 17,992.830078125
100_20220830 18,936.7420654296875
100_20220830 19,878.6851806640625
100_20220830 20,805.0004272460938
100_20220830 21,729.1231689453125
100_20220830 22,632.674072265625
100_20220830 23,516.359619140625
100_20220831 00,379.2264709472656
100_20220831 01,353.44451904296875
100_20220831 02,335.2132263183594
100_20220831 03,336.6461486816406
100_20220831 04,327.05706787109375
100_20220831 05,364.257080078125
100_20220831 06,543.7006225585938
100_20220831 07,745.4353637695312
100_20220831 08,833.11767578125
100_20220831 09,938.0300903320312
100_20220831 10,1005.6492919921875
100_20220831 11,958.05078125
100_20220831 12,973.3380126953125
100_20220831 13,975.2512817382812
100_20220831 14,963.8193359375
100_20220831 15,1002.7825927734375
100_20220831 16,1027.2691650390625
100_20220831 17,1002.8956909179688
100_20220831 18,957.046875
100_20220831 19,877.1956787109375
100_20220831 20,815.0062255859375
100_20220831 21,726.9667358398438
100_20220831 22,631.7101440429688
100_20220831 23,513.0526123046875
