num_date_time,answer
1_20220825 00,1955.7813720703125
1_20220825 01,1950.32763671875
1_20220825 02,1713.8680419921875
1_20220825 03,1619.1402587890625
1_20220825 04,1658.37744140625
1_20220825 05,1861.404296875
1_20220825 06,2201.8134765625
1_20220825 07,2318.566650390625
1_20220825 08,2855.224365234375
1_20220825 09,3114.202392578125
1_20220825 10,3376.272705078125
1_20220825 11,3503.789794921875
1_20220825 12,3505.163330078125
1_20220825 13,3509.159912109375
1_20220825 14,3566.6904296875
1_20220825 15,3439.108642578125
1_20220825 16,3369.807861328125
1_20220825 17,2987.1005859375
1_20220825 18,2602.049072265625
1_20220825 19,2422.9931640625
1_20220825 20,2350.8662109375
1_20220825 21,2058.902587890625
1_20220825 22,1641.30029296875
1_20220825 23,2102.615966796875
1_20220826 00,2140.22021484375
1_20220826 01,2108.9775390625
1_20220826 02,1949.9527587890625
1_20220826 03,1782.6461181640625
1_20220826 04,1765.449951171875
1_20220826 05,2024.002685546875
1_20220826 06,2128.8779296875
1_20220826 07,2273.1689453125
1_20220826 08,2775.2392578125
1_20220826 09,3020.082275390625
1_20220826 10,3412.849365234375
1_20220826 11,3606.215087890625
1_20220826 12,3626.715087890625
1_20220826 13,3742.93994140625
1_20220826 14,3741.577392578125
1_20220826 15,3691.828369140625
1_20220826 16,3571.019775390625
1_20220826 17,3085.079833984375
1_20220826 18,2757.968017578125
1_20220826 19,2524.903076171875
1_20220826 20,2326.517578125
1_20220826 21,1970.6883544921875
1_20220826 22,1591.89697265625
1_20220826 23,2062.638671875
1_20220827 00,2006.90087890625
1_20220827 01,1939.6290283203125
1_20220827 02,1765.220703125
1_20220827 03,1677.5997314453125
1_20220827 04,1748.1092529296875
1_20220827 05,1902.6937255859375
1_20220827 06,2115.358642578125
1_20220827 07,2076.692626953125
1_20220827 08,2334.359130859375
1_20220827 09,2691.67431640625
1_20220827 10,3036.87353515625
1_20220827 11,3032.8662109375
1_20220827 12,3048.34130859375
1_20220827 13,3055.7939453125
1_20220827 14,3055.8642578125
1_20220827 15,3125.388427734375
1_20220827 16,3075.840087890625
1_20220827 17,3013.833740234375
1_20220827 18,2603.072265625
1_20220827 19,2329.368896484375
1_20220827 20,2245.1591796875
1_20220827 21,2035.48046875
1_20220827 22,1477.9549560546875
1_20220827 23,2001.474609375
1_20220828 00,1778.3670654296875
1_20220828 01,1657.7574462890625
1_20220828 02,1488.2275390625
1_20220828 03,1452.0477294921875
1_20220828 04,1457.931396484375
1_20220828 05,1553.1632080078125
1_20220828 06,1729.749267578125
1_20220828 07,1760.61767578125
1_20220828 08,1991.0340576171875
1_20220828 09,2169.181396484375
1_20220828 10,2604.888916015625
1_20220828 11,2801.125732421875
1_20220828 12,2881.268310546875
1_20220828 13,2925.942138671875
1_20220828 14,2928.417724609375
1_20220828 15,2891.465087890625
1_20220828 16,2898.090087890625
1_20220828 17,2853.26025390625
1_20220828 18,2638.146728515625
1_20220828 19,2255.063232421875
1_20220828 20,2194.40283203125
1_20220828 21,1954.9964599609375
1_20220828 22,1512.74462890625
1_20220828 23,2070.474853515625
1_20220829 00,2134.79833984375
1_20220829 01,2096.9482421875
1_20220829 02,1998.6278076171875
1_20220829 03,1847.6563720703125
1_20220829 04,1912.4058837890625
1_20220829 05,2119.402099609375
1_20220829 06,2187.040283203125
1_20220829 07,2186.881591796875
1_20220829 08,2510.526611328125
1_20220829 09,2939.767578125
1_20220829 10,3355.586181640625
1_20220829 11,3356.331787109375
1_20220829 12,3359.22802734375
1_20220829 13,3401.91259765625
1_20220829 14,3449.464599609375
1_20220829 15,3376.389892578125
1_20220829 16,3299.265380859375
1_20220829 17,2895.990478515625
1_20220829 18,2482.986572265625
1_20220829 19,2302.846923828125
1_20220829 20,2145.862548828125
1_20220829 21,1990.322265625
1_20220829 22,1491.0010986328125
1_20220829 23,2042.03369140625
1_20220830 00,2044.26953125
1_20220830 01,1952.3836669921875
1_20220830 02,1793.3975830078125
1_20220830 03,1625.04541015625
1_20220830 04,1688.3341064453125
1_20220830 05,1897.8885498046875
1_20220830 06,2093.372314453125
1_20220830 07,2138.14501953125
1_20220830 08,2630.575927734375
1_20220830 09,2885.124755859375
1_20220830 10,3308.831298828125
1_20220830 11,3526.102294921875
1_20220830 12,3502.45947265625
1_20220830 13,3493.76416015625
1_20220830 14,3468.288330078125
1_20220830 15,3411.55078125
1_20220830 16,3264.6513671875
1_20220830 17,2910.779052734375
1_20220830 18,2541.072509765625
1_20220830 19,2317.400146484375
1_20220830 20,2180.7978515625
1_20220830 21,1924.2010498046875
1_20220830 22,1536.4691162109375
1_20220830 23,2019.856201171875
1_20220831 00,2010.145751953125
1_20220831 01,1969.4813232421875
1_20220831 02,1813.43603515625
1_20220831 03,1715.46240234375
1_20220831 04,1685.4190673828125
1_20220831 05,1886.473388671875
1_20220831 06,2048.005859375
1_20220831 07,2103.867431640625
1_20220831 08,2549.482177734375
1_20220831 09,2898.3603515625
1_20220831 10,3310.261474609375
1_20220831 11,3364.639892578125
1_20220831 12,3418.720947265625
1_20220831 13,3442.410400390625
1_20220831 14,3409.04150390625
1_20220831 15,3361.567138671875
1_20220831 16,3267.612548828125
1_20220831 17,2970.72021484375
1_20220831 18,2397.0498046875
1_20220831 19,2290.621826171875
1_20220831 20,2110.0615234375
1_20220831 21,1965.861328125
1_20220831 22,1447.0166015625
1_20220831 23,1941.6031494140625
2_20220825 00,1281.6397705078125
2_20220825 01,1269.3558349609375
2_20220825 02,1256.346435546875
2_20220825 03,1247.4639892578125
2_20220825 04,1249.921142578125
2_20220825 05,1227.323974609375
2_20220825 06,1242.3709716796875
2_20220825 07,1239.47607421875
2_20220825 08,1646.635498046875
2_20220825 09,1968.1202392578125
2_20220825 10,2229.713134765625
2_20220825 11,2133.189697265625
2_20220825 12,2199.382080078125
2_20220825 13,2197.843017578125
2_20220825 14,2272.3466796875
2_20220825 15,2132.09375
2_20220825 16,2257.810546875
2_20220825 17,2209.5810546875
2_20220825 18,2216.404296875
2_20220825 19,2065.198974609375
2_20220825 20,1906.4300537109375
2_20220825 21,1621.42236328125
2_20220825 22,1052.421875
2_20220825 23,1345.9593505859375
2_20220826 00,1307.3433837890625
2_20220826 01,1305.823974609375
2_20220826 02,1317.0911865234375
2_20220826 03,1292.76806640625
2_20220826 04,1287.094970703125
2_20220826 05,1143.06103515625
2_20220826 06,1143.2550048828125
2_20220826 07,1154.80712890625
2_20220826 08,1614.9854736328125
2_20220826 09,1921.40234375
2_20220826 10,2144.738525390625
2_20220826 11,2123.783447265625
2_20220826 12,2039.8018798828125
2_20220826 13,2096.892578125
2_20220826 14,2097.647216796875
2_20220826 15,2157.240966796875
2_20220826 16,2074.863525390625
2_20220826 17,1958.065185546875
2_20220826 18,2091.0927734375
2_20220826 19,1757.0135498046875
2_20220826 20,1738.9132080078125
2_20220826 21,1516.366455078125
2_20220826 22,1052.0115966796875
2_20220826 23,1302.6448974609375
2_20220827 00,1284.45703125
2_20220827 01,1279.9715576171875
2_20220827 02,1313.6182861328125
2_20220827 03,1259.2845458984375
2_20220827 04,1265.336181640625
2_20220827 05,1167.206298828125
2_20220827 06,1176.9940185546875
2_20220827 07,1035.1651611328125
2_20220827 08,1431.7452392578125
2_20220827 09,1856.4649658203125
2_20220827 10,2025.82275390625
2_20220827 11,2056.03271484375
2_20220827 12,2213.9384765625
2_20220827 13,2190.4912109375
2_20220827 14,2291.508544921875
2_20220827 15,2312.74755859375
2_20220827 16,2305.156982421875
2_20220827 17,2182.816162109375
2_20220827 18,1965.88427734375
2_20220827 19,1721.8028564453125
2_20220827 20,1564.5948486328125
2_20220827 21,1288.654541015625
2_20220827 22,828.0346069335938
2_20220827 23,1323.1905517578125
2_20220828 00,1282.35205078125
2_20220828 01,1247.575439453125
2_20220828 02,1241.21630859375
2_20220828 03,1119.5992431640625
2_20220828 04,1085.3807373046875
2_20220828 05,1055.607666015625
2_20220828 06,911.6019897460938
2_20220828 07,947.4439086914062
2_20220828 08,1310.9530029296875
2_20220828 09,1608.57861328125
2_20220828 10,1824.0819091796875
2_20220828 11,1817.67724609375
2_20220828 12,1868.723876953125
2_20220828 13,1923.54296875
2_20220828 14,2069.633544921875
2_20220828 15,2038.264892578125
2_20220828 16,2066.671630859375
2_20220828 17,2010.6934814453125
2_20220828 18,1919.8507080078125
2_20220828 19,1571.8671875
2_20220828 20,1352.82763671875
2_20220828 21,1217.474609375
2_20220828 22,791.2130737304688
2_20220828 23,1277.6024169921875
2_20220829 00,1246.5196533203125
2_20220829 01,1254.539306640625
2_20220829 02,1259.1116943359375
2_20220829 03,1251.34521484375
2_20220829 04,1233.6131591796875
2_20220829 05,1135.53759765625
2_20220829 06,1196.2119140625
2_20220829 07,1100.74951171875
2_20220829 08,1292.6053466796875
2_20220829 09,1315.055419921875
2_20220829 10,1376.7625732421875
2_20220829 11,1372.9644775390625
2_20220829 12,1330.4617919921875
2_20220829 13,1379.3466796875
2_20220829 14,1280.0595703125
2_20220829 15,1310.41455078125
2_20220829 16,1305.184814453125
2_20220829 17,1193.180419921875
2_20220829 18,1099.8250732421875
2_20220829 19,1166.8232421875
2_20220829 20,1088.7471923828125
2_20220829 21,992.865478515625
2_20220829 22,807.2404174804688
2_20220829 23,1094.42724609375
2_20220830 00,1149.0352783203125
2_20220830 01,1190.358154296875
2_20220830 02,1208.3553466796875
2_20220830 03,1171.532958984375
2_20220830 04,1134.9354248046875
2_20220830 05,1084.29541015625
2_20220830 06,965.5819702148438
2_20220830 07,1085.4327392578125
2_20220830 08,1543.4163818359375
2_20220830 09,1739.11328125
2_20220830 10,2002.1414794921875
2_20220830 11,1976.9132080078125
2_20220830 12,1840.5758056640625
2_20220830 13,2134.579833984375
2_20220830 14,2102.793701171875
2_20220830 15,2150.240234375
2_20220830 16,2177.38818359375
2_20220830 17,2183.206787109375
2_20220830 18,2210.12060546875
2_20220830 19,2057.551025390625
2_20220830 20,1915.607421875
2_20220830 21,1650.7615966796875
2_20220830 22,1055.5665283203125
2_20220830 23,1266.659423828125
2_20220831 00,1239.002685546875
2_20220831 01,1245.57177734375
2_20220831 02,1224.2022705078125
2_20220831 03,1199.356689453125
2_20220831 04,1158.72998046875
2_20220831 05,1120.6983642578125
2_20220831 06,1108.294189453125
2_20220831 07,1104.143798828125
2_20220831 08,1527.60546875
2_20220831 09,1682.5916748046875
2_20220831 10,1849.8695068359375
2_20220831 11,1817.19580078125
2_20220831 12,1868.604736328125
2_20220831 13,2071.845458984375
2_20220831 14,2101.347412109375
2_20220831 15,2135.901611328125
2_20220831 16,2113.37841796875
2_20220831 17,2095.112548828125
2_20220831 18,2065.3056640625
2_20220831 19,1916.31005859375
2_20220831 20,1768.7286376953125
2_20220831 21,1484.1710205078125
2_20220831 22,993.7831420898438
2_20220831 23,1292.8782958984375
3_20220825 00,1054.2645263671875
3_20220825 01,1020.941650390625
3_20220825 02,1002.865966796875
3_20220825 03,969.239013671875
3_20220825 04,942.3283081054688
3_20220825 05,963.2765502929688
3_20220825 06,1009.2454833984375
3_20220825 07,1099.8641357421875
3_20220825 08,1198.7926025390625
3_20220825 09,1269.2802734375
3_20220825 10,1287.2470703125
3_20220825 11,1339.970458984375
3_20220825 12,1395.2061767578125
3_20220825 13,1536.24853515625
3_20220825 14,1613.036376953125
3_20220825 15,1782.0523681640625
3_20220825 16,1859.07373046875
3_20220825 17,1886.793701171875
3_20220825 18,2374.2626953125
3_20220825 19,2461.060546875
3_20220825 20,2449.92236328125
3_20220825 21,1909.128173828125
3_20220825 22,1250.97607421875
3_20220825 23,1105.572021484375
3_20220826 00,1043.444091796875
3_20220826 01,1001.837890625
3_20220826 02,987.684326171875
3_20220826 03,975.155029296875
3_20220826 04,945.1402587890625
3_20220826 05,968.9937744140625
3_20220826 06,998.9588012695312
3_20220826 07,1092.4627685546875
3_20220826 08,1165.5721435546875
3_20220826 09,1209.672119140625
3_20220826 10,1270.32958984375
3_20220826 11,1318.5880126953125
3_20220826 12,1382.3758544921875
3_20220826 13,1533.6121826171875
3_20220826 14,1642.7442626953125
3_20220826 15,1768.87890625
3_20220826 16,1838.8604736328125
3_20220826 17,1953.1715087890625
3_20220826 18,2415.605712890625
3_20220826 19,2437.2392578125
3_20220826 20,2437.478271484375
3_20220826 21,2091.6728515625
3_20220826 22,1323.803466796875
3_20220826 23,1129.9334716796875
3_20220827 00,1088.1339111328125
3_20220827 01,1039.6007080078125
3_20220827 02,991.4286499023438
3_20220827 03,965.9370727539062
3_20220827 04,927.5302734375
3_20220827 05,913.2630615234375
3_20220827 06,910.8347778320312
3_20220827 07,975.939697265625
3_20220827 08,1054.2081298828125
3_20220827 09,1174.50634765625
3_20220827 10,1221.1514892578125
3_20220827 11,1280.0020751953125
3_20220827 12,1396.820068359375
3_20220827 13,1525.0
3_20220827 14,1712.045654296875
3_20220827 15,1819.4202880859375
3_20220827 16,1952.1719970703125
3_20220827 17,2115.004150390625
3_20220827 18,2291.752685546875
3_20220827 19,2294.312255859375
3_20220827 20,2311.909912109375
3_20220827 21,1700.13330078125
3_20220827 22,1220.602294921875
3_20220827 23,1088.79443359375
3_20220828 00,1045.2049560546875
3_20220828 01,1004.9883422851562
3_20220828 02,999.6009521484375
3_20220828 03,984.3685302734375
3_20220828 04,947.7125244140625
3_20220828 05,911.1622924804688
3_20220828 06,910.8347778320312
3_20220828 07,976.7383422851562
3_20220828 08,1047.8287353515625
3_20220828 09,1104.2125244140625
3_20220828 10,1156.878662109375
3_20220828 11,1181.48681640625
3_20220828 12,1239.9676513671875
3_20220828 13,1331.42529296875
3_20220828 14,1523.10302734375
3_20220828 15,1655.625
3_20220828 16,1737.9864501953125
3_20220828 17,2039.17529296875
3_20220828 18,2216.221923828125
3_20220828 19,2222.27587890625
3_20220828 20,1873.3280029296875
3_20220828 21,1476.391357421875
3_20220828 22,1188.6898193359375
3_20220828 23,1066.7855224609375
3_20220829 00,1034.3095703125
3_20220829 01,986.7437133789062
3_20220829 02,961.5667724609375
3_20220829 03,931.227783203125
3_20220829 04,917.9705200195312
3_20220829 05,923.4888305664062
3_20220829 06,918.3629150390625
3_20220829 07,969.373046875
3_20220829 08,1035.5555419921875
3_20220829 09,1088.695556640625
3_20220829 10,1128.8812255859375
3_20220829 11,1151.9197998046875
3_20220829 12,1149.6297607421875
3_20220829 13,1157.2652587890625
3_20220829 14,1147.2425537109375
3_20220829 15,1146.046875
3_20220829 16,1135.0186767578125
3_20220829 17,1133.177734375
3_20220829 18,1102.2022705078125
3_20220829 19,1104.445556640625
3_20220829 20,1091.6807861328125
3_20220829 21,985.930908203125
3_20220829 22,936.5800170898438
3_20220829 23,908.177490234375
3_20220830 00,906.055419921875
3_20220830 01,874.8043212890625
3_20220830 02,873.2654418945312
3_20220830 03,873.2654418945312
3_20220830 04,872.9989624023438
3_20220830 05,881.4467163085938
3_20220830 06,910.9321899414062
3_20220830 07,1003.705810546875
3_20220830 08,1075.2974853515625
3_20220830 09,1169.0625
3_20220830 10,1227.0753173828125
3_20220830 11,1247.300537109375
3_20220830 12,1263.219482421875
3_20220830 13,1345.717041015625
3_20220830 14,1426.82666015625
3_20220830 15,1586.990234375
3_20220830 16,1641.425048828125
3_20220830 17,1652.2113037109375
3_20220830 18,1701.4002685546875
3_20220830 19,1645.888671875
3_20220830 20,1594.6903076171875
3_20220830 21,1517.1773681640625
3_20220830 22,1146.0452880859375
3_20220830 23,982.677001953125
3_20220831 00,945.5630493164062
3_20220831 01,912.6439208984375
3_20220831 02,901.7390747070312
3_20220831 03,894.045166015625
3_20220831 04,884.3883056640625
3_20220831 05,898.7391967773438
3_20220831 06,898.3988647460938
3_20220831 07,983.4763793945312
3_20220831 08,1031.5458984375
3_20220831 09,1156.671142578125
3_20220831 10,1198.3006591796875
3_20220831 11,1206.6339111328125
3_20220831 12,1242.9091796875
3_20220831 13,1315.719482421875
3_20220831 14,1448.0736083984375
3_20220831 15,1586.3829345703125
3_20220831 16,1688.050048828125
3_20220831 17,1770.150390625
3_20220831 18,2262.716552734375
3_20220831 19,2329.75390625
3_20220831 20,2263.166748046875
3_20220831 21,1767.3895263671875
3_20220831 22,1202.8111572265625
3_20220831 23,982.822509765625
4_20220825 00,704.0067749023438
4_20220825 01,702.3184814453125
4_20220825 02,702.84619140625
4_20220825 03,699.3616333007812
4_20220825 04,704.5489501953125
4_20220825 05,709.5252075195312
4_20220825 06,760.9634399414062
4_20220825 07,853.9295043945312
4_20220825 08,1044.05517578125
4_20220825 09,1227.6856689453125
4_20220825 10,1358.1490478515625
4_20220825 11,1394.493408203125
4_20220825 12,1367.6273193359375
4_20220825 13,1315.3143310546875
4_20220825 14,1257.5960693359375
4_20220825 15,1263.0323486328125
4_20220825 16,1248.0111083984375
4_20220825 17,1169.6134033203125
4_20220825 18,1031.611572265625
4_20220825 19,878.5073852539062
4_20220825 20,814.4964599609375
4_20220825 21,764.2626953125
4_20220825 22,755.506103515625
4_20220825 23,704.4334106445312
4_20220826 00,713.277099609375
4_20220826 01,707.7035522460938
4_20220826 02,716.3076782226562
4_20220826 03,705.1235961914062
4_20220826 04,709.1358032226562
4_20220826 05,717.6105346679688
4_20220826 06,764.1646728515625
4_20220826 07,851.167236328125
4_20220826 08,1055.5390625
4_20220826 09,1246.7012939453125
4_20220826 10,1359.35595703125
4_20220826 11,1400.0030517578125
4_20220826 12,1377.7625732421875
4_20220826 13,1365.8824462890625
4_20220826 14,1345.5538330078125
4_20220826 15,1357.92626953125
4_20220826 16,1317.0762939453125
4_20220826 17,1178.0958251953125
4_20220826 18,1054.5775146484375
4_20220826 19,887.3082275390625
4_20220826 20,812.6796264648438
4_20220826 21,762.247802734375
4_20220826 22,750.3671875
4_20220826 23,709.351318359375
4_20220827 00,700.0904541015625
4_20220827 01,694.3134155273438
4_20220827 02,685.935791015625
4_20220827 03,658.2042846679688
4_20220827 04,678.5808715820312
4_20220827 05,673.80029296875
4_20220827 06,738.8277587890625
4_20220827 07,845.589599609375
4_20220827 08,1054.8203125
4_20220827 09,1243.0872802734375
4_20220827 10,1347.69482421875
4_20220827 11,1368.873779296875
4_20220827 12,1373.521240234375
4_20220827 13,1356.065673828125
4_20220827 14,1289.4161376953125
4_20220827 15,1289.427490234375
4_20220827 16,1258.486328125
4_20220827 17,1162.1807861328125
4_20220827 18,1012.4449462890625
4_20220827 19,834.846923828125
4_20220827 20,784.2896728515625
4_20220827 21,752.244384765625
4_20220827 22,743.3872680664062
4_20220827 23,704.4379272460938
4_20220828 00,689.0806274414062
4_20220828 01,679.2827758789062
4_20220828 02,683.0585327148438
4_20220828 03,687.61865234375
4_20220828 04,695.700439453125
4_20220828 05,719.0703735351562
4_20220828 06,772.4031372070312
4_20220828 07,860.8090209960938
4_20220828 08,1053.7628173828125
4_20220828 09,1218.7154541015625
4_20220828 10,1344.0142822265625
4_20220828 11,1377.5291748046875
4_20220828 12,1386.5850830078125
4_20220828 13,1391.0087890625
4_20220828 14,1325.66552734375
4_20220828 15,1361.9815673828125
4_20220828 16,1337.933349609375
4_20220828 17,1226.24560546875
4_20220828 18,1028.5233154296875
4_20220828 19,868.1390991210938
4_20220828 20,798.6318359375
4_20220828 21,756.2583618164062
4_20220828 22,746.2816162109375
4_20220828 23,704.4534301757812
4_20220829 00,681.002685546875
4_20220829 01,677.0760498046875
4_20220829 02,690.1130981445312
4_20220829 03,674.515625
4_20220829 04,665.4368286132812
4_20220829 05,677.0098266601562
4_20220829 06,747.8779296875
4_20220829 07,867.5181884765625
4_20220829 08,1047.432373046875
4_20220829 09,1240.35693359375
4_20220829 10,1347.6248779296875
4_20220829 11,1364.16064453125
4_20220829 12,1352.86376953125
4_20220829 13,1316.20458984375
4_20220829 14,1289.2962646484375
4_20220829 15,1281.32373046875
4_20220829 16,1256.0311279296875
4_20220829 17,1168.56689453125
4_20220829 18,1034.8406982421875
4_20220829 19,877.3357543945312
4_20220829 20,810.3920288085938
4_20220829 21,752.9884643554688
4_20220829 22,720.2911376953125
4_20220829 23,679.7992553710938
4_20220830 00,679.044677734375
4_20220830 01,675.0635986328125
4_20220830 02,673.17041015625
4_20220830 03,679.2315063476562
4_20220830 04,684.7728881835938
4_20220830 05,701.8451538085938
4_20220830 06,774.3731079101562
4_20220830 07,870.2605590820312
4_20220830 08,1031.6644287109375
4_20220830 09,1193.8311767578125
4_20220830 10,1312.35595703125
4_20220830 11,1335.5418701171875
4_20220830 12,1317.7550048828125
4_20220830 13,1303.80126953125
4_20220830 14,1254.0975341796875
4_20220830 15,1249.17431640625
4_20220830 16,1230.6680908203125
4_20220830 17,1156.170166015625
4_20220830 18,1012.0009155273438
4_20220830 19,902.7684936523438
4_20220830 20,832.4271240234375
4_20220830 21,766.2603759765625
4_20220830 22,749.5531005859375
4_20220830 23,691.4072875976562
4_20220831 00,695.6004638671875
4_20220831 01,682.8411865234375
4_20220831 02,674.0075073242188
4_20220831 03,682.1390991210938
4_20220831 04,683.7109985351562
4_20220831 05,688.7828369140625
4_20220831 06,752.3106079101562
4_20220831 07,857.3908081054688
4_20220831 08,1035.5125732421875
4_20220831 09,1196.1231689453125
4_20220831 10,1325.927734375
4_20220831 11,1368.48095703125
4_20220831 12,1347.60693359375
4_20220831 13,1317.900146484375
4_20220831 14,1274.701171875
4_20220831 15,1267.02734375
4_20220831 16,1228.066650390625
4_20220831 17,1151.6876220703125
4_20220831 18,1016.658203125
4_20220831 19,873.5653686523438
4_20220831 20,795.1983032226562
4_20220831 21,743.3906860351562
4_20220831 22,725.3735961914062
4_20220831 23,686.6961669921875
5_20220825 00,1825.2890625
5_20220825 01,1827.295654296875
5_20220825 02,1823.5089111328125
5_20220825 03,1822.300048828125
5_20220825 04,1824.4534912109375
5_20220825 05,1907.97412109375
5_20220825 06,1953.30859375
5_20220825 07,2124.829833984375
5_20220825 08,2687.280517578125
5_20220825 09,3216.906982421875
5_20220825 10,3384.6474609375
5_20220825 11,3361.57568359375
5_20220825 12,3306.60693359375
5_20220825 13,3369.7919921875
5_20220825 14,3327.9423828125
5_20220825 15,3245.288818359375
5_20220825 16,2946.804931640625
5_20220825 17,2667.4345703125
5_20220825 18,1985.9219970703125
5_20220825 19,1811.8653564453125
5_20220825 20,1712.870361328125
5_20220825 21,1697.4019775390625
5_20220825 22,1640.2716064453125
5_20220825 23,1638.658203125
5_20220826 00,1870.2471923828125
5_20220826 01,1889.5281982421875
5_20220826 02,1865.2362060546875
5_20220826 03,1854.1895751953125
5_20220826 04,1869.34033203125
5_20220826 05,1951.24462890625
5_20220826 06,1981.32763671875
5_20220826 07,2182.328857421875
5_20220826 08,3030.71240234375
5_20220826 09,3616.80712890625
5_20220826 10,3777.876708984375
5_20220826 11,4959.89013671875
5_20220826 12,5615.54931640625
5_20220826 13,5618.60400390625
5_20220826 14,5169.1806640625
5_20220826 15,5560.43115234375
5_20220826 16,5103.6396484375
5_20220826 17,5094.318359375
5_20220826 18,4465.19775390625
5_20220826 19,4505.70458984375
5_20220826 20,4585.90576171875
5_20220826 21,2723.328125
5_20220826 22,1721.3226318359375
5_20220826 23,1685.609375
5_20220827 00,1935.9122314453125
5_20220827 01,1925.3050537109375
5_20220827 02,1897.69775390625
5_20220827 03,1875.2628173828125
5_20220827 04,1893.8961181640625
5_20220827 05,1962.5616455078125
5_20220827 06,1996.82861328125
5_20220827 07,2299.61181640625
5_20220827 08,3171.3798828125
5_20220827 09,3949.572509765625
5_20220827 10,4118.943359375
5_20220827 11,5822.51708984375
5_20220827 12,6474.3876953125
5_20220827 13,6515.8232421875
5_20220827 14,6491.10986328125
5_20220827 15,6476.521484375
5_20220827 16,6450.45361328125
5_20220827 17,6325.62451171875
5_20220827 18,5066.5859375
5_20220827 19,4418.80224609375
5_20220827 20,4421.8330078125
5_20220827 21,2708.445068359375
5_20220827 22,1703.639404296875
5_20220827 23,1667.40673828125
5_20220828 00,1653.839111328125
5_20220828 01,1653.5877685546875
5_20220828 02,1661.279296875
5_20220828 03,1658.786376953125
5_20220828 04,1658.4434814453125
5_20220828 05,1731.4371337890625
5_20220828 06,1981.01904296875
5_20220828 07,2438.599365234375
5_20220828 08,4342.24267578125
5_20220828 09,5951.998046875
5_20220828 10,5984.623046875
5_20220828 11,6053.685546875
5_20220828 12,6214.38232421875
5_20220828 13,6231.4296875
5_20220828 14,6267.064453125
5_20220828 15,6502.75732421875
5_20220828 16,6448.41064453125
5_20220828 17,6211.75439453125
5_20220828 18,3059.844482421875
5_20220828 19,1881.57177734375
5_20220828 20,1668.430419921875
5_20220828 21,1863.54443359375
5_20220828 22,1621.4046630859375
5_20220828 23,1617.7735595703125
5_20220829 00,1706.1175537109375
5_20220829 01,1699.3953857421875
5_20220829 02,1700.90673828125
5_20220829 03,1692.0284423828125
5_20220829 04,1690.1905517578125
5_20220829 05,1714.50927734375
5_20220829 06,1735.48193359375
5_20220829 07,1778.4034423828125
5_20220829 08,1832.9788818359375
5_20220829 09,1822.3468017578125
5_20220829 10,1881.4136962890625
5_20220829 11,1885.8770751953125
5_20220829 12,1867.6676025390625
5_20220829 13,1866.0284423828125
5_20220829 14,1483.9129638671875
5_20220829 15,1464.6104736328125
5_20220829 16,1518.80615234375
5_20220829 17,1825.92529296875
5_20220829 18,1720.9512939453125
5_20220829 19,1669.21728515625
5_20220829 20,1645.938720703125
5_20220829 21,1661.7425537109375
5_20220829 22,1629.276123046875
5_20220829 23,1628.326171875
5_20220830 00,1797.06494140625
5_20220830 01,1799.88525390625
5_20220830 02,1750.7452392578125
5_20220830 03,1728.958984375
5_20220830 04,1728.958984375
5_20220830 05,1731.028076171875
5_20220830 06,1709.9761962890625
5_20220830 07,1828.1131591796875
5_20220830 08,1936.7027587890625
5_20220830 09,2015.4691162109375
5_20220830 10,2106.921142578125
5_20220830 11,2065.2333984375
5_20220830 12,2102.943115234375
5_20220830 13,2120.177490234375
5_20220830 14,1582.659423828125
5_20220830 15,1557.9942626953125
5_20220830 16,1591.4705810546875
5_20220830 17,1911.1759033203125
5_20220830 18,1788.86669921875
5_20220830 19,1692.135498046875
5_20220830 20,1652.32421875
5_20220830 21,1665.8826904296875
5_20220830 22,1629.64013671875
5_20220830 23,1630.3592529296875
5_20220831 00,1754.73388671875
5_20220831 01,1756.39013671875
5_20220831 02,1755.1690673828125
5_20220831 03,1752.0347900390625
5_20220831 04,1788.481201171875
5_20220831 05,1870.635498046875
5_20220831 06,1929.8309326171875
5_20220831 07,2065.81591796875
5_20220831 08,2304.238037109375
5_20220831 09,2543.962646484375
5_20220831 10,2606.695556640625
5_20220831 11,2515.330078125
5_20220831 12,2496.3505859375
5_20220831 13,2612.504638671875
5_20220831 14,2234.2236328125
5_20220831 15,2157.371826171875
5_20220831 16,2117.2373046875
5_20220831 17,2186.751708984375
5_20220831 18,1892.4332275390625
5_20220831 19,1713.752685546875
5_20220831 20,1676.49267578125
5_20220831 21,1665.55126953125
5_20220831 22,1628.9879150390625
5_20220831 23,1621.5098876953125
6_20220825 00,1149.0406494140625
6_20220825 01,1015.5180053710938
6_20220825 02,987.7216796875
6_20220825 03,989.189453125
6_20220825 04,983.938720703125
6_20220825 05,1015.5093383789062
6_20220825 06,1177.2728271484375
6_20220825 07,1482.2091064453125
6_20220825 08,1644.9942626953125
6_20220825 09,2160.904541015625
6_20220825 10,2769.237548828125
6_20220825 11,2814.426513671875
6_20220825 12,2805.175048828125
6_20220825 13,2830.174560546875
6_20220825 14,2842.78515625
6_20220825 15,2820.286865234375
6_20220825 16,2788.830078125
6_20220825 17,2764.33984375
6_20220825 18,2364.861083984375
6_20220825 19,2144.947998046875
6_20220825 20,1957.16259765625
6_20220825 21,1761.6976318359375
6_20220825 22,1578.32666015625
6_20220825 23,1479.599853515625
6_20220826 00,1149.590576171875
6_20220826 01,1018.9096069335938
6_20220826 02,993.4424438476562
6_20220826 03,1000.7421264648438
6_20220826 04,990.468017578125
6_20220826 05,1043.3739013671875
6_20220826 06,1197.4656982421875
6_20220826 07,1497.330078125
6_20220826 08,1648.29150390625
6_20220826 09,2162.504638671875
6_20220826 10,2770.70458984375
6_20220826 11,2823.59033203125
6_20220826 12,2837.308837890625
6_20220826 13,2833.2509765625
6_20220826 14,2866.40185546875
6_20220826 15,2891.9072265625
6_20220826 16,2849.4169921875
6_20220826 17,2804.644287109375
6_20220826 18,2384.0693359375
6_20220826 19,2185.66943359375
6_20220826 20,1993.11376953125
6_20220826 21,1826.2659912109375
6_20220826 22,1674.8284912109375
6_20220826 23,1534.7503662109375
6_20220827 00,1202.6463623046875
6_20220827 01,1037.46142578125
6_20220827 02,994.4203491210938
6_20220827 03,1000.1691284179688
6_20220827 04,986.547119140625
6_20220827 05,1022.698974609375
6_20220827 06,1207.8275146484375
6_20220827 07,1492.40576171875
6_20220827 08,1661.44921875
6_20220827 09,2153.864013671875
6_20220827 10,2660.84375
6_20220827 11,2749.595458984375
6_20220827 12,2839.23828125
6_20220827 13,2843.0732421875
6_20220827 14,2868.51318359375
6_20220827 15,2870.6220703125
6_20220827 16,2830.260986328125
6_20220827 17,2815.839111328125
6_20220827 18,2352.595703125
6_20220827 19,2176.220947265625
6_20220827 20,1973.0452880859375
6_20220827 21,1751.859375
6_20220827 22,1573.314453125
6_20220827 23,1487.3377685546875
6_20220828 00,1191.163818359375
6_20220828 01,1014.4685668945312
6_20220828 02,992.7340087890625
6_20220828 03,990.406005859375
6_20220828 04,970.0556640625
6_20220828 05,1011.5829467773438
6_20220828 06,1139.918701171875
6_20220828 07,1401.66845703125
6_20220828 08,1585.3984375
6_20220828 09,1988.8055419921875
6_20220828 10,2326.161865234375
6_20220828 11,2367.825439453125
6_20220828 12,2383.99072265625
6_20220828 13,2306.892578125
6_20220828 14,2363.76171875
6_20220828 15,2368.744873046875
6_20220828 16,2341.2587890625
6_20220828 17,2322.033447265625
6_20220828 18,2255.1826171875
6_20220828 19,2037.8594970703125
6_20220828 20,1843.214111328125
6_20220828 21,1657.6280517578125
6_20220828 22,1575.0687255859375
6_20220828 23,1464.26806640625
6_20220829 00,1141.5706787109375
6_20220829 01,995.3170166015625
6_20220829 02,969.7506103515625
6_20220829 03,965.4110717773438
6_20220829 04,957.725830078125
6_20220829 05,1001.6550903320312
6_20220829 06,1162.80224609375
6_20220829 07,1471.4129638671875
6_20220829 08,1610.7950439453125
6_20220829 09,2165.025634765625
6_20220829 10,2501.41845703125
6_20220829 11,2593.584228515625
6_20220829 12,2609.412353515625
6_20220829 13,2619.05419921875
6_20220829 14,2633.47900390625
6_20220829 15,2639.010986328125
6_20220829 16,2497.89990234375
6_20220829 17,2469.2001953125
6_20220829 18,2308.2236328125
6_20220829 19,2157.41064453125
6_20220829 20,1958.483154296875
6_20220829 21,1724.318359375
6_20220829 22,1541.7108154296875
6_20220829 23,1460.2816162109375
6_20220830 00,1118.77392578125
6_20220830 01,990.8482666015625
6_20220830 02,975.207763671875
6_20220830 03,978.9644775390625
6_20220830 04,974.3128662109375
6_20220830 05,1021.3441772460938
6_20220830 06,1196.6571044921875
6_20220830 07,1511.65234375
6_20220830 08,1632.592529296875
6_20220830 09,2148.505615234375
6_20220830 10,2414.609130859375
6_20220830 11,2483.927490234375
6_20220830 12,2497.31103515625
6_20220830 13,2499.48291015625
6_20220830 14,2505.40673828125
6_20220830 15,2521.777587890625
6_20220830 16,2475.832763671875
6_20220830 17,2432.59130859375
6_20220830 18,2265.8232421875
6_20220830 19,2060.33056640625
6_20220830 20,1907.693359375
6_20220830 21,1725.8817138671875
6_20220830 22,1579.314453125
6_20220830 23,1490.153076171875
6_20220831 00,1171.4412841796875
6_20220831 01,1006.8750610351562
6_20220831 02,981.3234252929688
6_20220831 03,977.265625
6_20220831 04,971.8140869140625
6_20220831 05,1002.1713256835938
6_20220831 06,1195.309326171875
6_20220831 07,1494.4097900390625
6_20220831 08,1608.2237548828125
6_20220831 09,2110.358154296875
6_20220831 10,2478.5263671875
6_20220831 11,2546.25927734375
6_20220831 12,2569.393798828125
6_20220831 13,2570.787353515625
6_20220831 14,2623.091064453125
6_20220831 15,2594.152099609375
6_20220831 16,2502.2060546875
6_20220831 17,2431.773681640625
6_20220831 18,2285.15625
6_20220831 19,2074.797119140625
6_20220831 20,1899.2562255859375
6_20220831 21,1711.1038818359375
6_20220831 22,1578.7093505859375
6_20220831 23,1495.55078125
7_20220825 00,394.5572204589844
7_20220825 01,393.65216064453125
7_20220825 02,393.8843994140625
7_20220825 03,389.4288330078125
7_20220825 04,394.8328857421875
7_20220825 05,578.6062622070312
7_20220825 06,807.8244018554688
7_20220825 07,850.33984375
7_20220825 08,933.271728515625
7_20220825 09,977.9843139648438
7_20220825 10,1034.3193359375
7_20220825 11,1016.4011840820312
7_20220825 12,981.2283325195312
7_20220825 13,1011.1586303710938
7_20220825 14,1011.215087890625
7_20220825 15,1001.895263671875
7_20220825 16,1017.2786865234375
7_20220825 17,983.4967041015625
7_20220825 18,907.986328125
7_20220825 19,927.7091674804688
7_20220825 20,902.6195678710938
7_20220825 21,610.0617065429688
7_20220825 22,474.2353210449219
7_20220825 23,428.0545959472656
7_20220826 00,406.63507080078125
7_20220826 01,405.5673522949219
7_20220826 02,402.53826904296875
7_20220826 03,397.2860412597656
7_20220826 04,397.0710754394531
7_20220826 05,571.9354858398438
7_20220826 06,813.6654052734375
7_20220826 07,861.8712768554688
7_20220826 08,938.76171875
7_20220826 09,960.346923828125
7_20220826 10,1032.8289794921875
7_20220826 11,1015.0353393554688
7_20220826 12,997.477294921875
7_20220826 13,1029.065185546875
7_20220826 14,1011.7774047851562
7_20220826 15,1020.0103759765625
7_20220826 16,1023.413818359375
7_20220826 17,985.720458984375
7_20220826 18,916.8296508789062
7_20220826 19,933.216796875
7_20220826 20,916.228271484375
7_20220826 21,618.57275390625
7_20220826 22,484.0710144042969
7_20220826 23,379.0749206542969
7_20220827 00,353.7483825683594
7_20220827 01,358.7740478515625
7_20220827 02,352.72418212890625
7_20220827 03,344.3393249511719
7_20220827 04,397.6944274902344
7_20220827 05,424.6136474609375
7_20220827 06,435.6143493652344
7_20220827 07,453.2738037109375
7_20220827 08,647.9014282226562
7_20220827 09,843.8474731445312
7_20220827 10,917.0855102539062
7_20220827 11,920.8038940429688
7_20220827 12,916.456298828125
7_20220827 13,920.3338012695312
7_20220827 14,931.3399047851562
7_20220827 15,914.5263061523438
7_20220827 16,920.5884399414062
7_20220827 17,902.5078125
7_20220827 18,605.801513671875
7_20220827 19,544.0951538085938
7_20220827 20,541.1581420898438
7_20220827 21,461.8163757324219
7_20220827 22,440.5546569824219
7_20220827 23,423.3783874511719
7_20220828 00,401.1390686035156
7_20220828 01,398.54119873046875
7_20220828 02,399.0718688964844
7_20220828 03,396.81475830078125
7_20220828 04,396.7260437011719
7_20220828 05,406.9223937988281
7_20220828 06,430.2271423339844
7_20220828 07,435.2427978515625
7_20220828 08,628.4027709960938
7_20220828 09,667.7869262695312
7_20220828 10,744.6680297851562
7_20220828 11,700.0679321289062
7_20220828 12,680.8953857421875
7_20220828 13,692.3394775390625
7_20220828 14,702.6820678710938
7_20220828 15,693.3584594726562
7_20220828 16,701.4126586914062
7_20220828 17,682.0737915039062
7_20220828 18,588.514892578125
7_20220828 19,531.9745483398438
7_20220828 20,524.606689453125
7_20220828 21,434.9897155761719
7_20220828 22,409.9958190917969
7_20220828 23,404.0668640136719
7_20220829 00,397.9566345214844
7_20220829 01,397.4027099609375
7_20220829 02,396.6435546875
7_20220829 03,394.7108154296875
7_20220829 04,419.8270263671875
7_20220829 05,576.6190795898438
7_20220829 06,756.4442749023438
7_20220829 07,827.9095458984375
7_20220829 08,923.5702514648438
7_20220829 09,965.6892700195312
7_20220829 10,1020.768798828125
7_20220829 11,1014.9613037109375
7_20220829 12,982.1513671875
7_20220829 13,993.2003784179688
7_20220829 14,990.4756469726562
7_20220829 15,987.0823974609375
7_20220829 16,985.452392578125
7_20220829 17,946.1378784179688
7_20220829 18,819.7987670898438
7_20220829 19,839.049560546875
7_20220829 20,834.2044677734375
7_20220829 21,585.0064086914062
7_20220829 22,454.8704833984375
7_20220829 23,409.8724670410156
7_20220830 00,396.3935852050781
7_20220830 01,395.8989562988281
7_20220830 02,395.1494140625
7_20220830 03,343.77227783203125
7_20220830 04,344.5461120605469
7_20220830 05,572.483154296875
7_20220830 06,789.5388793945312
7_20220830 07,858.659423828125
7_20220830 08,955.967041015625
7_20220830 09,987.7169799804688
7_20220830 10,1036.4278564453125
7_20220830 11,1017.469482421875
7_20220830 12,1019.1217041015625
7_20220830 13,1009.8677978515625
7_20220830 14,1015.5130615234375
7_20220830 15,1024.41064453125
7_20220830 16,1050.051513671875
7_20220830 17,988.5733032226562
7_20220830 18,935.5805053710938
7_20220830 19,960.9226684570312
7_20220830 20,937.8262329101562
7_20220830 21,578.8075561523438
7_20220830 22,461.3521423339844
7_20220830 23,383.4701843261719
7_20220831 00,347.6466064453125
7_20220831 01,350.10015869140625
7_20220831 02,353.38238525390625
7_20220831 03,340.076416015625
7_20220831 04,351.6465148925781
7_20220831 05,567.4901733398438
7_20220831 06,780.440185546875
7_20220831 07,849.2521362304688
7_20220831 08,954.5847778320312
7_20220831 09,988.7525024414062
7_20220831 10,1045.76416015625
7_20220831 11,1034.534912109375
7_20220831 12,1005.4365234375
7_20220831 13,1031.4581298828125
7_20220831 14,1031.74755859375
7_20220831 15,1008.3628540039062
7_20220831 16,1026.9990234375
7_20220831 17,999.9843139648438
7_20220831 18,911.162353515625
7_20220831 19,944.509765625
7_20220831 20,898.5437622070312
7_20220831 21,586.794189453125
7_20220831 22,446.18719482421875
7_20220831 23,359.0975341796875
8_20220825 00,1341.5137939453125
8_20220825 01,1239.797607421875
8_20220825 02,1205.1719970703125
8_20220825 03,1288.85205078125
8_20220825 04,1351.4561767578125
8_20220825 05,1373.5792236328125
8_20220825 06,1211.4119873046875
8_20220825 07,1320.7430419921875
8_20220825 08,1487.0428466796875
8_20220825 09,1514.73388671875
8_20220825 10,1308.7032470703125
8_20220825 11,1315.2032470703125
8_20220825 12,1295.038818359375
8_20220825 13,1391.7388916015625
8_20220825 14,1397.2462158203125
8_20220825 15,1440.6279296875
8_20220825 16,1489.3021240234375
8_20220825 17,1397.50634765625
8_20220825 18,1299.978271484375
8_20220825 19,1305.1513671875
8_20220825 20,1292.75
8_20220825 21,1270.140380859375
8_20220825 22,1179.1348876953125
8_20220825 23,1160.8607177734375
8_20220826 00,1312.0445556640625
8_20220826 01,1203.415283203125
8_20220826 02,1218.0772705078125
8_20220826 03,1314.25439453125
8_20220826 04,1365.6331787109375
8_20220826 05,1391.7225341796875
8_20220826 06,1199.35986328125
8_20220826 07,1188.4268798828125
8_20220826 08,1502.0047607421875
8_20220826 09,1505.7742919921875
8_20220826 10,1324.7060546875
8_20220826 11,1340.5096435546875
8_20220826 12,1323.28173828125
8_20220826 13,1393.0067138671875
8_20220826 14,1409.087890625
8_20220826 15,1471.1209716796875
8_20220826 16,1524.8348388671875
8_20220826 17,1428.03759765625
8_20220826 18,1356.958984375
8_20220826 19,1354.7308349609375
8_20220826 20,1343.0592041015625
8_20220826 21,1295.54052734375
8_20220826 22,1254.3929443359375
8_20220826 23,1216.8360595703125
8_20220827 00,1322.8114013671875
8_20220827 01,1226.7276611328125
8_20220827 02,1296.5538330078125
8_20220827 03,1344.1932373046875
8_20220827 04,1413.5860595703125
8_20220827 05,1427.264892578125
8_20220827 06,1375.69091796875
8_20220827 07,1441.3018798828125
8_20220827 08,1477.37060546875
8_20220827 09,1479.0787353515625
8_20220827 10,1277.45361328125
8_20220827 11,1283.854248046875
8_20220827 12,1250.24658203125
8_20220827 13,1351.8375244140625
8_20220827 14,1363.9273681640625
8_20220827 15,1428.2242431640625
8_20220827 16,1498.083251953125
8_20220827 17,1452.0538330078125
8_20220827 18,1306.541748046875
8_20220827 19,1246.018798828125
8_20220827 20,1214.6591796875
8_20220827 21,1181.7581787109375
8_20220827 22,1151.8690185546875
8_20220827 23,1108.590087890625
8_20220828 00,1034.3651123046875
8_20220828 01,980.2920532226562
8_20220828 02,964.536865234375
8_20220828 03,958.2374877929688
8_20220828 04,956.1031494140625
8_20220828 05,946.799560546875
8_20220828 06,937.6480712890625
8_20220828 07,948.5068969726562
8_20220828 08,1011.8319702148438
8_20220828 09,1044.8868408203125
8_20220828 10,1057.944580078125
8_20220828 11,1067.1021728515625
8_20220828 12,1055.53271484375
8_20220828 13,1090.3690185546875
8_20220828 14,1114.88916015625
8_20220828 15,1147.18408203125
8_20220828 16,1156.5211181640625
8_20220828 17,1120.720703125
8_20220828 18,1087.521728515625
8_20220828 19,1090.1072998046875
8_20220828 20,1096.0714111328125
8_20220828 21,1062.2884521484375
8_20220828 22,1055.6502685546875
8_20220828 23,1048.9324951171875
8_20220829 00,1137.5625
8_20220829 01,1102.6754150390625
8_20220829 02,1108.188232421875
8_20220829 03,1150.3924560546875
8_20220829 04,1275.4305419921875
8_20220829 05,1304.5867919921875
8_20220829 06,1089.9454345703125
8_20220829 07,1186.7579345703125
8_20220829 08,1415.841796875
8_20220829 09,1438.2403564453125
8_20220829 10,1214.060546875
8_20220829 11,1199.9425048828125
8_20220829 12,1209.3370361328125
8_20220829 13,1264.24462890625
8_20220829 14,1268.39599609375
8_20220829 15,1304.4840087890625
8_20220829 16,1403.6954345703125
8_20220829 17,1324.111083984375
8_20220829 18,1260.9259033203125
8_20220829 19,1258.7838134765625
8_20220829 20,1234.964111328125
8_20220829 21,1190.2855224609375
8_20220829 22,1175.6044921875
8_20220829 23,1132.919189453125
8_20220830 00,1198.65966796875
8_20220830 01,1103.64501953125
8_20220830 02,1124.9620361328125
8_20220830 03,1183.94775390625
8_20220830 04,1270.8316650390625
8_20220830 05,1290.1495361328125
8_20220830 06,1157.83837890625
8_20220830 07,1192.3582763671875
8_20220830 08,1417.2742919921875
8_20220830 09,1457.3148193359375
8_20220830 10,1234.3748779296875
8_20220830 11,1236.7393798828125
8_20220830 12,1190.99072265625
8_20220830 13,1284.3677978515625
8_20220830 14,1292.032470703125
8_20220830 15,1326.4361572265625
8_20220830 16,1412.7711181640625
8_20220830 17,1316.77783203125
8_20220830 18,1229.7047119140625
8_20220830 19,1197.64404296875
8_20220830 20,1200.45263671875
8_20220830 21,1171.341552734375
8_20220830 22,1099.91162109375
8_20220830 23,1087.345703125
8_20220831 00,1189.7188720703125
8_20220831 01,1099.8729248046875
8_20220831 02,1091.227294921875
8_20220831 03,1144.7720947265625
8_20220831 04,1237.736572265625
8_20220831 05,1281.7247314453125
8_20220831 06,1099.8223876953125
8_20220831 07,1079.4031982421875
8_20220831 08,1424.8565673828125
8_20220831 09,1443.8465576171875
8_20220831 10,1209.8831787109375
8_20220831 11,1237.38330078125
8_20220831 12,1212.3397216796875
8_20220831 13,1264.3924560546875
8_20220831 14,1287.03076171875
8_20220831 15,1315.3123779296875
8_20220831 16,1404.9521484375
8_20220831 17,1301.7445068359375
8_20220831 18,1232.7410888671875
8_20220831 19,1223.84130859375
8_20220831 20,1205.3333740234375
8_20220831 21,1192.6361083984375
8_20220831 22,1169.474365234375
8_20220831 23,1125.9029541015625
9_20220825 00,1367.35205078125
9_20220825 01,1196.61669921875
9_20220825 02,1102.046142578125
9_20220825 03,1077.170654296875
9_20220825 04,1074.0506591796875
9_20220825 05,1200.0987548828125
9_20220825 06,1365.221923828125
9_20220825 07,1573.1903076171875
9_20220825 08,1971.7637939453125
9_20220825 09,2620.985107421875
9_20220825 10,3084.0
9_20220825 11,3217.58349609375
9_20220825 12,3299.94677734375
9_20220825 13,3270.75244140625
9_20220825 14,3285.523193359375
9_20220825 15,3369.80322265625
9_20220825 16,3369.648681640625
9_20220825 17,3270.6083984375
9_20220825 18,3158.408447265625
9_20220825 19,3055.101806640625
9_20220825 20,2860.173583984375
9_20220825 21,2545.5712890625
9_20220825 22,2084.353759765625
9_20220825 23,1812.9105224609375
9_20220826 00,1433.1492919921875
9_20220826 01,1256.2994384765625
9_20220826 02,1174.500244140625
9_20220826 03,1141.4237060546875
9_20220826 04,1150.86083984375
9_20220826 05,1253.54443359375
9_20220826 06,1404.5816650390625
9_20220826 07,1673.4678955078125
9_20220826 08,2050.342041015625
9_20220826 09,2686.783203125
9_20220826 10,3118.91015625
9_20220826 11,3255.202392578125
9_20220826 12,3311.313232421875
9_20220826 13,3313.31884765625
9_20220826 14,3391.84228515625
9_20220826 15,3326.92041015625
9_20220826 16,3333.363525390625
9_20220826 17,3321.363525390625
9_20220826 18,3081.610107421875
9_20220826 19,2962.972900390625
9_20220826 20,2777.9716796875
9_20220826 21,2482.27099609375
9_20220826 22,2024.72412109375
9_20220826 23,1806.724609375
9_20220827 00,1403.34130859375
9_20220827 01,1235.1014404296875
9_20220827 02,1126.23291015625
9_20220827 03,1089.3321533203125
9_20220827 04,1078.8934326171875
9_20220827 05,1139.77685546875
9_20220827 06,1256.5467529296875
9_20220827 07,1501.68017578125
9_20220827 08,1897.0667724609375
9_20220827 09,2469.474365234375
9_20220827 10,3001.0546875
9_20220827 11,3112.43115234375
9_20220827 12,3139.475830078125
9_20220827 13,3195.8212890625
9_20220827 14,3188.5263671875
9_20220827 15,3179.27587890625
9_20220827 16,3168.0830078125
9_20220827 17,3175.156005859375
9_20220827 18,3049.933837890625
9_20220827 19,2811.722900390625
9_20220827 20,2677.28857421875
9_20220827 21,2368.486572265625
9_20220827 22,1948.956298828125
9_20220827 23,1693.6817626953125
9_20220828 00,1366.5301513671875
9_20220828 01,1201.35205078125
9_20220828 02,1119.064208984375
9_20220828 03,1068.240478515625
9_20220828 04,1061.10009765625
9_20220828 05,1112.2823486328125
9_20220828 06,1210.3199462890625
9_20220828 07,1392.21142578125
9_20220828 08,1707.4058837890625
9_20220828 09,2086.22119140625
9_20220828 10,2573.0966796875
9_20220828 11,2783.1396484375
9_20220828 12,2789.238525390625
9_20220828 13,2756.363525390625
9_20220828 14,2746.644287109375
9_20220828 15,2839.746826171875
9_20220828 16,2817.31884765625
9_20220828 17,2765.18701171875
9_20220828 18,2675.550048828125
9_20220828 19,2557.988525390625
9_20220828 20,2430.451416015625
9_20220828 21,2187.63671875
9_20220828 22,1817.041015625
9_20220828 23,1642.0994873046875
9_20220829 00,1334.5511474609375
9_20220829 01,1174.06396484375
9_20220829 02,1092.94580078125
9_20220829 03,1056.8692626953125
9_20220829 04,1051.8323974609375
9_20220829 05,1165.5623779296875
9_20220829 06,1319.0106201171875
9_20220829 07,1571.7286376953125
9_20220829 08,1965.91357421875
9_20220829 09,2544.0478515625
9_20220829 10,3019.159423828125
9_20220829 11,3154.704833984375
9_20220829 12,3124.060791015625
9_20220829 13,3109.3671875
9_20220829 14,3096.2373046875
9_20220829 15,3035.109619140625
9_20220829 16,3019.94775390625
9_20220829 17,3011.855712890625
9_20220829 18,2963.77392578125
9_20220829 19,2846.888427734375
9_20220829 20,2720.890380859375
9_20220829 21,2439.4912109375
9_20220829 22,2021.7725830078125
9_20220829 23,1779.1824951171875
9_20220830 00,1388.33349609375
9_20220830 01,1187.529296875
9_20220830 02,1110.40087890625
9_20220830 03,1086.7852783203125
9_20220830 04,1092.55712890625
9_20220830 05,1202.0421142578125
9_20220830 06,1381.39111328125
9_20220830 07,1590.20068359375
9_20220830 08,1986.02001953125
9_20220830 09,2551.197265625
9_20220830 10,3022.304931640625
9_20220830 11,3171.789306640625
9_20220830 12,3046.2666015625
9_20220830 13,2956.05322265625
9_20220830 14,3024.202392578125
9_20220830 15,2980.666259765625
9_20220830 16,3088.32666015625
9_20220830 17,3075.202392578125
9_20220830 18,3003.050048828125
9_20220830 19,2900.9931640625
9_20220830 20,2765.48681640625
9_20220830 21,2490.2099609375
9_20220830 22,1963.4488525390625
9_20220830 23,1775.6182861328125
9_20220831 00,1378.7171630859375
9_20220831 01,1197.5740966796875
9_20220831 02,1178.1707763671875
9_20220831 03,1136.6563720703125
9_20220831 04,1136.4669189453125
9_20220831 05,1215.3118896484375
9_20220831 06,1387.303955078125
9_20220831 07,1603.4979248046875
9_20220831 08,1972.6424560546875
9_20220831 09,2570.469482421875
9_20220831 10,2981.0185546875
9_20220831 11,3091.86572265625
9_20220831 12,3071.386474609375
9_20220831 13,3023.476318359375
9_20220831 14,3001.939208984375
9_20220831 15,2971.322509765625
9_20220831 16,2870.068603515625
9_20220831 17,2863.449462890625
9_20220831 18,2773.402099609375
9_20220831 19,2585.118896484375
9_20220831 20,2470.79443359375
9_20220831 21,2281.158203125
9_20220831 22,1900.2908935546875
9_20220831 23,1693.89501953125
10_20220825 00,4093.123291015625
10_20220825 01,4060.0048828125
10_20220825 02,4040.239990234375
10_20220825 03,4032.175537109375
10_20220825 04,4028.643798828125
10_20220825 05,3839.6298828125
10_20220825 06,3600.55615234375
10_20220825 07,3552.117919921875
10_20220825 08,3756.926025390625
10_20220825 09,3883.892822265625
10_20220825 10,4196.814453125
10_20220825 11,4202.74560546875
10_20220825 12,4148.93798828125
10_20220825 13,4170.189453125
10_20220825 14,4129.62451171875
10_20220825 15,4127.9189453125
10_20220825 16,4078.510986328125
10_20220825 17,3954.8310546875
10_20220825 18,3820.621337890625
10_20220825 19,4069.754638671875
10_20220825 20,4289.15576171875
10_20220825 21,4284.3232421875
10_20220825 22,4253.45458984375
10_20220825 23,4181.201171875
10_20220826 00,4128.2890625
10_20220826 01,4141.75146484375
10_20220826 02,4100.115234375
10_20220826 03,4088.825927734375
10_20220826 04,4063.9267578125
10_20220826 05,3815.88671875
10_20220826 06,3592.71240234375
10_20220826 07,3583.433349609375
10_20220826 08,3841.266357421875
10_20220826 09,3983.05859375
10_20220826 10,4277.181640625
10_20220826 11,4292.091796875
10_20220826 12,4258.80078125
10_20220826 13,4272.39794921875
10_20220826 14,4190.9130859375
10_20220826 15,4186.94580078125
10_20220826 16,4096.95166015625
10_20220826 17,3970.63916015625
10_20220826 18,3831.71337890625
10_20220826 19,4068.559326171875
10_20220826 20,4251.525390625
10_20220826 21,4249.75146484375
10_20220826 22,4249.75146484375
10_20220826 23,4249.75146484375
10_20220827 00,4244.91845703125
10_20220827 01,4198.85205078125
10_20220827 02,4139.2392578125
10_20220827 03,4088.063232421875
10_20220827 04,4075.1064453125
10_20220827 05,3846.0390625
10_20220827 06,3607.91015625
10_20220827 07,3585.197021484375
10_20220827 08,3762.917236328125
10_20220827 09,3809.974853515625
10_20220827 10,3876.2734375
10_20220827 11,3872.936767578125
10_20220827 12,3863.183349609375
10_20220827 13,3872.193603515625
10_20220827 14,3868.784423828125
10_20220827 15,3881.978271484375
10_20220827 16,3869.6201171875
10_20220827 17,3836.128173828125
10_20220827 18,3801.607666015625
10_20220827 19,4050.088134765625
10_20220827 20,4254.037109375
10_20220827 21,4226.9521484375
10_20220827 22,4206.9013671875
10_20220827 23,4206.9013671875
10_20220828 00,4140.95263671875
10_20220828 01,4092.2177734375
10_20220828 02,4075.21728515625
10_20220828 03,4062.2021484375
10_20220828 04,4043.652099609375
10_20220828 05,3779.853759765625
10_20220828 06,3560.913330078125
10_20220828 07,3511.9921875
10_20220828 08,3638.4951171875
10_20220828 09,3714.903076171875
10_20220828 10,3722.679931640625
10_20220828 11,3746.636474609375
10_20220828 12,3726.769775390625
10_20220828 13,3763.519775390625
10_20220828 14,3813.221923828125
10_20220828 15,3823.30712890625
10_20220828 16,3807.298583984375
10_20220828 17,3764.213134765625
10_20220828 18,3707.5205078125
10_20220828 19,3998.086669921875
10_20220828 20,4089.48291015625
10_20220828 21,4068.070068359375
10_20220828 22,4030.765380859375
10_20220828 23,4030.765380859375
10_20220829 00,3977.518798828125
10_20220829 01,3939.228271484375
10_20220829 02,3927.375244140625
10_20220829 03,3863.11328125
10_20220829 04,3859.27490234375
10_20220829 05,3720.47021484375
10_20220829 06,3506.30712890625
10_20220829 07,3506.30712890625
10_20220829 08,3680.84619140625
10_20220829 09,3812.103271484375
10_20220829 10,4053.16162109375
10_20220829 11,4140.60498046875
10_20220829 12,4110.697265625
10_20220829 13,4108.201171875
10_20220829 14,4010.226806640625
10_20220829 15,3982.8876953125
10_20220829 16,3875.1357421875
10_20220829 17,3773.5048828125
10_20220829 18,3669.991455078125
10_20220829 19,3958.963134765625
10_20220829 20,4115.00732421875
10_20220829 21,4111.86279296875
10_20220829 22,4100.1298828125
10_20220829 23,4100.1298828125
10_20220830 00,4029.801513671875
10_20220830 01,4008.855224609375
10_20220830 02,3951.4091796875
10_20220830 03,3934.114013671875
10_20220830 04,3966.004638671875
10_20220830 05,3827.0986328125
10_20220830 06,3583.77197265625
10_20220830 07,3563.628662109375
10_20220830 08,3767.28271484375
10_20220830 09,3663.906494140625
10_20220830 10,3933.792236328125
10_20220830 11,3960.011474609375
10_20220830 12,3847.919677734375
10_20220830 13,3844.434326171875
10_20220830 14,3816.8154296875
10_20220830 15,3801.818115234375
10_20220830 16,3658.275146484375
10_20220830 17,3510.687255859375
10_20220830 18,3426.2978515625
10_20220830 19,3789.391357421875
10_20220830 20,3846.5732421875
10_20220830 21,3836.327880859375
10_20220830 22,3833.9892578125
10_20220830 23,3831.321044921875
10_20220831 00,3799.40234375
10_20220831 01,3792.03271484375
10_20220831 02,3784.251708984375
10_20220831 03,3779.80859375
10_20220831 04,3769.06396484375
10_20220831 05,3503.043212890625
10_20220831 06,3390.655517578125
10_20220831 07,3393.87890625
10_20220831 08,3449.681396484375
10_20220831 09,3613.1025390625
10_20220831 10,3853.754638671875
10_20220831 11,3891.075927734375
10_20220831 12,3797.203369140625
10_20220831 13,3800.906494140625
10_20220831 14,3767.043212890625
10_20220831 15,3770.0576171875
10_20220831 16,3618.39697265625
10_20220831 17,3477.394287109375
10_20220831 18,3409.07568359375
10_20220831 19,3738.19677734375
10_20220831 20,3797.353759765625
10_20220831 21,3758.83349609375
10_20220831 22,3747.81103515625
10_20220831 23,3740.8525390625
11_20220825 00,1644.514892578125
11_20220825 01,1693.4825439453125
11_20220825 02,1579.0887451171875
11_20220825 03,1565.8948974609375
11_20220825 04,1557.964111328125
11_20220825 05,1563.52392578125
11_20220825 06,1560.089111328125
11_20220825 07,1667.7325439453125
11_20220825 08,2100.019775390625
11_20220825 09,2246.39306640625
11_20220825 10,2229.7802734375
11_20220825 11,2214.073486328125
11_20220825 12,2257.51708984375
11_20220825 13,2248.384033203125
11_20220825 14,2176.392333984375
11_20220825 15,2276.101318359375
11_20220825 16,2272.236572265625
11_20220825 17,2086.592041015625
11_20220825 18,1920.32958984375
11_20220825 19,1749.19775390625
11_20220825 20,1701.5311279296875
11_20220825 21,1675.42919921875
11_20220825 22,1610.8673095703125
11_20220825 23,1591.4488525390625
11_20220826 00,1651.079345703125
11_20220826 01,1701.8426513671875
11_20220826 02,1555.1658935546875
11_20220826 03,1526.188720703125
11_20220826 04,1514.4412841796875
11_20220826 05,1521.6495361328125
11_20220826 06,1513.7843017578125
11_20220826 07,1645.8101806640625
11_20220826 08,2129.584228515625
11_20220826 09,2284.9619140625
11_20220826 10,2235.9248046875
11_20220826 11,2213.722900390625
11_20220826 12,2276.374267578125
11_20220826 13,2324.7548828125
11_20220826 14,2201.717041015625
11_20220826 15,2328.740478515625
11_20220826 16,2303.68408203125
11_20220826 17,2102.019775390625
11_20220826 18,1934.03271484375
11_20220826 19,1837.86572265625
11_20220826 20,1747.5887451171875
11_20220826 21,1718.3077392578125
11_20220826 22,1652.964111328125
11_20220826 23,1613.2559814453125
11_20220827 00,1657.3441162109375
11_20220827 01,1709.8121337890625
11_20220827 02,1552.314453125
11_20220827 03,1557.538330078125
11_20220827 04,1526.25634765625
11_20220827 05,1527.3712158203125
11_20220827 06,1523.2308349609375
11_20220827 07,1600.7667236328125
11_20220827 08,2041.45166015625
11_20220827 09,2147.343505859375
11_20220827 10,2132.678955078125
11_20220827 11,2139.221923828125
11_20220827 12,2149.6982421875
11_20220827 13,2184.127197265625
11_20220827 14,2129.82568359375
11_20220827 15,2242.882568359375
11_20220827 16,2191.5478515625
11_20220827 17,2002.3963623046875
11_20220827 18,1819.0355224609375
11_20220827 19,1715.3277587890625
11_20220827 20,1681.974609375
11_20220827 21,1633.73876953125
11_20220827 22,1582.9190673828125
11_20220827 23,1547.3797607421875
11_20220828 00,1565.678466796875
11_20220828 01,1564.350830078125
11_20220828 02,1519.6422119140625
11_20220828 03,1515.5469970703125
11_20220828 04,1510.268310546875
11_20220828 05,1512.33056640625
11_20220828 06,1498.9002685546875
11_20220828 07,1554.1846923828125
11_20220828 08,1972.780517578125
11_20220828 09,2078.13037109375
11_20220828 10,2071.068115234375
11_20220828 11,2032.09521484375
11_20220828 12,2069.93115234375
11_20220828 13,2098.67822265625
11_20220828 14,2093.798583984375
11_20220828 15,2148.6884765625
11_20220828 16,2093.801513671875
11_20220828 17,1952.9237060546875
11_20220828 18,1752.422607421875
11_20220828 19,1659.53271484375
11_20220828 20,1624.7352294921875
11_20220828 21,1573.6053466796875
11_20220828 22,1539.9969482421875
11_20220828 23,1529.084716796875
11_20220829 00,1573.0113525390625
11_20220829 01,1627.8773193359375
11_20220829 02,1514.80712890625
11_20220829 03,1506.7706298828125
11_20220829 04,1501.97265625
11_20220829 05,1503.21875
11_20220829 06,1506.1871337890625
11_20220829 07,1622.591064453125
11_20220829 08,2050.11083984375
11_20220829 09,2216.506103515625
11_20220829 10,2189.088134765625
11_20220829 11,2148.291259765625
11_20220829 12,2196.938720703125
11_20220829 13,2177.496337890625
11_20220829 14,2079.1796875
11_20220829 15,2160.956787109375
11_20220829 16,2187.709716796875
11_20220829 17,2009.3006591796875
11_20220829 18,1712.8106689453125
11_20220829 19,1652.7371826171875
11_20220829 20,1647.75732421875
11_20220829 21,1565.6072998046875
11_20220829 22,1532.3057861328125
11_20220829 23,1514.8243408203125
11_20220830 00,1559.905517578125
11_20220830 01,1625.7159423828125
11_20220830 02,1498.03369140625
11_20220830 03,1504.51904296875
11_20220830 04,1490.81787109375
11_20220830 05,1490.14990234375
11_20220830 06,1487.293701171875
11_20220830 07,1564.4180908203125
11_20220830 08,2034.3348388671875
11_20220830 09,2128.161865234375
11_20220830 10,2156.685791015625
11_20220830 11,2138.852783203125
11_20220830 12,2169.773193359375
11_20220830 13,2176.4990234375
11_20220830 14,2077.935546875
11_20220830 15,2168.472900390625
11_20220830 16,2168.633544921875
11_20220830 17,1987.77783203125
11_20220830 18,1684.535888671875
11_20220830 19,1625.5635986328125
11_20220830 20,1634.0797119140625
11_20220830 21,1584.6170654296875
11_20220830 22,1554.055908203125
11_20220830 23,1522.872314453125
11_20220831 00,1560.20703125
11_20220831 01,1613.5335693359375
11_20220831 02,1499.5145263671875
11_20220831 03,1473.072265625
11_20220831 04,1474.1307373046875
11_20220831 05,1476.0794677734375
11_20220831 06,1481.22021484375
11_20220831 07,1534.6485595703125
11_20220831 08,2050.4716796875
11_20220831 09,2183.48876953125
11_20220831 10,2139.275146484375
11_20220831 11,2095.455078125
11_20220831 12,2173.73388671875
11_20220831 13,2165.989013671875
11_20220831 14,2078.013427734375
11_20220831 15,2156.2373046875
11_20220831 16,2169.99462890625
11_20220831 17,2021.0699462890625
11_20220831 18,1843.9742431640625
11_20220831 19,1704.1981201171875
11_20220831 20,1589.364501953125
11_20220831 21,1581.6629638671875
11_20220831 22,1538.947265625
11_20220831 23,1502.0750732421875
12_20220825 00,1107.6865234375
12_20220825 01,1109.431640625
12_20220825 02,1097.01220703125
12_20220825 03,1116.1295166015625
12_20220825 04,1163.3045654296875
12_20220825 05,1240.3343505859375
12_20220825 06,1333.8612060546875
12_20220825 07,1381.4053955078125
12_20220825 08,1468.0106201171875
12_20220825 09,1475.0792236328125
12_20220825 10,1474.4688720703125
12_20220825 11,1579.2235107421875
12_20220825 12,1588.166748046875
12_20220825 13,1590.0882568359375
12_20220825 14,1568.6544189453125
12_20220825 15,1524.8812255859375
12_20220825 16,1568.74658203125
12_20220825 17,1573.53515625
12_20220825 18,1538.9285888671875
12_20220825 19,1491.93017578125
12_20220825 20,1385.0633544921875
12_20220825 21,1238.237060546875
12_20220825 22,1118.6180419921875
12_20220825 23,1083.2703857421875
12_20220826 00,1079.4486083984375
12_20220826 01,1080.172607421875
12_20220826 02,1075.1217041015625
12_20220826 03,1081.4686279296875
12_20220826 04,1144.16943359375
12_20220826 05,1261.6470947265625
12_20220826 06,1329.326416015625
12_20220826 07,1352.8865966796875
12_20220826 08,1369.9776611328125
12_20220826 09,1390.3211669921875
12_20220826 10,1411.6248779296875
12_20220826 11,1525.4139404296875
12_20220826 12,1538.39892578125
12_20220826 13,1562.28173828125
12_20220826 14,1542.60302734375
12_20220826 15,1578.36865234375
12_20220826 16,1615.7491455078125
12_20220826 17,1613.752685546875
12_20220826 18,1590.4093017578125
12_20220826 19,1567.37158203125
12_20220826 20,1486.48095703125
12_20220826 21,1336.322265625
12_20220826 22,1138.7781982421875
12_20220826 23,1126.47314453125
12_20220827 00,1091.11181640625
12_20220827 01,1090.794921875
12_20220827 02,1074.864990234375
12_20220827 03,1081.46435546875
12_20220827 04,1128.269775390625
12_20220827 05,1192.4383544921875
12_20220827 06,1300.0096435546875
12_20220827 07,1307.9505615234375
12_20220827 08,1288.13134765625
12_20220827 09,1291.5355224609375
12_20220827 10,1340.41259765625
12_20220827 11,1470.7598876953125
12_20220827 12,1489.95263671875
12_20220827 13,1494.0477294921875
12_20220827 14,1458.204833984375
12_20220827 15,1489.85302734375
12_20220827 16,1527.8133544921875
12_20220827 17,1553.0106201171875
12_20220827 18,1564.266357421875
12_20220827 19,1542.9456787109375
12_20220827 20,1377.50830078125
12_20220827 21,1165.68212890625
12_20220827 22,1035.037353515625
12_20220827 23,1025.535888671875
12_20220828 00,994.1638793945312
12_20220828 01,995.2083740234375
12_20220828 02,998.1063842773438
12_20220828 03,998.5426025390625
12_20220828 04,1018.3876342773438
12_20220828 05,1030.07568359375
12_20220828 06,1059.052490234375
12_20220828 07,1062.35302734375
12_20220828 08,1022.1673583984375
12_20220828 09,998.3856811523438
12_20220828 10,1004.0394897460938
12_20220828 11,1044.96728515625
12_20220828 12,1111.0616455078125
12_20220828 13,1154.399169921875
12_20220828 14,1148.227783203125
12_20220828 15,1208.9932861328125
12_20220828 16,1241.3218994140625
12_20220828 17,1272.4354248046875
12_20220828 18,1253.2713623046875
12_20220828 19,1227.8175048828125
12_20220828 20,1193.7423095703125
12_20220828 21,1085.6455078125
12_20220828 22,1045.2127685546875
12_20220828 23,1050.294677734375
12_20220829 00,1055.3525390625
12_20220829 01,1062.016357421875
12_20220829 02,1057.9161376953125
12_20220829 03,1053.184814453125
12_20220829 04,1089.6563720703125
12_20220829 05,1196.6124267578125
12_20220829 06,1276.555419921875
12_20220829 07,1338.329833984375
12_20220829 08,1369.4892578125
12_20220829 09,1370.5135498046875
12_20220829 10,1392.3399658203125
12_20220829 11,1445.3287353515625
12_20220829 12,1427.3477783203125
12_20220829 13,1449.3614501953125
12_20220829 14,1394.42529296875
12_20220829 15,1396.649169921875
12_20220829 16,1443.2684326171875
12_20220829 17,1466.84912109375
12_20220829 18,1443.3621826171875
12_20220829 19,1405.6959228515625
12_20220829 20,1280.7777099609375
12_20220829 21,1198.6181640625
12_20220829 22,1063.8507080078125
12_20220829 23,1045.99365234375
12_20220830 00,1021.7320556640625
12_20220830 01,1028.6600341796875
12_20220830 02,1048.5867919921875
12_20220830 03,1058.942138671875
12_20220830 04,1125.333251953125
12_20220830 05,1233.29150390625
12_20220830 06,1303.5802001953125
12_20220830 07,1313.86376953125
12_20220830 08,1323.64111328125
12_20220830 09,1323.85888671875
12_20220830 10,1311.879150390625
12_20220830 11,1391.623046875
12_20220830 12,1434.1954345703125
12_20220830 13,1455.8421630859375
12_20220830 14,1404.2301025390625
12_20220830 15,1416.3009033203125
12_20220830 16,1440.4339599609375
12_20220830 17,1489.8524169921875
12_20220830 18,1449.6488037109375
12_20220830 19,1398.1612548828125
12_20220830 20,1306.98486328125
12_20220830 21,1252.608154296875
12_20220830 22,1103.22021484375
12_20220830 23,1073.4276123046875
12_20220831 00,1054.6937255859375
12_20220831 01,1053.7088623046875
12_20220831 02,1053.4830322265625
12_20220831 03,1068.228759765625
12_20220831 04,1132.1182861328125
12_20220831 05,1242.89990234375
12_20220831 06,1316.39306640625
12_20220831 07,1319.722412109375
12_20220831 08,1336.4677734375
12_20220831 09,1336.9761962890625
12_20220831 10,1345.031982421875
12_20220831 11,1412.923095703125
12_20220831 12,1428.8055419921875
12_20220831 13,1465.8280029296875
12_20220831 14,1391.00830078125
12_20220831 15,1424.556396484375
12_20220831 16,1458.7911376953125
12_20220831 17,1476.4151611328125
12_20220831 18,1475.7166748046875
12_20220831 19,1426.8280029296875
12_20220831 20,1340.1761474609375
12_20220831 21,1251.240478515625
12_20220831 22,1107.4581298828125
12_20220831 23,1085.053466796875
13_20220825 00,2695.312255859375
13_20220825 01,2658.59033203125
13_20220825 02,2655.476806640625
13_20220825 03,2633.680908203125
13_20220825 04,2656.609619140625
13_20220825 05,2467.67919921875
13_20220825 06,2253.999267578125
13_20220825 07,2208.9052734375
13_20220825 08,2318.949951171875
13_20220825 09,2413.404541015625
13_20220825 10,2599.0908203125
13_20220825 11,2555.396240234375
13_20220825 12,2497.444580078125
13_20220825 13,2548.2421875
13_20220825 14,2583.73486328125
13_20220825 15,2535.779296875
13_20220825 16,2516.159912109375
13_20220825 17,2491.119873046875
13_20220825 18,2450.787353515625
13_20220825 19,2789.601318359375
13_20220825 20,2794.604736328125
13_20220825 21,2793.459228515625
13_20220825 22,2780.302978515625
13_20220825 23,2745.627197265625
13_20220826 00,2689.099365234375
13_20220826 01,2656.2568359375
13_20220826 02,2659.724853515625
13_20220826 03,2620.790771484375
13_20220826 04,2622.413818359375
13_20220826 05,2461.5009765625
13_20220826 06,2264.886962890625
13_20220826 07,2218.519775390625
13_20220826 08,2282.432861328125
13_20220826 09,2385.7626953125
13_20220826 10,2586.3876953125
13_20220826 11,2608.945068359375
13_20220826 12,2589.23681640625
13_20220826 13,2576.75
13_20220826 14,2563.171630859375
13_20220826 15,2592.30078125
13_20220826 16,2555.04052734375
13_20220826 17,2507.037109375
13_20220826 18,2450.391357421875
13_20220826 19,2774.6767578125
13_20220826 20,2782.536376953125
13_20220826 21,2767.7490234375
13_20220826 22,2762.2763671875
13_20220826 23,2734.6982421875
13_20220827 00,2709.2587890625
13_20220827 01,2660.168212890625
13_20220827 02,2650.8818359375
13_20220827 03,2633.618896484375
13_20220827 04,2632.2568359375
13_20220827 05,2448.314453125
13_20220827 06,2258.740478515625
13_20220827 07,2211.67333984375
13_20220827 08,2338.929443359375
13_20220827 09,2404.7041015625
13_20220827 10,2460.551513671875
13_20220827 11,2487.009033203125
13_20220827 12,2473.86572265625
13_20220827 13,2492.571533203125
13_20220827 14,2528.706787109375
13_20220827 15,2550.192138671875
13_20220827 16,2470.033447265625
13_20220827 17,2453.94140625
13_20220827 18,2409.033203125
13_20220827 19,2739.48583984375
13_20220827 20,2759.332275390625
13_20220827 21,2771.853515625
13_20220827 22,2752.2822265625
13_20220827 23,2734.56787109375
13_20220828 00,2700.074462890625
13_20220828 01,2644.302978515625
13_20220828 02,2611.096435546875
13_20220828 03,2594.0205078125
13_20220828 04,2589.09326171875
13_20220828 05,2387.95166015625
13_20220828 06,2230.220947265625
13_20220828 07,2192.749755859375
13_20220828 08,2257.79638671875
13_20220828 09,2295.01806640625
13_20220828 10,2335.359130859375
13_20220828 11,2413.651611328125
13_20220828 12,2420.197265625
13_20220828 13,2447.0419921875
13_20220828 14,2421.432861328125
13_20220828 15,2439.644287109375
13_20220828 16,2427.19580078125
13_20220828 17,2393.043701171875
13_20220828 18,2356.09375
13_20220828 19,2714.0537109375
13_20220828 20,2769.439208984375
13_20220828 21,2767.404052734375
13_20220828 22,2744.65478515625
13_20220828 23,2707.599365234375
13_20220829 00,2680.539306640625
13_20220829 01,2627.880859375
13_20220829 02,2607.858154296875
13_20220829 03,2602.932861328125
13_20220829 04,2605.789306640625
13_20220829 05,2445.362548828125
13_20220829 06,2236.038818359375
13_20220829 07,2215.923583984375
13_20220829 08,2316.814697265625
13_20220829 09,2416.63134765625
13_20220829 10,2523.6689453125
13_20220829 11,2566.8486328125
13_20220829 12,2499.772705078125
13_20220829 13,2571.114501953125
13_20220829 14,2538.8076171875
13_20220829 15,2484.4560546875
13_20220829 16,2476.608154296875
13_20220829 17,2445.650146484375
13_20220829 18,2398.6025390625
13_20220829 19,2768.54931640625
13_20220829 20,2787.189453125
13_20220829 21,2784.423095703125
13_20220829 22,2774.564208984375
13_20220829 23,2748.2685546875
13_20220830 00,2718.30517578125
13_20220830 01,2673.986572265625
13_20220830 02,2620.1572265625
13_20220830 03,2609.99951171875
13_20220830 04,2612.0693359375
13_20220830 05,2390.546875
13_20220830 06,2232.242431640625
13_20220830 07,2185.662109375
13_20220830 08,2275.481689453125
13_20220830 09,2436.259521484375
13_20220830 10,2548.896728515625
13_20220830 11,2534.16650390625
13_20220830 12,2466.189453125
13_20220830 13,2438.190185546875
13_20220830 14,2451.318115234375
13_20220830 15,2450.7978515625
13_20220830 16,2454.545166015625
13_20220830 17,2274.16259765625
13_20220830 18,2231.13916015625
13_20220830 19,2577.47265625
13_20220830 20,2586.766357421875
13_20220830 21,2585.39697265625
13_20220830 22,2578.309814453125
13_20220830 23,2567.542724609375
13_20220831 00,2536.29296875
13_20220831 01,2500.605224609375
13_20220831 02,2476.266357421875
13_20220831 03,2477.2119140625
13_20220831 04,2479.1748046875
13_20220831 05,2327.867431640625
13_20220831 06,2195.234130859375
13_20220831 07,2176.06298828125
13_20220831 08,2219.63818359375
13_20220831 09,2310.89599609375
13_20220831 10,2363.45849609375
13_20220831 11,2373.193359375
13_20220831 12,2330.69189453125
13_20220831 13,2320.6474609375
13_20220831 14,2320.07470703125
13_20220831 15,2307.489990234375
13_20220831 16,2325.747314453125
13_20220831 17,2235.636474609375
13_20220831 18,2227.141357421875
13_20220831 19,2542.045166015625
13_20220831 20,2539.4541015625
13_20220831 21,2546.898681640625
13_20220831 22,2521.79296875
13_20220831 23,2506.8017578125
14_20220825 00,1767.31005859375
14_20220825 01,1976.375
14_20220825 02,2028.0848388671875
14_20220825 03,1983.412841796875
14_20220825 04,1944.781982421875
14_20220825 05,1877.48828125
14_20220825 06,1756.4942626953125
14_20220825 07,1540.68505859375
14_20220825 08,1852.5491943359375
14_20220825 09,2026.8507080078125
14_20220825 10,2067.0888671875
14_20220825 11,2035.545654296875
14_20220825 12,1884.5411376953125
14_20220825 13,2064.3486328125
14_20220825 14,2076.8076171875
14_20220825 15,2076.8076171875
14_20220825 16,2072.3427734375
14_20220825 17,2009.889892578125
14_20220825 18,1824.606689453125
14_20220825 19,2008.875732421875
14_20220825 20,2076.8076171875
14_20220825 21,2060.714599609375
14_20220825 22,2033.20166015625
14_20220825 23,2002.9285888671875
14_20220826 00,1756.7640380859375
14_20220826 01,1933.2764892578125
14_20220826 02,1911.739013671875
14_20220826 03,1886.2393798828125
14_20220826 04,1873.4222412109375
14_20220826 05,1810.6163330078125
14_20220826 06,1683.09033203125
14_20220826 07,1542.301513671875
14_20220826 08,1771.4024658203125
14_20220826 09,1914.9451904296875
14_20220826 10,1977.958251953125
14_20220826 11,1938.73876953125
14_20220826 12,1858.1600341796875
14_20220826 13,1992.3885498046875
14_20220826 14,2016.4649658203125
14_20220826 15,1953.7081298828125
14_20220826 16,1979.4259033203125
14_20220826 17,1909.9005126953125
14_20220826 18,1652.895263671875
14_20220826 19,1912.6468505859375
14_20220826 20,2062.072021484375
14_20220826 21,2042.890625
14_20220826 22,2042.890625
14_20220826 23,1917.6929931640625
14_20220827 00,1817.16162109375
14_20220827 01,1967.3975830078125
14_20220827 02,1925.620361328125
14_20220827 03,1870.5565185546875
14_20220827 04,1889.50927734375
14_20220827 05,1759.9222412109375
14_20220827 06,1574.5958251953125
14_20220827 07,1543.0277099609375
14_20220827 08,1803.4273681640625
14_20220827 09,1880.4786376953125
14_20220827 10,1862.8226318359375
14_20220827 11,1824.7410888671875
14_20220827 12,1581.109375
14_20220827 13,1805.411376953125
14_20220827 14,1825.0137939453125
14_20220827 15,1799.0859375
14_20220827 16,1795.935546875
14_20220827 17,1632.7843017578125
14_20220827 18,1426.4892578125
14_20220827 19,1788.0152587890625
14_20220827 20,1905.1156005859375
14_20220827 21,1897.344482421875
14_20220827 22,1896.0472412109375
14_20220827 23,1837.6832275390625
14_20220828 00,1586.4656982421875
14_20220828 01,1883.5582275390625
14_20220828 02,1900.2305908203125
14_20220828 03,1873.1441650390625
14_20220828 04,1826.24267578125
14_20220828 05,1630.4937744140625
14_20220828 06,1432.6712646484375
14_20220828 07,1406.1568603515625
14_20220828 08,1616.336669921875
14_20220828 09,1655.6727294921875
14_20220828 10,1638.58984375
14_20220828 11,1579.2489013671875
14_20220828 12,1398.9281005859375
14_20220828 13,1631.294921875
14_20220828 14,1669.4293212890625
14_20220828 15,1657.31591796875
14_20220828 16,1669.295654296875
14_20220828 17,1575.4053955078125
14_20220828 18,1408.322509765625
14_20220828 19,1769.1981201171875
14_20220828 20,1886.3087158203125
14_20220828 21,1871.717529296875
14_20220828 22,1851.798095703125
14_20220828 23,1845.13623046875
14_20220829 00,1605.0223388671875
14_20220829 01,1906.1253662109375
14_20220829 02,1912.95849609375
14_20220829 03,1908.9769287109375
14_20220829 04,1907.341796875
14_20220829 05,1827.4656982421875
14_20220829 06,1648.3653564453125
14_20220829 07,1549.653076171875
14_20220829 08,1831.68701171875
14_20220829 09,1982.1507568359375
14_20220829 10,2039.213623046875
14_20220829 11,2017.0567626953125
14_20220829 12,1863.4512939453125
14_20220829 13,1935.2391357421875
14_20220829 14,1940.71630859375
14_20220829 15,1958.0350341796875
14_20220829 16,1945.08154296875
14_20220829 17,1925.0177001953125
14_20220829 18,1684.2667236328125
14_20220829 19,1932.1973876953125
14_20220829 20,1987.7156982421875
14_20220829 21,1945.224609375
14_20220829 22,1944.8660888671875
14_20220829 23,1931.5897216796875
14_20220830 00,1657.0281982421875
14_20220830 01,1902.9949951171875
14_20220830 02,1879.307373046875
14_20220830 03,1823.3043212890625
14_20220830 04,1845.8878173828125
14_20220830 05,1813.107421875
14_20220830 06,1628.3988037109375
14_20220830 07,1518.54248046875
14_20220830 08,1777.864013671875
14_20220830 09,1939.3453369140625
14_20220830 10,2015.0758056640625
14_20220830 11,1943.7562255859375
14_20220830 12,1855.0926513671875
14_20220830 13,2003.323486328125
14_20220830 14,2064.097412109375
14_20220830 15,2065.441162109375
14_20220830 16,2065.691650390625
14_20220830 17,1965.0692138671875
14_20220830 18,1802.0086669921875
14_20220830 19,2009.667236328125
14_20220830 20,2053.764404296875
14_20220830 21,2041.58203125
14_20220830 22,2017.19921875
14_20220830 23,1934.6280517578125
14_20220831 00,1741.7833251953125
14_20220831 01,1919.4559326171875
14_20220831 02,1906.96435546875
14_20220831 03,1899.77978515625
14_20220831 04,1875.3944091796875
14_20220831 05,1769.833984375
14_20220831 06,1645.90478515625
14_20220831 07,1525.596435546875
14_20220831 08,1816.612060546875
14_20220831 09,1908.6082763671875
14_20220831 10,1999.00048828125
14_20220831 11,1944.862060546875
14_20220831 12,1831.0819091796875
14_20220831 13,1940.951171875
14_20220831 14,2003.6531982421875
14_20220831 15,1961.90869140625
14_20220831 16,1966.7503662109375
14_20220831 17,1906.287109375
14_20220831 18,1726.21630859375
14_20220831 19,1950.8848876953125
14_20220831 20,2027.48876953125
14_20220831 21,1947.2308349609375
14_20220831 22,1944.260498046875
14_20220831 23,1898.592529296875
15_20220825 00,1893.979736328125
15_20220825 01,1903.30712890625
15_20220825 02,1974.3162841796875
15_20220825 03,1936.16064453125
15_20220825 04,1769.830810546875
15_20220825 05,1689.9940185546875
15_20220825 06,1471.0394287109375
15_20220825 07,1354.64892578125
15_20220825 08,1478.84765625
15_20220825 09,1632.2796630859375
15_20220825 10,1672.18505859375
15_20220825 11,1704.4803466796875
15_20220825 12,1722.173095703125
15_20220825 13,1672.7479248046875
15_20220825 14,1715.53173828125
15_20220825 15,1694.0108642578125
15_20220825 16,1707.5880126953125
15_20220825 17,1713.1912841796875
15_20220825 18,1745.2235107421875
15_20220825 19,1873.1170654296875
15_20220825 20,1956.89697265625
15_20220825 21,2017.1846923828125
15_20220825 22,2036.5140380859375
15_20220825 23,2010.5848388671875
15_20220826 00,1886.5828857421875
15_20220826 01,1888.92578125
15_20220826 02,1954.3203125
15_20220826 03,1901.87646484375
15_20220826 04,1759.4862060546875
15_20220826 05,1681.030517578125
15_20220826 06,1523.36328125
15_20220826 07,1414.0135498046875
15_20220826 08,1522.61279296875
15_20220826 09,1642.4188232421875
15_20220826 10,1740.495361328125
15_20220826 11,1753.16796875
15_20220826 12,1776.548095703125
15_20220826 13,1709.356201171875
15_20220826 14,1731.288330078125
15_20220826 15,1708.93603515625
15_20220826 16,1698.372314453125
15_20220826 17,1748.552001953125
15_20220826 18,1756.5802001953125
15_20220826 19,1877.8167724609375
15_20220826 20,1952.26904296875
15_20220826 21,2000.287841796875
15_20220826 22,2023.7413330078125
15_20220826 23,1977.776611328125
15_20220827 00,1805.414794921875
15_20220827 01,1822.40673828125
15_20220827 02,1888.0616455078125
15_20220827 03,1863.0577392578125
15_20220827 04,1721.27880859375
15_20220827 05,1639.682861328125
15_20220827 06,1391.50537109375
15_20220827 07,1283.079345703125
15_20220827 08,1361.2322998046875
15_20220827 09,1473.09912109375
15_20220827 10,1513.2205810546875
15_20220827 11,1533.66748046875
15_20220827 12,1541.591796875
15_20220827 13,1531.6864013671875
15_20220827 14,1592.6651611328125
15_20220827 15,1551.7183837890625
15_20220827 16,1558.7088623046875
15_20220827 17,1576.3575439453125
15_20220827 18,1523.296875
15_20220827 19,1567.84716796875
15_20220827 20,1638.21875
15_20220827 21,1610.0860595703125
15_20220827 22,1617.490234375
15_20220827 23,1567.2384033203125
15_20220828 00,1555.7684326171875
15_20220828 01,1598.371826171875
15_20220828 02,1580.6390380859375
15_20220828 03,1511.21533203125
15_20220828 04,1336.3927001953125
15_20220828 05,1243.2625732421875
15_20220828 06,1170.302001953125
15_20220828 07,1166.6298828125
15_20220828 08,1188.7449951171875
15_20220828 09,1348.6671142578125
15_20220828 10,1430.1943359375
15_20220828 11,1461.7646484375
15_20220828 12,1489.5811767578125
15_20220828 13,1464.92236328125
15_20220828 14,1486.58447265625
15_20220828 15,1457.2037353515625
15_20220828 16,1471.59228515625
15_20220828 17,1499.028076171875
15_20220828 18,1434.7733154296875
15_20220828 19,1522.7406005859375
15_20220828 20,1603.5526123046875
15_20220828 21,1603.2010498046875
15_20220828 22,1617.621826171875
15_20220828 23,1583.186279296875
15_20220829 00,1537.02734375
15_20220829 01,1551.2469482421875
15_20220829 02,1592.1239013671875
15_20220829 03,1519.6143798828125
15_20220829 04,1372.7203369140625
15_20220829 05,1290.7567138671875
15_20220829 06,1200.823486328125
15_20220829 07,1192.61181640625
15_20220829 08,1320.8514404296875
15_20220829 09,1465.437744140625
15_20220829 10,1522.5609130859375
15_20220829 11,1583.733642578125
15_20220829 12,1592.998046875
15_20220829 13,1548.1812744140625
15_20220829 14,1554.3741455078125
15_20220829 15,1508.244873046875
15_20220829 16,1536.131591796875
15_20220829 17,1566.685546875
15_20220829 18,1618.7073974609375
15_20220829 19,1795.6038818359375
15_20220829 20,1904.5792236328125
15_20220829 21,1961.4571533203125
15_20220829 22,1974.83935546875
15_20220829 23,1955.547607421875
15_20220830 00,1812.44873046875
15_20220830 01,1813.4827880859375
15_20220830 02,1870.5389404296875
15_20220830 03,1831.194580078125
15_20220830 04,1662.99462890625
15_20220830 05,1579.514892578125
15_20220830 06,1441.9930419921875
15_20220830 07,1327.90283203125
15_20220830 08,1401.92578125
15_20220830 09,1511.4078369140625
15_20220830 10,1586.8760986328125
15_20220830 11,1605.228515625
15_20220830 12,1603.1624755859375
15_20220830 13,1561.9984130859375
15_20220830 14,1565.697998046875
15_20220830 15,1517.921875
15_20220830 16,1535.7725830078125
15_20220830 17,1571.62841796875
15_20220830 18,1620.66259765625
15_20220830 19,1813.4307861328125
15_20220830 20,1899.7049560546875
15_20220830 21,1961.9827880859375
15_20220830 22,1981.9859619140625
15_20220830 23,1963.5413818359375
15_20220831 00,1832.2781982421875
15_20220831 01,1831.3106689453125
15_20220831 02,1903.512451171875
15_20220831 03,1870.159423828125
15_20220831 04,1693.1866455078125
15_20220831 05,1654.7694091796875
15_20220831 06,1441.1082763671875
15_20220831 07,1352.055419921875
15_20220831 08,1410.1221923828125
15_20220831 09,1528.541015625
15_20220831 10,1587.2550048828125
15_20220831 11,1612.6522216796875
15_20220831 12,1612.6519775390625
15_20220831 13,1563.9468994140625
15_20220831 14,1573.107421875
15_20220831 15,1522.19189453125
15_20220831 16,1543.348388671875
15_20220831 17,1559.619140625
15_20220831 18,1586.8714599609375
15_20220831 19,1746.36767578125
15_20220831 20,1862.0936279296875
15_20220831 21,1932.5625
15_20220831 22,1964.6749267578125
15_20220831 23,1934.3714599609375
16_20220825 00,1311.4183349609375
16_20220825 01,1291.7108154296875
16_20220825 02,1294.58642578125
16_20220825 03,1318.0360107421875
16_20220825 04,1526.39794921875
16_20220825 05,2938.36083984375
16_20220825 06,3892.198974609375
16_20220825 07,4133.83544921875
16_20220825 08,4336.544921875
16_20220825 09,4445.57275390625
16_20220825 10,4438.6083984375
16_20220825 11,4422.35498046875
16_20220825 12,4339.75732421875
16_20220825 13,4319.84033203125
16_20220825 14,4319.46044921875
16_20220825 15,4312.740234375
16_20220825 16,4340.74267578125
16_20220825 17,4368.244140625
16_20220825 18,4033.9150390625
16_20220825 19,4041.966552734375
16_20220825 20,3826.23974609375
16_20220825 21,3017.51953125
16_20220825 22,2105.32080078125
16_20220825 23,1572.8375244140625
16_20220826 00,1387.5723876953125
16_20220826 01,1374.26123046875
16_20220826 02,1375.1328125
16_20220826 03,1351.9879150390625
16_20220826 04,1560.7218017578125
16_20220826 05,2982.770263671875
16_20220826 06,3852.747802734375
16_20220826 07,4106.42041015625
16_20220826 08,4342.24951171875
16_20220826 09,4589.78759765625
16_20220826 10,4581.533203125
16_20220826 11,4481.94384765625
16_20220826 12,4243.09423828125
16_20220826 13,4200.93798828125
16_20220826 14,4218.7109375
16_20220826 15,4251.72900390625
16_20220826 16,4241.767578125
16_20220826 17,4174.05224609375
16_20220826 18,3928.4794921875
16_20220826 19,3916.1298828125
16_20220826 20,3694.49365234375
16_20220826 21,2913.808837890625
16_20220826 22,2073.818115234375
16_20220826 23,1512.4053955078125
16_20220827 00,1306.9417724609375
16_20220827 01,1277.6036376953125
16_20220827 02,1296.0606689453125
16_20220827 03,1279.0909423828125
16_20220827 04,1462.0391845703125
16_20220827 05,2959.914306640625
16_20220827 06,3857.8642578125
16_20220827 07,3965.844482421875
16_20220827 08,3908.6064453125
16_20220827 09,3966.566162109375
16_20220827 10,3980.511962890625
16_20220827 11,3886.3837890625
16_20220827 12,3909.852294921875
16_20220827 13,3972.929931640625
16_20220827 14,3964.62890625
16_20220827 15,3900.378173828125
16_20220827 16,3973.070556640625
16_20220827 17,4002.154541015625
16_20220827 18,3939.4365234375
16_20220827 19,3872.57666015625
16_20220827 20,3620.3818359375
16_20220827 21,2706.634521484375
16_20220827 22,1963.74072265625
16_20220827 23,1371.4473876953125
16_20220828 00,1252.455078125
16_20220828 01,1262.3350830078125
16_20220828 02,1271.9278564453125
16_20220828 03,1261.5809326171875
16_20220828 04,1432.6807861328125
16_20220828 05,2915.302490234375
16_20220828 06,3810.3046875
16_20220828 07,3903.4296875
16_20220828 08,3709.884521484375
16_20220828 09,3734.101318359375
16_20220828 10,3749.983642578125
16_20220828 11,3854.697021484375
16_20220828 12,3880.315673828125
16_20220828 13,3863.735107421875
16_20220828 14,3861.79833984375
16_20220828 15,3869.351318359375
16_20220828 16,3964.413818359375
16_20220828 17,3966.29150390625
16_20220828 18,3942.323486328125
16_20220828 19,3922.3505859375
16_20220828 20,3663.394775390625
16_20220828 21,2905.306396484375
16_20220828 22,2101.234619140625
16_20220828 23,1428.3577880859375
16_20220829 00,1267.4462890625
16_20220829 01,1256.0771484375
16_20220829 02,1255.147216796875
16_20220829 03,1247.5831298828125
16_20220829 04,1503.4981689453125
16_20220829 05,2735.37890625
16_20220829 06,3645.150146484375
16_20220829 07,3903.3779296875
16_20220829 08,4130.37841796875
16_20220829 09,4320.29736328125
16_20220829 10,4336.76806640625
16_20220829 11,4102.615234375
16_20220829 12,4021.507080078125
16_20220829 13,3964.33447265625
16_20220829 14,3934.355224609375
16_20220829 15,3883.766357421875
16_20220829 16,3877.48291015625
16_20220829 17,3838.314208984375
16_20220829 18,3522.292724609375
16_20220829 19,3475.8271484375
16_20220829 20,3188.1015625
16_20220829 21,2617.4755859375
16_20220829 22,1988.4844970703125
16_20220829 23,1435.8016357421875
16_20220830 00,1304.2945556640625
16_20220830 01,1316.9366455078125
16_20220830 02,1314.93896484375
16_20220830 03,1287.6729736328125
16_20220830 04,1509.94921875
16_20220830 05,2852.434814453125
16_20220830 06,3874.4658203125
16_20220830 07,4059.37109375
16_20220830 08,4274.14697265625
16_20220830 09,4373.75390625
16_20220830 10,4371.01953125
16_20220830 11,4246.96728515625
16_20220830 12,4046.46484375
16_20220830 13,4043.129638671875
16_20220830 14,4051.99609375
16_20220830 15,4035.612548828125
16_20220830 16,4062.81005859375
16_20220830 17,4082.762451171875
16_20220830 18,3856.136474609375
16_20220830 19,3775.5439453125
16_20220830 20,3450.902587890625
16_20220830 21,2678.36328125
16_20220830 22,2009.456298828125
16_20220830 23,1448.9691162109375
16_20220831 00,1323.107177734375
16_20220831 01,1311.8839111328125
16_20220831 02,1313.25927734375
16_20220831 03,1300.3089599609375
16_20220831 04,1500.21728515625
16_20220831 05,2898.157470703125
16_20220831 06,3856.965087890625
16_20220831 07,3998.8251953125
16_20220831 08,4134.494140625
16_20220831 09,4132.7431640625
16_20220831 10,4113.33984375
16_20220831 11,4056.58203125
16_20220831 12,3990.676025390625
16_20220831 13,4020.4697265625
16_20220831 14,3995.623291015625
16_20220831 15,3942.88134765625
16_20220831 16,3989.921875
16_20220831 17,3998.41162109375
16_20220831 18,3802.074462890625
16_20220831 19,3782.784423828125
16_20220831 20,3452.630615234375
16_20220831 21,2655.13427734375
16_20220831 22,2007.8218994140625
16_20220831 23,1462.4454345703125
17_20220825 00,684.9359130859375
17_20220825 01,657.2008666992188
17_20220825 02,658.709716796875
17_20220825 03,659.1947021484375
17_20220825 04,842.5447387695312
17_20220825 05,1189.204345703125
17_20220825 06,1184.6690673828125
17_20220825 07,1226.9493408203125
17_20220825 08,1447.2335205078125
17_20220825 09,1455.5235595703125
17_20220825 10,1454.3834228515625
17_20220825 11,1457.4403076171875
17_20220825 12,1400.307861328125
17_20220825 13,1459.63525390625
17_20220825 14,1396.3931884765625
17_20220825 15,1421.5223388671875
17_20220825 16,1416.7139892578125
17_20220825 17,1388.9892578125
17_20220825 18,1345.6329345703125
17_20220825 19,942.9972534179688
17_20220825 20,817.9468994140625
17_20220825 21,792.912353515625
17_20220825 22,778.361328125
17_20220825 23,767.9813842773438
17_20220826 00,671.1260986328125
17_20220826 01,639.4819946289062
17_20220826 02,650.8770141601562
17_20220826 03,652.48388671875
17_20220826 04,843.0890502929688
17_20220826 05,1177.4586181640625
17_20220826 06,1109.3282470703125
17_20220826 07,1183.19921875
17_20220826 08,1431.78271484375
17_20220826 09,1444.42822265625
17_20220826 10,1446.3515625
17_20220826 11,1457.3572998046875
17_20220826 12,1403.8455810546875
17_20220826 13,1472.9713134765625
17_20220826 14,1415.9775390625
17_20220826 15,1442.03955078125
17_20220826 16,1421.440673828125
17_20220826 17,1398.333740234375
17_20220826 18,1341.37060546875
17_20220826 19,889.8482666015625
17_20220826 20,816.2142944335938
17_20220826 21,777.7146606445312
17_20220826 22,755.5996704101562
17_20220826 23,720.6624755859375
17_20220827 00,596.4042358398438
17_20220827 01,588.2938842773438
17_20220827 02,590.4954833984375
17_20220827 03,590.6474609375
17_20220827 04,589.8499145507812
17_20220827 05,589.6156005859375
17_20220827 06,589.427734375
17_20220827 07,591.6769409179688
17_20220827 08,599.664306640625
17_20220827 09,634.30029296875
17_20220827 10,637.4907836914062
17_20220827 11,667.372314453125
17_20220827 12,671.27685546875
17_20220827 13,665.8707885742188
17_20220827 14,680.2767944335938
17_20220827 15,686.038330078125
17_20220827 16,691.304443359375
17_20220827 17,676.589111328125
17_20220827 18,673.9985961914062
17_20220827 19,669.5208740234375
17_20220827 20,667.71533203125
17_20220827 21,662.6926879882812
17_20220827 22,650.979248046875
17_20220827 23,638.982666015625
17_20220828 00,601.588134765625
17_20220828 01,598.1852416992188
17_20220828 02,589.3103637695312
17_20220828 03,590.1431274414062
17_20220828 04,590.324951171875
17_20220828 05,588.6028442382812
17_20220828 06,596.6007690429688
17_20220828 07,596.6966552734375
17_20220828 08,604.5762329101562
17_20220828 09,623.7567138671875
17_20220828 10,630.2467651367188
17_20220828 11,635.230224609375
17_20220828 12,636.0234985351562
17_20220828 13,644.8390502929688
17_20220828 14,657.6447143554688
17_20220828 15,664.3831176757812
17_20220828 16,674.7915649414062
17_20220828 17,640.9242553710938
17_20220828 18,653.5322875976562
17_20220828 19,637.2811889648438
17_20220828 20,640.0020751953125
17_20220828 21,630.7238159179688
17_20220828 22,610.3607177734375
17_20220828 23,603.4994506835938
17_20220829 00,634.0697021484375
17_20220829 01,615.6980590820312
17_20220829 02,616.4862670898438
17_20220829 03,615.5584106445312
17_20220829 04,1030.90380859375
17_20220829 05,1201.83740234375
17_20220829 06,1129.38623046875
17_20220829 07,1179.9979248046875
17_20220829 08,1476.2874755859375
17_20220829 09,1476.6746826171875
17_20220829 10,1474.02978515625
17_20220829 11,1484.87744140625
17_20220829 12,1414.8419189453125
17_20220829 13,1487.7276611328125
17_20220829 14,1434.600830078125
17_20220829 15,1448.9500732421875
17_20220829 16,1442.68408203125
17_20220829 17,1416.04736328125
17_20220829 18,1283.33056640625
17_20220829 19,938.1401977539062
17_20220829 20,879.9418334960938
17_20220829 21,857.2174072265625
17_20220829 22,844.8900146484375
17_20220829 23,823.2313842773438
17_20220830 00,734.1754760742188
17_20220830 01,669.134033203125
17_20220830 02,657.4466552734375
17_20220830 03,664.21875
17_20220830 04,926.8646240234375
17_20220830 05,1178.4600830078125
17_20220830 06,1007.83203125
17_20220830 07,1104.6014404296875
17_20220830 08,1375.3563232421875
17_20220830 09,1394.401123046875
17_20220830 10,1390.6024169921875
17_20220830 11,1401.642578125
17_20220830 12,1321.2498779296875
17_20220830 13,1408.5430908203125
17_20220830 14,1326.660888671875
17_20220830 15,1382.7149658203125
17_20220830 16,1374.995361328125
17_20220830 17,1339.437744140625
17_20220830 18,1298.1663818359375
17_20220830 19,986.738525390625
17_20220830 20,911.1489868164062
17_20220830 21,864.335693359375
17_20220830 22,843.7714233398438
17_20220830 23,831.2515258789062
17_20220831 00,670.1549072265625
17_20220831 01,628.7566528320312
17_20220831 02,623.1109008789062
17_20220831 03,623.0435180664062
17_20220831 04,845.751953125
17_20220831 05,1194.5550537109375
17_20220831 06,1104.2957763671875
17_20220831 07,1129.4803466796875
17_20220831 08,1406.43701171875
17_20220831 09,1431.8026123046875
17_20220831 10,1439.97265625
17_20220831 11,1439.96728515625
17_20220831 12,1394.3828125
17_20220831 13,1444.0919189453125
17_20220831 14,1399.4022216796875
17_20220831 15,1413.549072265625
17_20220831 16,1408.1280517578125
17_20220831 17,1393.1268310546875
17_20220831 18,1336.8768310546875
17_20220831 19,904.678955078125
17_20220831 20,816.0556030273438
17_20220831 21,790.2869262695312
17_20220831 22,776.544921875
17_20220831 23,769.3584594726562
18_20220825 00,969.1234130859375
18_20220825 01,966.4954833984375
18_20220825 02,959.8826293945312
18_20220825 03,959.3990478515625
18_20220825 04,964.6372680664062
18_20220825 05,971.5253295898438
18_20220825 06,1303.9534912109375
18_20220825 07,1674.9840087890625
18_20220825 08,2012.9454345703125
18_20220825 09,2113.7802734375
18_20220825 10,2075.36572265625
18_20220825 11,2115.928955078125
18_20220825 12,2053.5283203125
18_20220825 13,2106.94775390625
18_20220825 14,2036.3355712890625
18_20220825 15,2032.038330078125
18_20220825 16,1960.4891357421875
18_20220825 17,1908.7269287109375
18_20220825 18,1609.9046630859375
18_20220825 19,1569.5550537109375
18_20220825 20,1417.95947265625
18_20220825 21,1252.9383544921875
18_20220825 22,1099.8660888671875
18_20220825 23,1070.827880859375
18_20220826 00,966.0674438476562
18_20220826 01,964.4580688476562
18_20220826 02,966.4110717773438
18_20220826 03,966.10546875
18_20220826 04,968.832763671875
18_20220826 05,999.932861328125
18_20220826 06,1290.046142578125
18_20220826 07,1674.4393310546875
18_20220826 08,1970.92138671875
18_20220826 09,2072.301025390625
18_20220826 10,2082.157470703125
18_20220826 11,2139.8359375
18_20220826 12,2073.429931640625
18_20220826 13,2125.072998046875
18_20220826 14,2095.80615234375
18_20220826 15,2083.25244140625
18_20220826 16,2037.8206787109375
18_20220826 17,1980.4981689453125
18_20220826 18,1673.4520263671875
18_20220826 19,1562.8690185546875
18_20220826 20,1411.985107421875
18_20220826 21,1230.311767578125
18_20220826 22,1124.4969482421875
18_20220826 23,1069.6142578125
18_20220827 00,963.3174438476562
18_20220827 01,962.4136962890625
18_20220827 02,967.576416015625
18_20220827 03,977.852294921875
18_20220827 04,969.1655883789062
18_20220827 05,960.2055053710938
18_20220827 06,1032.1964111328125
18_20220827 07,1161.6527099609375
18_20220827 08,1221.911865234375
18_20220827 09,1276.6376953125
18_20220827 10,1295.968994140625
18_20220827 11,1345.9248046875
18_20220827 12,1353.0216064453125
18_20220827 13,1361.4122314453125
18_20220827 14,1385.6820068359375
18_20220827 15,1385.8297119140625
18_20220827 16,1385.138427734375
18_20220827 17,1287.6893310546875
18_20220827 18,1195.302734375
18_20220827 19,1133.9969482421875
18_20220827 20,1062.2091064453125
18_20220827 21,1049.053955078125
18_20220827 22,1005.4279174804688
18_20220827 23,954.400146484375
18_20220828 00,944.69921875
18_20220828 01,949.3244018554688
18_20220828 02,949.2788696289062
18_20220828 03,942.38671875
18_20220828 04,951.9814453125
18_20220828 05,950.119384765625
18_20220828 06,1087.4215087890625
18_20220828 07,1183.38671875
18_20220828 08,1165.5462646484375
18_20220828 09,1181.052734375
18_20220828 10,1243.54736328125
18_20220828 11,1320.4918212890625
18_20220828 12,1366.499755859375
18_20220828 13,1366.60107421875
18_20220828 14,1380.6405029296875
18_20220828 15,1363.403076171875
18_20220828 16,1362.9365234375
18_20220828 17,1297.4334716796875
18_20220828 18,1187.5089111328125
18_20220828 19,1177.8331298828125
18_20220828 20,1114.2559814453125
18_20220828 21,1089.1201171875
18_20220828 22,1050.66064453125
18_20220828 23,1037.4969482421875
18_20220829 00,962.5339965820312
18_20220829 01,964.292724609375
18_20220829 02,952.3506469726562
18_20220829 03,940.9576416015625
18_20220829 04,945.4242553710938
18_20220829 05,1020.1051025390625
18_20220829 06,1350.628173828125
18_20220829 07,1687.796875
18_20220829 08,1985.3328857421875
18_20220829 09,2035.9197998046875
18_20220829 10,2061.08642578125
18_20220829 11,2066.7265625
18_20220829 12,2012.2281494140625
18_20220829 13,2069.893798828125
18_20220829 14,2002.6558837890625
18_20220829 15,2012.0704345703125
18_20220829 16,1941.299560546875
18_20220829 17,1847.9881591796875
18_20220829 18,1438.0789794921875
18_20220829 19,1399.2354736328125
18_20220829 20,1313.486083984375
18_20220829 21,1148.83935546875
18_20220829 22,1050.5164794921875
18_20220829 23,1045.8408203125
18_20220830 00,1004.2838134765625
18_20220830 01,1001.3665771484375
18_20220830 02,963.9224853515625
18_20220830 03,965.119384765625
18_20220830 04,965.6363525390625
18_20220830 05,994.6359252929688
18_20220830 06,1350.185546875
18_20220830 07,1680.9073486328125
18_20220830 08,1946.6268310546875
18_20220830 09,2006.1014404296875
18_20220830 10,1997.255859375
18_20220830 11,2007.703125
18_20220830 12,1969.2945556640625
18_20220830 13,2006.3370361328125
18_20220830 14,1974.030029296875
18_20220830 15,1948.799560546875
18_20220830 16,1916.0216064453125
18_20220830 17,1896.5054931640625
18_20220830 18,1524.6163330078125
18_20220830 19,1480.96240234375
18_20220830 20,1385.6717529296875
18_20220830 21,1206.989013671875
18_20220830 22,1119.4150390625
18_20220830 23,1067.5328369140625
18_20220831 00,991.864990234375
18_20220831 01,984.5443115234375
18_20220831 02,977.9410400390625
18_20220831 03,977.4276733398438
18_20220831 04,981.962890625
18_20220831 05,987.6724243164062
18_20220831 06,1245.836181640625
18_20220831 07,1603.493408203125
18_20220831 08,1892.4468994140625
18_20220831 09,2016.734375
18_20220831 10,1980.7574462890625
18_20220831 11,2040.6734619140625
18_20220831 12,1966.849609375
18_20220831 13,2050.93310546875
18_20220831 14,1969.669189453125
18_20220831 15,1966.1405029296875
18_20220831 16,1808.7169189453125
18_20220831 17,1811.6834716796875
18_20220831 18,1404.13916015625
18_20220831 19,1375.8094482421875
18_20220831 20,1165.78759765625
18_20220831 21,1080.16015625
18_20220831 22,986.1151733398438
18_20220831 23,999.1444702148438
19_20220825 00,854.2691650390625
19_20220825 01,840.1714477539062
19_20220825 02,824.1158447265625
19_20220825 03,764.9580688476562
19_20220825 04,763.3256225585938
19_20220825 05,1168.5037841796875
19_20220825 06,1589.9012451171875
19_20220825 07,1876.08935546875
19_20220825 08,2026.3175048828125
19_20220825 09,2202.1826171875
19_20220825 10,2227.404296875
19_20220825 11,2234.58984375
19_20220825 12,2183.931884765625
19_20220825 13,2265.681396484375
19_20220825 14,2268.341064453125
19_20220825 15,2216.622314453125
19_20220825 16,2186.44677734375
19_20220825 17,2191.995849609375
19_20220825 18,1932.4268798828125
19_20220825 19,1817.2821044921875
19_20220825 20,1664.1710205078125
19_20220825 21,1414.5997314453125
19_20220825 22,1214.8929443359375
19_20220825 23,1053.4398193359375
19_20220826 00,838.6150512695312
19_20220826 01,823.1839599609375
19_20220826 02,823.1430053710938
19_20220826 03,775.732666015625
19_20220826 04,785.362548828125
19_20220826 05,1170.5400390625
19_20220826 06,1549.3245849609375
19_20220826 07,1870.9073486328125
19_20220826 08,2013.8460693359375
19_20220826 09,2179.382568359375
19_20220826 10,2222.846923828125
19_20220826 11,2228.490478515625
19_20220826 12,2184.515625
19_20220826 13,2260.98291015625
19_20220826 14,2238.413818359375
19_20220826 15,2213.53271484375
19_20220826 16,2198.656005859375
19_20220826 17,2222.125244140625
19_20220826 18,1818.8446044921875
19_20220826 19,1802.8302001953125
19_20220826 20,1648.5703125
19_20220826 21,1426.22705078125
19_20220826 22,1232.44091796875
19_20220826 23,1064.670654296875
19_20220827 00,833.2286987304688
19_20220827 01,822.9599609375
19_20220827 02,782.2169799804688
19_20220827 03,767.691162109375
19_20220827 04,751.9946899414062
19_20220827 05,827.0318603515625
19_20220827 06,893.2080688476562
19_20220827 07,1177.2945556640625
19_20220827 08,1373.81396484375
19_20220827 09,1566.3050537109375
19_20220827 10,1595.12744140625
19_20220827 11,1593.1541748046875
19_20220827 12,1610.9044189453125
19_20220827 13,1616.5440673828125
19_20220827 14,1667.0352783203125
19_20220827 15,1714.0550537109375
19_20220827 16,1723.041748046875
19_20220827 17,1729.3753662109375
19_20220827 18,1476.21142578125
19_20220827 19,1373.0428466796875
19_20220827 20,1261.14306640625
19_20220827 21,1144.68017578125
19_20220827 22,924.5473022460938
19_20220827 23,826.2908325195312
19_20220828 00,743.3971557617188
19_20220828 01,732.5541381835938
19_20220828 02,732.0492553710938
19_20220828 03,735.6392211914062
19_20220828 04,734.771484375
19_20220828 05,821.3338012695312
19_20220828 06,888.6533203125
19_20220828 07,1159.1514892578125
19_20220828 08,1333.13720703125
19_20220828 09,1462.866455078125
19_20220828 10,1484.4283447265625
19_20220828 11,1491.08544921875
19_20220828 12,1543.1192626953125
19_20220828 13,1552.34619140625
19_20220828 14,1599.2965087890625
19_20220828 15,1629.328857421875
19_20220828 16,1622.17822265625
19_20220828 17,1585.6097412109375
19_20220828 18,1412.302978515625
19_20220828 19,1361.9625244140625
19_20220828 20,1253.11865234375
19_20220828 21,1123.770751953125
19_20220828 22,931.8355712890625
19_20220828 23,850.8994750976562
19_20220829 00,757.968017578125
19_20220829 01,755.3208618164062
19_20220829 02,759.503173828125
19_20220829 03,742.9450073242188
19_20220829 04,738.8673095703125
19_20220829 05,1109.740478515625
19_20220829 06,1500.60009765625
19_20220829 07,1856.7777099609375
19_20220829 08,1979.2188720703125
19_20220829 09,2120.810546875
19_20220829 10,2143.9931640625
19_20220829 11,2160.9697265625
19_20220829 12,2126.5224609375
19_20220829 13,2185.374755859375
19_20220829 14,2004.3836669921875
19_20220829 15,2179.019287109375
19_20220829 16,2130.2880859375
19_20220829 17,2049.891357421875
19_20220829 18,1911.49853515625
19_20220829 19,1758.0225830078125
19_20220829 20,1566.1820068359375
19_20220829 21,1363.6676025390625
19_20220829 22,1197.4339599609375
19_20220829 23,1067.2208251953125
19_20220830 00,836.8671264648438
19_20220830 01,836.8689575195312
19_20220830 02,831.3781127929688
19_20220830 03,814.3162231445312
19_20220830 04,783.0662231445312
19_20220830 05,1130.67919921875
19_20220830 06,1557.5106201171875
19_20220830 07,1849.6484375
19_20220830 08,1977.9708251953125
19_20220830 09,2157.26171875
19_20220830 10,2180.55322265625
19_20220830 11,2181.1044921875
19_20220830 12,2147.69140625
19_20220830 13,2211.70703125
19_20220830 14,2222.013427734375
19_20220830 15,2208.22900390625
19_20220830 16,2161.7236328125
19_20220830 17,2172.28076171875
19_20220830 18,1900.0574951171875
19_20220830 19,1772.7188720703125
19_20220830 20,1661.44921875
19_20220830 21,1409.3016357421875
19_20220830 22,1219.0010986328125
19_20220830 23,1061.4876708984375
19_20220831 00,843.5701293945312
19_20220831 01,828.9857788085938
19_20220831 02,821.826416015625
19_20220831 03,783.5554809570312
19_20220831 04,770.7583618164062
19_20220831 05,1127.0902099609375
19_20220831 06,1523.266845703125
19_20220831 07,1840.3104248046875
19_20220831 08,1973.4434814453125
19_20220831 09,2145.3017578125
19_20220831 10,2175.140869140625
19_20220831 11,2178.767822265625
19_20220831 12,2129.592041015625
19_20220831 13,2207.556884765625
19_20220831 14,2224.176025390625
19_20220831 15,2192.402587890625
19_20220831 16,2059.805908203125
19_20220831 17,2124.749755859375
19_20220831 18,1805.81298828125
19_20220831 19,1763.8865966796875
19_20220831 20,1605.6636962890625
19_20220831 21,1358.32958984375
19_20220831 22,1208.68408203125
19_20220831 23,1030.4173583984375
20_20220825 00,991.736328125
20_20220825 01,988.758544921875
20_20220825 02,985.4639282226562
20_20220825 03,986.8711547851562
20_20220825 04,987.032958984375
20_20220825 05,1007.4130249023438
20_20220825 06,2418.534912109375
20_20220825 07,2759.454833984375
20_20220825 08,2927.98388671875
20_20220825 09,3085.33984375
20_20220825 10,3133.3486328125
20_20220825 11,3048.222900390625
20_20220825 12,3053.8251953125
20_20220825 13,3123.96875
20_20220825 14,3112.71630859375
20_20220825 15,3080.626708984375
20_20220825 16,3103.71240234375
20_20220825 17,2902.265869140625
20_20220825 18,1705.9866943359375
20_20220825 19,1250.5604248046875
20_20220825 20,1166.269287109375
20_20220825 21,1120.0406494140625
20_20220825 22,1042.9163818359375
20_20220825 23,1006.2886352539062
20_20220826 00,984.8746337890625
20_20220826 01,976.777099609375
20_20220826 02,974.8016967773438
20_20220826 03,980.2376708984375
20_20220826 04,985.9054565429688
20_20220826 05,1095.3995361328125
20_20220826 06,1981.612060546875
20_20220826 07,2481.076416015625
20_20220826 08,2668.552490234375
20_20220826 09,2857.50390625
20_20220826 10,2873.2421875
20_20220826 11,2828.6494140625
20_20220826 12,2824.894287109375
20_20220826 13,2856.24853515625
20_20220826 14,2851.715087890625
20_20220826 15,2873.850830078125
20_20220826 16,2904.057861328125
20_20220826 17,2535.8212890625
20_20220826 18,1499.3878173828125
20_20220826 19,1211.80615234375
20_20220826 20,1148.6219482421875
20_20220826 21,1081.708251953125
20_20220826 22,1026.6336669921875
20_20220826 23,992.4898681640625
20_20220827 00,970.7095947265625
20_20220827 01,963.0879516601562
20_20220827 02,957.506103515625
20_20220827 03,954.989501953125
20_20220827 04,952.2093505859375
20_20220827 05,952.3341674804688
20_20220827 06,940.8764038085938
20_20220827 07,898.4718627929688
20_20220827 08,825.510498046875
20_20220827 09,792.023681640625
20_20220827 10,776.7398681640625
20_20220827 11,766.900146484375
20_20220827 12,752.0635375976562
20_20220827 13,759.707763671875
20_20220827 14,789.027587890625
20_20220827 15,833.1453247070312
20_20220827 16,871.9218139648438
20_20220827 17,922.1685180664062
20_20220827 18,964.1755981445312
20_20220827 19,987.5223999023438
20_20220827 20,987.3060913085938
20_20220827 21,983.9310913085938
20_20220827 22,971.512939453125
20_20220827 23,956.2598266601562
20_20220828 00,958.1373291015625
20_20220828 01,953.1482543945312
20_20220828 02,955.639892578125
20_20220828 03,955.6348266601562
20_20220828 04,953.037353515625
20_20220828 05,952.7722778320312
20_20220828 06,944.3732299804688
20_20220828 07,920.252197265625
20_20220828 08,889.7523803710938
20_20220828 09,835.5430297851562
20_20220828 10,803.852783203125
20_20220828 11,759.7408447265625
20_20220828 12,760.3925170898438
20_20220828 13,775.8051147460938
20_20220828 14,791.5113525390625
20_20220828 15,834.3911743164062
20_20220828 16,877.1558837890625
20_20220828 17,934.2573852539062
20_20220828 18,988.8817749023438
20_20220828 19,998.896728515625
20_20220828 20,993.2197265625
20_20220828 21,991.7514038085938
20_20220828 22,988.928466796875
20_20220828 23,972.1968383789062
20_20220829 00,978.1923828125
20_20220829 01,971.864501953125
20_20220829 02,966.9369506835938
20_20220829 03,966.7730102539062
20_20220829 04,986.8695068359375
20_20220829 05,1365.03759765625
20_20220829 06,2039.6737060546875
20_20220829 07,2561.7197265625
20_20220829 08,2766.08740234375
20_20220829 09,2956.061767578125
20_20220829 10,2962.94775390625
20_20220829 11,2923.9423828125
20_20220829 12,2908.53662109375
20_20220829 13,2938.878662109375
20_20220829 14,2928.673583984375
20_20220829 15,2931.4189453125
20_20220829 16,2953.0439453125
20_20220829 17,2680.521240234375
20_20220829 18,1629.297607421875
20_20220829 19,1250.34375
20_20220829 20,1159.0003662109375
20_20220829 21,1114.0782470703125
20_20220829 22,1030.1539306640625
20_20220829 23,997.3590087890625
20_20220830 00,977.4463500976562
20_20220830 01,966.863525390625
20_20220830 02,965.3576049804688
20_20220830 03,967.6007690429688
20_20220830 04,971.435546875
20_20220830 05,1015.5183715820312
20_20220830 06,2079.77197265625
20_20220830 07,2505.552490234375
20_20220830 08,2675.81298828125
20_20220830 09,2914.935791015625
20_20220830 10,2947.904052734375
20_20220830 11,2900.613525390625
20_20220830 12,2864.304443359375
20_20220830 13,2956.650146484375
20_20220830 14,2924.3173828125
20_20220830 15,2909.8046875
20_20220830 16,2943.418701171875
20_20220830 17,2671.718505859375
20_20220830 18,1645.341064453125
20_20220830 19,1289.987548828125
20_20220830 20,1252.9423828125
20_20220830 21,1157.5225830078125
20_20220830 22,1055.99169921875
20_20220830 23,1016.1416015625
20_20220831 00,983.6436157226562
20_20220831 01,974.7195434570312
20_20220831 02,970.8569946289062
20_20220831 03,973.3540649414062
20_20220831 04,975.3037109375
20_20220831 05,1143.909423828125
20_20220831 06,2030.497314453125
20_20220831 07,2426.0703125
20_20220831 08,2684.716064453125
20_20220831 09,2918.828369140625
20_20220831 10,2940.776611328125
20_20220831 11,2865.1591796875
20_20220831 12,2865.4345703125
20_20220831 13,2898.83251953125
20_20220831 14,2890.651611328125
20_20220831 15,2905.901611328125
20_20220831 16,2934.8837890625
20_20220831 17,2620.4404296875
20_20220831 18,1660.0
20_20220831 19,1260.87646484375
20_20220831 20,1173.329833984375
20_20220831 21,1119.4884033203125
20_20220831 22,1037.2100830078125
20_20220831 23,999.3226318359375
21_20220825 00,1641.992919921875
21_20220825 01,1650.61767578125
21_20220825 02,1647.96044921875
21_20220825 03,1572.7137451171875
21_20220825 04,1427.6781005859375
21_20220825 05,1475.7432861328125
21_20220825 06,1942.27294921875
21_20220825 07,2598.67822265625
21_20220825 08,3010.332763671875
21_20220825 09,3125.369384765625
21_20220825 10,3110.751708984375
21_20220825 11,3090.374267578125
21_20220825 12,3007.6533203125
21_20220825 13,2867.677978515625
21_20220825 14,2964.46337890625
21_20220825 15,3029.7705078125
21_20220825 16,2945.64892578125
21_20220825 17,2710.406005859375
21_20220825 18,2008.49462890625
21_20220825 19,1690.965576171875
21_20220825 20,1617.72509765625
21_20220825 21,1491.09716796875
21_20220825 22,1383.74169921875
21_20220825 23,1630.06005859375
21_20220826 00,1631.02783203125
21_20220826 01,1606.4063720703125
21_20220826 02,1602.800048828125
21_20220826 03,1518.877685546875
21_20220826 04,1370.008544921875
21_20220826 05,1394.98583984375
21_20220826 06,1965.684326171875
21_20220826 07,2531.345703125
21_20220826 08,2890.926025390625
21_20220826 09,3028.36083984375
21_20220826 10,3015.781982421875
21_20220826 11,3025.475830078125
21_20220826 12,2865.952880859375
21_20220826 13,2792.194091796875
21_20220826 14,2867.232666015625
21_20220826 15,2956.267333984375
21_20220826 16,2861.2861328125
21_20220826 17,2737.786865234375
21_20220826 18,1863.857421875
21_20220826 19,1642.2244873046875
21_20220826 20,1503.8477783203125
21_20220826 21,1436.74755859375
21_20220826 22,1352.74169921875
21_20220826 23,1640.538330078125
21_20220827 00,1628.79443359375
21_20220827 01,1624.14111328125
21_20220827 02,1610.9285888671875
21_20220827 03,1553.254638671875
21_20220827 04,1348.98779296875
21_20220827 05,1251.3956298828125
21_20220827 06,1270.2314453125
21_20220827 07,1267.1981201171875
21_20220827 08,1230.416259765625
21_20220827 09,1282.714599609375
21_20220827 10,1267.1905517578125
21_20220827 11,1264.1866455078125
21_20220827 12,1256.769775390625
21_20220827 13,1261.6917724609375
21_20220827 14,1296.8253173828125
21_20220827 15,1307.57666015625
21_20220827 16,1353.19873046875
21_20220827 17,1355.4774169921875
21_20220827 18,1356.6619873046875
21_20220827 19,1373.0914306640625
21_20220827 20,1396.589599609375
21_20220827 21,1377.7078857421875
21_20220827 22,1354.1656494140625
21_20220827 23,1290.23876953125
21_20220828 00,1383.0938720703125
21_20220828 01,1371.97509765625
21_20220828 02,1370.734375
21_20220828 03,1353.837158203125
21_20220828 04,1269.4716796875
21_20220828 05,1264.2374267578125
21_20220828 06,1259.3896484375
21_20220828 07,1262.8309326171875
21_20220828 08,1260.8436279296875
21_20220828 09,1336.8780517578125
21_20220828 10,1317.4666748046875
21_20220828 11,1309.26318359375
21_20220828 12,1292.2625732421875
21_20220828 13,1294.9237060546875
21_20220828 14,1313.9752197265625
21_20220828 15,1299.8516845703125
21_20220828 16,1309.123291015625
21_20220828 17,1349.2977294921875
21_20220828 18,1327.446533203125
21_20220828 19,1358.658935546875
21_20220828 20,1367.4970703125
21_20220828 21,1355.3631591796875
21_20220828 22,1312.3057861328125
21_20220828 23,1286.9425048828125
21_20220829 00,1246.9952392578125
21_20220829 01,1246.7642822265625
21_20220829 02,1242.2501220703125
21_20220829 03,1244.2803955078125
21_20220829 04,1236.518798828125
21_20220829 05,1361.420654296875
21_20220829 06,2032.2559814453125
21_20220829 07,2515.105712890625
21_20220829 08,2897.3779296875
21_20220829 09,3065.384521484375
21_20220829 10,3000.942138671875
21_20220829 11,2983.010986328125
21_20220829 12,2868.321533203125
21_20220829 13,2746.047119140625
21_20220829 14,2871.861083984375
21_20220829 15,2911.42333984375
21_20220829 16,2832.1826171875
21_20220829 17,2592.40869140625
21_20220829 18,1911.78271484375
21_20220829 19,1695.765625
21_20220829 20,1588.3204345703125
21_20220829 21,1437.8392333984375
21_20220829 22,1352.972412109375
21_20220829 23,1524.2987060546875
21_20220830 00,1541.083984375
21_20220830 01,1521.2625732421875
21_20220830 02,1517.895263671875
21_20220830 03,1491.9417724609375
21_20220830 04,1388.035400390625
21_20220830 05,1449.026611328125
21_20220830 06,2020.8785400390625
21_20220830 07,2513.8388671875
21_20220830 08,2875.78564453125
21_20220830 09,2969.77197265625
21_20220830 10,2939.283447265625
21_20220830 11,2911.826904296875
21_20220830 12,2857.006103515625
21_20220830 13,2747.3798828125
21_20220830 14,2820.083740234375
21_20220830 15,2875.1826171875
21_20220830 16,2787.915771484375
21_20220830 17,2673.025146484375
21_20220830 18,1905.28125
21_20220830 19,1667.1505126953125
21_20220830 20,1574.770263671875
21_20220830 21,1449.7169189453125
21_20220830 22,1336.567138671875
21_20220830 23,1568.0506591796875
21_20220831 00,1579.74853515625
21_20220831 01,1575.7364501953125
21_20220831 02,1572.1180419921875
21_20220831 03,1541.8878173828125
21_20220831 04,1379.2742919921875
21_20220831 05,1380.64892578125
21_20220831 06,1815.0750732421875
21_20220831 07,2440.365478515625
21_20220831 08,2833.3447265625
21_20220831 09,2964.0712890625
21_20220831 10,2890.817626953125
21_20220831 11,2877.794189453125
21_20220831 12,2817.924072265625
21_20220831 13,2677.9921875
21_20220831 14,2845.884765625
21_20220831 15,2874.96435546875
21_20220831 16,2787.45703125
21_20220831 17,2614.73876953125
21_20220831 18,2001.806640625
21_20220831 19,1716.349609375
21_20220831 20,1594.18701171875
21_20220831 21,1462.8907470703125
21_20220831 22,1362.4310302734375
21_20220831 23,1618.09619140625
22_20220825 00,936.0097045898438
22_20220825 01,919.808837890625
22_20220825 02,912.334716796875
22_20220825 03,907.8031005859375
22_20220825 04,911.1983032226562
22_20220825 05,965.818359375
22_20220825 06,1302.826171875
22_20220825 07,1388.9825439453125
22_20220825 08,1551.9151611328125
22_20220825 09,1620.622314453125
22_20220825 10,1615.8582763671875
22_20220825 11,1626.3140869140625
22_20220825 12,1584.6046142578125
22_20220825 13,1633.252685546875
22_20220825 14,1633.1307373046875
22_20220825 15,1616.0953369140625
22_20220825 16,1622.8499755859375
22_20220825 17,1593.5606689453125
22_20220825 18,1362.2022705078125
22_20220825 19,1191.0791015625
22_20220825 20,1137.712646484375
22_20220825 21,1076.00048828125
22_20220825 22,991.631591796875
22_20220825 23,947.3717041015625
22_20220826 00,922.5355224609375
22_20220826 01,916.719970703125
22_20220826 02,913.1204833984375
22_20220826 03,909.9283447265625
22_20220826 04,910.6900024414062
22_20220826 05,962.0082397460938
22_20220826 06,1287.94140625
22_20220826 07,1364.0233154296875
22_20220826 08,1547.8331298828125
22_20220826 09,1612.10107421875
22_20220826 10,1607.252685546875
22_20220826 11,1623.7303466796875
22_20220826 12,1584.2327880859375
22_20220826 13,1628.5450439453125
22_20220826 14,1632.79150390625
22_20220826 15,1616.3494873046875
22_20220826 16,1621.90625
22_20220826 17,1587.5955810546875
22_20220826 18,1360.42041015625
22_20220826 19,1209.0858154296875
22_20220826 20,1122.1815185546875
22_20220826 21,1048.5101318359375
22_20220826 22,981.5845336914062
22_20220826 23,945.5570678710938
22_20220827 00,922.9883422851562
22_20220827 01,918.8916015625
22_20220827 02,907.3665771484375
22_20220827 03,895.3945922851562
22_20220827 04,894.6070556640625
22_20220827 05,896.8578491210938
22_20220827 06,952.884765625
22_20220827 07,1016.0712280273438
22_20220827 08,1074.341796875
22_20220827 09,1109.2607421875
22_20220827 10,1133.8485107421875
22_20220827 11,1136.8634033203125
22_20220827 12,1128.1629638671875
22_20220827 13,1135.9022216796875
22_20220827 14,1139.1932373046875
22_20220827 15,1152.164306640625
22_20220827 16,1138.2860107421875
22_20220827 17,1139.07763671875
22_20220827 18,1074.8427734375
22_20220827 19,988.145263671875
22_20220827 20,975.3245849609375
22_20220827 21,952.702880859375
22_20220827 22,945.0532836914062
22_20220827 23,926.6914672851562
22_20220828 00,910.7544555664062
22_20220828 01,900.4367065429688
22_20220828 02,898.7113647460938
22_20220828 03,895.8335571289062
22_20220828 04,894.8447875976562
22_20220828 05,894.9888916015625
22_20220828 06,940.1275024414062
22_20220828 07,993.4120483398438
22_20220828 08,997.7918090820312
22_20220828 09,1003.02734375
22_20220828 10,1054.0313720703125
22_20220828 11,1039.427978515625
22_20220828 12,1040.9356689453125
22_20220828 13,1082.1539306640625
22_20220828 14,1104.8858642578125
22_20220828 15,1101.089599609375
22_20220828 16,1082.7188720703125
22_20220828 17,1058.62890625
22_20220828 18,1005.4188842773438
22_20220828 19,966.2183227539062
22_20220828 20,958.0195922851562
22_20220828 21,953.0849609375
22_20220828 22,952.7407836914062
22_20220828 23,936.3298950195312
22_20220829 00,903.5951538085938
22_20220829 01,898.0011596679688
22_20220829 02,895.9727172851562
22_20220829 03,894.9771118164062
22_20220829 04,896.3818969726562
22_20220829 05,1056.51513671875
22_20220829 06,1295.302490234375
22_20220829 07,1364.7645263671875
22_20220829 08,1547.003173828125
22_20220829 09,1609.909423828125
22_20220829 10,1601.8133544921875
22_20220829 11,1625.87060546875
22_20220829 12,1577.482421875
22_20220829 13,1629.5335693359375
22_20220829 14,1637.8128662109375
22_20220829 15,1612.75537109375
22_20220829 16,1617.108154296875
22_20220829 17,1585.2733154296875
22_20220829 18,1298.2100830078125
22_20220829 19,1205.7440185546875
22_20220829 20,1149.1378173828125
22_20220829 21,1077.639404296875
22_20220829 22,979.7871704101562
22_20220829 23,942.8993530273438
22_20220830 00,913.193115234375
22_20220830 01,905.1884765625
22_20220830 02,902.241943359375
22_20220830 03,894.8960571289062
22_20220830 04,898.0014038085938
22_20220830 05,984.1171264648438
22_20220830 06,1291.328369140625
22_20220830 07,1359.1297607421875
22_20220830 08,1514.6151123046875
22_20220830 09,1575.97119140625
22_20220830 10,1562.919189453125
22_20220830 11,1611.093017578125
22_20220830 12,1568.6229248046875
22_20220830 13,1623.134765625
22_20220830 14,1630.2803955078125
22_20220830 15,1609.359375
22_20220830 16,1614.2401123046875
22_20220830 17,1581.42236328125
22_20220830 18,1317.343017578125
22_20220830 19,1177.628173828125
22_20220830 20,1130.4083251953125
22_20220830 21,1057.177490234375
22_20220830 22,977.382080078125
22_20220830 23,942.1532592773438
22_20220831 00,913.6878662109375
22_20220831 01,909.4953002929688
22_20220831 02,900.0978393554688
22_20220831 03,896.116943359375
22_20220831 04,899.0490112304688
22_20220831 05,948.8878784179688
22_20220831 06,1262.7491455078125
22_20220831 07,1361.38232421875
22_20220831 08,1512.76904296875
22_20220831 09,1605.02734375
22_20220831 10,1596.7940673828125
22_20220831 11,1611.02197265625
22_20220831 12,1554.5848388671875
22_20220831 13,1612.24072265625
22_20220831 14,1620.4842529296875
22_20220831 15,1598.1505126953125
22_20220831 16,1610.1129150390625
22_20220831 17,1573.1136474609375
22_20220831 18,1306.7513427734375
22_20220831 19,1187.7882080078125
22_20220831 20,1119.23046875
22_20220831 21,1043.0078125
22_20220831 22,984.8851318359375
22_20220831 23,948.4275512695312
23_20220825 00,1047.0421142578125
23_20220825 01,1045.5662841796875
23_20220825 02,1037.5078125
23_20220825 03,1039.93896484375
23_20220825 04,1039.306640625
23_20220825 05,1063.1015625
23_20220825 06,1412.7431640625
23_20220825 07,1505.055908203125
23_20220825 08,1549.6292724609375
23_20220825 09,1613.606201171875
23_20220825 10,1624.2210693359375
23_20220825 11,1625.4241943359375
23_20220825 12,1576.6700439453125
23_20220825 13,1621.4913330078125
23_20220825 14,1608.9715576171875
23_20220825 15,1605.942138671875
23_20220825 16,1615.6121826171875
23_20220825 17,1573.7723388671875
23_20220825 18,1207.6925048828125
23_20220825 19,1156.494384765625
23_20220825 20,1124.03857421875
23_20220825 21,1090.8016357421875
23_20220825 22,1058.2034912109375
23_20220825 23,1038.4332275390625
23_20220826 00,1031.7713623046875
23_20220826 01,1031.0260009765625
23_20220826 02,1027.91064453125
23_20220826 03,1032.6396484375
23_20220826 04,1031.91650390625
23_20220826 05,1052.96142578125
23_20220826 06,1311.6893310546875
23_20220826 07,1402.9471435546875
23_20220826 08,1447.6705322265625
23_20220826 09,1490.0792236328125
23_20220826 10,1546.48046875
23_20220826 11,1542.76220703125
23_20220826 12,1518.813232421875
23_20220826 13,1558.8883056640625
23_20220826 14,1541.6463623046875
23_20220826 15,1532.7855224609375
23_20220826 16,1535.2288818359375
23_20220826 17,1487.53857421875
23_20220826 18,1161.05126953125
23_20220826 19,1126.539306640625
23_20220826 20,1111.47119140625
23_20220826 21,1088.90966796875
23_20220826 22,1065.3570556640625
23_20220826 23,1046.8370361328125
23_20220827 00,1035.8004150390625
23_20220827 01,1029.54345703125
23_20220827 02,1028.4759521484375
23_20220827 03,1029.068603515625
23_20220827 04,1029.506103515625
23_20220827 05,1029.87744140625
23_20220827 06,1050.3497314453125
23_20220827 07,1051.9500732421875
23_20220827 08,1054.8446044921875
23_20220827 09,1055.1719970703125
23_20220827 10,1053.8765869140625
23_20220827 11,1053.5999755859375
23_20220827 12,1058.9559326171875
23_20220827 13,1061.263427734375
23_20220827 14,1061.342529296875
23_20220827 15,1063.036865234375
23_20220827 16,1062.30078125
23_20220827 17,1060.69873046875
23_20220827 18,1052.7164306640625
23_20220827 19,1045.997314453125
23_20220827 20,1036.75830078125
23_20220827 21,1030.298828125
23_20220827 22,1014.0864868164062
23_20220827 23,1008.7489624023438
23_20220828 00,1007.6298217773438
23_20220828 01,1006.722900390625
23_20220828 02,1005.0941162109375
23_20220828 03,1007.8636474609375
23_20220828 04,1008.117431640625
23_20220828 05,1009.7398681640625
23_20220828 06,1020.0186157226562
23_20220828 07,1021.2915649414062
23_20220828 08,1028.2657470703125
23_20220828 09,1025.1358642578125
23_20220828 10,1036.46435546875
23_20220828 11,1040.597412109375
23_20220828 12,1046.0399169921875
23_20220828 13,1052.5760498046875
23_20220828 14,1054.804931640625
23_20220828 15,1054.3883056640625
23_20220828 16,1053.1260986328125
23_20220828 17,1052.08642578125
23_20220828 18,1049.5870361328125
23_20220828 19,1041.8582763671875
23_20220828 20,1042.3846435546875
23_20220828 21,1040.5877685546875
23_20220828 22,1017.177734375
23_20220828 23,1009.8544921875
23_20220829 00,1004.9713134765625
23_20220829 01,1006.5331420898438
23_20220829 02,1004.587646484375
23_20220829 03,997.4879150390625
23_20220829 04,1000.6454467773438
23_20220829 05,1022.7103881835938
23_20220829 06,1325.0635986328125
23_20220829 07,1395.0723876953125
23_20220829 08,1430.0186767578125
23_20220829 09,1486.8065185546875
23_20220829 10,1502.5667724609375
23_20220829 11,1494.2237548828125
23_20220829 12,1453.7266845703125
23_20220829 13,1487.10888671875
23_20220829 14,1496.85400390625
23_20220829 15,1499.8726806640625
23_20220829 16,1510.237060546875
23_20220829 17,1466.410400390625
23_20220829 18,1213.0965576171875
23_20220829 19,1149.9400634765625
23_20220829 20,1117.38623046875
23_20220829 21,1077.0245361328125
23_20220829 22,1037.9326171875
23_20220829 23,1019.273193359375
23_20220830 00,1005.9373168945312
23_20220830 01,1006.2518920898438
23_20220830 02,1006.3507690429688
23_20220830 03,1006.0053100585938
23_20220830 04,1006.2686157226562
23_20220830 05,1030.1424560546875
23_20220830 06,1310.202392578125
23_20220830 07,1378.30224609375
23_20220830 08,1423.68994140625
23_20220830 09,1474.994873046875
23_20220830 10,1500.9195556640625
23_20220830 11,1482.5703125
23_20220830 12,1465.9346923828125
23_20220830 13,1504.1248779296875
23_20220830 14,1500.31005859375
23_20220830 15,1488.9969482421875
23_20220830 16,1492.18896484375
23_20220830 17,1443.5050048828125
23_20220830 18,1243.9276123046875
23_20220830 19,1184.4183349609375
23_20220830 20,1140.7130126953125
23_20220830 21,1089.2901611328125
23_20220830 22,1044.87548828125
23_20220830 23,1025.35595703125
23_20220831 00,1013.178466796875
23_20220831 01,1013.0811157226562
23_20220831 02,1013.5789184570312
23_20220831 03,1012.9791259765625
23_20220831 04,1010.7845458984375
23_20220831 05,1030.98779296875
23_20220831 06,1284.261962890625
23_20220831 07,1343.23486328125
23_20220831 08,1382.77294921875
23_20220831 09,1436.1151123046875
23_20220831 10,1442.5697021484375
23_20220831 11,1441.89013671875
23_20220831 12,1375.3858642578125
23_20220831 13,1473.2022705078125
23_20220831 14,1484.93994140625
23_20220831 15,1528.8572998046875
23_20220831 16,1530.01171875
23_20220831 17,1449.6356201171875
23_20220831 18,1208.99267578125
23_20220831 19,1158.5272216796875
23_20220831 20,1134.4874267578125
23_20220831 21,1087.90087890625
23_20220831 22,1039.41650390625
23_20220831 23,1022.7587280273438
24_20220825 00,7701.88232421875
24_20220825 01,7472.27490234375
24_20220825 02,7320.25927734375
24_20220825 03,7255.44873046875
24_20220825 04,7231.2421875
24_20220825 05,7479.58740234375
24_20220825 06,7949.498046875
24_20220825 07,8774.7568359375
24_20220825 08,11758.9833984375
24_20220825 09,12944.6318359375
24_20220825 10,13779.76171875
24_20220825 11,13971.8525390625
24_20220825 12,13990.7216796875
24_20220825 13,13992.7431640625
24_20220825 14,14073.28125
24_20220825 15,13740.98828125
24_20220825 16,13167.7646484375
24_20220825 17,11876.4189453125
24_20220825 18,11078.5341796875
24_20220825 19,10383.8828125
24_20220825 20,9708.123046875
24_20220825 21,8849.9033203125
24_20220825 22,8298.3681640625
24_20220825 23,8050.04638671875
24_20220826 00,7546.0830078125
24_20220826 01,7355.32763671875
24_20220826 02,7250.46533203125
24_20220826 03,7175.54833984375
24_20220826 04,7067.1298828125
24_20220826 05,7390.18310546875
24_20220826 06,7815.24267578125
24_20220826 07,8464.19140625
24_20220826 08,11575.4384765625
24_20220826 09,13027.8876953125
24_20220826 10,13708.3974609375
24_20220826 11,14101.0439453125
24_20220826 12,14015.6025390625
24_20220826 13,14185.9130859375
24_20220826 14,14194.01953125
24_20220826 15,14306.06640625
24_20220826 16,13631.6220703125
24_20220826 17,12190.66796875
24_20220826 18,11299.98046875
24_20220826 19,10590.7294921875
24_20220826 20,9730.2763671875
24_20220826 21,8843.29296875
24_20220826 22,8349.4404296875
24_20220826 23,8028.79248046875
24_20220827 00,7347.34716796875
24_20220827 01,7239.59521484375
24_20220827 02,7034.01416015625
24_20220827 03,7091.548828125
24_20220827 04,6890.60791015625
24_20220827 05,6917.4326171875
24_20220827 06,6979.1982421875
24_20220827 07,7308.53955078125
24_20220827 08,8725.3447265625
24_20220827 09,9147.79296875
24_20220827 10,9460.5087890625
24_20220827 11,9224.24609375
24_20220827 12,9419.1083984375
24_20220827 13,9368.693359375
24_20220827 14,9546.74609375
24_20220827 15,9212.7880859375
24_20220827 16,9107.80859375
24_20220827 17,9061.9150390625
24_20220827 18,8903.28125
24_20220827 19,8529.763671875
24_20220827 20,8271.59765625
24_20220827 21,7938.30419921875
24_20220827 22,7813.27001953125
24_20220827 23,7553.6015625
24_20220828 00,7206.7890625
24_20220828 01,6993.6220703125
24_20220828 02,6908.8671875
24_20220828 03,6759.900390625
24_20220828 04,6725.68603515625
24_20220828 05,6755.65478515625
24_20220828 06,6806.79541015625
24_20220828 07,6965.38916015625
24_20220828 08,7582.77197265625
24_20220828 09,7683.826171875
24_20220828 10,7876.75927734375
24_20220828 11,8196.3525390625
24_20220828 12,8345.01171875
24_20220828 13,8501.3583984375
24_20220828 14,8628.5380859375
24_20220828 15,8729.3642578125
24_20220828 16,8889.3525390625
24_20220828 17,8721.044921875
24_20220828 18,8441.26171875
24_20220828 19,8493.0634765625
24_20220828 20,8363.9697265625
24_20220828 21,8136.71923828125
24_20220828 22,8020.470703125
24_20220828 23,7629.03125
24_20220829 00,7341.52001953125
24_20220829 01,7230.14794921875
24_20220829 02,7070.009765625
24_20220829 03,6979.73291015625
24_20220829 04,6928.38916015625
24_20220829 05,7296.05029296875
24_20220829 06,7751.62939453125
24_20220829 07,8532.994140625
24_20220829 08,11524.5556640625
24_20220829 09,12720.03515625
24_20220829 10,13321.6650390625
24_20220829 11,13539.1435546875
24_20220829 12,13482.0634765625
24_20220829 13,13711.7646484375
24_20220829 14,13711.369140625
24_20220829 15,13672.1845703125
24_20220829 16,12808.9189453125
24_20220829 17,11650.3818359375
24_20220829 18,11068.6494140625
24_20220829 19,10352.6640625
24_20220829 20,9636.9365234375
24_20220829 21,8748.1884765625
24_20220829 22,8235.97265625
24_20220829 23,7907.92333984375
24_20220830 00,7368.806640625
24_20220830 01,7218.62353515625
24_20220830 02,7107.794921875
24_20220830 03,6967.54345703125
24_20220830 04,6852.390625
24_20220830 05,7160.5234375
24_20220830 06,7578.8203125
24_20220830 07,8268.2236328125
24_20220830 08,11334.884765625
24_20220830 09,12529.96484375
24_20220830 10,13261.9853515625
24_20220830 11,13420.5478515625
24_20220830 12,13408.7509765625
24_20220830 13,13433.5712890625
24_20220830 14,13537.1943359375
24_20220830 15,13518.837890625
24_20220830 16,12956.8427734375
24_20220830 17,11689.8662109375
24_20220830 18,10831.2119140625
24_20220830 19,10178.41796875
24_20220830 20,9384.6552734375
24_20220830 21,8551.166015625
24_20220830 22,8172.32470703125
24_20220830 23,7749.2001953125
24_20220831 00,7305.03076171875
24_20220831 01,7141.470703125
24_20220831 02,6987.74072265625
24_20220831 03,6978.0966796875
24_20220831 04,6860.720703125
24_20220831 05,7162.4111328125
24_20220831 06,7519.26513671875
24_20220831 07,8214.7900390625
24_20220831 08,11353.578125
24_20220831 09,12480.51171875
24_20220831 10,13106.1259765625
24_20220831 11,13463.21875
24_20220831 12,13687.41796875
24_20220831 13,13843.4716796875
24_20220831 14,13992.640625
24_20220831 15,13914.177734375
24_20220831 16,13217.9912109375
24_20220831 17,12061.11328125
24_20220831 18,11256.4873046875
24_20220831 19,10414.5517578125
24_20220831 20,9745.861328125
24_20220831 21,8792.4208984375
24_20220831 22,8310.5849609375
24_20220831 23,7956.7578125
25_20220825 00,5346.82080078125
25_20220825 01,5214.802734375
25_20220825 02,5066.064453125
25_20220825 03,5037.0986328125
25_20220825 04,4991.26220703125
25_20220825 05,4947.7060546875
25_20220825 06,5059.94921875
25_20220825 07,5504.19482421875
25_20220825 08,8321.1767578125
25_20220825 09,9770.302734375
25_20220825 10,10254.14453125
25_20220825 11,10316.78125
25_20220825 12,10037.9482421875
25_20220825 13,10673.787109375
25_20220825 14,10614.8291015625
25_20220825 15,10178.24609375
25_20220825 16,10082.9541015625
25_20220825 17,9365.7265625
25_20220825 18,8922.1025390625
25_20220825 19,8422.8056640625
25_20220825 20,7692.09521484375
25_20220825 21,6040.75830078125
25_20220825 22,5639.2333984375
25_20220825 23,5511.07275390625
25_20220826 00,5192.76025390625
25_20220826 01,5108.03515625
25_20220826 02,5022.0546875
25_20220826 03,5010.134765625
25_20220826 04,4965.376953125
25_20220826 05,4911.400390625
25_20220826 06,5028.93798828125
25_20220826 07,5475.50830078125
25_20220826 08,8219.5712890625
25_20220826 09,9717.13671875
25_20220826 10,10139.8330078125
25_20220826 11,10523.0498046875
25_20220826 12,9939.9365234375
25_20220826 13,10753.7724609375
25_20220826 14,10652.46875
25_20220826 15,10730.3662109375
25_20220826 16,10538.6162109375
25_20220826 17,9840.5009765625
25_20220826 18,9007.4990234375
25_20220826 19,8826.783203125
25_20220826 20,7627.19970703125
25_20220826 21,5977.18896484375
25_20220826 22,5686.884765625
25_20220826 23,5529.099609375
25_20220827 00,5126.9248046875
25_20220827 01,5053.30126953125
25_20220827 02,4952.8642578125
25_20220827 03,4920.56689453125
25_20220827 04,4875.4951171875
25_20220827 05,4832.09033203125
25_20220827 06,4812.9111328125
25_20220827 07,4933.93701171875
25_20220827 08,6631.4814453125
25_20220827 09,7044.1904296875
25_20220827 10,7011.23779296875
25_20220827 11,6754.552734375
25_20220827 12,6917.775390625
25_20220827 13,7037.91845703125
25_20220827 14,7139.662109375
25_20220827 15,7163.34814453125
25_20220827 16,6956.49072265625
25_20220827 17,6686.564453125
25_20220827 18,6154.7705078125
25_20220827 19,5605.59033203125
25_20220827 20,5487.96142578125
25_20220827 21,5386.99951171875
25_20220827 22,5346.521484375
25_20220827 23,5185.638671875
25_20220828 00,4985.0029296875
25_20220828 01,4894.29052734375
25_20220828 02,4857.576171875
25_20220828 03,4798.04345703125
25_20220828 04,4813.126953125
25_20220828 05,4788.06494140625
25_20220828 06,4790.4111328125
25_20220828 07,4787.1533203125
25_20220828 08,4958.2646484375
25_20220828 09,5220.6884765625
25_20220828 10,5172.87548828125
25_20220828 11,5317.66552734375
25_20220828 12,5344.283203125
25_20220828 13,5422.078125
25_20220828 14,5633.8388671875
25_20220828 15,5764.68896484375
25_20220828 16,5781.26220703125
25_20220828 17,5689.75
25_20220828 18,5622.80419921875
25_20220828 19,5500.30859375
25_20220828 20,5543.841796875
25_20220828 21,5480.34619140625
25_20220828 22,5442.84716796875
25_20220828 23,5360.78076171875
25_20220829 00,5045.51611328125
25_20220829 01,4976.68212890625
25_20220829 02,4935.701171875
25_20220829 03,4891.291015625
25_20220829 04,4878.2890625
25_20220829 05,4830.24267578125
25_20220829 06,4926.25244140625
25_20220829 07,5335.97314453125
25_20220829 08,8148.13720703125
25_20220829 09,9624.791015625
25_20220829 10,10053.9990234375
25_20220829 11,10177.0048828125
25_20220829 12,9731.703125
25_20220829 13,10329.7158203125
25_20220829 14,10272.8251953125
25_20220829 15,10140.333984375
25_20220829 16,10014.8447265625
25_20220829 17,9112.193359375
25_20220829 18,8482.34765625
25_20220829 19,8281.2890625
25_20220829 20,7527.83544921875
25_20220829 21,5925.56298828125
25_20220829 22,5531.92236328125
25_20220829 23,5342.23095703125
25_20220830 00,5059.85888671875
25_20220830 01,4956.26025390625
25_20220830 02,4900.69970703125
25_20220830 03,4894.7451171875
25_20220830 04,4852.7109375
25_20220830 05,4775.62060546875
25_20220830 06,4883.39013671875
25_20220830 07,5260.546875
25_20220830 08,8032.357421875
25_20220830 09,9525.486328125
25_20220830 10,9870.953125
25_20220830 11,10019.9697265625
25_20220830 12,9647.423828125
25_20220830 13,10207.5791015625
25_20220830 14,10147.400390625
25_20220830 15,9999.5927734375
25_20220830 16,9900.529296875
25_20220830 17,9300.3935546875
25_20220830 18,8617.5634765625
25_20220830 19,8359.123046875
25_20220830 20,7613.3779296875
25_20220830 21,5921.38330078125
25_20220830 22,5495.662109375
25_20220830 23,5348.333984375
25_20220831 00,5030.49853515625
25_20220831 01,4944.8037109375
25_20220831 02,4892.8525390625
25_20220831 03,4886.6318359375
25_20220831 04,4849.04345703125
25_20220831 05,4818.53857421875
25_20220831 06,4913.17236328125
25_20220831 07,5249.0322265625
25_20220831 08,8151.033203125
25_20220831 09,9598.8427734375
25_20220831 10,10019.19140625
25_20220831 11,10169.9443359375
25_20220831 12,9762.1005859375
25_20220831 13,10358.7724609375
25_20220831 14,10321.263671875
25_20220831 15,10182.26171875
25_20220831 16,10140.9287109375
25_20220831 17,9389.345703125
25_20220831 18,8956.189453125
25_20220831 19,8555.515625
25_20220831 20,7644.2939453125
25_20220831 21,6032.59423828125
25_20220831 22,5506.41748046875
25_20220831 23,5374.12939453125
26_20220825 00,2877.24365234375
26_20220825 01,2797.048095703125
26_20220825 02,2721.4775390625
26_20220825 03,2694.951904296875
26_20220825 04,2700.27294921875
26_20220825 05,2704.814697265625
26_20220825 06,2777.878662109375
26_20220825 07,2883.401123046875
26_20220825 08,3322.144287109375
26_20220825 09,4364.015625
26_20220825 10,4477.37060546875
26_20220825 11,4498.68505859375
26_20220825 12,4528.5400390625
26_20220825 13,4696.09326171875
26_20220825 14,4723.50390625
26_20220825 15,4770.28173828125
26_20220825 16,4697.7080078125
26_20220825 17,4451.884765625
26_20220825 18,3784.05322265625
26_20220825 19,3462.422607421875
26_20220825 20,3417.363525390625
26_20220825 21,3281.348388671875
26_20220825 22,3090.9921875
26_20220825 23,2957.381591796875
26_20220826 00,2857.773681640625
26_20220826 01,2770.924072265625
26_20220826 02,2706.6494140625
26_20220826 03,2679.211181640625
26_20220826 04,2659.247802734375
26_20220826 05,2661.7919921875
26_20220826 06,2720.357666015625
26_20220826 07,2778.017822265625
26_20220826 08,3195.6015625
26_20220826 09,4085.581787109375
26_20220826 10,4278.97607421875
26_20220826 11,4468.08251953125
26_20220826 12,4413.75732421875
26_20220826 13,4738.41357421875
26_20220826 14,4828.14892578125
26_20220826 15,4886.65966796875
26_20220826 16,4881.7919921875
26_20220826 17,4497.51904296875
26_20220826 18,3722.332275390625
26_20220826 19,3477.825927734375
26_20220826 20,3372.841552734375
26_20220826 21,3257.348388671875
26_20220826 22,3050.957275390625
26_20220826 23,2952.3310546875
26_20220827 00,2787.918212890625
26_20220827 01,2709.138916015625
26_20220827 02,2636.75048828125
26_20220827 03,2617.041259765625
26_20220827 04,2609.746337890625
26_20220827 05,2595.017333984375
26_20220827 06,2586.014892578125
26_20220827 07,2579.31591796875
26_20220827 08,2568.909912109375
26_20220827 09,2569.203369140625
26_20220827 10,2624.270751953125
26_20220827 11,2700.29052734375
26_20220827 12,2720.69677734375
26_20220827 13,2861.478271484375
26_20220827 14,2983.08349609375
26_20220827 15,3013.537353515625
26_20220827 16,3020.843994140625
26_20220827 17,3050.3896484375
26_20220827 18,3043.8427734375
26_20220827 19,3019.760009765625
26_20220827 20,3009.593017578125
26_20220827 21,2968.057373046875
26_20220827 22,2869.649169921875
26_20220827 23,2785.990234375
26_20220828 00,2730.698974609375
26_20220828 01,2652.6025390625
26_20220828 02,2616.119384765625
26_20220828 03,2582.22705078125
26_20220828 04,2549.55712890625
26_20220828 05,2539.7275390625
26_20220828 06,2531.080322265625
26_20220828 07,2517.34228515625
26_20220828 08,2488.066650390625
26_20220828 09,2497.69384765625
26_20220828 10,2515.452880859375
26_20220828 11,2568.727294921875
26_20220828 12,2602.852294921875
26_20220828 13,2684.080078125
26_20220828 14,2851.818603515625
26_20220828 15,2958.22265625
26_20220828 16,2996.894287109375
26_20220828 17,3026.898193359375
26_20220828 18,3033.6103515625
26_20220828 19,3020.664794921875
26_20220828 20,3021.677978515625
26_20220828 21,2980.625
26_20220828 22,2896.85693359375
26_20220828 23,2831.960693359375
26_20220829 00,2791.547119140625
26_20220829 01,2714.17333984375
26_20220829 02,2658.73095703125
26_20220829 03,2639.597412109375
26_20220829 04,2633.898681640625
26_20220829 05,2638.75341796875
26_20220829 06,2689.631103515625
26_20220829 07,2746.932373046875
26_20220829 08,3150.27880859375
26_20220829 09,4267.66845703125
26_20220829 10,4562.70556640625
26_20220829 11,4552.810546875
26_20220829 12,4414.7060546875
26_20220829 13,4655.74951171875
26_20220829 14,4567.1552734375
26_20220829 15,4566.166015625
26_20220829 16,4510.79443359375
26_20220829 17,4369.1337890625
26_20220829 18,3726.906982421875
26_20220829 19,3436.281005859375
26_20220829 20,3400.240478515625
26_20220829 21,3203.656982421875
26_20220829 22,3064.524169921875
26_20220829 23,2909.01806640625
26_20220830 00,2776.236572265625
26_20220830 01,2720.490234375
26_20220830 02,2653.623779296875
26_20220830 03,2627.82177734375
26_20220830 04,2616.448974609375
26_20220830 05,2611.067626953125
26_20220830 06,2665.7392578125
26_20220830 07,2721.349365234375
26_20220830 08,3085.39208984375
26_20220830 09,4206.76806640625
26_20220830 10,4444.6962890625
26_20220830 11,4478.9453125
26_20220830 12,4382.35498046875
26_20220830 13,4569.52783203125
26_20220830 14,4616.919921875
26_20220830 15,4602.2509765625
26_20220830 16,4560.76513671875
26_20220830 17,4345.98486328125
26_20220830 18,3741.848388671875
26_20220830 19,3385.955322265625
26_20220830 20,3364.420166015625
26_20220830 21,3218.784423828125
26_20220830 22,3055.2470703125
26_20220830 23,2917.334228515625
26_20220831 00,2783.361572265625
26_20220831 01,2724.104736328125
26_20220831 02,2663.54296875
26_20220831 03,2633.609130859375
26_20220831 04,2611.406494140625
26_20220831 05,2613.869140625
26_20220831 06,2667.95556640625
26_20220831 07,2730.8466796875
26_20220831 08,3178.795166015625
26_20220831 09,4212.236328125
26_20220831 10,4274.3046875
26_20220831 11,4347.283203125
26_20220831 12,4321.12646484375
26_20220831 13,4562.8359375
26_20220831 14,4591.0810546875
26_20220831 15,4633.5673828125
26_20220831 16,4602.57275390625
26_20220831 17,4395.744140625
26_20220831 18,3771.798583984375
26_20220831 19,3458.686767578125
26_20220831 20,3391.5380859375
26_20220831 21,3253.047119140625
26_20220831 22,3067.48046875
26_20220831 23,2924.739013671875
27_20220825 00,14818.244140625
27_20220825 01,14535.1337890625
27_20220825 02,14256.82421875
27_20220825 03,14052.1943359375
27_20220825 04,14014.9375
27_20220825 05,13846.7490234375
27_20220825 06,14502.041015625
27_20220825 07,16557.59765625
27_20220825 08,18783.705078125
27_20220825 09,19668.634765625
27_20220825 10,20356.119140625
27_20220825 11,20405.99609375
27_20220825 12,20603.267578125
27_20220825 13,20760.9296875
27_20220825 14,21105.466796875
27_20220825 15,20739.67578125
27_20220825 16,20585.861328125
27_20220825 17,19029.62890625
27_20220825 18,16569.53515625
27_20220825 19,15734.90625
27_20220825 20,15383.2177734375
27_20220825 21,15338.9716796875
27_20220825 22,15020.29296875
27_20220825 23,14664.5751953125
27_20220826 00,14355.5966796875
27_20220826 01,14219.31640625
27_20220826 02,13801.744140625
27_20220826 03,13621.7626953125
27_20220826 04,13457.6689453125
27_20220826 05,13390.8837890625
27_20220826 06,13815.5458984375
27_20220826 07,14894.1103515625
27_20220826 08,17535.955078125
27_20220826 09,19187.09375
27_20220826 10,19931.79296875
27_20220826 11,20191.892578125
27_20220826 12,20258.701171875
27_20220826 13,20316.876953125
27_20220826 14,20711.36328125
27_20220826 15,20719.138671875
27_20220826 16,20363.142578125
27_20220826 17,19280.904296875
27_20220826 18,17063.392578125
27_20220826 19,16345.6240234375
27_20220826 20,16168.9814453125
27_20220826 21,15943.2841796875
27_20220826 22,15556.634765625
27_20220826 23,14963.5498046875
27_20220827 00,14494.0029296875
27_20220827 01,14245.5185546875
27_20220827 02,13972.4072265625
27_20220827 03,13724.05859375
27_20220827 04,13667.3134765625
27_20220827 05,13671.1787109375
27_20220827 06,13671.1787109375
27_20220827 07,13556.7041015625
27_20220827 08,13876.83203125
27_20220827 09,13963.8505859375
27_20220827 10,14279.6884765625
27_20220827 11,14606.9365234375
27_20220827 12,14887.4150390625
27_20220827 13,15331.3779296875
27_20220827 14,15689.0126953125
27_20220827 15,15931.546875
27_20220827 16,15830.5029296875
27_20220827 17,15750.2568359375
27_20220827 18,15275.0810546875
27_20220827 19,14858.25
27_20220827 20,14739.15234375
27_20220827 21,14592.3935546875
27_20220827 22,14484.6220703125
27_20220827 23,14059.5
27_20220828 00,13870.869140625
27_20220828 01,13604.2880859375
27_20220828 02,13382.8818359375
27_20220828 03,13217.166015625
27_20220828 04,13174.974609375
27_20220828 05,13176.6064453125
27_20220828 06,13187.0634765625
27_20220828 07,13244.23828125
27_20220828 08,13426.6533203125
27_20220828 09,13783.22265625
27_20220828 10,14169.5126953125
27_20220828 11,14455.390625
27_20220828 12,14744.3779296875
27_20220828 13,15179.458984375
27_20220828 14,15670.849609375
27_20220828 15,15963.4287109375
27_20220828 16,16010.1630859375
27_20220828 17,16144.0947265625
27_20220828 18,15901.72265625
27_20220828 19,15594.447265625
27_20220828 20,15345.693359375
27_20220828 21,15259.5810546875
27_20220828 22,15109.57421875
27_20220828 23,14701.8525390625
27_20220829 00,14651.0009765625
27_20220829 01,14498.34375
27_20220829 02,13921.921875
27_20220829 03,13677.697265625
27_20220829 04,13515.5185546875
27_20220829 05,13489.203125
27_20220829 06,13769.3095703125
27_20220829 07,15348.9599609375
27_20220829 08,17072.818359375
27_20220829 09,17603.822265625
27_20220829 10,18286.09375
27_20220829 11,18438.091796875
27_20220829 12,18304.52734375
27_20220829 13,18201.548828125
27_20220829 14,18181.39453125
27_20220829 15,18162.62109375
27_20220829 16,18117.5625
27_20220829 17,16727.7734375
27_20220829 18,15600.47265625
27_20220829 19,15212.7412109375
27_20220829 20,15195.525390625
27_20220829 21,15125.69140625
27_20220829 22,14824.7041015625
27_20220829 23,14460.5751953125
27_20220830 00,14164.130859375
27_20220830 01,13984.609375
27_20220830 02,13666.146484375
27_20220830 03,13480.833984375
27_20220830 04,13350.49609375
27_20220830 05,13313.859375
27_20220830 06,13725.6435546875
27_20220830 07,14477.9853515625
27_20220830 08,15853.6689453125
27_20220830 09,17300.548828125
27_20220830 10,17946.3359375
27_20220830 11,18046.216796875
27_20220830 12,18062.412109375
27_20220830 13,18130.517578125
27_20220830 14,18159.494140625
27_20220830 15,18108.9140625
27_20220830 16,18173.26171875
27_20220830 17,16986.029296875
27_20220830 18,16147.91015625
27_20220830 19,15284.0380859375
27_20220830 20,15743.421875
27_20220830 21,15748.5283203125
27_20220830 22,15416.6083984375
27_20220830 23,14995.837890625
27_20220831 00,14628.0185546875
27_20220831 01,14547.662109375
27_20220831 02,14076.005859375
27_20220831 03,13819.9541015625
27_20220831 04,13584.5224609375
27_20220831 05,13647.490234375
27_20220831 06,14004.8212890625
27_20220831 07,15567.7197265625
27_20220831 08,16617.6953125
27_20220831 09,17145.107421875
27_20220831 10,17758.951171875
27_20220831 11,18178.41015625
27_20220831 12,18364.9609375
27_20220831 13,18489.326171875
27_20220831 14,18583.236328125
27_20220831 15,18790.626953125
27_20220831 16,18725.435546875
27_20220831 17,17441.83203125
27_20220831 18,16225.7822265625
27_20220831 19,15783.984375
27_20220831 20,16003.9375
27_20220831 21,15561.1103515625
27_20220831 22,15371.4345703125
27_20220831 23,14940.7470703125
28_20220825 00,1404.61279296875
28_20220825 01,1373.18115234375
28_20220825 02,1302.05810546875
28_20220825 03,1292.9525146484375
28_20220825 04,1274.0196533203125
28_20220825 05,1232.7305908203125
28_20220825 06,1232.238525390625
28_20220825 07,1299.18798828125
28_20220825 08,1588.5479736328125
28_20220825 09,2237.9111328125
28_20220825 10,2388.157470703125
28_20220825 11,2524.1123046875
28_20220825 12,2416.473388671875
28_20220825 13,2594.763427734375
28_20220825 14,2590.34326171875
28_20220825 15,2602.817626953125
28_20220825 16,2575.453369140625
28_20220825 17,2499.760009765625
28_20220825 18,1987.692626953125
28_20220825 19,1987.5633544921875
28_20220825 20,1762.104736328125
28_20220825 21,1708.0428466796875
28_20220825 22,1608.955810546875
28_20220825 23,1546.6856689453125
28_20220826 00,1433.2861328125
28_20220826 01,1407.9261474609375
28_20220826 02,1354.592529296875
28_20220826 03,1328.14599609375
28_20220826 04,1300.15380859375
28_20220826 05,1263.67333984375
28_20220826 06,1256.1600341796875
28_20220826 07,1341.1456298828125
28_20220826 08,1763.0491943359375
28_20220826 09,2336.342041015625
28_20220826 10,2486.19482421875
28_20220826 11,2602.979736328125
28_20220826 12,2487.120361328125
28_20220826 13,2601.740478515625
28_20220826 14,2613.8095703125
28_20220826 15,2612.740966796875
28_20220826 16,2580.8349609375
28_20220826 17,2504.485107421875
28_20220826 18,1962.86474609375
28_20220826 19,1983.697265625
28_20220826 20,1713.9078369140625
28_20220826 21,1631.9000244140625
28_20220826 22,1552.8546142578125
28_20220826 23,1469.93212890625
28_20220827 00,1372.47216796875
28_20220827 01,1357.66650390625
28_20220827 02,1313.082763671875
28_20220827 03,1292.04833984375
28_20220827 04,1263.2503662109375
28_20220827 05,1227.5225830078125
28_20220827 06,1225.90966796875
28_20220827 07,1235.935302734375
28_20220827 08,1264.59814453125
28_20220827 09,1355.114990234375
28_20220827 10,1393.82958984375
28_20220827 11,1457.7779541015625
28_20220827 12,1455.440185546875
28_20220827 13,1568.6090087890625
28_20220827 14,1618.719970703125
28_20220827 15,1718.38916015625
28_20220827 16,1646.0294189453125
28_20220827 17,1691.9417724609375
28_20220827 18,1585.339111328125
28_20220827 19,1600.7452392578125
28_20220827 20,1551.2921142578125
28_20220827 21,1554.60595703125
28_20220827 22,1457.80810546875
28_20220827 23,1428.3773193359375
28_20220828 00,1367.7547607421875
28_20220828 01,1349.4595947265625
28_20220828 02,1297.3037109375
28_20220828 03,1285.8448486328125
28_20220828 04,1246.75048828125
28_20220828 05,1225.90966796875
28_20220828 06,1224.0484619140625
28_20220828 07,1221.5748291015625
28_20220828 08,1216.141357421875
28_20220828 09,1235.0177001953125
28_20220828 10,1282.2930908203125
28_20220828 11,1345.1280517578125
28_20220828 12,1336.7078857421875
28_20220828 13,1485.807861328125
28_20220828 14,1490.9071044921875
28_20220828 15,1571.572998046875
28_20220828 16,1556.639892578125
28_20220828 17,1628.2635498046875
28_20220828 18,1564.3868408203125
28_20220828 19,1607.611328125
28_20220828 20,1556.544921875
28_20220828 21,1571.0252685546875
28_20220828 22,1491.4508056640625
28_20220828 23,1430.1033935546875
28_20220829 00,1386.3624267578125
28_20220829 01,1369.142578125
28_20220829 02,1310.602783203125
28_20220829 03,1295.4991455078125
28_20220829 04,1271.8001708984375
28_20220829 05,1229.124267578125
28_20220829 06,1227.2049560546875
28_20220829 07,1304.7054443359375
28_20220829 08,1623.7579345703125
28_20220829 09,2136.388916015625
28_20220829 10,2336.894775390625
28_20220829 11,2533.10791015625
28_20220829 12,2395.154296875
28_20220829 13,2598.1015625
28_20220829 14,2588.033447265625
28_20220829 15,2588.927001953125
28_20220829 16,2461.738525390625
28_20220829 17,2291.67529296875
28_20220829 18,1774.9215087890625
28_20220829 19,1757.5062255859375
28_20220829 20,1697.0504150390625
28_20220829 21,1644.29443359375
28_20220829 22,1560.9696044921875
28_20220829 23,1516.5450439453125
28_20220830 00,1395.99951171875
28_20220830 01,1373.6229248046875
28_20220830 02,1313.3309326171875
28_20220830 03,1298.9903564453125
28_20220830 04,1280.028564453125
28_20220830 05,1239.8448486328125
28_20220830 06,1230.0692138671875
28_20220830 07,1308.7725830078125
28_20220830 08,1589.3731689453125
28_20220830 09,2162.345458984375
28_20220830 10,2191.161376953125
28_20220830 11,2437.000244140625
28_20220830 12,2175.752197265625
28_20220830 13,2201.536865234375
28_20220830 14,2177.1357421875
28_20220830 15,2180.2890625
28_20220830 16,2134.41748046875
28_20220830 17,1977.9317626953125
28_20220830 18,1633.846923828125
28_20220830 19,1628.5054931640625
28_20220830 20,1583.4061279296875
28_20220830 21,1562.270751953125
28_20220830 22,1496.66943359375
28_20220830 23,1470.7562255859375
28_20220831 00,1379.2315673828125
28_20220831 01,1367.5010986328125
28_20220831 02,1299.3319091796875
28_20220831 03,1286.158935546875
28_20220831 04,1257.336669921875
28_20220831 05,1229.924560546875
28_20220831 06,1229.924560546875
28_20220831 07,1292.069580078125
28_20220831 08,1582.30908203125
28_20220831 09,2089.827392578125
28_20220831 10,2144.808349609375
28_20220831 11,2155.0712890625
28_20220831 12,2079.115478515625
28_20220831 13,2171.11083984375
28_20220831 14,2172.94970703125
28_20220831 15,2178.929931640625
28_20220831 16,2050.561767578125
28_20220831 17,1975.27001953125
28_20220831 18,1625.8499755859375
28_20220831 19,1625.8499755859375
28_20220831 20,1569.4241943359375
28_20220831 21,1546.5867919921875
28_20220831 22,1478.5283203125
28_20220831 23,1437.43359375
29_20220825 00,1166.146484375
29_20220825 01,1135.077392578125
29_20220825 02,1137.83544921875
29_20220825 03,1130.6741943359375
29_20220825 04,1123.303955078125
29_20220825 05,1107.0770263671875
29_20220825 06,1117.09423828125
29_20220825 07,1118.757080078125
29_20220825 08,1275.1922607421875
29_20220825 09,1732.77001953125
29_20220825 10,1867.686279296875
29_20220825 11,1915.45361328125
29_20220825 12,1850.4202880859375
29_20220825 13,1849.5343017578125
29_20220825 14,1802.9296875
29_20220825 15,1827.2606201171875
29_20220825 16,1845.645751953125
29_20220825 17,1800.1270751953125
29_20220825 18,1518.78564453125
29_20220825 19,1469.47216796875
29_20220825 20,1458.35400390625
29_20220825 21,1386.2891845703125
29_20220825 22,1363.3504638671875
29_20220825 23,1285.9635009765625
29_20220826 00,1194.8826904296875
29_20220826 01,1159.4559326171875
29_20220826 02,1137.951416015625
29_20220826 03,1137.95263671875
29_20220826 04,1139.5633544921875
29_20220826 05,1101.082763671875
29_20220826 06,1140.5986328125
29_20220826 07,1128.7794189453125
29_20220826 08,1216.0118408203125
29_20220826 09,1576.5069580078125
29_20220826 10,1644.688720703125
29_20220826 11,1662.9547119140625
29_20220826 12,1584.4989013671875
29_20220826 13,1704.8050537109375
29_20220826 14,1725.14404296875
29_20220826 15,1771.479736328125
29_20220826 16,1756.7515869140625
29_20220826 17,1670.186279296875
29_20220826 18,1461.3330078125
29_20220826 19,1397.932373046875
29_20220826 20,1387.158203125
29_20220826 21,1363.568359375
29_20220826 22,1314.2236328125
29_20220826 23,1257.59130859375
29_20220827 00,1141.8095703125
29_20220827 01,1125.6070556640625
29_20220827 02,1108.8865966796875
29_20220827 03,1110.526123046875
29_20220827 04,1093.4693603515625
29_20220827 05,1071.975341796875
29_20220827 06,1060.2596435546875
29_20220827 07,1035.9803466796875
29_20220827 08,1026.7620849609375
29_20220827 09,1039.4007568359375
29_20220827 10,1078.1641845703125
29_20220827 11,1084.0211181640625
29_20220827 12,1061.7188720703125
29_20220827 13,1069.2078857421875
29_20220827 14,1114.5452880859375
29_20220827 15,1148.4464111328125
29_20220827 16,1244.7071533203125
29_20220827 17,1274.46728515625
29_20220827 18,1286.88427734375
29_20220827 19,1269.6009521484375
29_20220827 20,1293.8670654296875
29_20220827 21,1278.2713623046875
29_20220827 22,1275.73876953125
29_20220827 23,1218.3916015625
29_20220828 00,1173.04833984375
29_20220828 01,1152.4620361328125
29_20220828 02,1118.1632080078125
29_20220828 03,1114.2972412109375
29_20220828 04,1110.2071533203125
29_20220828 05,1070.73583984375
29_20220828 06,1082.832763671875
29_20220828 07,1046.55810546875
29_20220828 08,991.0198974609375
29_20220828 09,1018.0277099609375
29_20220828 10,1002.6863403320312
29_20220828 11,1050.59619140625
29_20220828 12,1048.7701416015625
29_20220828 13,1053.5164794921875
29_20220828 14,1105.0626220703125
29_20220828 15,1152.7353515625
29_20220828 16,1247.56884765625
29_20220828 17,1275.4874267578125
29_20220828 18,1265.1929931640625
29_20220828 19,1285.192138671875
29_20220828 20,1302.354248046875
29_20220828 21,1304.2786865234375
29_20220828 22,1301.3436279296875
29_20220828 23,1227.2216796875
29_20220829 00,1210.45361328125
29_20220829 01,1173.4422607421875
29_20220829 02,1161.237548828125
29_20220829 03,1138.95361328125
29_20220829 04,1116.458251953125
29_20220829 05,1093.4488525390625
29_20220829 06,1105.4180908203125
29_20220829 07,1121.418212890625
29_20220829 08,1277.6805419921875
29_20220829 09,1649.7205810546875
29_20220829 10,1760.77880859375
29_20220829 11,1772.5023193359375
29_20220829 12,1690.3472900390625
29_20220829 13,1793.9581298828125
29_20220829 14,1850.00537109375
29_20220829 15,1880.018310546875
29_20220829 16,1871.8050537109375
29_20220829 17,1777.5614013671875
29_20220829 18,1554.18212890625
29_20220829 19,1478.9630126953125
29_20220829 20,1455.220703125
29_20220829 21,1419.2489013671875
29_20220829 22,1359.8480224609375
29_20220829 23,1290.7965087890625
29_20220830 00,1217.425537109375
29_20220830 01,1168.3262939453125
29_20220830 02,1149.1585693359375
29_20220830 03,1149.4241943359375
29_20220830 04,1136.5887451171875
29_20220830 05,1089.34423828125
29_20220830 06,1133.7967529296875
29_20220830 07,1125.66796875
29_20220830 08,1296.27734375
29_20220830 09,1633.947998046875
29_20220830 10,1725.9683837890625
29_20220830 11,1760.4034423828125
29_20220830 12,1711.0731201171875
29_20220830 13,1898.540283203125
29_20220830 14,1935.02880859375
29_20220830 15,1998.903076171875
29_20220830 16,1987.9664306640625
29_20220830 17,1879.186767578125
29_20220830 18,1546.3240966796875
29_20220830 19,1483.3377685546875
29_20220830 20,1457.07470703125
29_20220830 21,1405.20068359375
29_20220830 22,1333.698486328125
29_20220830 23,1256.96826171875
29_20220831 00,1184.4688720703125
29_20220831 01,1149.4652099609375
29_20220831 02,1136.947509765625
29_20220831 03,1130.24169921875
29_20220831 04,1106.1771240234375
29_20220831 05,1085.89111328125
29_20220831 06,1108.2017822265625
29_20220831 07,1118.7110595703125
29_20220831 08,1267.4111328125
29_20220831 09,1782.0528564453125
29_20220831 10,1882.77685546875
29_20220831 11,1840.9403076171875
29_20220831 12,1666.04638671875
29_20220831 13,1853.4691162109375
29_20220831 14,1797.8143310546875
29_20220831 15,1826.94775390625
29_20220831 16,1899.1004638671875
29_20220831 17,1836.469482421875
29_20220831 18,1522.7706298828125
29_20220831 19,1478.5975341796875
29_20220831 20,1444.53369140625
29_20220831 21,1380.57568359375
29_20220831 22,1325.1566162109375
29_20220831 23,1269.1820068359375
30_20220825 00,768.2837524414062
30_20220825 01,748.8817749023438
30_20220825 02,743.1709594726562
30_20220825 03,734.850830078125
30_20220825 04,727.5955810546875
30_20220825 05,711.12060546875
30_20220825 06,691.969482421875
30_20220825 07,681.2197875976562
30_20220825 08,778.5331420898438
30_20220825 09,1073.4288330078125
30_20220825 10,1125.92822265625
30_20220825 11,1030.673095703125
30_20220825 12,1037.251220703125
30_20220825 13,1210.33203125
30_20220825 14,1228.4197998046875
30_20220825 15,1213.18115234375
30_20220825 16,1222.9649658203125
30_20220825 17,1151.7852783203125
30_20220825 18,970.3734130859375
30_20220825 19,962.8872680664062
30_20220825 20,963.1295166015625
30_20220825 21,930.5667724609375
30_20220825 22,898.4086303710938
30_20220825 23,816.4048461914062
30_20220826 00,777.6072387695312
30_20220826 01,757.0486450195312
30_20220826 02,748.721923828125
30_20220826 03,738.4478759765625
30_20220826 04,732.681884765625
30_20220826 05,714.229248046875
30_20220826 06,697.2583618164062
30_20220826 07,668.1658935546875
30_20220826 08,741.4071655273438
30_20220826 09,944.8742065429688
30_20220826 10,1019.0883178710938
30_20220826 11,955.4420166015625
30_20220826 12,858.913330078125
30_20220826 13,977.3106079101562
30_20220826 14,1064.5579833984375
30_20220826 15,1089.9344482421875
30_20220826 16,1147.737060546875
30_20220826 17,1078.3421630859375
30_20220826 18,883.0296630859375
30_20220826 19,901.3529663085938
30_20220826 20,909.474365234375
30_20220826 21,881.400146484375
30_20220826 22,856.029541015625
30_20220826 23,802.3432006835938
30_20220827 00,751.6226196289062
30_20220827 01,742.836181640625
30_20220827 02,727.6473999023438
30_20220827 03,722.202880859375
30_20220827 04,714.9837036132812
30_20220827 05,700.026123046875
30_20220827 06,660.4574584960938
30_20220827 07,583.319091796875
30_20220827 08,482.8879699707031
30_20220827 09,436.0181579589844
30_20220827 10,425.3248291015625
30_20220827 11,416.9935302734375
30_20220827 12,415.7997741699219
30_20220827 13,428.5965881347656
30_20220827 14,477.1988220214844
30_20220827 15,576.9385986328125
30_20220827 16,684.3997192382812
30_20220827 17,742.0903930664062
30_20220827 18,767.7749633789062
30_20220827 19,801.639404296875
30_20220827 20,829.6900024414062
30_20220827 21,821.5242309570312
30_20220827 22,801.5463256835938
30_20220827 23,770.3843383789062
30_20220828 00,750.3598022460938
30_20220828 01,740.7413330078125
30_20220828 02,729.2328491210938
30_20220828 03,720.3482666015625
30_20220828 04,713.0584106445312
30_20220828 05,702.463623046875
30_20220828 06,668.7399291992188
30_20220828 07,597.78369140625
30_20220828 08,554.6836547851562
30_20220828 09,456.15216064453125
30_20220828 10,363.2363586425781
30_20220828 11,304.86199951171875
30_20220828 12,290.2295227050781
30_20220828 13,293.09149169921875
30_20220828 14,383.5091552734375
30_20220828 15,535.282958984375
30_20220828 16,687.5390625
30_20220828 17,747.499755859375
30_20220828 18,788.9990844726562
30_20220828 19,821.4052124023438
30_20220828 20,845.0844116210938
30_20220828 21,839.1525268554688
30_20220828 22,827.0447387695312
30_20220828 23,787.754638671875
30_20220829 00,767.2164306640625
30_20220829 01,769.713623046875
30_20220829 02,759.3171997070312
30_20220829 03,746.6157836914062
30_20220829 04,739.6049194335938
30_20220829 05,725.2783203125
30_20220829 06,708.786376953125
30_20220829 07,681.5116577148438
30_20220829 08,800.2689819335938
30_20220829 09,1126.4366455078125
30_20220829 10,1142.7901611328125
30_20220829 11,1112.5399169921875
30_20220829 12,1066.7176513671875
30_20220829 13,1250.8199462890625
30_20220829 14,1262.1800537109375
30_20220829 15,1244.5428466796875
30_20220829 16,1247.766357421875
30_20220829 17,1131.81201171875
30_20220829 18,993.5943603515625
30_20220829 19,992.3550415039062
30_20220829 20,985.9646606445312
30_20220829 21,979.3107299804688
30_20220829 22,932.8489990234375
30_20220829 23,843.7713012695312
30_20220830 00,786.755615234375
30_20220830 01,772.6433715820312
30_20220830 02,762.192626953125
30_20220830 03,749.2392578125
30_20220830 04,742.0693969726562
30_20220830 05,728.053466796875
30_20220830 06,707.6259155273438
30_20220830 07,689.7001953125
30_20220830 08,788.3121337890625
30_20220830 09,1101.7823486328125
30_20220830 10,1134.1734619140625
30_20220830 11,1103.8187255859375
30_20220830 12,1034.44482421875
30_20220830 13,1234.5562744140625
30_20220830 14,1240.2188720703125
30_20220830 15,1222.8377685546875
30_20220830 16,1219.576171875
30_20220830 17,1143.3768310546875
30_20220830 18,957.799072265625
30_20220830 19,963.9752197265625
30_20220830 20,965.1748657226562
30_20220830 21,969.7544555664062
30_20220830 22,921.6644897460938
30_20220830 23,842.380615234375
30_20220831 00,788.9339599609375
30_20220831 01,771.802001953125
30_20220831 02,760.701416015625
30_20220831 03,747.7622680664062
30_20220831 04,741.0816650390625
30_20220831 05,723.73876953125
30_20220831 06,706.992919921875
30_20220831 07,691.4668579101562
30_20220831 08,808.5630493164062
30_20220831 09,1145.8853759765625
30_20220831 10,1182.4124755859375
30_20220831 11,1057.9373779296875
30_20220831 12,1041.8292236328125
30_20220831 13,1172.394287109375
30_20220831 14,1197.5179443359375
30_20220831 15,1168.4730224609375
30_20220831 16,1222.6253662109375
30_20220831 17,1113.2109375
30_20220831 18,966.3855590820312
30_20220831 19,958.778564453125
30_20220831 20,965.9765014648438
30_20220831 21,964.318359375
30_20220831 22,908.7646484375
30_20220831 23,828.7060546875
31_20220825 00,1010.8224487304688
31_20220825 01,1004.5437622070312
31_20220825 02,1001.5331420898438
31_20220825 03,990.4714965820312
31_20220825 04,949.4329833984375
31_20220825 05,943.3929443359375
31_20220825 06,982.4241943359375
31_20220825 07,1031.2779541015625
31_20220825 08,1255.7960205078125
31_20220825 09,1613.77490234375
31_20220825 10,1660.6336669921875
31_20220825 11,1640.48388671875
31_20220825 12,1682.19677734375
31_20220825 13,1801.3341064453125
31_20220825 14,1798.1832275390625
31_20220825 15,1798.33349609375
31_20220825 16,1787.942138671875
31_20220825 17,1653.8116455078125
31_20220825 18,1424.27294921875
31_20220825 19,1330.2926025390625
31_20220825 20,1398.2320556640625
31_20220825 21,1252.9105224609375
31_20220825 22,1136.627685546875
31_20220825 23,1131.9998779296875
31_20220826 00,1018.6900024414062
31_20220826 01,1002.279541015625
31_20220826 02,994.800048828125
31_20220826 03,976.8056030273438
31_20220826 04,937.1444702148438
31_20220826 05,941.6119384765625
31_20220826 06,975.3355712890625
31_20220826 07,1027.5087890625
31_20220826 08,1204.264892578125
31_20220826 09,1504.9351806640625
31_20220826 10,1620.771484375
31_20220826 11,1609.09912109375
31_20220826 12,1645.5701904296875
31_20220826 13,1791.94091796875
31_20220826 14,1791.8902587890625
31_20220826 15,1794.0399169921875
31_20220826 16,1800.9451904296875
31_20220826 17,1611.30419921875
31_20220826 18,1373.7550048828125
31_20220826 19,1302.8092041015625
31_20220826 20,1348.36279296875
31_20220826 21,1207.07666015625
31_20220826 22,1080.95947265625
31_20220826 23,1072.6297607421875
31_20220827 00,993.8350219726562
31_20220827 01,984.1580200195312
31_20220827 02,980.0955200195312
31_20220827 03,955.9357299804688
31_20220827 04,912.0167846679688
31_20220827 05,903.3156127929688
31_20220827 06,904.9896240234375
31_20220827 07,912.744873046875
31_20220827 08,934.0621337890625
31_20220827 09,988.6355590820312
31_20220827 10,1020.6762084960938
31_20220827 11,1039.2911376953125
31_20220827 12,1075.3431396484375
31_20220827 13,1083.4305419921875
31_20220827 14,1108.06396484375
31_20220827 15,1171.822998046875
31_20220827 16,1187.0828857421875
31_20220827 17,1162.81298828125
31_20220827 18,1097.3455810546875
31_20220827 19,1093.5010986328125
31_20220827 20,1198.615234375
31_20220827 21,1081.323486328125
31_20220827 22,1055.4832763671875
31_20220827 23,1040.4385986328125
31_20220828 00,979.3584594726562
31_20220828 01,970.887451171875
31_20220828 02,971.3223266601562
31_20220828 03,953.142822265625
31_20220828 04,910.2841186523438
31_20220828 05,897.0502319335938
31_20220828 06,898.3212280273438
31_20220828 07,891.907958984375
31_20220828 08,898.744384765625
31_20220828 09,907.8768920898438
31_20220828 10,870.5433349609375
31_20220828 11,893.1980590820312
31_20220828 12,983.00390625
31_20220828 13,993.3400268554688
31_20220828 14,1026.3843994140625
31_20220828 15,1085.1090087890625
31_20220828 16,1116.5089111328125
31_20220828 17,1108.3516845703125
31_20220828 18,1116.5272216796875
31_20220828 19,1136.0489501953125
31_20220828 20,1224.1558837890625
31_20220828 21,1112.2969970703125
31_20220828 22,1079.55126953125
31_20220828 23,1084.576416015625
31_20220829 00,1002.9384765625
31_20220829 01,990.1402587890625
31_20220829 02,989.2888793945312
31_20220829 03,968.2492065429688
31_20220829 04,933.9857788085938
31_20220829 05,930.6456909179688
31_20220829 06,958.756591796875
31_20220829 07,1018.052001953125
31_20220829 08,1158.1707763671875
31_20220829 09,1561.186279296875
31_20220829 10,1606.08349609375
31_20220829 11,1583.7301025390625
31_20220829 12,1617.7208251953125
31_20220829 13,1683.494140625
31_20220829 14,1682.5174560546875
31_20220829 15,1678.3680419921875
31_20220829 16,1644.9586181640625
31_20220829 17,1579.5465087890625
31_20220829 18,1356.459716796875
31_20220829 19,1334.3848876953125
31_20220829 20,1380.2086181640625
31_20220829 21,1207.4822998046875
31_20220829 22,1123.1778564453125
31_20220829 23,1111.3531494140625
31_20220830 00,1015.201416015625
31_20220830 01,998.108642578125
31_20220830 02,996.2991943359375
31_20220830 03,978.8218383789062
31_20220830 04,942.0560302734375
31_20220830 05,941.1674194335938
31_20220830 06,980.2982788085938
31_20220830 07,1035.65771484375
31_20220830 08,1195.01220703125
31_20220830 09,1581.5291748046875
31_20220830 10,1649.5574951171875
31_20220830 11,1634.87744140625
31_20220830 12,1653.0616455078125
31_20220830 13,1727.52587890625
31_20220830 14,1711.3546142578125
31_20220830 15,1709.9332275390625
31_20220830 16,1670.5096435546875
31_20220830 17,1604.2230224609375
31_20220830 18,1374.7501220703125
31_20220830 19,1337.3333740234375
31_20220830 20,1382.9464111328125
31_20220830 21,1220.0135498046875
31_20220830 22,1121.1864013671875
31_20220830 23,1098.2010498046875
31_20220831 00,1008.6312255859375
31_20220831 01,997.9541015625
31_20220831 02,999.3591918945312
31_20220831 03,986.4382934570312
31_20220831 04,940.3773803710938
31_20220831 05,936.7866821289062
31_20220831 06,981.3320922851562
31_20220831 07,1028.3311767578125
31_20220831 08,1227.9649658203125
31_20220831 09,1614.6778564453125
31_20220831 10,1658.60009765625
31_20220831 11,1635.2059326171875
31_20220831 12,1648.8458251953125
31_20220831 13,1729.8011474609375
31_20220831 14,1684.2203369140625
31_20220831 15,1694.464111328125
31_20220831 16,1665.326171875
31_20220831 17,1603.2100830078125
31_20220831 18,1365.3143310546875
31_20220831 19,1320.23095703125
31_20220831 20,1376.765625
31_20220831 21,1226.9461669921875
31_20220831 22,1109.2777099609375
31_20220831 23,1088.38134765625
32_20220825 00,9643.3193359375
32_20220825 01,9611.3330078125
32_20220825 02,9619.34765625
32_20220825 03,9580.2314453125
32_20220825 04,9543.8291015625
32_20220825 05,9546.2509765625
32_20220825 06,9518.990234375
32_20220825 07,9539.2265625
32_20220825 08,9573.8662109375
32_20220825 09,9626.62890625
32_20220825 10,9641.716796875
32_20220825 11,9660.3271484375
32_20220825 12,9673.51171875
32_20220825 13,9671.765625
32_20220825 14,9712.2587890625
32_20220825 15,9560.1943359375
32_20220825 16,9592.8408203125
32_20220825 17,9659.0126953125
32_20220825 18,9624.3740234375
32_20220825 19,9616.353515625
32_20220825 20,9609.4365234375
32_20220825 21,9597.4638671875
32_20220825 22,9581.3349609375
32_20220825 23,9586.7470703125
32_20220826 00,9580.0771484375
32_20220826 01,9569.734375
32_20220826 02,9572.1787109375
32_20220826 03,9560.47265625
32_20220826 04,9547.734375
32_20220826 05,9512.46484375
32_20220826 06,9501.5859375
32_20220826 07,9512.4453125
32_20220826 08,9562.5712890625
32_20220826 09,9615.2353515625
32_20220826 10,9647.255859375
32_20220826 11,9679.90234375
32_20220826 12,9691.173828125
32_20220826 13,9696.259765625
32_20220826 14,9710.2060546875
32_20220826 15,9786.4541015625
32_20220826 16,9789.7353515625
32_20220826 17,9728.01171875
32_20220826 18,9695.91796875
32_20220826 19,9652.484375
32_20220826 20,9685.591796875
32_20220826 21,9684.2900390625
32_20220826 22,9685.4775390625
32_20220826 23,9656.9697265625
32_20220827 00,9644.9931640625
32_20220827 01,9637.6171875
32_20220827 02,9568.939453125
32_20220827 03,9575.0185546875
32_20220827 04,9491.2099609375
32_20220827 05,9466.60546875
32_20220827 06,9460.8408203125
32_20220827 07,9457.5537109375
32_20220827 08,9432.48828125
32_20220827 09,9417.572265625
32_20220827 10,9428.93359375
32_20220827 11,9426.3740234375
32_20220827 12,9439.1865234375
32_20220827 13,9467.7607421875
32_20220827 14,9518.9228515625
32_20220827 15,9560.69140625
32_20220827 16,9570.6552734375
32_20220827 17,9531.7197265625
32_20220827 18,9517.44921875
32_20220827 19,9479.28125
32_20220827 20,9460.27734375
32_20220827 21,9461.90234375
32_20220827 22,9470.7275390625
32_20220827 23,9436.4814453125
32_20220828 00,9433.673828125
32_20220828 01,9424.794921875
32_20220828 02,9443.8046875
32_20220828 03,9434.10546875
32_20220828 04,9418.30859375
32_20220828 05,9404.9970703125
32_20220828 06,9391.8798828125
32_20220828 07,9395.208984375
32_20220828 08,9410.2548828125
32_20220828 09,9420.623046875
32_20220828 10,9435.7392578125
32_20220828 11,9488.1787109375
32_20220828 12,9507.11328125
32_20220828 13,9576.4921875
32_20220828 14,9618.458984375
32_20220828 15,9639.7724609375
32_20220828 16,9670.1064453125
32_20220828 17,9619.626953125
32_20220828 18,9603.0166015625
32_20220828 19,9580.28515625
32_20220828 20,9546.3515625
32_20220828 21,9500.2177734375
32_20220828 22,9492.2314453125
32_20220828 23,9487.46484375
32_20220829 00,9443.7587890625
32_20220829 01,9389.6494140625
32_20220829 02,9377.33203125
32_20220829 03,9352.6279296875
32_20220829 04,9326.1083984375
32_20220829 05,9303.5478515625
32_20220829 06,9286.138671875
32_20220829 07,9298.3193359375
32_20220829 08,9366.0693359375
32_20220829 09,9395.37109375
32_20220829 10,9426.576171875
32_20220829 11,9470.58203125
32_20220829 12,9460.4921875
32_20220829 13,9507.3779296875
32_20220829 14,9424.7353515625
32_20220829 15,9442.8193359375
32_20220829 16,9436.6572265625
32_20220829 17,9400.6806640625
32_20220829 18,9375.4658203125
32_20220829 19,9394.69140625
32_20220829 20,9362.7392578125
32_20220829 21,9343.1962890625
32_20220829 22,9343.2421875
32_20220829 23,9332.037109375
32_20220830 00,9291.537109375
32_20220830 01,9289.1630859375
32_20220830 02,9259.6708984375
32_20220830 03,9281.6845703125
32_20220830 04,9247.8447265625
32_20220830 05,9247.2744140625
32_20220830 06,9215.1181640625
32_20220830 07,9250.5
32_20220830 08,9273.19140625
32_20220830 09,9332.0810546875
32_20220830 10,9354.9775390625
32_20220830 11,9368.8583984375
32_20220830 12,9391.27734375
32_20220830 13,9404.75
32_20220830 14,9447.39453125
32_20220830 15,9457.0625
32_20220830 16,9447.9892578125
32_20220830 17,9436.7744140625
32_20220830 18,9391.9443359375
32_20220830 19,9386.0185546875
32_20220830 20,9379.30859375
32_20220830 21,9380.5947265625
32_20220830 22,9386.1650390625
32_20220830 23,9345.783203125
32_20220831 00,9309.958984375
32_20220831 01,9301.1083984375
32_20220831 02,9299.0947265625
32_20220831 03,9259.1005859375
32_20220831 04,9286.29296875
32_20220831 05,9274.279296875
32_20220831 06,9260.318359375
32_20220831 07,9242.607421875
32_20220831 08,9251.3291015625
32_20220831 09,9275.9794921875
32_20220831 10,9341.8212890625
32_20220831 11,9370.89453125
32_20220831 12,9380.623046875
32_20220831 13,9391.1875
32_20220831 14,9424.0400390625
32_20220831 15,9464.5244140625
32_20220831 16,9468.5654296875
32_20220831 17,9458.5380859375
32_20220831 18,9426.24609375
32_20220831 19,9432.4248046875
32_20220831 20,9438.0947265625
32_20220831 21,9426.6005859375
32_20220831 22,9415.38671875
32_20220831 23,9412.4677734375
33_20220825 00,8556.6806640625
33_20220825 01,8542.076171875
33_20220825 02,8507.2353515625
33_20220825 03,8493.498046875
33_20220825 04,8488.9775390625
33_20220825 05,8483.3095703125
33_20220825 06,8477.8857421875
33_20220825 07,8487.0498046875
33_20220825 08,8521.8974609375
33_20220825 09,8548.7392578125
33_20220825 10,8545.3603515625
33_20220825 11,8554.4775390625
33_20220825 12,8556.6865234375
33_20220825 13,8551.064453125
33_20220825 14,8553.080078125
33_20220825 15,8539.7509765625
33_20220825 16,8539.1083984375
33_20220825 17,8549.4560546875
33_20220825 18,8545.61328125
33_20220825 19,8536.75390625
33_20220825 20,8533.7021484375
33_20220825 21,8532.9560546875
33_20220825 22,8531.2490234375
33_20220825 23,8529.1826171875
33_20220826 00,8524.6708984375
33_20220826 01,8506.3740234375
33_20220826 02,8489.5537109375
33_20220826 03,8473.3916015625
33_20220826 04,8470.5390625
33_20220826 05,8471.12109375
33_20220826 06,8470.408203125
33_20220826 07,8482.9697265625
33_20220826 08,8510.64453125
33_20220826 09,8548.697265625
33_20220826 10,8555.0966796875
33_20220826 11,8571.3623046875
33_20220826 12,8583.267578125
33_20220826 13,8588.7548828125
33_20220826 14,8591.021484375
33_20220826 15,8596.5244140625
33_20220826 16,8597.0615234375
33_20220826 17,8589.56640625
33_20220826 18,8576.416015625
33_20220826 19,8562.3896484375
33_20220826 20,8559.7275390625
33_20220826 21,8560.146484375
33_20220826 22,8557.931640625
33_20220826 23,8543.8916015625
33_20220827 00,8530.71484375
33_20220827 01,8519.3388671875
33_20220827 02,8476.93359375
33_20220827 03,8474.2197265625
33_20220827 04,8459.06640625
33_20220827 05,8453.431640625
33_20220827 06,8455.89453125
33_20220827 07,8454.3447265625
33_20220827 08,8455.4462890625
33_20220827 09,8472.0615234375
33_20220827 10,8496.12890625
33_20220827 11,8502.8974609375
33_20220827 12,8520.443359375
33_20220827 13,8538.5478515625
33_20220827 14,8545.642578125
33_20220827 15,8547.4130859375
33_20220827 16,8552.9287109375
33_20220827 17,8548.4140625
33_20220827 18,8545.3896484375
33_20220827 19,8521.2822265625
33_20220827 20,8514.2978515625
33_20220827 21,8510.423828125
33_20220827 22,8503.619140625
33_20220827 23,8499.4814453125
33_20220828 00,8495.4775390625
33_20220828 01,8486.49609375
33_20220828 02,8469.005859375
33_20220828 03,8458.9189453125
33_20220828 04,8452.3212890625
33_20220828 05,8449.8037109375
33_20220828 06,8448.890625
33_20220828 07,8447.99609375
33_20220828 08,8458.5244140625
33_20220828 09,8480.8427734375
33_20220828 10,8501.2509765625
33_20220828 11,8527.978515625
33_20220828 12,8553.337890625
33_20220828 13,8559.662109375
33_20220828 14,8569.453125
33_20220828 15,8569.453125
33_20220828 16,8570.54296875
33_20220828 17,8569.150390625
33_20220828 18,8567.568359375
33_20220828 19,8558.1845703125
33_20220828 20,8551.8505859375
33_20220828 21,8536.337890625
33_20220828 22,8533.6787109375
33_20220828 23,8530.8046875
33_20220829 00,8498.3291015625
33_20220829 01,8483.482421875
33_20220829 02,8470.625
33_20220829 03,8467.712890625
33_20220829 04,8458.8623046875
33_20220829 05,8456.955078125
33_20220829 06,8446.7470703125
33_20220829 07,8449.3564453125
33_20220829 08,8488.544921875
33_20220829 09,8515.34375
33_20220829 10,8522.1484375
33_20220829 11,8533.58984375
33_20220829 12,8525.6396484375
33_20220829 13,8540.2373046875
33_20220829 14,8525.6630859375
33_20220829 15,8529.134765625
33_20220829 16,8523.501953125
33_20220829 17,8491.443359375
33_20220829 18,8467.59375
33_20220829 19,8452.98046875
33_20220829 20,8451.1865234375
33_20220829 21,8446.3505859375
33_20220829 22,8445.1123046875
33_20220829 23,8431.9140625
33_20220830 00,8393.0869140625
33_20220830 01,8372.0458984375
33_20220830 02,8346.48046875
33_20220830 03,8356.05078125
33_20220830 04,8354.2021484375
33_20220830 05,8354.2021484375
33_20220830 06,8354.2021484375
33_20220830 07,8360.3486328125
33_20220830 08,8392.7958984375
33_20220830 09,8424.134765625
33_20220830 10,8467.5693359375
33_20220830 11,8465.3173828125
33_20220830 12,8482.7666015625
33_20220830 13,8484.89453125
33_20220830 14,8493.501953125
33_20220830 15,8493.501953125
33_20220830 16,8498.54296875
33_20220830 17,8492.3583984375
33_20220830 18,8456.826171875
33_20220830 19,8423.66015625
33_20220830 20,8413.44140625
33_20220830 21,8405.1845703125
33_20220830 22,8408.2509765625
33_20220830 23,8396.86328125
33_20220831 00,8380.076171875
33_20220831 01,8362.552734375
33_20220831 02,8356.37109375
33_20220831 03,8355.9775390625
33_20220831 04,8355.9775390625
33_20220831 05,8359.77734375
33_20220831 06,8355.9775390625
33_20220831 07,8355.9775390625
33_20220831 08,8363.8271484375
33_20220831 09,8392.7958984375
33_20220831 10,8420.6474609375
33_20220831 11,8442.0
33_20220831 12,8455.2431640625
33_20220831 13,8465.09375
33_20220831 14,8474.1708984375
33_20220831 15,8474.1708984375
33_20220831 16,8469.1689453125
33_20220831 17,8457.3427734375
33_20220831 18,8427.0126953125
33_20220831 19,8416.0771484375
33_20220831 20,8415.92578125
33_20220831 21,8411.7958984375
33_20220831 22,8400.51953125
33_20220831 23,8394.2900390625
34_20220825 00,3212.461669921875
34_20220825 01,3202.51708984375
34_20220825 02,3199.220458984375
34_20220825 03,3188.61474609375
34_20220825 04,3179.21875
34_20220825 05,3169.800537109375
34_20220825 06,3183.474853515625
34_20220825 07,3189.23291015625
34_20220825 08,3209.402099609375
34_20220825 09,3221.211181640625
34_20220825 10,3227.191650390625
34_20220825 11,3242.752197265625
34_20220825 12,3241.426513671875
34_20220825 13,3238.066162109375
34_20220825 14,3245.4228515625
34_20220825 15,3207.052490234375
34_20220825 16,3221.762451171875
34_20220825 17,3229.905517578125
34_20220825 18,3211.9892578125
34_20220825 19,3202.6015625
34_20220825 20,3193.36572265625
34_20220825 21,3190.806396484375
34_20220825 22,3185.1484375
34_20220825 23,3173.760986328125
34_20220826 00,3161.56494140625
34_20220826 01,3159.1572265625
34_20220826 02,3153.921630859375
34_20220826 03,3148.73681640625
34_20220826 04,3146.5283203125
34_20220826 05,3139.979736328125
34_20220826 06,3159.91162109375
34_20220826 07,3164.72021484375
34_20220826 08,3177.51953125
34_20220826 09,3214.528076171875
34_20220826 10,3229.939697265625
34_20220826 11,3250.949462890625
34_20220826 12,3251.9404296875
34_20220826 13,3268.32177734375
34_20220826 14,3276.558349609375
34_20220826 15,3289.218017578125
34_20220826 16,3307.095458984375
34_20220826 17,3280.499755859375
34_20220826 18,3261.63671875
34_20220826 19,3234.503173828125
34_20220826 20,3231.523193359375
34_20220826 21,3229.38916015625
34_20220826 22,3227.228271484375
34_20220826 23,3218.25537109375
34_20220827 00,3192.6962890625
34_20220827 01,3188.590576171875
34_20220827 02,3148.632080078125
34_20220827 03,3145.851806640625
34_20220827 04,3140.892822265625
34_20220827 05,3137.47021484375
34_20220827 06,3152.1337890625
34_20220827 07,3149.603271484375
34_20220827 08,3152.5419921875
34_20220827 09,3151.707763671875
34_20220827 10,3156.792724609375
34_20220827 11,3161.031005859375
34_20220827 12,3177.567138671875
34_20220827 13,3177.613525390625
34_20220827 14,3195.11181640625
34_20220827 15,3212.763916015625
34_20220827 16,3218.280517578125
34_20220827 17,3214.6806640625
34_20220827 18,3209.601806640625
34_20220827 19,3178.276611328125
34_20220827 20,3165.8935546875
34_20220827 21,3162.2646484375
34_20220827 22,3161.86181640625
34_20220827 23,3158.135009765625
34_20220828 00,3142.201416015625
34_20220828 01,3136.53662109375
34_20220828 02,3139.99365234375
34_20220828 03,3134.125
34_20220828 04,3131.6650390625
34_20220828 05,3129.011474609375
34_20220828 06,3143.293701171875
34_20220828 07,3143.671630859375
34_20220828 08,3158.621826171875
34_20220828 09,3158.58837890625
34_20220828 10,3179.390625
34_20220828 11,3200.6552734375
34_20220828 12,3214.363525390625
34_20220828 13,3228.471923828125
34_20220828 14,3250.8994140625
34_20220828 15,3260.693603515625
34_20220828 16,3268.905517578125
34_20220828 17,3234.234619140625
34_20220828 18,3226.832275390625
34_20220828 19,3198.216552734375
34_20220828 20,3188.8916015625
34_20220828 21,3178.075927734375
34_20220828 22,3168.538818359375
34_20220828 23,3171.225830078125
34_20220829 00,3152.921875
34_20220829 01,3135.435302734375
34_20220829 02,3134.47119140625
34_20220829 03,3130.144287109375
34_20220829 04,3112.02490234375
34_20220829 05,3109.647705078125
34_20220829 06,3117.527587890625
34_20220829 07,3120.63818359375
34_20220829 08,3131.69677734375
34_20220829 09,3134.961669921875
34_20220829 10,3136.11474609375
34_20220829 11,3139.969482421875
34_20220829 12,3139.078125
34_20220829 13,3158.001708984375
34_20220829 14,3155.53125
34_20220829 15,3172.886962890625
34_20220829 16,3161.1318359375
34_20220829 17,3140.8076171875
34_20220829 18,3126.15869140625
34_20220829 19,3136.62255859375
34_20220829 20,3133.136962890625
34_20220829 21,3108.733642578125
34_20220829 22,3124.7744140625
34_20220829 23,3122.8759765625
34_20220830 00,3104.0419921875
34_20220830 01,3098.78271484375
34_20220830 02,3085.0107421875
34_20220830 03,3078.093017578125
34_20220830 04,3061.8916015625
34_20220830 05,3055.964599609375
34_20220830 06,3069.912353515625
34_20220830 07,3080.853759765625
34_20220830 08,3102.333740234375
34_20220830 09,3124.2802734375
34_20220830 10,3134.494384765625
34_20220830 11,3137.568603515625
34_20220830 12,3147.453125
34_20220830 13,3152.316650390625
34_20220830 14,3155.7734375
34_20220830 15,3153.015625
34_20220830 16,3153.43896484375
34_20220830 17,3157.879150390625
34_20220830 18,3146.59912109375
34_20220830 19,3148.297119140625
34_20220830 20,3141.584228515625
34_20220830 21,3136.764892578125
34_20220830 22,3143.691162109375
34_20220830 23,3111.55078125
34_20220831 00,3090.479736328125
34_20220831 01,3085.9111328125
34_20220831 02,3083.4375
34_20220831 03,3079.254638671875
34_20220831 04,3078.750244140625
34_20220831 05,3082.216552734375
34_20220831 06,3090.20166015625
34_20220831 07,3089.41650390625
34_20220831 08,3097.93603515625
34_20220831 09,3110.6123046875
34_20220831 10,3135.98828125
34_20220831 11,3170.73828125
34_20220831 12,3176.072021484375
34_20220831 13,3177.1142578125
34_20220831 14,3182.11181640625
34_20220831 15,3180.942138671875
34_20220831 16,3182.523681640625
34_20220831 17,3194.822509765625
34_20220831 18,3186.1884765625
34_20220831 19,3160.767822265625
34_20220831 20,3152.61962890625
34_20220831 21,3125.38134765625
34_20220831 22,3119.1220703125
34_20220831 23,3117.0341796875
35_20220825 00,2113.79150390625
35_20220825 01,2113.982177734375
35_20220825 02,2107.460693359375
35_20220825 03,2102.53076171875
35_20220825 04,2093.666259765625
35_20220825 05,2094.8564453125
35_20220825 06,2098.38037109375
35_20220825 07,2101.463623046875
35_20220825 08,2111.5361328125
35_20220825 09,2124.447509765625
35_20220825 10,2133.425537109375
35_20220825 11,2133.77490234375
35_20220825 12,2133.30908203125
35_20220825 13,2136.739990234375
35_20220825 14,2145.777587890625
35_20220825 15,2123.322021484375
35_20220825 16,2122.49658203125
35_20220825 17,2134.3876953125
35_20220825 18,2126.8251953125
35_20220825 19,2116.93701171875
35_20220825 20,2106.25732421875
35_20220825 21,2103.63671875
35_20220825 22,2099.488037109375
35_20220825 23,2099.8740234375
35_20220826 00,2098.871826171875
35_20220826 01,2102.9677734375
35_20220826 02,2098.864990234375
35_20220826 03,2099.5244140625
35_20220826 04,2095.824462890625
35_20220826 05,2095.471435546875
35_20220826 06,2098.24658203125
35_20220826 07,2100.207275390625
35_20220826 08,2111.686767578125
35_20220826 09,2132.295166015625
35_20220826 10,2138.320556640625
35_20220826 11,2145.593505859375
35_20220826 12,2141.392578125
35_20220826 13,2154.52001953125
35_20220826 14,2153.358154296875
35_20220826 15,2161.904052734375
35_20220826 16,2163.380859375
35_20220826 17,2150.074462890625
35_20220826 18,2148.455322265625
35_20220826 19,2133.239013671875
35_20220826 20,2129.739501953125
35_20220826 21,2126.45947265625
35_20220826 22,2123.551025390625
35_20220826 23,2119.33349609375
35_20220827 00,2109.829345703125
35_20220827 01,2109.842041015625
35_20220827 02,2097.8427734375
35_20220827 03,2098.504150390625
35_20220827 04,2091.761474609375
35_20220827 05,2088.130615234375
35_20220827 06,2089.073486328125
35_20220827 07,2092.2333984375
35_20220827 08,2089.9599609375
35_20220827 09,2091.4599609375
35_20220827 10,2088.9521484375
35_20220827 11,2084.7919921875
35_20220827 12,2092.905029296875
35_20220827 13,2090.187255859375
35_20220827 14,2097.2900390625
35_20220827 15,2102.213134765625
35_20220827 16,2107.2421875
35_20220827 17,2110.301025390625
35_20220827 18,2102.447265625
35_20220827 19,2092.7353515625
35_20220827 20,2085.517822265625
35_20220827 21,2088.630615234375
35_20220827 22,2087.064697265625
35_20220827 23,2081.96875
35_20220828 00,2081.3251953125
35_20220828 01,2082.588623046875
35_20220828 02,2085.140380859375
35_20220828 03,2081.89501953125
35_20220828 04,2081.265380859375
35_20220828 05,2078.340087890625
35_20220828 06,2081.8798828125
35_20220828 07,2082.5966796875
35_20220828 08,2086.249755859375
35_20220828 09,2089.822265625
35_20220828 10,2087.517333984375
35_20220828 11,2095.385498046875
35_20220828 12,2093.71484375
35_20220828 13,2102.7978515625
35_20220828 14,2112.60302734375
35_20220828 15,2120.568115234375
35_20220828 16,2123.425537109375
35_20220828 17,2118.255615234375
35_20220828 18,2106.71337890625
35_20220828 19,2098.51611328125
35_20220828 20,2095.35400390625
35_20220828 21,2097.474609375
35_20220828 22,2095.57275390625
35_20220828 23,2095.311279296875
35_20220829 00,2078.092529296875
35_20220829 01,2077.7138671875
35_20220829 02,2070.61962890625
35_20220829 03,2074.74169921875
35_20220829 04,2062.976318359375
35_20220829 05,2063.329345703125
35_20220829 06,2059.6708984375
35_20220829 07,2062.227294921875
35_20220829 08,2077.0908203125
35_20220829 09,2081.406494140625
35_20220829 10,2081.720703125
35_20220829 11,2089.9326171875
35_20220829 12,2086.61962890625
35_20220829 13,2098.722900390625
35_20220829 14,2090.309326171875
35_20220829 15,2097.501953125
35_20220829 16,2084.425048828125
35_20220829 17,2081.616943359375
35_20220829 18,2074.358642578125
35_20220829 19,2078.31982421875
35_20220829 20,2069.7998046875
35_20220829 21,2064.361083984375
35_20220829 22,2060.7509765625
35_20220829 23,2056.231201171875
35_20220830 00,2049.30078125
35_20220830 01,2049.4638671875
35_20220830 02,2050.103759765625
35_20220830 03,2063.46728515625
35_20220830 04,2055.12109375
35_20220830 05,2054.133056640625
35_20220830 06,2056.390380859375
35_20220830 07,2062.1962890625
35_20220830 08,2075.900146484375
35_20220830 09,2090.775390625
35_20220830 10,2095.17919921875
35_20220830 11,2095.03759765625
35_20220830 12,2089.21728515625
35_20220830 13,2104.888427734375
35_20220830 14,2103.439453125
35_20220830 15,2103.634033203125
35_20220830 16,2104.6337890625
35_20220830 17,2106.724609375
35_20220830 18,2097.033935546875
35_20220830 19,2097.2841796875
35_20220830 20,2093.261474609375
35_20220830 21,2086.3662109375
35_20220830 22,2082.865478515625
35_20220830 23,2068.94970703125
35_20220831 00,2066.818359375
35_20220831 01,2067.068115234375
35_20220831 02,2062.7978515625
35_20220831 03,2062.71533203125
35_20220831 04,2066.152587890625
35_20220831 05,2069.705322265625
35_20220831 06,2063.592041015625
35_20220831 07,2066.451416015625
35_20220831 08,2070.302978515625
35_20220831 09,2074.5576171875
35_20220831 10,2083.431640625
35_20220831 11,2094.655517578125
35_20220831 12,2091.57470703125
35_20220831 13,2096.033935546875
35_20220831 14,2103.269287109375
35_20220831 15,2103.7900390625
35_20220831 16,2100.504638671875
35_20220831 17,2108.197021484375
35_20220831 18,2099.605224609375
35_20220831 19,2092.736083984375
35_20220831 20,2085.23779296875
35_20220831 21,2075.465087890625
35_20220831 22,2074.145751953125
35_20220831 23,2075.4873046875
36_20220825 00,2829.529052734375
36_20220825 01,2827.592041015625
36_20220825 02,2819.294677734375
36_20220825 03,2814.495849609375
36_20220825 04,2806.9560546875
36_20220825 05,2798.14892578125
36_20220825 06,2801.564208984375
36_20220825 07,2816.576904296875
36_20220825 08,2846.18701171875
36_20220825 09,2863.5361328125
36_20220825 10,2873.841552734375
36_20220825 11,2873.802734375
36_20220825 12,2875.961181640625
36_20220825 13,2881.303955078125
36_20220825 14,2884.568603515625
36_20220825 15,2887.28955078125
36_20220825 16,2885.425048828125
36_20220825 17,2881.8779296875
36_20220825 18,2870.714599609375
36_20220825 19,2857.561767578125
36_20220825 20,2851.7353515625
36_20220825 21,2845.328857421875
36_20220825 22,2835.842041015625
36_20220825 23,2823.521728515625
36_20220826 00,2816.829833984375
36_20220826 01,2808.753662109375
36_20220826 02,2798.9697265625
36_20220826 03,2800.003662109375
36_20220826 04,2783.371337890625
36_20220826 05,2774.156494140625
36_20220826 06,2779.874755859375
36_20220826 07,2796.7109375
36_20220826 08,2829.497314453125
36_20220826 09,2853.189453125
36_20220826 10,2867.492919921875
36_20220826 11,2868.4033203125
36_20220826 12,2876.156494140625
36_20220826 13,2879.293701171875
36_20220826 14,2885.177978515625
36_20220826 15,2889.090576171875
36_20220826 16,2899.048095703125
36_20220826 17,2887.444580078125
36_20220826 18,2876.423583984375
36_20220826 19,2859.37451171875
36_20220826 20,2858.642333984375
36_20220826 21,2845.181640625
36_20220826 22,2842.802978515625
36_20220826 23,2836.171142578125
36_20220827 00,2806.87939453125
36_20220827 01,2806.93603515625
36_20220827 02,2795.2314453125
36_20220827 03,2785.40771484375
36_20220827 04,2784.885009765625
36_20220827 05,2773.118896484375
36_20220827 06,2772.7333984375
36_20220827 07,2784.738525390625
36_20220827 08,2791.26904296875
36_20220827 09,2802.968994140625
36_20220827 10,2811.841552734375
36_20220827 11,2810.0810546875
36_20220827 12,2817.982666015625
36_20220827 13,2817.258056640625
36_20220827 14,2820.57275390625
36_20220827 15,2821.05615234375
36_20220827 16,2817.26708984375
36_20220827 17,2816.26318359375
36_20220827 18,2811.719482421875
36_20220827 19,2809.589111328125
36_20220827 20,2808.135986328125
36_20220827 21,2808.36474609375
36_20220827 22,2800.149169921875
36_20220827 23,2797.142822265625
36_20220828 00,2792.801513671875
36_20220828 01,2791.19091796875
36_20220828 02,2785.06884765625
36_20220828 03,2785.45947265625
36_20220828 04,2785.209716796875
36_20220828 05,2770.087646484375
36_20220828 06,2772.2001953125
36_20220828 07,2775.37255859375
36_20220828 08,2784.754638671875
36_20220828 09,2801.0556640625
36_20220828 10,2807.2431640625
36_20220828 11,2820.054443359375
36_20220828 12,2823.88232421875
36_20220828 13,2823.15771484375
36_20220828 14,2825.27197265625
36_20220828 15,2855.529541015625
36_20220828 16,2839.899169921875
36_20220828 17,2856.82275390625
36_20220828 18,2820.484619140625
36_20220828 19,2821.347900390625
36_20220828 20,2822.44140625
36_20220828 21,2819.70458984375
36_20220828 22,2812.26025390625
36_20220828 23,2807.328857421875
36_20220829 00,2787.284423828125
36_20220829 01,2782.679931640625
36_20220829 02,2780.1787109375
36_20220829 03,2779.19287109375
36_20220829 04,2779.04150390625
36_20220829 05,2770.706787109375
36_20220829 06,2772.944580078125
36_20220829 07,2779.315673828125
36_20220829 08,2799.860107421875
36_20220829 09,2819.841796875
36_20220829 10,2827.6357421875
36_20220829 11,2840.639892578125
36_20220829 12,2839.013427734375
36_20220829 13,2841.24560546875
36_20220829 14,2830.5126953125
36_20220829 15,2839.3876953125
36_20220829 16,2839.285400390625
36_20220829 17,2842.5029296875
36_20220829 18,2835.5302734375
36_20220829 19,2822.648193359375
36_20220829 20,2820.892578125
36_20220829 21,2819.792724609375
36_20220829 22,2803.65185546875
36_20220829 23,2798.33154296875
36_20220830 00,2780.326416015625
36_20220830 01,2771.3916015625
36_20220830 02,2764.474853515625
36_20220830 03,2761.239990234375
36_20220830 04,2761.684814453125
36_20220830 05,2747.42529296875
36_20220830 06,2754.691650390625
36_20220830 07,2767.2216796875
36_20220830 08,2788.18994140625
36_20220830 09,2810.2587890625
36_20220830 10,2807.676025390625
36_20220830 11,2806.770263671875
36_20220830 12,2816.498046875
36_20220830 13,2817.93505859375
36_20220830 14,2820.68359375
36_20220830 15,2823.203125
36_20220830 16,2817.835693359375
36_20220830 17,2814.504638671875
36_20220830 18,2805.408203125
36_20220830 19,2795.858642578125
36_20220830 20,2795.38671875
36_20220830 21,2793.828125
36_20220830 22,2787.03076171875
36_20220830 23,2781.381103515625
36_20220831 00,2777.6826171875
36_20220831 01,2767.791015625
36_20220831 02,2761.69677734375
36_20220831 03,2769.04296875
36_20220831 04,2758.337646484375
36_20220831 05,2749.389404296875
36_20220831 06,2752.93408203125
36_20220831 07,2761.65576171875
36_20220831 08,2788.453857421875
36_20220831 09,2806.021728515625
36_20220831 10,2815.150634765625
36_20220831 11,2823.328369140625
36_20220831 12,2828.45556640625
36_20220831 13,2830.97265625
36_20220831 14,2833.480224609375
36_20220831 15,2832.992431640625
36_20220831 16,2824.710205078125
36_20220831 17,2832.2080078125
36_20220831 18,2818.87255859375
36_20220831 19,2808.736328125
36_20220831 20,2806.993408203125
36_20220831 21,2806.579345703125
36_20220831 22,2788.245849609375
36_20220831 23,2780.1884765625
37_20220825 00,1182.2333984375
37_20220825 01,1147.941650390625
37_20220825 02,1107.1531982421875
37_20220825 03,1089.4488525390625
37_20220825 04,1035.5792236328125
37_20220825 05,993.6655883789062
37_20220825 06,1364.0953369140625
37_20220825 07,2929.7890625
37_20220825 08,3945.939697265625
37_20220825 09,4679.55517578125
37_20220825 10,5333.65283203125
37_20220825 11,5353.44580078125
37_20220825 12,5373.939453125
37_20220825 13,5365.09326171875
37_20220825 14,5368.18017578125
37_20220825 15,5279.078125
37_20220825 16,5277.873046875
37_20220825 17,5238.00341796875
37_20220825 18,4535.49267578125
37_20220825 19,4235.75
37_20220825 20,2607.04345703125
37_20220825 21,2074.169189453125
37_20220825 22,1431.3995361328125
37_20220825 23,1097.63330078125
37_20220826 00,1124.406005859375
37_20220826 01,1098.392578125
37_20220826 02,1088.287841796875
37_20220826 03,1077.4700927734375
37_20220826 04,1024.9254150390625
37_20220826 05,982.8135375976562
37_20220826 06,1348.837158203125
37_20220826 07,2908.1044921875
37_20220826 08,3922.550537109375
37_20220826 09,4679.90283203125
37_20220826 10,5288.20263671875
37_20220826 11,5349.0908203125
37_20220826 12,5378.00341796875
37_20220826 13,5387.24560546875
37_20220826 14,5372.19482421875
37_20220826 15,5330.638671875
37_20220826 16,5318.140625
37_20220826 17,5256.24853515625
37_20220826 18,4592.8037109375
37_20220826 19,4354.6787109375
37_20220826 20,3538.26708984375
37_20220826 21,2094.961669921875
37_20220826 22,1523.27685546875
37_20220826 23,1086.5987548828125
37_20220827 00,1103.888671875
37_20220827 01,1077.0030517578125
37_20220827 02,1063.6778564453125
37_20220827 03,1048.27001953125
37_20220827 04,1014.0928344726562
37_20220827 05,981.401611328125
37_20220827 06,1301.3743896484375
37_20220827 07,2668.167236328125
37_20220827 08,3518.01171875
37_20220827 09,4407.12841796875
37_20220827 10,5238.193359375
37_20220827 11,5223.6142578125
37_20220827 12,5261.0869140625
37_20220827 13,5252.35546875
37_20220827 14,5267.94970703125
37_20220827 15,5254.42041015625
37_20220827 16,5253.595703125
37_20220827 17,5232.63134765625
37_20220827 18,4427.85107421875
37_20220827 19,4196.1943359375
37_20220827 20,3236.9453125
37_20220827 21,2065.4619140625
37_20220827 22,1445.937744140625
37_20220827 23,1048.1231689453125
37_20220828 00,1057.2130126953125
37_20220828 01,1035.8302001953125
37_20220828 02,1044.2010498046875
37_20220828 03,1031.5120849609375
37_20220828 04,1000.7852172851562
37_20220828 05,974.265380859375
37_20220828 06,1275.5030517578125
37_20220828 07,2674.014892578125
37_20220828 08,3397.450927734375
37_20220828 09,4307.66015625
37_20220828 10,4915.81689453125
37_20220828 11,4972.5439453125
37_20220828 12,5013.2451171875
37_20220828 13,5012.40771484375
37_20220828 14,5021.9287109375
37_20220828 15,5025.31201171875
37_20220828 16,5050.685546875
37_20220828 17,5026.26953125
37_20220828 18,4608.17822265625
37_20220828 19,4326.1279296875
37_20220828 20,3482.8056640625
37_20220828 21,2080.394287109375
37_20220828 22,1470.00244140625
37_20220828 23,1061.2191162109375
37_20220829 00,1087.879150390625
37_20220829 01,1047.5975341796875
37_20220829 02,1053.677001953125
37_20220829 03,1042.360595703125
37_20220829 04,1012.6802368164062
37_20220829 05,981.4413452148438
37_20220829 06,1302.8560791015625
37_20220829 07,2704.93359375
37_20220829 08,3601.34619140625
37_20220829 09,4365.41455078125
37_20220829 10,4839.8095703125
37_20220829 11,4908.380859375
37_20220829 12,4893.03076171875
37_20220829 13,4927.06298828125
37_20220829 14,4877.515625
37_20220829 15,4869.763671875
37_20220829 16,4853.49609375
37_20220829 17,4801.18798828125
37_20220829 18,4304.0224609375
37_20220829 19,4082.230712890625
37_20220829 20,2571.53662109375
37_20220829 21,2033.9444580078125
37_20220829 22,1368.2451171875
37_20220829 23,1057.365966796875
37_20220830 00,1073.97900390625
37_20220830 01,1064.0428466796875
37_20220830 02,1052.6766357421875
37_20220830 03,1042.4483642578125
37_20220830 04,1007.5062255859375
37_20220830 05,977.177978515625
37_20220830 06,1291.4239501953125
37_20220830 07,2834.027099609375
37_20220830 08,3596.6943359375
37_20220830 09,4520.49462890625
37_20220830 10,4918.8603515625
37_20220830 11,4940.169921875
37_20220830 12,4959.70751953125
37_20220830 13,4970.798828125
37_20220830 14,4966.9326171875
37_20220830 15,4933.73291015625
37_20220830 16,4945.76904296875
37_20220830 17,4907.33447265625
37_20220830 18,4512.28125
37_20220830 19,4022.513916015625
37_20220830 20,2669.508056640625
37_20220830 21,2058.003662109375
37_20220830 22,1361.5262451171875
37_20220830 23,1050.1397705078125
37_20220831 00,1069.8358154296875
37_20220831 01,1057.184814453125
37_20220831 02,1051.4063720703125
37_20220831 03,1045.9493408203125
37_20220831 04,1009.5786743164062
37_20220831 05,977.4310913085938
37_20220831 06,1294.1978759765625
37_20220831 07,2810.12841796875
37_20220831 08,3554.8095703125
37_20220831 09,4504.79150390625
37_20220831 10,4962.458984375
37_20220831 11,4961.8720703125
37_20220831 12,4985.42236328125
37_20220831 13,4973.48095703125
37_20220831 14,4963.23779296875
37_20220831 15,4931.7919921875
37_20220831 16,4930.01806640625
37_20220831 17,4913.154296875
37_20220831 18,4476.66748046875
37_20220831 19,4226.60888671875
37_20220831 20,2575.722900390625
37_20220831 21,2054.8310546875
37_20220831 22,1381.41162109375
37_20220831 23,1065.67333984375
38_20220825 00,568.0169067382812
38_20220825 01,567.5661010742188
38_20220825 02,565.7490844726562
38_20220825 03,531.2452392578125
38_20220825 04,505.25323486328125
38_20220825 05,523.989013671875
38_20220825 06,678.2642211914062
38_20220825 07,833.2254028320312
38_20220825 08,1435.70263671875
38_20220825 09,2558.965576171875
38_20220825 10,2992.720947265625
38_20220825 11,2992.61181640625
38_20220825 12,2991.90380859375
38_20220825 13,2993.156982421875
38_20220825 14,2978.30029296875
38_20220825 15,2847.325927734375
38_20220825 16,2866.730224609375
38_20220825 17,2845.627685546875
38_20220825 18,2811.0224609375
38_20220825 19,2531.196533203125
38_20220825 20,1400.1669921875
38_20220825 21,845.6322631835938
38_20220825 22,644.8494262695312
38_20220825 23,572.5043334960938
38_20220826 00,572.177978515625
38_20220826 01,572.5197143554688
38_20220826 02,571.401123046875
38_20220826 03,530.28759765625
38_20220826 04,506.90838623046875
38_20220826 05,525.6812744140625
38_20220826 06,672.1124877929688
38_20220826 07,828.5321655273438
38_20220826 08,1424.7667236328125
38_20220826 09,2547.3681640625
38_20220826 10,2995.720458984375
38_20220826 11,3025.585205078125
38_20220826 12,3037.6650390625
38_20220826 13,3045.11474609375
38_20220826 14,3020.326416015625
38_20220826 15,2978.8525390625
38_20220826 16,2946.578857421875
38_20220826 17,2928.931396484375
38_20220826 18,2892.17236328125
38_20220826 19,2630.47509765625
38_20220826 20,2096.923583984375
38_20220826 21,898.2488403320312
38_20220826 22,634.6609497070312
38_20220826 23,572.7587890625
38_20220827 00,569.789794921875
38_20220827 01,575.8676147460938
38_20220827 02,573.3045043945312
38_20220827 03,535.1162719726562
38_20220827 04,507.1235046386719
38_20220827 05,523.4175415039062
38_20220827 06,672.4046020507812
38_20220827 07,827.5722045898438
38_20220827 08,1401.0841064453125
38_20220827 09,2344.661865234375
38_20220827 10,2989.537353515625
38_20220827 11,2964.4658203125
38_20220827 12,2988.496337890625
38_20220827 13,2965.005615234375
38_20220827 14,2967.027587890625
38_20220827 15,2944.88525390625
38_20220827 16,2856.097900390625
38_20220827 17,2893.429443359375
38_20220827 18,2886.060546875
38_20220827 19,2459.326171875
38_20220827 20,1950.1719970703125
38_20220827 21,846.1439819335938
38_20220827 22,625.9136962890625
38_20220827 23,558.3335571289062
38_20220828 00,563.569091796875
38_20220828 01,564.0820922851562
38_20220828 02,556.2031860351562
38_20220828 03,519.4932861328125
38_20220828 04,501.3907165527344
38_20220828 05,507.9803771972656
38_20220828 06,652.0798950195312
38_20220828 07,810.9581909179688
38_20220828 08,1331.7618408203125
38_20220828 09,2374.217041015625
38_20220828 10,2979.917236328125
38_20220828 11,2977.715087890625
38_20220828 12,2986.2470703125
38_20220828 13,2966.953125
38_20220828 14,2978.630615234375
38_20220828 15,2942.027099609375
38_20220828 16,2913.593017578125
38_20220828 17,2906.073486328125
38_20220828 18,2870.41064453125
38_20220828 19,2603.209228515625
38_20220828 20,2036.018310546875
38_20220828 21,897.9195556640625
38_20220828 22,635.2179565429688
38_20220828 23,576.148681640625
38_20220829 00,571.8109741210938
38_20220829 01,568.7798461914062
38_20220829 02,561.2761840820312
38_20220829 03,519.8333129882812
38_20220829 04,502.8580322265625
38_20220829 05,506.2020568847656
38_20220829 06,652.3213500976562
38_20220829 07,821.2957153320312
38_20220829 08,1375.04833984375
38_20220829 09,2276.422119140625
38_20220829 10,2881.457275390625
38_20220829 11,2877.222900390625
38_20220829 12,2885.689208984375
38_20220829 13,2880.958984375
38_20220829 14,2869.4501953125
38_20220829 15,2820.4814453125
38_20220829 16,2810.3017578125
38_20220829 17,2769.580078125
38_20220829 18,2779.602294921875
38_20220829 19,2350.132080078125
38_20220829 20,1382.8739013671875
38_20220829 21,815.837890625
38_20220829 22,612.2539672851562
38_20220829 23,560.022216796875
38_20220830 00,560.0375366210938
38_20220830 01,548.0051879882812
38_20220830 02,543.65380859375
38_20220830 03,512.945068359375
38_20220830 04,491.22235107421875
38_20220830 05,546.4749145507812
38_20220830 06,672.3789672851562
38_20220830 07,815.7398071289062
38_20220830 08,1378.82666015625
38_20220830 09,2428.667724609375
38_20220830 10,2995.5634765625
38_20220830 11,2998.086181640625
38_20220830 12,2982.972412109375
38_20220830 13,2988.347412109375
38_20220830 14,2970.413818359375
38_20220830 15,2925.063232421875
38_20220830 16,2828.32080078125
38_20220830 17,2853.6015625
38_20220830 18,2797.997802734375
38_20220830 19,2461.157958984375
38_20220830 20,1342.921142578125
38_20220830 21,817.3275756835938
38_20220830 22,604.6295166015625
38_20220830 23,548.3682250976562
38_20220831 00,549.9107055664062
38_20220831 01,543.7991333007812
38_20220831 02,535.8544311523438
38_20220831 03,509.2123718261719
38_20220831 04,486.2967529296875
38_20220831 05,508.0195007324219
38_20220831 06,643.1007080078125
38_20220831 07,800.5805053710938
38_20220831 08,1366.342529296875
38_20220831 09,2451.74853515625
38_20220831 10,2966.703125
38_20220831 11,2972.609130859375
38_20220831 12,2974.087158203125
38_20220831 13,2968.40283203125
38_20220831 14,2929.974853515625
38_20220831 15,2839.739990234375
38_20220831 16,2793.329833984375
38_20220831 17,2830.7548828125
38_20220831 18,2810.46728515625
38_20220831 19,2502.802490234375
38_20220831 20,1352.52587890625
38_20220831 21,811.8041381835938
38_20220831 22,590.7261352539062
38_20220831 23,534.2782592773438
39_20220825 00,629.8088989257812
39_20220825 01,619.9751586914062
39_20220825 02,575.1610107421875
39_20220825 03,567.8696899414062
39_20220825 04,594.3892822265625
39_20220825 05,579.6637573242188
39_20220825 06,677.1392211914062
39_20220825 07,1578.6324462890625
39_20220825 08,1931.3448486328125
39_20220825 09,2678.4716796875
39_20220825 10,3475.1494140625
39_20220825 11,3648.021728515625
39_20220825 12,3660.832763671875
39_20220825 13,3658.7109375
39_20220825 14,3634.418212890625
39_20220825 15,3613.23291015625
39_20220825 16,3553.274169921875
39_20220825 17,3516.9326171875
39_20220825 18,3498.26953125
39_20220825 19,3389.032958984375
39_20220825 20,2002.1932373046875
39_20220825 21,1389.541015625
39_20220825 22,1129.8720703125
39_20220825 23,762.9308471679688
39_20220826 00,619.0958251953125
39_20220826 01,637.7886352539062
39_20220826 02,565.851806640625
39_20220826 03,568.1763305664062
39_20220826 04,587.7529907226562
39_20220826 05,582.2968139648438
39_20220826 06,648.6425170898438
39_20220826 07,1490.93994140625
39_20220826 08,1878.4761962890625
39_20220826 09,2618.882568359375
39_20220826 10,3459.783447265625
39_20220826 11,3656.9169921875
39_20220826 12,3694.029541015625
39_20220826 13,3705.382080078125
39_20220826 14,3688.975830078125
39_20220826 15,3662.9873046875
39_20220826 16,3619.264892578125
39_20220826 17,3621.023681640625
39_20220826 18,3575.603759765625
39_20220826 19,3474.203857421875
39_20220826 20,2607.15966796875
39_20220826 21,1353.0382080078125
39_20220826 22,1083.2930908203125
39_20220826 23,710.5336303710938
39_20220827 00,602.5679931640625
39_20220827 01,611.3692016601562
39_20220827 02,567.0346069335938
39_20220827 03,560.3490600585938
39_20220827 04,585.5839233398438
39_20220827 05,570.6024780273438
39_20220827 06,657.61083984375
39_20220827 07,1452.5263671875
39_20220827 08,1822.262939453125
39_20220827 09,2587.4375
39_20220827 10,3447.54833984375
39_20220827 11,3701.361572265625
39_20220827 12,3716.8427734375
39_20220827 13,3731.903076171875
39_20220827 14,3730.02197265625
39_20220827 15,3713.1533203125
39_20220827 16,3630.952392578125
39_20220827 17,3603.827880859375
39_20220827 18,3485.1630859375
39_20220827 19,3388.48681640625
39_20220827 20,2574.579833984375
39_20220827 21,1308.5467529296875
39_20220827 22,1057.814697265625
39_20220827 23,709.678466796875
39_20220828 00,594.8902587890625
39_20220828 01,590.7368774414062
39_20220828 02,553.1878051757812
39_20220828 03,543.26953125
39_20220828 04,561.47705078125
39_20220828 05,559.4533081054688
39_20220828 06,631.5645141601562
39_20220828 07,1471.0364990234375
39_20220828 08,1819.34423828125
39_20220828 09,2507.5673828125
39_20220828 10,3349.654052734375
39_20220828 11,3573.608642578125
39_20220828 12,3593.692138671875
39_20220828 13,3631.287353515625
39_20220828 14,3629.146240234375
39_20220828 15,3633.2021484375
39_20220828 16,3577.4658203125
39_20220828 17,3538.57421875
39_20220828 18,3473.7568359375
39_20220828 19,3362.840576171875
39_20220828 20,2575.85546875
39_20220828 21,1322.68115234375
39_20220828 22,1034.7738037109375
39_20220828 23,687.8471069335938
39_20220829 00,593.649658203125
39_20220829 01,595.2464599609375
39_20220829 02,558.0974731445312
39_20220829 03,552.3673706054688
39_20220829 04,561.8734130859375
39_20220829 05,565.761962890625
39_20220829 06,632.9151000976562
39_20220829 07,1368.68896484375
39_20220829 08,1810.4627685546875
39_20220829 09,2530.019287109375
39_20220829 10,3316.614013671875
39_20220829 11,3513.646240234375
39_20220829 12,3499.273681640625
39_20220829 13,3497.911865234375
39_20220829 14,3471.38671875
39_20220829 15,3461.96630859375
39_20220829 16,3428.79931640625
39_20220829 17,3436.434326171875
39_20220829 18,3407.242919921875
39_20220829 19,3291.015625
39_20220829 20,2137.697265625
39_20220829 21,1320.9940185546875
39_20220829 22,1047.1243896484375
39_20220829 23,712.671630859375
39_20220830 00,570.5859375
39_20220830 01,576.5873413085938
39_20220830 02,540.6651000976562
39_20220830 03,543.5414428710938
39_20220830 04,560.3569946289062
39_20220830 05,552.607177734375
39_20220830 06,635.000732421875
39_20220830 07,1373.7392578125
39_20220830 08,1779.7127685546875
39_20220830 09,2400.480224609375
39_20220830 10,3229.2783203125
39_20220830 11,3494.7236328125
39_20220830 12,3500.5849609375
39_20220830 13,3510.502197265625
39_20220830 14,3501.9560546875
39_20220830 15,3464.888427734375
39_20220830 16,3437.314208984375
39_20220830 17,3433.4423828125
39_20220830 18,3408.341552734375
39_20220830 19,3280.812255859375
39_20220830 20,2091.464599609375
39_20220830 21,1324.4046630859375
39_20220830 22,1033.0548095703125
39_20220830 23,679.5009155273438
39_20220831 00,573.6171264648438
39_20220831 01,574.3065795898438
39_20220831 02,547.5380249023438
39_20220831 03,548.636474609375
39_20220831 04,562.9443969726562
39_20220831 05,555.6339111328125
39_20220831 06,636.5303344726562
39_20220831 07,1387.1483154296875
39_20220831 08,1808.763671875
39_20220831 09,2516.038330078125
39_20220831 10,3315.230224609375
39_20220831 11,3524.941650390625
39_20220831 12,3507.0166015625
39_20220831 13,3507.677978515625
39_20220831 14,3484.350830078125
39_20220831 15,3469.921875
39_20220831 16,3442.698486328125
39_20220831 17,3429.038818359375
39_20220831 18,3395.2666015625
39_20220831 19,3318.308349609375
39_20220831 20,2164.40576171875
39_20220831 21,1337.4837646484375
39_20220831 22,1084.34375
39_20220831 23,737.9545288085938
40_20220825 00,630.9529418945312
40_20220825 01,628.4981079101562
40_20220825 02,635.5672607421875
40_20220825 03,623.7085571289062
40_20220825 04,594.9359741210938
40_20220825 05,594.9359741210938
40_20220825 06,622.3944091796875
40_20220825 07,761.1060180664062
40_20220825 08,996.730712890625
40_20220825 09,2497.40087890625
40_20220825 10,3293.15771484375
40_20220825 11,3301.855712890625
40_20220825 12,3302.07177734375
40_20220825 13,3301.531494140625
40_20220825 14,3316.043701171875
40_20220825 15,3308.41162109375
40_20220825 16,3266.772705078125
40_20220825 17,3253.937744140625
40_20220825 18,3224.73828125
40_20220825 19,2661.2861328125
40_20220825 20,1086.3829345703125
40_20220825 21,830.8080444335938
40_20220825 22,827.9714965820312
40_20220825 23,722.365966796875
40_20220826 00,632.1071166992188
40_20220826 01,630.4217529296875
40_20220826 02,630.3074951171875
40_20220826 03,623.5330810546875
40_20220826 04,600.2687377929688
40_20220826 05,602.3374633789062
40_20220826 06,623.3781127929688
40_20220826 07,765.199951171875
40_20220826 08,1068.98974609375
40_20220826 09,2461.124267578125
40_20220826 10,3285.3671875
40_20220826 11,3287.866455078125
40_20220826 12,3307.14453125
40_20220826 13,3297.315673828125
40_20220826 14,3310.492431640625
40_20220826 15,3298.32568359375
40_20220826 16,3309.73583984375
40_20220826 17,3265.249755859375
40_20220826 18,3241.980224609375
40_20220826 19,3106.57275390625
40_20220826 20,1545.01318359375
40_20220826 21,792.8560180664062
40_20220826 22,773.2763671875
40_20220826 23,721.6527709960938
40_20220827 00,639.0181884765625
40_20220827 01,633.30517578125
40_20220827 02,640.725341796875
40_20220827 03,631.9776000976562
40_20220827 04,596.988037109375
40_20220827 05,595.5533447265625
40_20220827 06,619.969482421875
40_20220827 07,761.457275390625
40_20220827 08,1051.8319091796875
40_20220827 09,2237.547119140625
40_20220827 10,3384.292236328125
40_20220827 11,3441.254638671875
40_20220827 12,3442.2109375
40_20220827 13,3458.49072265625
40_20220827 14,3457.5146484375
40_20220827 15,3428.046630859375
40_20220827 16,3431.701416015625
40_20220827 17,3412.474853515625
40_20220827 18,3295.080322265625
40_20220827 19,3113.138916015625
40_20220827 20,1567.31787109375
40_20220827 21,796.7299194335938
40_20220827 22,747.1482543945312
40_20220827 23,665.6533813476562
40_20220828 00,598.9700927734375
40_20220828 01,592.9956665039062
40_20220828 02,593.6512451171875
40_20220828 03,592.3499755859375
40_20220828 04,578.920166015625
40_20220828 05,579.3483276367188
40_20220828 06,592.1671752929688
40_20220828 07,739.3700561523438
40_20220828 08,903.3343505859375
40_20220828 09,1914.9332275390625
40_20220828 10,3256.779052734375
40_20220828 11,3361.491943359375
40_20220828 12,3383.160400390625
40_20220828 13,3396.429931640625
40_20220828 14,3410.183837890625
40_20220828 15,3385.040771484375
40_20220828 16,3373.872802734375
40_20220828 17,3334.5576171875
40_20220828 18,3296.7685546875
40_20220828 19,3219.30859375
40_20220828 20,1564.44384765625
40_20220828 21,819.5443725585938
40_20220828 22,779.5684204101562
40_20220828 23,718.6727905273438
40_20220829 00,636.0081787109375
40_20220829 01,630.1473999023438
40_20220829 02,630.878662109375
40_20220829 03,623.7567749023438
40_20220829 04,602.037109375
40_20220829 05,599.322021484375
40_20220829 06,618.8583374023438
40_20220829 07,744.7421875
40_20220829 08,924.1366577148438
40_20220829 09,2168.552001953125
40_20220829 10,3194.546142578125
40_20220829 11,3206.715087890625
40_20220829 12,3180.401611328125
40_20220829 13,3205.159912109375
40_20220829 14,3201.4580078125
40_20220829 15,3187.8330078125
40_20220829 16,3173.567138671875
40_20220829 17,3155.337646484375
40_20220829 18,2761.56640625
40_20220829 19,2422.122802734375
40_20220829 20,1015.0599975585938
40_20220829 21,803.4669799804688
40_20220829 22,792.4044799804688
40_20220829 23,718.7454223632812
40_20220830 00,636.1156616210938
40_20220830 01,635.1538696289062
40_20220830 02,631.0995483398438
40_20220830 03,627.4535522460938
40_20220830 04,595.7991943359375
40_20220830 05,595.7991943359375
40_20220830 06,624.8749389648438
40_20220830 07,762.3956909179688
40_20220830 08,966.570556640625
40_20220830 09,2448.017333984375
40_20220830 10,3314.746826171875
40_20220830 11,3379.562744140625
40_20220830 12,3391.5322265625
40_20220830 13,3373.22119140625
40_20220830 14,3394.6845703125
40_20220830 15,3393.230224609375
40_20220830 16,3361.9853515625
40_20220830 17,3356.760986328125
40_20220830 18,3329.8525390625
40_20220830 19,2674.09130859375
40_20220830 20,1031.447265625
40_20220830 21,798.2275390625
40_20220830 22,780.0839233398438
40_20220830 23,720.6204223632812
40_20220831 00,641.4512329101562
40_20220831 01,637.3817749023438
40_20220831 02,638.6090087890625
40_20220831 03,632.906982421875
40_20220831 04,596.3274536132812
40_20220831 05,597.7621459960938
40_20220831 06,631.48046875
40_20220831 07,762.5064086914062
40_20220831 08,967.4693603515625
40_20220831 09,2207.97021484375
40_20220831 10,3275.141357421875
40_20220831 11,3284.058837890625
40_20220831 12,3234.57958984375
40_20220831 13,3256.215087890625
40_20220831 14,3256.215087890625
40_20220831 15,3228.178955078125
40_20220831 16,3208.452392578125
40_20220831 17,3213.283447265625
40_20220831 18,3163.380615234375
40_20220831 19,2512.865478515625
40_20220831 20,1056.32470703125
40_20220831 21,811.9161987304688
40_20220831 22,784.3270874023438
40_20220831 23,711.5406494140625
41_20220825 00,1580.2481689453125
41_20220825 01,1347.23046875
41_20220825 02,1149.60205078125
41_20220825 03,1118.4852294921875
41_20220825 04,1089.36279296875
41_20220825 05,1121.531494140625
41_20220825 06,1299.94580078125
41_20220825 07,1628.7713623046875
41_20220825 08,3537.81640625
41_20220825 09,4662.96923828125
41_20220825 10,5096.34814453125
41_20220825 11,5182.19482421875
41_20220825 12,5195.8037109375
41_20220825 13,5197.796875
41_20220825 14,5151.62548828125
41_20220825 15,5085.14501953125
41_20220825 16,5063.068359375
41_20220825 17,5017.666015625
41_20220825 18,5020.05908203125
41_20220825 19,4937.23876953125
41_20220825 20,3627.9130859375
41_20220825 21,3006.73583984375
41_20220825 22,1972.8629150390625
41_20220825 23,1675.43408203125
41_20220826 00,1524.19677734375
41_20220826 01,1321.9921875
41_20220826 02,1144.0936279296875
41_20220826 03,1115.093017578125
41_20220826 04,1076.8150634765625
41_20220826 05,1108.858154296875
41_20220826 06,1261.9246826171875
41_20220826 07,1596.1785888671875
41_20220826 08,3669.757568359375
41_20220826 09,4806.14794921875
41_20220826 10,5162.22314453125
41_20220826 11,5195.3232421875
41_20220826 12,5185.30908203125
41_20220826 13,5198.521484375
41_20220826 14,5166.18896484375
41_20220826 15,5150.13427734375
41_20220826 16,5133.64501953125
41_20220826 17,5065.18994140625
41_20220826 18,4989.70361328125
41_20220826 19,4960.974609375
41_20220826 20,3873.90478515625
41_20220826 21,3034.6376953125
41_20220826 22,2006.3770751953125
41_20220826 23,1696.89697265625
41_20220827 00,1477.456298828125
41_20220827 01,1271.48876953125
41_20220827 02,1160.6954345703125
41_20220827 03,1074.1263427734375
41_20220827 04,1056.0474853515625
41_20220827 05,1089.6981201171875
41_20220827 06,1322.201904296875
41_20220827 07,1725.6727294921875
41_20220827 08,3600.7607421875
41_20220827 09,4715.92041015625
41_20220827 10,5166.783203125
41_20220827 11,5154.384765625
41_20220827 12,5180.458984375
41_20220827 13,5163.20947265625
41_20220827 14,5147.43359375
41_20220827 15,5124.4384765625
41_20220827 16,5096.5283203125
41_20220827 17,5032.4775390625
41_20220827 18,5033.0625
41_20220827 19,4940.50927734375
41_20220827 20,3843.3212890625
41_20220827 21,2999.80322265625
41_20220827 22,1951.74072265625
41_20220827 23,1664.31982421875
41_20220828 00,1475.3310546875
41_20220828 01,1256.338134765625
41_20220828 02,1115.6466064453125
41_20220828 03,1069.0233154296875
41_20220828 04,1057.4610595703125
41_20220828 05,1056.9923095703125
41_20220828 06,1173.24169921875
41_20220828 07,1608.9046630859375
41_20220828 08,3475.354736328125
41_20220828 09,4672.94580078125
41_20220828 10,5380.44091796875
41_20220828 11,5473.21044921875
41_20220828 12,5523.419921875
41_20220828 13,5540.03857421875
41_20220828 14,5521.69580078125
41_20220828 15,5527.3759765625
41_20220828 16,5546.923828125
41_20220828 17,5511.79443359375
41_20220828 18,5478.7802734375
41_20220828 19,5360.8408203125
41_20220828 20,3900.823486328125
41_20220828 21,3078.372802734375
41_20220828 22,1997.3321533203125
41_20220828 23,1695.5750732421875
41_20220829 00,1471.502685546875
41_20220829 01,1306.72900390625
41_20220829 02,1110.3353271484375
41_20220829 03,1088.096435546875
41_20220829 04,1058.418701171875
41_20220829 05,1060.662841796875
41_20220829 06,1169.8045654296875
41_20220829 07,1537.98876953125
41_20220829 08,3417.866455078125
41_20220829 09,4546.37744140625
41_20220829 10,5100.12841796875
41_20220829 11,5119.3740234375
41_20220829 12,5150.13330078125
41_20220829 13,5114.41064453125
41_20220829 14,5114.17626953125
41_20220829 15,5103.205078125
41_20220829 16,5131.19873046875
41_20220829 17,5031.24267578125
41_20220829 18,5024.73779296875
41_20220829 19,4953.47509765625
41_20220829 20,3567.097900390625
41_20220829 21,2942.863525390625
41_20220829 22,1900.599609375
41_20220829 23,1590.9124755859375
41_20220830 00,1424.600341796875
41_20220830 01,1284.4141845703125
41_20220830 02,1102.2884521484375
41_20220830 03,1051.6279296875
41_20220830 04,1036.8367919921875
41_20220830 05,1072.06494140625
41_20220830 06,1257.6258544921875
41_20220830 07,1672.7664794921875
41_20220830 08,3608.7734375
41_20220830 09,4789.205078125
41_20220830 10,5087.92578125
41_20220830 11,5115.02099609375
41_20220830 12,5098.39013671875
41_20220830 13,5032.517578125
41_20220830 14,5017.716796875
41_20220830 15,5000.64794921875
41_20220830 16,5063.74951171875
41_20220830 17,5021.51025390625
41_20220830 18,5020.873046875
41_20220830 19,4986.0927734375
41_20220830 20,3557.9130859375
41_20220830 21,2955.977783203125
41_20220830 22,1930.9149169921875
41_20220830 23,1609.3004150390625
41_20220831 00,1448.4046630859375
41_20220831 01,1216.14453125
41_20220831 02,1098.8226318359375
41_20220831 03,1063.1387939453125
41_20220831 04,1049.8846435546875
41_20220831 05,1079.6114501953125
41_20220831 06,1270.5157470703125
41_20220831 07,1569.6483154296875
41_20220831 08,3481.05712890625
41_20220831 09,4629.91796875
41_20220831 10,5004.46435546875
41_20220831 11,5108.330078125
41_20220831 12,5081.5224609375
41_20220831 13,5069.19775390625
41_20220831 14,5057.95361328125
41_20220831 15,5025.79638671875
41_20220831 16,4984.3603515625
41_20220831 17,4930.89501953125
41_20220831 18,4919.12890625
41_20220831 19,4927.525390625
41_20220831 20,3590.402587890625
41_20220831 21,3008.219482421875
41_20220831 22,1954.604736328125
41_20220831 23,1719.6053466796875
42_20220825 00,385.45928955078125
42_20220825 01,379.78369140625
42_20220825 02,373.5459289550781
42_20220825 03,369.977783203125
42_20220825 04,408.0819396972656
42_20220825 05,420.1316223144531
42_20220825 06,492.2359313964844
42_20220825 07,548.79150390625
42_20220825 08,678.00537109375
42_20220825 09,1495.6817626953125
42_20220825 10,3031.995361328125
42_20220825 11,3165.838134765625
42_20220825 12,3163.5654296875
42_20220825 13,3169.0087890625
42_20220825 14,3171.5205078125
42_20220825 15,3162.53515625
42_20220825 16,3106.446044921875
42_20220825 17,3096.738037109375
42_20220825 18,2959.700439453125
42_20220825 19,2654.336669921875
42_20220825 20,1036.5927734375
42_20220825 21,506.8015441894531
42_20220825 22,434.7452087402344
42_20220825 23,402.0922546386719
42_20220826 00,381.6291809082031
42_20220826 01,375.48388671875
42_20220826 02,372.7485656738281
42_20220826 03,369.6800842285156
42_20220826 04,402.5651550292969
42_20220826 05,406.9306945800781
42_20220826 06,476.3025207519531
42_20220826 07,547.506591796875
42_20220826 08,670.0836791992188
42_20220826 09,1737.920654296875
42_20220826 10,3034.023193359375
42_20220826 11,3140.595947265625
42_20220826 12,3145.04150390625
42_20220826 13,3151.474853515625
42_20220826 14,3105.75
42_20220826 15,3113.044677734375
42_20220826 16,3092.333740234375
42_20220826 17,3074.963134765625
42_20220826 18,2960.172607421875
42_20220826 19,2803.14453125
42_20220826 20,1752.9300537109375
42_20220826 21,531.1181030273438
42_20220826 22,441.5717468261719
42_20220826 23,398.1102600097656
42_20220827 00,374.7134704589844
42_20220827 01,371.9741516113281
42_20220827 02,370.7400817871094
42_20220827 03,369.36553955078125
42_20220827 04,400.5568542480469
42_20220827 05,419.95672607421875
42_20220827 06,484.0408935546875
42_20220827 07,528.5426025390625
42_20220827 08,632.413330078125
42_20220827 09,1435.04833984375
42_20220827 10,2943.069091796875
42_20220827 11,3049.924072265625
42_20220827 12,3063.377197265625
42_20220827 13,3022.128662109375
42_20220827 14,2997.38525390625
42_20220827 15,2990.195068359375
42_20220827 16,2949.038818359375
42_20220827 17,2957.524169921875
42_20220827 18,2889.5517578125
42_20220827 19,2782.6689453125
42_20220827 20,1691.646484375
42_20220827 21,466.1970520019531
42_20220827 22,393.01251220703125
42_20220827 23,356.65057373046875
42_20220828 00,354.2001647949219
42_20220828 01,350.866455078125
42_20220828 02,358.6851806640625
42_20220828 03,361.2596435546875
42_20220828 04,382.24139404296875
42_20220828 05,399.8598327636719
42_20220828 06,470.4826354980469
42_20220828 07,519.5303955078125
42_20220828 08,608.4445190429688
42_20220828 09,1362.1837158203125
42_20220828 10,2820.6982421875
42_20220828 11,2910.5966796875
42_20220828 12,2928.978759765625
42_20220828 13,2955.536865234375
42_20220828 14,2951.1669921875
42_20220828 15,2963.999267578125
42_20220828 16,2935.54443359375
42_20220828 17,2931.61669921875
42_20220828 18,2880.91943359375
42_20220828 19,2737.310546875
42_20220828 20,1642.1717529296875
42_20220828 21,474.3567199707031
42_20220828 22,399.4404602050781
42_20220828 23,369.8894348144531
42_20220829 00,357.7248229980469
42_20220829 01,359.97979736328125
42_20220829 02,362.4617004394531
42_20220829 03,360.0959777832031
42_20220829 04,352.8377990722656
42_20220829 05,359.4824523925781
42_20220829 06,385.5516357421875
42_20220829 07,435.5145263671875
42_20220829 08,576.938232421875
42_20220829 09,1375.1959228515625
42_20220829 10,2686.076171875
42_20220829 11,2860.257568359375
42_20220829 12,2866.4775390625
42_20220829 13,2887.888427734375
42_20220829 14,2887.454833984375
42_20220829 15,2895.504638671875
42_20220829 16,2870.26025390625
42_20220829 17,2789.8369140625
42_20220829 18,2697.298583984375
42_20220829 19,2450.622802734375
42_20220829 20,961.8969116210938
42_20220829 21,454.29901123046875
42_20220829 22,407.38543701171875
42_20220829 23,376.8034362792969
42_20220830 00,368.03594970703125
42_20220830 01,366.9610595703125
42_20220830 02,367.3865966796875
42_20220830 03,366.93975830078125
42_20220830 04,397.1003112792969
42_20220830 05,414.3391418457031
42_20220830 06,487.24560546875
42_20220830 07,543.1768188476562
42_20220830 08,669.4468383789062
42_20220830 09,1474.9932861328125
42_20220830 10,2729.03271484375
42_20220830 11,2993.495361328125
42_20220830 12,3012.835205078125
42_20220830 13,3016.585693359375
42_20220830 14,2968.817138671875
42_20220830 15,2957.7998046875
42_20220830 16,2912.477783203125
42_20220830 17,2870.78759765625
42_20220830 18,2759.53076171875
42_20220830 19,2473.2119140625
42_20220830 20,989.4120483398438
42_20220830 21,466.4145812988281
42_20220830 22,410.1475830078125
42_20220830 23,385.2171936035156
42_20220831 00,367.4389953613281
42_20220831 01,360.98773193359375
42_20220831 02,360.2651062011719
42_20220831 03,358.5341491699219
42_20220831 04,388.92919921875
42_20220831 05,404.2944030761719
42_20220831 06,476.1074523925781
42_20220831 07,541.9136962890625
42_20220831 08,666.040283203125
42_20220831 09,1476.773193359375
42_20220831 10,2768.642578125
42_20220831 11,2948.895751953125
42_20220831 12,2929.8662109375
42_20220831 13,2961.728759765625
42_20220831 14,2985.691162109375
42_20220831 15,2956.95361328125
42_20220831 16,2896.2958984375
42_20220831 17,2869.556884765625
42_20220831 18,2786.100830078125
42_20220831 19,2546.16845703125
42_20220831 20,1031.2200927734375
42_20220831 21,484.57989501953125
42_20220831 22,407.9123229980469
42_20220831 23,381.0346374511719
43_20220825 00,430.6053771972656
43_20220825 01,412.6020202636719
43_20220825 02,403.57354736328125
43_20220825 03,401.1095886230469
43_20220825 04,397.5800476074219
43_20220825 05,404.4242858886719
43_20220825 06,413.94793701171875
43_20220825 07,504.9778137207031
43_20220825 08,681.6895751953125
43_20220825 09,1372.2059326171875
43_20220825 10,3180.125
43_20220825 11,3253.3408203125
43_20220825 12,3239.837646484375
43_20220825 13,3253.807861328125
43_20220825 14,3172.062255859375
43_20220825 15,3131.644287109375
43_20220825 16,3199.03369140625
43_20220825 17,3067.4521484375
43_20220825 18,3028.3623046875
43_20220825 19,2877.461181640625
43_20220825 20,2721.195556640625
43_20220825 21,796.0508422851562
43_20220825 22,449.0816345214844
43_20220825 23,414.7364196777344
43_20220826 00,441.7904357910156
43_20220826 01,427.4288024902344
43_20220826 02,412.6607666015625
43_20220826 03,413.3678894042969
43_20220826 04,407.12939453125
43_20220826 05,406.3607177734375
43_20220826 06,426.5169982910156
43_20220826 07,552.1123657226562
43_20220826 08,698.0767211914062
43_20220826 09,1382.1759033203125
43_20220826 10,3252.47802734375
43_20220826 11,3283.4501953125
43_20220826 12,3278.733642578125
43_20220826 13,3296.426025390625
43_20220826 14,3288.706787109375
43_20220826 15,3285.977294921875
43_20220826 16,3256.683349609375
43_20220826 17,3251.695068359375
43_20220826 18,3181.375244140625
43_20220826 19,3092.58056640625
43_20220826 20,2768.445068359375
43_20220826 21,834.9148559570312
43_20220826 22,451.07977294921875
43_20220826 23,416.5545959472656
43_20220827 00,428.6470947265625
43_20220827 01,430.2344055175781
43_20220827 02,428.7314147949219
43_20220827 03,438.3275451660156
43_20220827 04,421.4622802734375
43_20220827 05,411.0249328613281
43_20220827 06,424.2639465332031
43_20220827 07,574.7821044921875
43_20220827 08,724.90234375
43_20220827 09,1508.2745361328125
43_20220827 10,3166.364990234375
43_20220827 11,3273.746337890625
43_20220827 12,3384.390625
43_20220827 13,3467.855224609375
43_20220827 14,3563.5859375
43_20220827 15,3550.2216796875
43_20220827 16,3526.29443359375
43_20220827 17,3522.9423828125
43_20220827 18,3447.4130859375
43_20220827 19,3287.933837890625
43_20220827 20,2961.622802734375
43_20220827 21,818.0957641601562
43_20220827 22,451.8646545410156
43_20220827 23,406.51885986328125
43_20220828 00,406.94171142578125
43_20220828 01,398.91845703125
43_20220828 02,397.0453186035156
43_20220828 03,395.91162109375
43_20220828 04,397.9349365234375
43_20220828 05,404.9047546386719
43_20220828 06,417.3369445800781
43_20220828 07,442.53826904296875
43_20220828 08,532.4222412109375
43_20220828 09,1225.4415283203125
43_20220828 10,2999.031982421875
43_20220828 11,3307.07421875
43_20220828 12,3501.363525390625
43_20220828 13,3536.458740234375
43_20220828 14,3641.26171875
43_20220828 15,3629.296630859375
43_20220828 16,3627.7919921875
43_20220828 17,3607.156494140625
43_20220828 18,3432.7763671875
43_20220828 19,3264.419677734375
43_20220828 20,3005.02099609375
43_20220828 21,802.5670166015625
43_20220828 22,408.8764953613281
43_20220828 23,398.2959899902344
43_20220829 00,386.96875
43_20220829 01,357.6062316894531
43_20220829 02,363.9875183105469
43_20220829 03,350.5993957519531
43_20220829 04,352.49249267578125
43_20220829 05,345.3119201660156
43_20220829 06,390.138671875
43_20220829 07,493.513671875
43_20220829 08,574.2517700195312
43_20220829 09,1183.0526123046875
43_20220829 10,3053.7529296875
43_20220829 11,3005.878173828125
43_20220829 12,3002.99755859375
43_20220829 13,3054.5361328125
43_20220829 14,3078.321044921875
43_20220829 15,3066.5927734375
43_20220829 16,3027.288330078125
43_20220829 17,2982.554443359375
43_20220829 18,2924.6083984375
43_20220829 19,2855.916259765625
43_20220829 20,2605.382568359375
43_20220829 21,752.8228149414062
43_20220829 22,420.4764404296875
43_20220829 23,412.6314392089844
43_20220830 00,397.26025390625
43_20220830 01,389.5334777832031
43_20220830 02,366.7944641113281
43_20220830 03,365.5560302734375
43_20220830 04,354.7974853515625
43_20220830 05,350.679443359375
43_20220830 06,365.2926330566406
43_20220830 07,403.10858154296875
43_20220830 08,559.1508178710938
43_20220830 09,1184.3541259765625
43_20220830 10,2906.77197265625
43_20220830 11,2918.301025390625
43_20220830 12,2883.979736328125
43_20220830 13,2983.546875
43_20220830 14,3027.09130859375
43_20220830 15,2961.427001953125
43_20220830 16,2963.02587890625
43_20220830 17,2959.121337890625
43_20220830 18,2908.28662109375
43_20220830 19,2823.504150390625
43_20220830 20,2640.630859375
43_20220830 21,713.032958984375
43_20220830 22,401.6156005859375
43_20220830 23,386.3590087890625
43_20220831 00,385.1719970703125
43_20220831 01,362.3149108886719
43_20220831 02,356.89166259765625
43_20220831 03,355.6824035644531
43_20220831 04,349.3346862792969
43_20220831 05,351.42742919921875
43_20220831 06,376.23211669921875
43_20220831 07,455.4732360839844
43_20220831 08,594.122314453125
43_20220831 09,1241.38134765625
43_20220831 10,2981.42333984375
43_20220831 11,3005.881103515625
43_20220831 12,3120.298583984375
43_20220831 13,3122.317138671875
43_20220831 14,3150.211669921875
43_20220831 15,3207.4189453125
43_20220831 16,3197.779052734375
43_20220831 17,3146.465087890625
43_20220831 18,3097.0185546875
43_20220831 19,2864.233154296875
43_20220831 20,2721.521240234375
43_20220831 21,740.2208862304688
43_20220831 22,378.2844543457031
43_20220831 23,361.296630859375
44_20220825 00,501.6599426269531
44_20220825 01,493.9843444824219
44_20220825 02,495.0673522949219
44_20220825 03,494.1996765136719
44_20220825 04,500.7431945800781
44_20220825 05,497.6756591796875
44_20220825 06,493.3079833984375
44_20220825 07,525.2179565429688
44_20220825 08,996.8677368164062
44_20220825 09,2142.524658203125
44_20220825 10,3418.0478515625
44_20220825 11,3383.61865234375
44_20220825 12,3390.9326171875
44_20220825 13,3427.52880859375
44_20220825 14,3355.452880859375
44_20220825 15,3330.341552734375
44_20220825 16,3351.265380859375
44_20220825 17,3180.59521484375
44_20220825 18,3075.519287109375
44_20220825 19,2940.537109375
44_20220825 20,2676.541259765625
44_20220825 21,1085.0516357421875
44_20220825 22,555.0142211914062
44_20220825 23,522.841552734375
44_20220826 00,516.9432983398438
44_20220826 01,504.4187316894531
44_20220826 02,506.78466796875
44_20220826 03,513.7660522460938
44_20220826 04,512.9912109375
44_20220826 05,509.6141662597656
44_20220826 06,501.56427001953125
44_20220826 07,534.0066528320312
44_20220826 08,956.471435546875
44_20220826 09,2217.806884765625
44_20220826 10,3529.41943359375
44_20220826 11,3514.573974609375
44_20220826 12,3528.314697265625
44_20220826 13,3591.88037109375
44_20220826 14,3549.970458984375
44_20220826 15,3581.2578125
44_20220826 16,3531.42431640625
44_20220826 17,3384.674072265625
44_20220826 18,3324.427978515625
44_20220826 19,3179.5263671875
44_20220826 20,2822.0302734375
44_20220826 21,1100.2159423828125
44_20220826 22,572.3178100585938
44_20220826 23,525.2830810546875
44_20220827 00,510.9761657714844
44_20220827 01,505.7734680175781
44_20220827 02,509.9306640625
44_20220827 03,512.2175903320312
44_20220827 04,506.5953063964844
44_20220827 05,502.2611083984375
44_20220827 06,500.1993408203125
44_20220827 07,533.4564819335938
44_20220827 08,973.8722534179688
44_20220827 09,2168.158935546875
44_20220827 10,3408.094482421875
44_20220827 11,3453.68505859375
44_20220827 12,3516.5771484375
44_20220827 13,3646.13818359375
44_20220827 14,3693.409423828125
44_20220827 15,3705.6962890625
44_20220827 16,3699.962646484375
44_20220827 17,3682.39990234375
44_20220827 18,3481.1982421875
44_20220827 19,3302.712646484375
44_20220827 20,2842.657958984375
44_20220827 21,1155.0810546875
44_20220827 22,526.777587890625
44_20220827 23,510.7143249511719
44_20220828 00,512.7422485351562
44_20220828 01,506.0284118652344
44_20220828 02,512.7256469726562
44_20220828 03,518.5361938476562
44_20220828 04,519.6268310546875
44_20220828 05,511.9896240234375
44_20220828 06,500.0044860839844
44_20220828 07,528.7651977539062
44_20220828 08,948.812744140625
44_20220828 09,2126.948486328125
44_20220828 10,3189.507568359375
44_20220828 11,3375.088134765625
44_20220828 12,3536.625
44_20220828 13,3602.386474609375
44_20220828 14,3807.789306640625
44_20220828 15,3830.281494140625
44_20220828 16,3854.311767578125
44_20220828 17,3735.109619140625
44_20220828 18,3409.988525390625
44_20220828 19,3226.812255859375
44_20220828 20,2837.254638671875
44_20220828 21,1182.305419921875
44_20220828 22,521.661376953125
44_20220828 23,513.2605590820312
44_20220829 00,502.39471435546875
44_20220829 01,497.8201904296875
44_20220829 02,501.6408386230469
44_20220829 03,500.5184631347656
44_20220829 04,501.7352294921875
44_20220829 05,501.2345886230469
44_20220829 06,498.6148376464844
44_20220829 07,548.943115234375
44_20220829 08,972.6544799804688
44_20220829 09,2093.1982421875
44_20220829 10,3044.50244140625
44_20220829 11,3060.324951171875
44_20220829 12,3096.15087890625
44_20220829 13,3170.55078125
44_20220829 14,3191.549072265625
44_20220829 15,3193.783447265625
44_20220829 16,3166.86474609375
44_20220829 17,3017.66015625
44_20220829 18,2915.144775390625
44_20220829 19,2757.1298828125
44_20220829 20,2463.430419921875
44_20220829 21,1057.9842529296875
44_20220829 22,583.0053100585938
44_20220829 23,542.2154541015625
44_20220830 00,524.05322265625
44_20220830 01,514.899658203125
44_20220830 02,514.154052734375
44_20220830 03,513.2857055664062
44_20220830 04,513.8582153320312
44_20220830 05,513.622314453125
44_20220830 06,503.75897216796875
44_20220830 07,535.6058349609375
44_20220830 08,947.835693359375
44_20220830 09,2100.06298828125
44_20220830 10,2955.1923828125
44_20220830 11,2939.202392578125
44_20220830 12,2922.290771484375
44_20220830 13,2932.6533203125
44_20220830 14,2946.970703125
44_20220830 15,2926.99072265625
44_20220830 16,2905.769287109375
44_20220830 17,2868.354248046875
44_20220830 18,2802.772705078125
44_20220830 19,2721.428955078125
44_20220830 20,2465.9287109375
44_20220830 21,1032.0306396484375
44_20220830 22,542.8027954101562
44_20220830 23,517.2605590820312
44_20220831 00,501.08282470703125
44_20220831 01,496.8822021484375
44_20220831 02,496.4533996582031
44_20220831 03,499.8559875488281
44_20220831 04,496.56951904296875
44_20220831 05,495.3584899902344
44_20220831 06,491.3061218261719
44_20220831 07,511.5421142578125
44_20220831 08,947.1947631835938
44_20220831 09,2115.71142578125
44_20220831 10,3111.322509765625
44_20220831 11,3128.4921875
44_20220831 12,3164.82421875
44_20220831 13,3167.843017578125
44_20220831 14,3230.179931640625
44_20220831 15,3363.435302734375
44_20220831 16,3384.25146484375
44_20220831 17,3373.19921875
44_20220831 18,3085.0810546875
44_20220831 19,2886.378662109375
44_20220831 20,2600.861328125
44_20220831 21,1052.413330078125
44_20220831 22,535.20458984375
44_20220831 23,510.2900695800781
45_20220825 00,2362.00341796875
45_20220825 01,2356.8681640625
45_20220825 02,2304.589111328125
45_20220825 03,2215.201904296875
45_20220825 04,2352.3427734375
45_20220825 05,2479.202880859375
45_20220825 06,2913.863525390625
45_20220825 07,3211.519775390625
45_20220825 08,3486.835205078125
45_20220825 09,3568.234130859375
45_20220825 10,3594.079833984375
45_20220825 11,3595.82666015625
45_20220825 12,3504.947509765625
45_20220825 13,3484.09521484375
45_20220825 14,3559.456298828125
45_20220825 15,3494.039794921875
45_20220825 16,3408.91015625
45_20220825 17,3148.168212890625
45_20220825 18,2932.30126953125
45_20220825 19,2895.8740234375
45_20220825 20,2778.368896484375
45_20220825 21,2585.91357421875
45_20220825 22,2389.994384765625
45_20220825 23,2346.7373046875
45_20220826 00,2177.108642578125
45_20220826 01,2199.191162109375
45_20220826 02,2190.861083984375
45_20220826 03,2160.34619140625
45_20220826 04,2302.65478515625
45_20220826 05,2423.292724609375
45_20220826 06,2921.19580078125
45_20220826 07,3192.306396484375
45_20220826 08,3434.820556640625
45_20220826 09,3537.43896484375
45_20220826 10,3555.591552734375
45_20220826 11,3574.446044921875
45_20220826 12,3490.960205078125
45_20220826 13,3504.458740234375
45_20220826 14,3550.3818359375
45_20220826 15,3504.50634765625
45_20220826 16,3426.13037109375
45_20220826 17,3168.33447265625
45_20220826 18,2963.33056640625
45_20220826 19,2882.535888671875
45_20220826 20,2774.373291015625
45_20220826 21,2639.077880859375
45_20220826 22,2456.947998046875
45_20220826 23,2405.83251953125
45_20220827 00,2261.8642578125
45_20220827 01,2295.9228515625
45_20220827 02,2121.988525390625
45_20220827 03,2062.136962890625
45_20220827 04,2088.8212890625
45_20220827 05,2207.837890625
45_20220827 06,2557.012451171875
45_20220827 07,2856.673095703125
45_20220827 08,3048.849365234375
45_20220827 09,3079.466552734375
45_20220827 10,3096.117431640625
45_20220827 11,3066.207763671875
45_20220827 12,2977.3544921875
45_20220827 13,2890.466796875
45_20220827 14,2847.031494140625
45_20220827 15,2845.6220703125
45_20220827 16,2809.117431640625
45_20220827 17,2776.23779296875
45_20220827 18,2725.65478515625
45_20220827 19,2709.3173828125
45_20220827 20,2512.999755859375
45_20220827 21,2376.754150390625
45_20220827 22,2323.541259765625
45_20220827 23,2223.60400390625
45_20220828 00,2109.5107421875
45_20220828 01,2104.3515625
45_20220828 02,2081.519287109375
45_20220828 03,2044.1148681640625
45_20220828 04,2076.341796875
45_20220828 05,2009.436279296875
45_20220828 06,2311.708984375
45_20220828 07,2514.4462890625
45_20220828 08,2727.043701171875
45_20220828 09,2759.748779296875
45_20220828 10,2808.929931640625
45_20220828 11,2816.767333984375
45_20220828 12,2778.8896484375
45_20220828 13,2804.04150390625
45_20220828 14,2830.72265625
45_20220828 15,2853.283447265625
45_20220828 16,2840.560546875
45_20220828 17,2812.19189453125
45_20220828 18,2777.444580078125
45_20220828 19,2776.706787109375
45_20220828 20,2610.17724609375
45_20220828 21,2474.370361328125
45_20220828 22,2411.707275390625
45_20220828 23,2343.875
45_20220829 00,2290.90966796875
45_20220829 01,2278.2216796875
45_20220829 02,2243.489990234375
45_20220829 03,2212.861083984375
45_20220829 04,2309.615478515625
45_20220829 05,2402.1767578125
45_20220829 06,2894.62109375
45_20220829 07,3134.20458984375
45_20220829 08,3431.8681640625
45_20220829 09,3496.9716796875
45_20220829 10,3510.25634765625
45_20220829 11,3539.327880859375
45_20220829 12,3453.9814453125
45_20220829 13,3455.401611328125
45_20220829 14,3493.156494140625
45_20220829 15,3468.88671875
45_20220829 16,3404.74072265625
45_20220829 17,3079.958740234375
45_20220829 18,2881.41162109375
45_20220829 19,2883.1484375
45_20220829 20,2751.67138671875
45_20220829 21,2538.686279296875
45_20220829 22,2323.773681640625
45_20220829 23,2273.4853515625
45_20220830 00,2134.41064453125
45_20220830 01,2130.49658203125
45_20220830 02,2110.9833984375
45_20220830 03,2082.6240234375
45_20220830 04,2169.106201171875
45_20220830 05,2343.955810546875
45_20220830 06,2849.6142578125
45_20220830 07,3093.81884765625
45_20220830 08,3376.046875
45_20220830 09,3484.845458984375
45_20220830 10,3485.10693359375
45_20220830 11,3484.06005859375
45_20220830 12,3423.50537109375
45_20220830 13,3439.452880859375
45_20220830 14,3482.63818359375
45_20220830 15,3439.508544921875
45_20220830 16,3370.110107421875
45_20220830 17,3090.18115234375
45_20220830 18,2931.296142578125
45_20220830 19,2887.04931640625
45_20220830 20,2761.8701171875
45_20220830 21,2577.97265625
45_20220830 22,2328.14794921875
45_20220830 23,2219.3837890625
45_20220831 00,2049.121337890625
45_20220831 01,2059.697021484375
45_20220831 02,2059.002685546875
45_20220831 03,2044.1851806640625
45_20220831 04,2129.875244140625
45_20220831 05,2315.010986328125
45_20220831 06,2834.864990234375
45_20220831 07,3138.250244140625
45_20220831 08,3423.63525390625
45_20220831 09,3506.557861328125
45_20220831 10,3513.15087890625
45_20220831 11,3501.806396484375
45_20220831 12,3460.168212890625
45_20220831 13,3454.421630859375
45_20220831 14,3506.225830078125
45_20220831 15,3460.2265625
45_20220831 16,3428.57421875
45_20220831 17,3111.914794921875
45_20220831 18,2881.373291015625
45_20220831 19,2877.63916015625
45_20220831 20,2759.547607421875
45_20220831 21,2533.806640625
45_20220831 22,2336.7490234375
45_20220831 23,2231.75048828125
46_20220825 00,1456.5618896484375
46_20220825 01,1452.1263427734375
46_20220825 02,1546.54833984375
46_20220825 03,1525.6544189453125
46_20220825 04,1432.31298828125
46_20220825 05,1452.77099609375
46_20220825 06,1752.7156982421875
46_20220825 07,2122.052978515625
46_20220825 08,2549.08740234375
46_20220825 09,2740.0439453125
46_20220825 10,2764.550537109375
46_20220825 11,2810.0146484375
46_20220825 12,2745.533935546875
46_20220825 13,2788.28125
46_20220825 14,2858.7021484375
46_20220825 15,2884.8935546875
46_20220825 16,2844.3212890625
46_20220825 17,2621.343994140625
46_20220825 18,2205.490478515625
46_20220825 19,2019.51611328125
46_20220825 20,1878.7528076171875
46_20220825 21,1809.862060546875
46_20220825 22,1674.115234375
46_20220825 23,1592.701904296875
46_20220826 00,1402.7266845703125
46_20220826 01,1399.0079345703125
46_20220826 02,1479.3406982421875
46_20220826 03,1461.38623046875
46_20220826 04,1397.3431396484375
46_20220826 05,1410.999755859375
46_20220826 06,1623.66552734375
46_20220826 07,1913.358154296875
46_20220826 08,2468.81982421875
46_20220826 09,2677.225830078125
46_20220826 10,2701.845947265625
46_20220826 11,2692.867431640625
46_20220826 12,2645.8134765625
46_20220826 13,2702.28564453125
46_20220826 14,2709.250244140625
46_20220826 15,2743.9169921875
46_20220826 16,2711.172119140625
46_20220826 17,2607.398193359375
46_20220826 18,2123.121337890625
46_20220826 19,1990.0311279296875
46_20220826 20,1881.39306640625
46_20220826 21,1789.3507080078125
46_20220826 22,1673.49462890625
46_20220826 23,1571.09912109375
46_20220827 00,1440.4129638671875
46_20220827 01,1413.2421875
46_20220827 02,1473.1015625
46_20220827 03,1458.7635498046875
46_20220827 04,1396.7724609375
46_20220827 05,1415.8477783203125
46_20220827 06,1733.2030029296875
46_20220827 07,1877.689453125
46_20220827 08,1914.2242431640625
46_20220827 09,1984.2027587890625
46_20220827 10,2004.791015625
46_20220827 11,2021.276611328125
46_20220827 12,2012.99658203125
46_20220827 13,2020.6324462890625
46_20220827 14,2070.859375
46_20220827 15,2075.253662109375
46_20220827 16,2038.6859130859375
46_20220827 17,2029.3707275390625
46_20220827 18,1957.84619140625
46_20220827 19,1915.7972412109375
46_20220827 20,1830.7755126953125
46_20220827 21,1773.25341796875
46_20220827 22,1627.014892578125
46_20220827 23,1559.9649658203125
46_20220828 00,1417.6583251953125
46_20220828 01,1398.76806640625
46_20220828 02,1451.77685546875
46_20220828 03,1440.867431640625
46_20220828 04,1377.52587890625
46_20220828 05,1392.38623046875
46_20220828 06,1555.6171875
46_20220828 07,1724.69384765625
46_20220828 08,1855.640625
46_20220828 09,1870.5369873046875
46_20220828 10,1902.4844970703125
46_20220828 11,1941.82666015625
46_20220828 12,1930.5804443359375
46_20220828 13,1997.962158203125
46_20220828 14,2022.740234375
46_20220828 15,2036.0714111328125
46_20220828 16,2040.5479736328125
46_20220828 17,2047.313232421875
46_20220828 18,2026.69677734375
46_20220828 19,1965.833984375
46_20220828 20,1835.02685546875
46_20220828 21,1781.3184814453125
46_20220828 22,1642.387939453125
46_20220828 23,1567.2593994140625
46_20220829 00,1388.23388671875
46_20220829 01,1385.8907470703125
46_20220829 02,1439.395263671875
46_20220829 03,1435.8541259765625
46_20220829 04,1373.41943359375
46_20220829 05,1388.444091796875
46_20220829 06,1562.509033203125
46_20220829 07,1915.376220703125
46_20220829 08,2455.64453125
46_20220829 09,2647.843505859375
46_20220829 10,2698.711669921875
46_20220829 11,2712.244384765625
46_20220829 12,2646.90380859375
46_20220829 13,2688.450927734375
46_20220829 14,2668.05078125
46_20220829 15,2665.431884765625
46_20220829 16,2676.64404296875
46_20220829 17,2519.11181640625
46_20220829 18,2014.2371826171875
46_20220829 19,1873.2178955078125
46_20220829 20,1797.0037841796875
46_20220829 21,1700.621826171875
46_20220829 22,1585.15380859375
46_20220829 23,1501.6639404296875
46_20220830 00,1377.7945556640625
46_20220830 01,1382.0985107421875
46_20220830 02,1449.8232421875
46_20220830 03,1440.93994140625
46_20220830 04,1376.389892578125
46_20220830 05,1403.880126953125
46_20220830 06,1602.2049560546875
46_20220830 07,2055.099609375
46_20220830 08,2595.002685546875
46_20220830 09,2775.587646484375
46_20220830 10,2795.4052734375
46_20220830 11,2785.15185546875
46_20220830 12,2742.407958984375
46_20220830 13,2788.312255859375
46_20220830 14,2785.8388671875
46_20220830 15,2779.9658203125
46_20220830 16,2778.3193359375
46_20220830 17,2661.8623046875
46_20220830 18,2134.718994140625
46_20220830 19,1959.1168212890625
46_20220830 20,1844.27978515625
46_20220830 21,1770.27197265625
46_20220830 22,1603.72607421875
46_20220830 23,1548.274658203125
46_20220831 00,1403.303955078125
46_20220831 01,1405.1566162109375
46_20220831 02,1497.48974609375
46_20220831 03,1491.10400390625
46_20220831 04,1408.290283203125
46_20220831 05,1416.08349609375
46_20220831 06,1594.0897216796875
46_20220831 07,1961.60400390625
46_20220831 08,2537.472412109375
46_20220831 09,2731.14013671875
46_20220831 10,2776.255615234375
46_20220831 11,2777.093017578125
46_20220831 12,2732.973388671875
46_20220831 13,2712.5341796875
46_20220831 14,2777.755615234375
46_20220831 15,2782.6796875
46_20220831 16,2764.668701171875
46_20220831 17,2570.217041015625
46_20220831 18,2054.133544921875
46_20220831 19,1909.4764404296875
46_20220831 20,1828.248046875
46_20220831 21,1754.473876953125
46_20220831 22,1608.4803466796875
46_20220831 23,1571.0662841796875
47_20220825 00,4111.96728515625
47_20220825 01,4092.9326171875
47_20220825 02,4083.668212890625
47_20220825 03,4113.59423828125
47_20220825 04,4132.5576171875
47_20220825 05,4196.74560546875
47_20220825 06,4941.7724609375
47_20220825 07,5871.22119140625
47_20220825 08,6457.12158203125
47_20220825 09,6610.25439453125
47_20220825 10,6653.52294921875
47_20220825 11,6666.93017578125
47_20220825 12,6641.638671875
47_20220825 13,6662.072265625
47_20220825 14,6614.78759765625
47_20220825 15,6568.80322265625
47_20220825 16,6467.69580078125
47_20220825 17,5860.275390625
47_20220825 18,5281.673828125
47_20220825 19,4989.97265625
47_20220825 20,4523.1220703125
47_20220825 21,4392.8955078125
47_20220825 22,4301.181640625
47_20220825 23,4230.9267578125
47_20220826 00,4221.75439453125
47_20220826 01,4156.31201171875
47_20220826 02,4134.326171875
47_20220826 03,4153.7646484375
47_20220826 04,4199.18115234375
47_20220826 05,4277.13330078125
47_20220826 06,5004.56103515625
47_20220826 07,5787.130859375
47_20220826 08,6349.1357421875
47_20220826 09,6568.43896484375
47_20220826 10,6677.45361328125
47_20220826 11,6699.0859375
47_20220826 12,6653.064453125
47_20220826 13,6701.8876953125
47_20220826 14,6724.990234375
47_20220826 15,6703.64990234375
47_20220826 16,6545.84814453125
47_20220826 17,5961.109375
47_20220826 18,5530.94384765625
47_20220826 19,5098.29296875
47_20220826 20,4744.96728515625
47_20220826 21,4556.89306640625
47_20220826 22,4400.84326171875
47_20220826 23,4286.646484375
47_20220827 00,4133.23583984375
47_20220827 01,4120.83251953125
47_20220827 02,4098.642578125
47_20220827 03,4146.30224609375
47_20220827 04,4119.4892578125
47_20220827 05,4065.031494140625
47_20220827 06,4414.83642578125
47_20220827 07,4658.09033203125
47_20220827 08,4902.478515625
47_20220827 09,4907.53076171875
47_20220827 10,4964.6435546875
47_20220827 11,4989.1201171875
47_20220827 12,4908.5498046875
47_20220827 13,4865.8046875
47_20220827 14,4933.2353515625
47_20220827 15,4897.40185546875
47_20220827 16,4881.88525390625
47_20220827 17,4819.08251953125
47_20220827 18,4623.42529296875
47_20220827 19,4393.025390625
47_20220827 20,4218.40576171875
47_20220827 21,4194.20068359375
47_20220827 22,4162.2939453125
47_20220827 23,4059.386962890625
47_20220828 00,4018.128173828125
47_20220828 01,4013.226318359375
47_20220828 02,4011.087646484375
47_20220828 03,4013.6298828125
47_20220828 04,4046.1611328125
47_20220828 05,4064.493896484375
47_20220828 06,4253.7158203125
47_20220828 07,4292.2939453125
47_20220828 08,4284.29638671875
47_20220828 09,4278.796875
47_20220828 10,4317.84033203125
47_20220828 11,4481.564453125
47_20220828 12,4525.65283203125
47_20220828 13,4594.57470703125
47_20220828 14,4643.5234375
47_20220828 15,4667.189453125
47_20220828 16,4714.7451171875
47_20220828 17,4704.05419921875
47_20220828 18,4612.3076171875
47_20220828 19,4531.75146484375
47_20220828 20,4288.177734375
47_20220828 21,4258.20751953125
47_20220828 22,4211.32373046875
47_20220828 23,4175.2470703125
47_20220829 00,4129.583984375
47_20220829 01,4124.1376953125
47_20220829 02,4085.8876953125
47_20220829 03,4064.4931640625
47_20220829 04,4078.3701171875
47_20220829 05,4155.96533203125
47_20220829 06,4794.392578125
47_20220829 07,5495.96875
47_20220829 08,6066.20751953125
47_20220829 09,6185.5234375
47_20220829 10,6230.9140625
47_20220829 11,6208.5498046875
47_20220829 12,6179.916015625
47_20220829 13,6218.00439453125
47_20220829 14,6218.24853515625
47_20220829 15,6192.09814453125
47_20220829 16,6079.20458984375
47_20220829 17,5600.41064453125
47_20220829 18,5083.00341796875
47_20220829 19,4793.1357421875
47_20220829 20,4503.39794921875
47_20220829 21,4317.587890625
47_20220829 22,4238.669921875
47_20220829 23,4176.037109375
47_20220830 00,4091.82275390625
47_20220830 01,4100.2578125
47_20220830 02,4113.73974609375
47_20220830 03,4115.759765625
47_20220830 04,4142.58740234375
47_20220830 05,4193.4189453125
47_20220830 06,4838.90673828125
47_20220830 07,5548.7919921875
47_20220830 08,6045.560546875
47_20220830 09,6201.45458984375
47_20220830 10,6213.1904296875
47_20220830 11,6198.43896484375
47_20220830 12,6203.724609375
47_20220830 13,6244.79736328125
47_20220830 14,6249.84326171875
47_20220830 15,6219.93701171875
47_20220830 16,6141.71240234375
47_20220830 17,5734.263671875
47_20220830 18,5197.96142578125
47_20220830 19,4869.71923828125
47_20220830 20,4578.1416015625
47_20220830 21,4364.22705078125
47_20220830 22,4280.6376953125
47_20220830 23,4218.69970703125
47_20220831 00,4126.75537109375
47_20220831 01,4118.52294921875
47_20220831 02,4099.5947265625
47_20220831 03,4108.025390625
47_20220831 04,4118.75537109375
47_20220831 05,4142.06982421875
47_20220831 06,4806.8212890625
47_20220831 07,5571.09716796875
47_20220831 08,5993.08154296875
47_20220831 09,6146.93310546875
47_20220831 10,6198.29345703125
47_20220831 11,6174.806640625
47_20220831 12,6126.46435546875
47_20220831 13,6175.5361328125
47_20220831 14,6178.00634765625
47_20220831 15,6205.7763671875
47_20220831 16,6049.3251953125
47_20220831 17,5614.08740234375
47_20220831 18,5063.96533203125
47_20220831 19,4718.44287109375
47_20220831 20,4412.4033203125
47_20220831 21,4225.62158203125
47_20220831 22,4196.44287109375
47_20220831 23,4092.89208984375
48_20220825 00,1463.85498046875
48_20220825 01,1441.06884765625
48_20220825 02,1408.0440673828125
48_20220825 03,1406.2703857421875
48_20220825 04,1436.5137939453125
48_20220825 05,1501.338623046875
48_20220825 06,1700.4100341796875
48_20220825 07,2117.855224609375
48_20220825 08,2428.47021484375
48_20220825 09,2406.476806640625
48_20220825 10,2411.45556640625
48_20220825 11,2462.214599609375
48_20220825 12,2468.140380859375
48_20220825 13,2459.534423828125
48_20220825 14,2506.060302734375
48_20220825 15,2494.0615234375
48_20220825 16,2466.04833984375
48_20220825 17,2140.461181640625
48_20220825 18,1780.7496337890625
48_20220825 19,1686.0135498046875
48_20220825 20,1593.82958984375
48_20220825 21,1533.057373046875
48_20220825 22,1463.55859375
48_20220825 23,1446.68505859375
48_20220826 00,1416.736328125
48_20220826 01,1392.78369140625
48_20220826 02,1375.45263671875
48_20220826 03,1371.1348876953125
48_20220826 04,1380.642822265625
48_20220826 05,1452.4747314453125
48_20220826 06,1595.772705078125
48_20220826 07,2044.2286376953125
48_20220826 08,2335.31640625
48_20220826 09,2359.56591796875
48_20220826 10,2381.140869140625
48_20220826 11,2414.89013671875
48_20220826 12,2395.228759765625
48_20220826 13,2412.255615234375
48_20220826 14,2490.189208984375
48_20220826 15,2458.371337890625
48_20220826 16,2418.267822265625
48_20220826 17,2092.773193359375
48_20220826 18,1798.2425537109375
48_20220826 19,1646.80615234375
48_20220826 20,1573.539794921875
48_20220826 21,1519.6102294921875
48_20220826 22,1457.86865234375
48_20220826 23,1433.7027587890625
48_20220827 00,1388.68505859375
48_20220827 01,1392.6524658203125
48_20220827 02,1356.11572265625
48_20220827 03,1352.7393798828125
48_20220827 04,1367.046142578125
48_20220827 05,1401.29931640625
48_20220827 06,1498.10791015625
48_20220827 07,1610.3233642578125
48_20220827 08,1604.4453125
48_20220827 09,1647.266845703125
48_20220827 10,1662.278076171875
48_20220827 11,1695.5980224609375
48_20220827 12,1732.63037109375
48_20220827 13,1751.352783203125
48_20220827 14,1759.15185546875
48_20220827 15,1674.65869140625
48_20220827 16,1710.9444580078125
48_20220827 17,1668.0645751953125
48_20220827 18,1564.0211181640625
48_20220827 19,1481.92626953125
48_20220827 20,1457.02880859375
48_20220827 21,1417.2825927734375
48_20220827 22,1389.0191650390625
48_20220827 23,1347.111328125
48_20220828 00,1323.3382568359375
48_20220828 01,1317.4864501953125
48_20220828 02,1310.2767333984375
48_20220828 03,1307.5604248046875
48_20220828 04,1315.9871826171875
48_20220828 05,1344.0472412109375
48_20220828 06,1414.66455078125
48_20220828 07,1507.5281982421875
48_20220828 08,1548.9202880859375
48_20220828 09,1582.17431640625
48_20220828 10,1605.290283203125
48_20220828 11,1600.998046875
48_20220828 12,1734.4503173828125
48_20220828 13,1739.4288330078125
48_20220828 14,1735.547607421875
48_20220828 15,1690.2781982421875
48_20220828 16,1748.20068359375
48_20220828 17,1666.3675537109375
48_20220828 18,1586.399169921875
48_20220828 19,1496.2559814453125
48_20220828 20,1475.704833984375
48_20220828 21,1447.15087890625
48_20220828 22,1413.86279296875
48_20220828 23,1373.4881591796875
48_20220829 00,1355.56103515625
48_20220829 01,1312.13720703125
48_20220829 02,1295.1600341796875
48_20220829 03,1266.105224609375
48_20220829 04,1264.8826904296875
48_20220829 05,1305.4617919921875
48_20220829 06,1490.5257568359375
48_20220829 07,1876.6026611328125
48_20220829 08,2117.933349609375
48_20220829 09,2149.4853515625
48_20220829 10,2189.33447265625
48_20220829 11,2196.2275390625
48_20220829 12,2114.617431640625
48_20220829 13,2148.734130859375
48_20220829 14,2153.662353515625
48_20220829 15,2148.300537109375
48_20220829 16,2120.711669921875
48_20220829 17,1903.591064453125
48_20220829 18,1676.4102783203125
48_20220829 19,1589.9285888671875
48_20220829 20,1534.8709716796875
48_20220829 21,1481.7196044921875
48_20220829 22,1406.2806396484375
48_20220829 23,1369.9791259765625
48_20220830 00,1342.7213134765625
48_20220830 01,1325.8056640625
48_20220830 02,1309.501220703125
48_20220830 03,1305.729736328125
48_20220830 04,1341.1375732421875
48_20220830 05,1367.3250732421875
48_20220830 06,1530.3038330078125
48_20220830 07,1940.4285888671875
48_20220830 08,2193.681396484375
48_20220830 09,2197.060302734375
48_20220830 10,2203.995849609375
48_20220830 11,2216.877685546875
48_20220830 12,2197.668212890625
48_20220830 13,2261.34375
48_20220830 14,2238.609375
48_20220830 15,2214.4267578125
48_20220830 16,2204.053955078125
48_20220830 17,1989.2261962890625
48_20220830 18,1806.321533203125
48_20220830 19,1718.26806640625
48_20220830 20,1603.1199951171875
48_20220830 21,1593.6016845703125
48_20220830 22,1515.2034912109375
48_20220830 23,1486.837646484375
48_20220831 00,1417.6407470703125
48_20220831 01,1366.3941650390625
48_20220831 02,1342.3016357421875
48_20220831 03,1335.7977294921875
48_20220831 04,1339.6778564453125
48_20220831 05,1379.2979736328125
48_20220831 06,1535.079345703125
48_20220831 07,1960.18701171875
48_20220831 08,2134.0146484375
48_20220831 09,2178.812255859375
48_20220831 10,2180.550537109375
48_20220831 11,2182.9833984375
48_20220831 12,2162.22802734375
48_20220831 13,2153.909912109375
48_20220831 14,2181.990966796875
48_20220831 15,2151.919677734375
48_20220831 16,2119.724853515625
48_20220831 17,1862.428466796875
48_20220831 18,1674.49951171875
48_20220831 19,1606.6624755859375
48_20220831 20,1524.1090087890625
48_20220831 21,1463.7928466796875
48_20220831 22,1397.59912109375
48_20220831 23,1377.3924560546875
49_20220825 00,2671.747802734375
49_20220825 01,2654.464111328125
49_20220825 02,2633.812744140625
49_20220825 03,2608.990234375
49_20220825 04,2688.959716796875
49_20220825 05,2716.961181640625
49_20220825 06,2800.637451171875
49_20220825 07,3043.605712890625
49_20220825 08,3583.800537109375
49_20220825 09,3738.2470703125
49_20220825 10,3800.357666015625
49_20220825 11,3816.951416015625
49_20220825 12,3702.521728515625
49_20220825 13,3699.40771484375
49_20220825 14,3843.88818359375
49_20220825 15,3807.906005859375
49_20220825 16,3791.235107421875
49_20220825 17,3384.203125
49_20220825 18,3126.150146484375
49_20220825 19,2976.578125
49_20220825 20,2721.16845703125
49_20220825 21,2654.482666015625
49_20220825 22,2569.702392578125
49_20220825 23,2480.037353515625
49_20220826 00,2431.150634765625
49_20220826 01,2413.708984375
49_20220826 02,2414.02294921875
49_20220826 03,2388.384521484375
49_20220826 04,2413.45849609375
49_20220826 05,2473.09765625
49_20220826 06,2583.134033203125
49_20220826 07,2847.645751953125
49_20220826 08,3474.7900390625
49_20220826 09,3693.718505859375
49_20220826 10,3761.866455078125
49_20220826 11,3775.75634765625
49_20220826 12,3639.806884765625
49_20220826 13,3670.63037109375
49_20220826 14,3798.78662109375
49_20220826 15,3747.5634765625
49_20220826 16,3711.28271484375
49_20220826 17,3397.43212890625
49_20220826 18,3147.062744140625
49_20220826 19,2986.923583984375
49_20220826 20,2743.314697265625
49_20220826 21,2665.540771484375
49_20220826 22,2591.843017578125
49_20220826 23,2516.174072265625
49_20220827 00,2431.494384765625
49_20220827 01,2464.6044921875
49_20220827 02,2424.585693359375
49_20220827 03,2390.451416015625
49_20220827 04,2441.34765625
49_20220827 05,2451.8212890625
49_20220827 06,2523.00927734375
49_20220827 07,2631.95068359375
49_20220827 08,2706.988037109375
49_20220827 09,2758.225830078125
49_20220827 10,2777.0634765625
49_20220827 11,3012.392333984375
49_20220827 12,3060.6591796875
49_20220827 13,3036.549072265625
49_20220827 14,3040.78125
49_20220827 15,3014.038818359375
49_20220827 16,3024.175048828125
49_20220827 17,3001.953369140625
49_20220827 18,2839.351318359375
49_20220827 19,2645.3642578125
49_20220827 20,2566.906494140625
49_20220827 21,2483.136962890625
49_20220827 22,2369.532470703125
49_20220827 23,2318.359375
49_20220828 00,2290.800537109375
49_20220828 01,2276.529541015625
49_20220828 02,2271.919921875
49_20220828 03,2261.863525390625
49_20220828 04,2289.6552734375
49_20220828 05,2326.1767578125
49_20220828 06,2366.01318359375
49_20220828 07,2444.234130859375
49_20220828 08,2562.1435546875
49_20220828 09,2649.032958984375
49_20220828 10,2684.72021484375
49_20220828 11,2905.742919921875
49_20220828 12,2977.302001953125
49_20220828 13,2988.8271484375
49_20220828 14,3016.510986328125
49_20220828 15,3016.853271484375
49_20220828 16,3038.2880859375
49_20220828 17,2958.148681640625
49_20220828 18,2902.2060546875
49_20220828 19,2800.046142578125
49_20220828 20,2694.3720703125
49_20220828 21,2534.9091796875
49_20220828 22,2483.0986328125
49_20220828 23,2389.63134765625
49_20220829 00,2377.150634765625
49_20220829 01,2342.56982421875
49_20220829 02,2318.748046875
49_20220829 03,2248.192138671875
49_20220829 04,2258.575927734375
49_20220829 05,2313.872314453125
49_20220829 06,2439.478271484375
49_20220829 07,2767.003173828125
49_20220829 08,3274.3154296875
49_20220829 09,3482.968017578125
49_20220829 10,3544.1416015625
49_20220829 11,3561.195556640625
49_20220829 12,3435.7158203125
49_20220829 13,3481.734130859375
49_20220829 14,3533.546142578125
49_20220829 15,3519.02587890625
49_20220829 16,3506.572509765625
49_20220829 17,3203.913330078125
49_20220829 18,2908.747314453125
49_20220829 19,2780.267822265625
49_20220829 20,2668.93017578125
49_20220829 21,2606.057861328125
49_20220829 22,2533.931884765625
49_20220829 23,2460.1640625
49_20220830 00,2392.420166015625
49_20220830 01,2367.072265625
49_20220830 02,2354.822998046875
49_20220830 03,2350.23681640625
49_20220830 04,2431.703369140625
49_20220830 05,2416.767333984375
49_20220830 06,2552.217529296875
49_20220830 07,2845.5791015625
49_20220830 08,3349.40771484375
49_20220830 09,3517.56640625
49_20220830 10,3574.3349609375
49_20220830 11,3582.57666015625
49_20220830 12,3456.650634765625
49_20220830 13,3513.960205078125
49_20220830 14,3588.5888671875
49_20220830 15,3572.97900390625
49_20220830 16,3558.664794921875
49_20220830 17,3285.64208984375
49_20220830 18,3104.51953125
49_20220830 19,3067.29150390625
49_20220830 20,2835.787353515625
49_20220830 21,2775.415283203125
49_20220830 22,2681.488525390625
49_20220830 23,2624.003662109375
49_20220831 00,2497.507568359375
49_20220831 01,2430.190673828125
49_20220831 02,2422.314453125
49_20220831 03,2406.9990234375
49_20220831 04,2446.461181640625
49_20220831 05,2432.359619140625
49_20220831 06,2531.466064453125
49_20220831 07,2812.611572265625
49_20220831 08,3280.3896484375
49_20220831 09,3462.800537109375
49_20220831 10,3564.02099609375
49_20220831 11,3568.5224609375
49_20220831 12,3431.6279296875
49_20220831 13,3418.737548828125
49_20220831 14,3487.054931640625
49_20220831 15,3471.08447265625
49_20220831 16,3451.6630859375
49_20220831 17,3166.02734375
49_20220831 18,2956.219970703125
49_20220831 19,2776.191162109375
49_20220831 20,2619.158447265625
49_20220831 21,2570.926025390625
49_20220831 22,2496.126708984375
49_20220831 23,2431.19970703125
50_20220825 00,2498.84814453125
50_20220825 01,2499.287353515625
50_20220825 02,2490.172607421875
50_20220825 03,2491.245361328125
50_20220825 04,2506.7294921875
50_20220825 05,2709.428466796875
50_20220825 06,2896.5498046875
50_20220825 07,3179.874267578125
50_20220825 08,3430.711181640625
50_20220825 09,3460.515625
50_20220825 10,3490.0673828125
50_20220825 11,3599.62744140625
50_20220825 12,3575.892822265625
50_20220825 13,3554.78662109375
50_20220825 14,3624.3779296875
50_20220825 15,3604.05859375
50_20220825 16,3608.468505859375
50_20220825 17,3309.632568359375
50_20220825 18,3051.8154296875
50_20220825 19,2845.557861328125
50_20220825 20,2761.1923828125
50_20220825 21,2603.6806640625
50_20220825 22,2561.381103515625
50_20220825 23,2517.8857421875
50_20220826 00,2494.193115234375
50_20220826 01,2492.698974609375
50_20220826 02,2493.040283203125
50_20220826 03,2498.939453125
50_20220826 04,2500.70947265625
50_20220826 05,2695.057861328125
50_20220826 06,2874.08056640625
50_20220826 07,3185.55615234375
50_20220826 08,3427.353271484375
50_20220826 09,3448.713134765625
50_20220826 10,3462.8779296875
50_20220826 11,3468.27880859375
50_20220826 12,3502.191650390625
50_20220826 13,3528.6298828125
50_20220826 14,3551.9853515625
50_20220826 15,3579.109619140625
50_20220826 16,3555.895263671875
50_20220826 17,3320.6318359375
50_20220826 18,3000.78271484375
50_20220826 19,2844.6259765625
50_20220826 20,2789.3310546875
50_20220826 21,2612.78662109375
50_20220826 22,2589.04443359375
50_20220826 23,2490.36767578125
50_20220827 00,2474.13818359375
50_20220827 01,2470.5126953125
50_20220827 02,2469.474609375
50_20220827 03,2445.05029296875
50_20220827 04,2475.688720703125
50_20220827 05,2580.763916015625
50_20220827 06,2757.804931640625
50_20220827 07,2975.26806640625
50_20220827 08,3144.382568359375
50_20220827 09,3149.552978515625
50_20220827 10,3178.1240234375
50_20220827 11,3161.071044921875
50_20220827 12,3013.937744140625
50_20220827 13,2898.422119140625
50_20220827 14,2869.30224609375
50_20220827 15,2883.9658203125
50_20220827 16,2845.9599609375
50_20220827 17,2822.93994140625
50_20220827 18,2579.264892578125
50_20220827 19,2465.546142578125
50_20220827 20,2411.284912109375
50_20220827 21,2313.319580078125
50_20220827 22,2235.0400390625
50_20220827 23,2172.21337890625
50_20220828 00,2122.3759765625
50_20220828 01,2148.7939453125
50_20220828 02,2145.177490234375
50_20220828 03,2108.407470703125
50_20220828 04,2111.628173828125
50_20220828 05,2163.785400390625
50_20220828 06,2200.859375
50_20220828 07,2404.7353515625
50_20220828 08,2512.30712890625
50_20220828 09,2598.299072265625
50_20220828 10,2664.139404296875
50_20220828 11,2629.603271484375
50_20220828 12,2614.504150390625
50_20220828 13,2615.807861328125
50_20220828 14,2622.9130859375
50_20220828 15,2640.756103515625
50_20220828 16,2620.1337890625
50_20220828 17,2606.523681640625
50_20220828 18,2544.41455078125
50_20220828 19,2457.4326171875
50_20220828 20,2428.321533203125
50_20220828 21,2324.7607421875
50_20220828 22,2296.777099609375
50_20220828 23,2284.729248046875
50_20220829 00,2199.2421875
50_20220829 01,2145.122802734375
50_20220829 02,2119.833740234375
50_20220829 03,2095.9287109375
50_20220829 04,2125.885986328125
50_20220829 05,2272.815185546875
50_20220829 06,2512.14013671875
50_20220829 07,3054.513916015625
50_20220829 08,3349.230712890625
50_20220829 09,3388.596923828125
50_20220829 10,3422.11083984375
50_20220829 11,3427.951416015625
50_20220829 12,3411.00927734375
50_20220829 13,3436.607666015625
50_20220829 14,3403.455322265625
50_20220829 15,3431.113525390625
50_20220829 16,3398.695068359375
50_20220829 17,3111.5146484375
50_20220829 18,2719.124755859375
50_20220829 19,2583.599853515625
50_20220829 20,2513.10791015625
50_20220829 21,2407.7900390625
50_20220829 22,2344.24169921875
50_20220829 23,2301.7451171875
50_20220830 00,2274.489013671875
50_20220830 01,2269.595947265625
50_20220830 02,2263.952880859375
50_20220830 03,2252.7666015625
50_20220830 04,2272.8427734375
50_20220830 05,2439.108154296875
50_20220830 06,2630.2138671875
50_20220830 07,3141.6923828125
50_20220830 08,3374.64208984375
50_20220830 09,3387.742431640625
50_20220830 10,3405.1748046875
50_20220830 11,3413.845458984375
50_20220830 12,3430.6494140625
50_20220830 13,3396.072509765625
50_20220830 14,3376.70166015625
50_20220830 15,3375.573486328125
50_20220830 16,3376.815673828125
50_20220830 17,3112.247802734375
50_20220830 18,2698.6259765625
50_20220830 19,2555.99853515625
50_20220830 20,2475.281494140625
50_20220830 21,2380.493896484375
50_20220830 22,2335.216796875
50_20220830 23,2279.870849609375
50_20220831 00,2275.906494140625
50_20220831 01,2274.505615234375
50_20220831 02,2282.533935546875
50_20220831 03,2275.9697265625
50_20220831 04,2280.945068359375
50_20220831 05,2363.2646484375
50_20220831 06,2606.4736328125
50_20220831 07,3164.50537109375
50_20220831 08,3427.988525390625
50_20220831 09,3449.802978515625
50_20220831 10,3472.0888671875
50_20220831 11,3470.703857421875
50_20220831 12,3437.422607421875
50_20220831 13,3402.746337890625
50_20220831 14,3423.739990234375
50_20220831 15,3402.3916015625
50_20220831 16,3397.52587890625
50_20220831 17,3111.85791015625
50_20220831 18,2679.946044921875
50_20220831 19,2559.416259765625
50_20220831 20,2496.763427734375
50_20220831 21,2321.957763671875
50_20220831 22,2311.57470703125
50_20220831 23,2273.952880859375
51_20220825 00,2089.09912109375
51_20220825 01,1985.442626953125
51_20220825 02,1938.5386962890625
51_20220825 03,1923.6378173828125
51_20220825 04,1949.7801513671875
51_20220825 05,2074.646240234375
51_20220825 06,2484.552734375
51_20220825 07,2713.20849609375
51_20220825 08,3152.759521484375
51_20220825 09,3227.52734375
51_20220825 10,3329.595458984375
51_20220825 11,3455.04296875
51_20220825 12,3418.4345703125
51_20220825 13,3447.866455078125
51_20220825 14,3446.668701171875
51_20220825 15,3456.739990234375
51_20220825 16,3420.853759765625
51_20220825 17,3002.60302734375
51_20220825 18,2631.25390625
51_20220825 19,2448.605712890625
51_20220825 20,2406.971435546875
51_20220825 21,2358.535400390625
51_20220825 22,2254.5458984375
51_20220825 23,2176.300537109375
51_20220826 00,2056.6845703125
51_20220826 01,1943.409423828125
51_20220826 02,1875.7589111328125
51_20220826 03,1898.5838623046875
51_20220826 04,1931.506591796875
51_20220826 05,2058.15478515625
51_20220826 06,2481.654052734375
51_20220826 07,2780.8525390625
51_20220826 08,3165.728759765625
51_20220826 09,3331.784423828125
51_20220826 10,3363.982666015625
51_20220826 11,3361.923583984375
51_20220826 12,3365.12890625
51_20220826 13,3434.19677734375
51_20220826 14,3443.9697265625
51_20220826 15,3465.0419921875
51_20220826 16,3402.1484375
51_20220826 17,2950.953125
51_20220826 18,2566.650146484375
51_20220826 19,2397.54931640625
51_20220826 20,2345.81103515625
51_20220826 21,2275.49560546875
51_20220826 22,2209.921875
51_20220826 23,2086.758544921875
51_20220827 00,2038.826904296875
51_20220827 01,1940.96044921875
51_20220827 02,1905.28857421875
51_20220827 03,1908.65869140625
51_20220827 04,1915.044189453125
51_20220827 05,1932.1632080078125
51_20220827 06,2043.32666015625
51_20220827 07,2157.038818359375
51_20220827 08,2250.918212890625
51_20220827 09,2348.439208984375
51_20220827 10,2436.090576171875
51_20220827 11,2459.91162109375
51_20220827 12,2413.8974609375
51_20220827 13,2443.682373046875
51_20220827 14,2508.32421875
51_20220827 15,2532.9521484375
51_20220827 16,2464.557861328125
51_20220827 17,2420.808837890625
51_20220827 18,2288.23193359375
51_20220827 19,2183.3017578125
51_20220827 20,2129.73876953125
51_20220827 21,2112.4990234375
51_20220827 22,2028.190673828125
51_20220827 23,1825.460205078125
51_20220828 00,1775.900390625
51_20220828 01,1737.30517578125
51_20220828 02,1734.81640625
51_20220828 03,1742.8299560546875
51_20220828 04,1749.3143310546875
51_20220828 05,1783.1617431640625
51_20220828 06,1916.4527587890625
51_20220828 07,2023.7091064453125
51_20220828 08,2207.684326171875
51_20220828 09,2250.68896484375
51_20220828 10,2297.9951171875
51_20220828 11,2335.693115234375
51_20220828 12,2372.013916015625
51_20220828 13,2357.357177734375
51_20220828 14,2356.382568359375
51_20220828 15,2369.439697265625
51_20220828 16,2350.327880859375
51_20220828 17,2312.0595703125
51_20220828 18,2303.78564453125
51_20220828 19,2232.0673828125
51_20220828 20,2088.516845703125
51_20220828 21,2095.9111328125
51_20220828 22,1995.4639892578125
51_20220828 23,1743.0023193359375
51_20220829 00,1720.930419921875
51_20220829 01,1669.651611328125
51_20220829 02,1651.8114013671875
51_20220829 03,1672.7093505859375
51_20220829 04,1704.4266357421875
51_20220829 05,1846.1700439453125
51_20220829 06,2180.064697265625
51_20220829 07,2490.85498046875
51_20220829 08,3094.779541015625
51_20220829 09,3206.556396484375
51_20220829 10,3227.28759765625
51_20220829 11,3259.853759765625
51_20220829 12,3267.92041015625
51_20220829 13,3271.753662109375
51_20220829 14,3228.467041015625
51_20220829 15,3235.78662109375
51_20220829 16,3141.4619140625
51_20220829 17,2723.52880859375
51_20220829 18,2396.2080078125
51_20220829 19,2241.2861328125
51_20220829 20,2159.4853515625
51_20220829 21,2130.3154296875
51_20220829 22,2048.5859375
51_20220829 23,1981.2869873046875
51_20220830 00,1890.156982421875
51_20220830 01,1834.122314453125
51_20220830 02,1800.41259765625
51_20220830 03,1710.35302734375
51_20220830 04,1720.764404296875
51_20220830 05,1854.8048095703125
51_20220830 06,2267.769287109375
51_20220830 07,2539.765869140625
51_20220830 08,3054.843994140625
51_20220830 09,3144.02099609375
51_20220830 10,3167.077880859375
51_20220830 11,3171.496826171875
51_20220830 12,3096.443603515625
51_20220830 13,3047.818603515625
51_20220830 14,3047.65625
51_20220830 15,3036.69140625
51_20220830 16,3007.5947265625
51_20220830 17,2689.166259765625
51_20220830 18,2247.38427734375
51_20220830 19,2146.7060546875
51_20220830 20,2144.827392578125
51_20220830 21,2095.748291015625
51_20220830 22,2055.150634765625
51_20220830 23,1997.41015625
51_20220831 00,1932.757080078125
51_20220831 01,1858.9559326171875
51_20220831 02,1838.0770263671875
51_20220831 03,1848.9237060546875
51_20220831 04,1877.375
51_20220831 05,1986.5362548828125
51_20220831 06,2349.201416015625
51_20220831 07,2532.281005859375
51_20220831 08,3005.378173828125
51_20220831 09,3115.2685546875
51_20220831 10,3112.3955078125
51_20220831 11,3117.402099609375
51_20220831 12,3035.4580078125
51_20220831 13,3033.7587890625
51_20220831 14,3063.663818359375
51_20220831 15,3063.129638671875
51_20220831 16,3042.472900390625
51_20220831 17,2686.424560546875
51_20220831 18,2338.4814453125
51_20220831 19,2220.888916015625
51_20220831 20,2139.74365234375
51_20220831 21,2094.7216796875
51_20220831 22,1997.31884765625
51_20220831 23,1938.572998046875
52_20220825 00,1603.97607421875
52_20220825 01,1598.74853515625
52_20220825 02,1570.5147705078125
52_20220825 03,1577.0938720703125
52_20220825 04,1610.1287841796875
52_20220825 05,1532.49169921875
52_20220825 06,1752.84814453125
52_20220825 07,2387.07177734375
52_20220825 08,2805.512939453125
52_20220825 09,2886.216552734375
52_20220825 10,2906.950927734375
52_20220825 11,2943.802490234375
52_20220825 12,2913.96044921875
52_20220825 13,2977.79248046875
52_20220825 14,3028.1328125
52_20220825 15,3052.15478515625
52_20220825 16,3002.6962890625
52_20220825 17,2783.7099609375
52_20220825 18,2253.446533203125
52_20220825 19,1951.458984375
52_20220825 20,1865.412109375
52_20220825 21,1770.8004150390625
52_20220825 22,1721.3824462890625
52_20220825 23,1664.8045654296875
52_20220826 00,1624.95361328125
52_20220826 01,1633.2501220703125
52_20220826 02,1624.0411376953125
52_20220826 03,1656.2054443359375
52_20220826 04,1675.70361328125
52_20220826 05,1785.1190185546875
52_20220826 06,1945.76318359375
52_20220826 07,2487.675537109375
52_20220826 08,2861.762939453125
52_20220826 09,2946.968017578125
52_20220826 10,2986.124755859375
52_20220826 11,2968.0205078125
52_20220826 12,2894.637939453125
52_20220826 13,2914.431396484375
52_20220826 14,2932.0087890625
52_20220826 15,2938.345703125
52_20220826 16,2896.139892578125
52_20220826 17,2684.35302734375
52_20220826 18,2242.049072265625
52_20220826 19,1910.5587158203125
52_20220826 20,1821.0164794921875
52_20220826 21,1764.522705078125
52_20220826 22,1704.7659912109375
52_20220826 23,1659.9671630859375
52_20220827 00,1584.791748046875
52_20220827 01,1590.2205810546875
52_20220827 02,1584.4422607421875
52_20220827 03,1580.3475341796875
52_20220827 04,1600.614013671875
52_20220827 05,1674.147216796875
52_20220827 06,1774.791015625
52_20220827 07,1795.671875
52_20220827 08,1845.0262451171875
52_20220827 09,1964.080078125
52_20220827 10,1970.65771484375
52_20220827 11,1919.4708251953125
52_20220827 12,1945.01318359375
52_20220827 13,1930.663330078125
52_20220827 14,1943.9437255859375
52_20220827 15,1945.4510498046875
52_20220827 16,1944.2987060546875
52_20220827 17,1887.20263671875
52_20220827 18,1848.4940185546875
52_20220827 19,1774.3240966796875
52_20220827 20,1757.1129150390625
52_20220827 21,1534.3387451171875
52_20220827 22,1463.7984619140625
52_20220827 23,1361.630126953125
52_20220828 00,1335.169921875
52_20220828 01,1321.6561279296875
52_20220828 02,1298.3253173828125
52_20220828 03,1237.5963134765625
52_20220828 04,1296.0877685546875
52_20220828 05,1332.9432373046875
52_20220828 06,1414.0167236328125
52_20220828 07,1462.1304931640625
52_20220828 08,1569.61181640625
52_20220828 09,1824.5565185546875
52_20220828 10,1845.64697265625
52_20220828 11,1807.5550537109375
52_20220828 12,1825.1502685546875
52_20220828 13,1816.012939453125
52_20220828 14,1821.915283203125
52_20220828 15,1833.9246826171875
52_20220828 16,1865.7120361328125
52_20220828 17,1801.9405517578125
52_20220828 18,1804.901611328125
52_20220828 19,1782.9903564453125
52_20220828 20,1767.369873046875
52_20220828 21,1590.37060546875
52_20220828 22,1507.821533203125
52_20220828 23,1485.9794921875
52_20220829 00,1468.326904296875
52_20220829 01,1461.1558837890625
52_20220829 02,1408.9537353515625
52_20220829 03,1294.111328125
52_20220829 04,1452.7120361328125
52_20220829 05,1572.61962890625
52_20220829 06,1713.2449951171875
52_20220829 07,2277.624267578125
52_20220829 08,2695.35791015625
52_20220829 09,2839.554443359375
52_20220829 10,2816.925537109375
52_20220829 11,2806.894287109375
52_20220829 12,2747.081787109375
52_20220829 13,2800.143798828125
52_20220829 14,2862.466064453125
52_20220829 15,2888.5615234375
52_20220829 16,2851.3408203125
52_20220829 17,2582.03857421875
52_20220829 18,2149.816650390625
52_20220829 19,1937.20361328125
52_20220829 20,1864.4808349609375
52_20220829 21,1768.4261474609375
52_20220829 22,1708.6925048828125
52_20220829 23,1637.1175537109375
52_20220830 00,1604.568359375
52_20220830 01,1585.6148681640625
52_20220830 02,1550.725830078125
52_20220830 03,1553.3123779296875
52_20220830 04,1556.2911376953125
52_20220830 05,1672.4359130859375
52_20220830 06,1841.4532470703125
52_20220830 07,2343.48095703125
52_20220830 08,2832.7578125
52_20220830 09,2940.90185546875
52_20220830 10,2970.534423828125
52_20220830 11,2980.492431640625
52_20220830 12,2949.66748046875
52_20220830 13,3003.50634765625
52_20220830 14,3035.444580078125
52_20220830 15,3038.10791015625
52_20220830 16,2904.340087890625
52_20220830 17,2630.85107421875
52_20220830 18,2201.62939453125
52_20220830 19,1969.44580078125
52_20220830 20,1851.66064453125
52_20220830 21,1825.1707763671875
52_20220830 22,1733.4195556640625
52_20220830 23,1704.446044921875
52_20220831 00,1615.90087890625
52_20220831 01,1672.13037109375
52_20220831 02,1688.64013671875
52_20220831 03,1684.6207275390625
52_20220831 04,1691.05615234375
52_20220831 05,1767.7105712890625
52_20220831 06,1968.83154296875
52_20220831 07,2367.64794921875
52_20220831 08,2773.955322265625
52_20220831 09,2915.3955078125
52_20220831 10,2879.071533203125
52_20220831 11,2866.926513671875
52_20220831 12,2795.59814453125
52_20220831 13,2824.32275390625
52_20220831 14,2862.556884765625
52_20220831 15,2854.354736328125
52_20220831 16,2810.500244140625
52_20220831 17,2540.997802734375
52_20220831 18,2138.17822265625
52_20220831 19,1872.828857421875
52_20220831 20,1799.92041015625
52_20220831 21,1747.864013671875
52_20220831 22,1637.1519775390625
52_20220831 23,1574.77685546875
53_20220825 00,917.8226318359375
53_20220825 01,856.7568969726562
53_20220825 02,844.6091918945312
53_20220825 03,900.6981811523438
53_20220825 04,1345.6651611328125
53_20220825 05,2277.54150390625
53_20220825 06,2779.11474609375
53_20220825 07,3061.45458984375
53_20220825 08,3176.891357421875
53_20220825 09,3248.939697265625
53_20220825 10,3253.465576171875
53_20220825 11,3218.590576171875
53_20220825 12,3133.50244140625
53_20220825 13,3193.408447265625
53_20220825 14,3208.311767578125
53_20220825 15,3160.84912109375
53_20220825 16,3067.01416015625
53_20220825 17,2931.857421875
53_20220825 18,2614.30859375
53_20220825 19,1437.04248046875
53_20220825 20,1247.1107177734375
53_20220825 21,1070.8663330078125
53_20220825 22,980.2301025390625
53_20220825 23,970.249267578125
53_20220826 00,939.1402587890625
53_20220826 01,926.3031005859375
53_20220826 02,922.159912109375
53_20220826 03,950.5816040039062
53_20220826 04,1276.076904296875
53_20220826 05,2216.338623046875
53_20220826 06,2703.6630859375
53_20220826 07,3024.947021484375
53_20220826 08,3166.336669921875
53_20220826 09,3239.4091796875
53_20220826 10,3244.621337890625
53_20220826 11,3214.001708984375
53_20220826 12,3121.789306640625
53_20220826 13,3200.96484375
53_20220826 14,3210.900634765625
53_20220826 15,3164.509521484375
53_20220826 16,3077.294677734375
53_20220826 17,2969.637939453125
53_20220826 18,2655.45849609375
53_20220826 19,1589.8402099609375
53_20220826 20,1281.1241455078125
53_20220826 21,1059.229248046875
53_20220826 22,988.7808227539062
53_20220826 23,882.632080078125
53_20220827 00,815.9369506835938
53_20220827 01,825.5995483398438
53_20220827 02,878.4536743164062
53_20220827 03,858.8798217773438
53_20220827 04,884.5029296875
53_20220827 05,903.8804321289062
53_20220827 06,942.373046875
53_20220827 07,960.5371704101562
53_20220827 08,948.0353393554688
53_20220827 09,964.6644287109375
53_20220827 10,990.3353881835938
53_20220827 11,983.202880859375
53_20220827 12,949.5532836914062
53_20220827 13,916.5904541015625
53_20220827 14,941.338134765625
53_20220827 15,913.4851684570312
53_20220827 16,913.593505859375
53_20220827 17,885.2416381835938
53_20220827 18,876.2500610351562
53_20220827 19,843.5945434570312
53_20220827 20,847.9173583984375
53_20220827 21,834.4717407226562
53_20220827 22,823.2845458984375
53_20220827 23,797.1162719726562
53_20220828 00,803.259033203125
53_20220828 01,824.3937377929688
53_20220828 02,818.8291015625
53_20220828 03,825.3851318359375
53_20220828 04,858.702392578125
53_20220828 05,914.3234252929688
53_20220828 06,927.9613647460938
53_20220828 07,943.917724609375
53_20220828 08,957.7658081054688
53_20220828 09,977.7881469726562
53_20220828 10,971.2072143554688
53_20220828 11,955.6459350585938
53_20220828 12,895.709228515625
53_20220828 13,886.153076171875
53_20220828 14,876.5480346679688
53_20220828 15,879.3134155273438
53_20220828 16,900.8501586914062
53_20220828 17,878.614501953125
53_20220828 18,868.8717041015625
53_20220828 19,868.1314697265625
53_20220828 20,911.4490356445312
53_20220828 21,956.0159912109375
53_20220828 22,1051.3350830078125
53_20220828 23,1080.330322265625
53_20220829 00,1119.1986083984375
53_20220829 01,1123.1771240234375
53_20220829 02,1142.029052734375
53_20220829 03,1167.18994140625
53_20220829 04,1478.8494873046875
53_20220829 05,2250.355712890625
53_20220829 06,2676.820556640625
53_20220829 07,2992.54052734375
53_20220829 08,3148.128662109375
53_20220829 09,3232.3876953125
53_20220829 10,3243.0224609375
53_20220829 11,3204.488037109375
53_20220829 12,3095.850830078125
53_20220829 13,3186.9921875
53_20220829 14,3199.6064453125
53_20220829 15,3136.018798828125
53_20220829 16,3035.440673828125
53_20220829 17,2891.6806640625
53_20220829 18,2532.1337890625
53_20220829 19,1394.7169189453125
53_20220829 20,1210.2454833984375
53_20220829 21,1050.528076171875
53_20220829 22,974.2514038085938
53_20220829 23,965.4130859375
53_20220830 00,920.6846313476562
53_20220830 01,911.477783203125
53_20220830 02,910.6541137695312
53_20220830 03,925.8057250976562
53_20220830 04,1216.06103515625
53_20220830 05,2181.297119140625
53_20220830 06,2655.01611328125
53_20220830 07,2971.2197265625
53_20220830 08,3108.16552734375
53_20220830 09,3197.246337890625
53_20220830 10,3196.788818359375
53_20220830 11,3163.5458984375
53_20220830 12,3078.175537109375
53_20220830 13,3153.355224609375
53_20220830 14,3174.0185546875
53_20220830 15,3117.60791015625
53_20220830 16,3020.568603515625
53_20220830 17,2885.551025390625
53_20220830 18,2563.44677734375
53_20220830 19,1478.5635986328125
53_20220830 20,1252.2198486328125
53_20220830 21,1165.653564453125
53_20220830 22,1078.5457763671875
53_20220830 23,954.6840209960938
53_20220831 00,914.4402465820312
53_20220831 01,901.6101684570312
53_20220831 02,923.4711303710938
53_20220831 03,937.501220703125
53_20220831 04,1250.1632080078125
53_20220831 05,2212.925537109375
53_20220831 06,2675.252197265625
53_20220831 07,2995.8232421875
53_20220831 08,3133.797119140625
53_20220831 09,3225.101806640625
53_20220831 10,3233.69384765625
53_20220831 11,3174.18359375
53_20220831 12,3076.15869140625
53_20220831 13,3161.58740234375
53_20220831 14,3180.156494140625
53_20220831 15,3116.937744140625
53_20220831 16,3029.878662109375
53_20220831 17,2908.767822265625
53_20220831 18,2611.907958984375
53_20220831 19,1513.28515625
53_20220831 20,1295.76611328125
53_20220831 21,1057.2880859375
53_20220831 22,947.486572265625
53_20220831 23,962.5951538085938
54_20220825 00,802.872314453125
54_20220825 01,593.3554077148438
54_20220825 02,565.1102905273438
54_20220825 03,562.50634765625
54_20220825 04,562.7945556640625
54_20220825 05,1129.8221435546875
54_20220825 06,1530.3643798828125
54_20220825 07,1822.671142578125
54_20220825 08,1669.9932861328125
54_20220825 09,2220.174072265625
54_20220825 10,2797.812255859375
54_20220825 11,3165.870361328125
54_20220825 12,3280.050537109375
54_20220825 13,3286.195068359375
54_20220825 14,3287.315673828125
54_20220825 15,3316.886962890625
54_20220825 16,3321.11474609375
54_20220825 17,3304.593505859375
54_20220825 18,3185.019775390625
54_20220825 19,3047.973388671875
54_20220825 20,2258.2451171875
54_20220825 21,1067.4227294921875
54_20220825 22,906.9974975585938
54_20220825 23,898.7072143554688
54_20220826 00,809.8173828125
54_20220826 01,592.7178955078125
54_20220826 02,581.7531127929688
54_20220826 03,574.2330322265625
54_20220826 04,561.5576171875
54_20220826 05,1070.2218017578125
54_20220826 06,1740.29150390625
54_20220826 07,2077.958984375
54_20220826 08,1986.442138671875
54_20220826 09,2271.20458984375
54_20220826 10,2840.0517578125
54_20220826 11,3183.886962890625
54_20220826 12,3254.484619140625
54_20220826 13,3307.336669921875
54_20220826 14,3298.24072265625
54_20220826 15,3277.93115234375
54_20220826 16,3248.880615234375
54_20220826 17,3183.527587890625
54_20220826 18,3076.95556640625
54_20220826 19,2831.203369140625
54_20220826 20,2036.1597900390625
54_20220826 21,1054.65087890625
54_20220826 22,905.4868774414062
54_20220826 23,924.970703125
54_20220827 00,771.088623046875
54_20220827 01,568.4046020507812
54_20220827 02,570.584228515625
54_20220827 03,560.9163818359375
54_20220827 04,556.2935180664062
54_20220827 05,1153.784423828125
54_20220827 06,1661.337890625
54_20220827 07,1971.8465576171875
54_20220827 08,1705.739501953125
54_20220827 09,1969.7093505859375
54_20220827 10,2731.383056640625
54_20220827 11,3078.531982421875
54_20220827 12,3134.893798828125
54_20220827 13,3198.81005859375
54_20220827 14,3236.863525390625
54_20220827 15,3246.128662109375
54_20220827 16,3186.69921875
54_20220827 17,3165.68359375
54_20220827 18,3058.495849609375
54_20220827 19,2754.492919921875
54_20220827 20,2130.368408203125
54_20220827 21,1039.2835693359375
54_20220827 22,1002.1557006835938
54_20220827 23,1004.173583984375
54_20220828 00,823.69921875
54_20220828 01,554.3770751953125
54_20220828 02,564.3238525390625
54_20220828 03,575.167724609375
54_20220828 04,594.730224609375
54_20220828 05,1147.2366943359375
54_20220828 06,1562.8082275390625
54_20220828 07,1645.0194091796875
54_20220828 08,1840.9871826171875
54_20220828 09,1878.4573974609375
54_20220828 10,2238.931884765625
54_20220828 11,2770.11083984375
54_20220828 12,2861.202392578125
54_20220828 13,2856.182373046875
54_20220828 14,2861.40087890625
54_20220828 15,2788.3466796875
54_20220828 16,2655.256103515625
54_20220828 17,2740.761962890625
54_20220828 18,2746.7294921875
54_20220828 19,2556.96337890625
54_20220828 20,1932.030029296875
54_20220828 21,1015.7249755859375
54_20220828 22,913.0951538085938
54_20220828 23,897.5775146484375
54_20220829 00,676.886962890625
54_20220829 01,602.5303344726562
54_20220829 02,584.2926635742188
54_20220829 03,577.3046875
54_20220829 04,581.075927734375
54_20220829 05,873.7459106445312
54_20220829 06,1112.1510009765625
54_20220829 07,1144.242919921875
54_20220829 08,1303.5626220703125
54_20220829 09,1506.96484375
54_20220829 10,1552.9456787109375
54_20220829 11,1567.53271484375
54_20220829 12,1574.9859619140625
54_20220829 13,1649.0323486328125
54_20220829 14,1635.592529296875
54_20220829 15,1617.22314453125
54_20220829 16,1601.1448974609375
54_20220829 17,1557.8460693359375
54_20220829 18,1532.4202880859375
54_20220829 19,1525.6468505859375
54_20220829 20,1290.365234375
54_20220829 21,894.7556762695312
54_20220829 22,887.7197875976562
54_20220829 23,907.087890625
54_20220830 00,735.281982421875
54_20220830 01,563.8875732421875
54_20220830 02,566.3279418945312
54_20220830 03,554.4364624023438
54_20220830 04,564.5928344726562
54_20220830 05,1104.4268798828125
54_20220830 06,1661.766845703125
54_20220830 07,2017.14697265625
54_20220830 08,2070.4638671875
54_20220830 09,2255.293212890625
54_20220830 10,2768.4296875
54_20220830 11,3052.98193359375
54_20220830 12,3073.580322265625
54_20220830 13,3080.229736328125
54_20220830 14,2933.60546875
54_20220830 15,3047.103271484375
54_20220830 16,3131.53125
54_20220830 17,2960.272705078125
54_20220830 18,2897.46240234375
54_20220830 19,2789.989013671875
54_20220830 20,1971.0467529296875
54_20220830 21,1019.7396850585938
54_20220830 22,901.493896484375
54_20220830 23,868.7951049804688
54_20220831 00,686.5046997070312
54_20220831 01,573.5538940429688
54_20220831 02,578.3941040039062
54_20220831 03,579.7513427734375
54_20220831 04,580.906494140625
54_20220831 05,957.5618896484375
54_20220831 06,1577.64990234375
54_20220831 07,2028.45068359375
54_20220831 08,1936.983154296875
54_20220831 09,2179.7138671875
54_20220831 10,2598.568603515625
54_20220831 11,2845.429931640625
54_20220831 12,2921.68994140625
54_20220831 13,2925.768798828125
54_20220831 14,2907.662841796875
54_20220831 15,2910.387451171875
54_20220831 16,2900.26904296875
54_20220831 17,2800.287109375
54_20220831 18,2739.79150390625
54_20220831 19,2620.138671875
54_20220831 20,1869.1273193359375
54_20220831 21,998.8788452148438
54_20220831 22,936.8572387695312
54_20220831 23,960.080078125
55_20220825 00,939.3949584960938
55_20220825 01,934.2670288085938
55_20220825 02,933.2931518554688
55_20220825 03,930.8923950195312
55_20220825 04,933.9716796875
55_20220825 05,958.996337890625
55_20220825 06,1021.2482299804688
55_20220825 07,1061.3946533203125
55_20220825 08,1092.8209228515625
55_20220825 09,1090.86767578125
55_20220825 10,1089.911376953125
55_20220825 11,1081.72802734375
55_20220825 12,1083.9100341796875
55_20220825 13,1085.5377197265625
55_20220825 14,1081.4815673828125
55_20220825 15,1083.2115478515625
55_20220825 16,1081.73193359375
55_20220825 17,1083.0281982421875
55_20220825 18,1023.8583984375
55_20220825 19,970.453369140625
55_20220825 20,960.3824462890625
55_20220825 21,955.7577514648438
55_20220825 22,943.9716796875
55_20220825 23,938.968017578125
55_20220826 00,935.19140625
55_20220826 01,931.0269165039062
55_20220826 02,930.415771484375
55_20220826 03,929.2492065429688
55_20220826 04,931.281005859375
55_20220826 05,956.8480224609375
55_20220826 06,998.952880859375
55_20220826 07,1031.959228515625
55_20220826 08,1083.4425048828125
55_20220826 09,1079.3634033203125
55_20220826 10,1082.1519775390625
55_20220826 11,1080.89697265625
55_20220826 12,1083.2423095703125
55_20220826 13,1082.082763671875
55_20220826 14,1076.984130859375
55_20220826 15,1079.0615234375
55_20220826 16,1081.1744384765625
55_20220826 17,1081.43212890625
55_20220826 18,1021.25390625
55_20220826 19,970.8827514648438
55_20220826 20,958.2429809570312
55_20220826 21,954.6939086914062
55_20220826 22,946.882568359375
55_20220826 23,940.2548217773438
55_20220827 00,931.3140869140625
55_20220827 01,925.9979858398438
55_20220827 02,927.0029907226562
55_20220827 03,927.5161743164062
55_20220827 04,925.3707275390625
55_20220827 05,927.4232788085938
55_20220827 06,931.914794921875
55_20220827 07,932.1187744140625
55_20220827 08,943.9027709960938
55_20220827 09,947.98046875
55_20220827 10,941.5927734375
55_20220827 11,939.7793579101562
55_20220827 12,946.9395141601562
55_20220827 13,947.399169921875
55_20220827 14,949.128173828125
55_20220827 15,945.9052124023438
55_20220827 16,950.3900756835938
55_20220827 17,948.4146728515625
55_20220827 18,951.1124877929688
55_20220827 19,936.9368896484375
55_20220827 20,932.5402221679688
55_20220827 21,932.194091796875
55_20220827 22,930.9742431640625
55_20220827 23,929.340087890625
55_20220828 00,924.8117065429688
55_20220828 01,923.7357788085938
55_20220828 02,923.7357788085938
55_20220828 03,925.5933837890625
55_20220828 04,924.1257934570312
55_20220828 05,923.6259155273438
55_20220828 06,923.0841674804688
55_20220828 07,925.0714721679688
55_20220828 08,926.3012084960938
55_20220828 09,928.8531494140625
55_20220828 10,927.3286743164062
55_20220828 11,926.2749633789062
55_20220828 12,929.956298828125
55_20220828 13,934.226806640625
55_20220828 14,935.7523193359375
55_20220828 15,935.1486206054688
55_20220828 16,940.9873657226562
55_20220828 17,943.2794799804688
55_20220828 18,949.2242431640625
55_20220828 19,943.93359375
55_20220828 20,935.5614624023438
55_20220828 21,935.8175659179688
55_20220828 22,934.0463256835938
55_20220828 23,930.9720458984375
55_20220829 00,926.2064208984375
55_20220829 01,925.2197265625
55_20220829 02,922.9652709960938
55_20220829 03,922.8869018554688
55_20220829 04,924.5272827148438
55_20220829 05,952.2789306640625
55_20220829 06,996.0939331054688
55_20220829 07,1033.4161376953125
55_20220829 08,1079.3936767578125
55_20220829 09,1073.8870849609375
55_20220829 10,1076.5362548828125
55_20220829 11,1075.099853515625
55_20220829 12,1079.67724609375
55_20220829 13,1078.77978515625
55_20220829 14,1066.1715087890625
55_20220829 15,1067.791259765625
55_20220829 16,1067.692626953125
55_20220829 17,1051.6114501953125
55_20220829 18,1022.9007568359375
55_20220829 19,968.3169555664062
55_20220829 20,958.2803344726562
55_20220829 21,950.8583984375
55_20220829 22,934.2874755859375
55_20220829 23,932.102783203125
55_20220830 00,926.8353881835938
55_20220830 01,923.7659912109375
55_20220830 02,923.7302856445312
55_20220830 03,924.9115600585938
55_20220830 04,928.138916015625
55_20220830 05,954.4286499023438
55_20220830 06,1019.5361938476562
55_20220830 07,1039.9058837890625
55_20220830 08,1075.27197265625
55_20220830 09,1071.9696044921875
55_20220830 10,1072.7314453125
55_20220830 11,1075.7694091796875
55_20220830 12,1084.36865234375
55_20220830 13,1083.5789794921875
55_20220830 14,1075.665771484375
55_20220830 15,1077.6300048828125
55_20220830 16,1079.5732421875
55_20220830 17,1079.5108642578125
55_20220830 18,1035.152587890625
55_20220830 19,973.196044921875
55_20220830 20,957.3771362304688
55_20220830 21,950.9298706054688
55_20220830 22,936.7320556640625
55_20220830 23,929.5108032226562
55_20220831 00,927.017333984375
55_20220831 01,926.7354125976562
55_20220831 02,926.7755737304688
55_20220831 03,925.8931274414062
55_20220831 04,926.5267944335938
55_20220831 05,952.9576416015625
55_20220831 06,1015.9287109375
55_20220831 07,1037.5350341796875
55_20220831 08,1077.2147216796875
55_20220831 09,1070.3321533203125
55_20220831 10,1073.3385009765625
55_20220831 11,1071.8602294921875
55_20220831 12,1075.3304443359375
55_20220831 13,1065.6336669921875
55_20220831 14,1051.8812255859375
55_20220831 15,1052.0445556640625
55_20220831 16,1051.93701171875
55_20220831 17,1052.3980712890625
55_20220831 18,1022.1201171875
55_20220831 19,964.7841796875
55_20220831 20,952.8134155273438
55_20220831 21,945.788818359375
55_20220831 22,933.8677978515625
55_20220831 23,930.0728149414062
56_20220825 00,3889.63134765625
56_20220825 01,3878.58837890625
56_20220825 02,3887.445556640625
56_20220825 03,3879.54541015625
56_20220825 04,3880.624755859375
56_20220825 05,3982.912353515625
56_20220825 06,4112.05517578125
56_20220825 07,4220.0048828125
56_20220825 08,4312.8740234375
56_20220825 09,4332.11572265625
56_20220825 10,4362.93310546875
56_20220825 11,4372.65283203125
56_20220825 12,4384.34619140625
56_20220825 13,4374.59619140625
56_20220825 14,4375.525390625
56_20220825 15,4359.3916015625
56_20220825 16,4368.48388671875
56_20220825 17,4335.412109375
56_20220825 18,4231.45361328125
56_20220825 19,4048.28759765625
56_20220825 20,3992.427978515625
56_20220825 21,3955.9453125
56_20220825 22,3930.482666015625
56_20220825 23,3900.879638671875
56_20220826 00,3886.52197265625
56_20220826 01,3879.178955078125
56_20220826 02,3886.616455078125
56_20220826 03,3865.917724609375
56_20220826 04,3862.125732421875
56_20220826 05,3975.836669921875
56_20220826 06,4098.6298828125
56_20220826 07,4205.78466796875
56_20220826 08,4292.67724609375
56_20220826 09,4310.85888671875
56_20220826 10,4339.54736328125
56_20220826 11,4353.8857421875
56_20220826 12,4348.99658203125
56_20220826 13,4349.79052734375
56_20220826 14,4362.0439453125
56_20220826 15,4348.236328125
56_20220826 16,4326.96435546875
56_20220826 17,4322.55126953125
56_20220826 18,4268.30908203125
56_20220826 19,4053.283447265625
56_20220826 20,3999.474853515625
56_20220826 21,3953.0693359375
56_20220826 22,3926.8779296875
56_20220826 23,3905.11865234375
56_20220827 00,3878.5517578125
56_20220827 01,3863.662353515625
56_20220827 02,3875.62353515625
56_20220827 03,3863.833740234375
56_20220827 04,3873.460693359375
56_20220827 05,3900.14697265625
56_20220827 06,3929.632568359375
56_20220827 07,3945.531982421875
56_20220827 08,3943.141357421875
56_20220827 09,3955.6611328125
56_20220827 10,3959.095458984375
56_20220827 11,3962.874267578125
56_20220827 12,3899.2578125
56_20220827 13,3918.747802734375
56_20220827 14,3955.0673828125
56_20220827 15,3956.148193359375
56_20220827 16,3909.77587890625
56_20220827 17,3854.426025390625
56_20220827 18,3931.911865234375
56_20220827 19,3913.663818359375
56_20220827 20,3895.330322265625
56_20220827 21,3878.534912109375
56_20220827 22,3870.823486328125
56_20220827 23,3866.388427734375
56_20220828 00,3848.2421875
56_20220828 01,3818.67431640625
56_20220828 02,3825.13134765625
56_20220828 03,3817.182861328125
56_20220828 04,3819.00390625
56_20220828 05,3840.847412109375
56_20220828 06,3854.0009765625
56_20220828 07,3861.13037109375
56_20220828 08,3880.087646484375
56_20220828 09,3860.795166015625
56_20220828 10,3875.666259765625
56_20220828 11,3908.2783203125
56_20220828 12,3899.54931640625
56_20220828 13,3711.5078125
56_20220828 14,3871.640625
56_20220828 15,3946.84130859375
56_20220828 16,3909.4755859375
56_20220828 17,3877.397705078125
56_20220828 18,3935.0341796875
56_20220828 19,3899.0234375
56_20220828 20,3880.704833984375
56_20220828 21,3859.5615234375
56_20220828 22,3851.26416015625
56_20220828 23,3843.856201171875
56_20220829 00,3803.625732421875
56_20220829 01,3786.9013671875
56_20220829 02,3798.505615234375
56_20220829 03,3794.605712890625
56_20220829 04,3797.49365234375
56_20220829 05,3904.454833984375
56_20220829 06,4034.104736328125
56_20220829 07,4133.396484375
56_20220829 08,4234.17236328125
56_20220829 09,4205.18701171875
56_20220829 10,4258.78857421875
56_20220829 11,4281.00634765625
56_20220829 12,4231.880859375
56_20220829 13,4232.78662109375
56_20220829 14,4250.994140625
56_20220829 15,4209.47607421875
56_20220829 16,4150.30029296875
56_20220829 17,4182.06591796875
56_20220829 18,4136.85205078125
56_20220829 19,3978.492919921875
56_20220829 20,3926.05859375
56_20220829 21,3880.3046875
56_20220829 22,3843.3525390625
56_20220829 23,3833.947021484375
56_20220830 00,3783.189697265625
56_20220830 01,3775.125732421875
56_20220830 02,3774.542236328125
56_20220830 03,3783.533447265625
56_20220830 04,3790.870849609375
56_20220830 05,3896.1572265625
56_20220830 06,4029.960693359375
56_20220830 07,4106.0712890625
56_20220830 08,4170.068359375
56_20220830 09,4187.27294921875
56_20220830 10,4204.748046875
56_20220830 11,4224.220703125
56_20220830 12,4205.80029296875
56_20220830 13,4227.13671875
56_20220830 14,4212.34228515625
56_20220830 15,4254.5439453125
56_20220830 16,4264.07275390625
56_20220830 17,4194.068359375
56_20220830 18,4131.27880859375
56_20220830 19,3975.16552734375
56_20220830 20,3929.638427734375
56_20220830 21,3875.260986328125
56_20220830 22,3840.3466796875
56_20220830 23,3818.7451171875
56_20220831 00,3809.53271484375
56_20220831 01,3808.0146484375
56_20220831 02,3800.2978515625
56_20220831 03,3791.677490234375
56_20220831 04,3795.2470703125
56_20220831 05,3894.845458984375
56_20220831 06,4033.600830078125
56_20220831 07,4114.544921875
56_20220831 08,4159.68017578125
56_20220831 09,4235.576171875
56_20220831 10,4255.1376953125
56_20220831 11,4212.666015625
56_20220831 12,4215.255859375
56_20220831 13,4222.44970703125
56_20220831 14,4201.84228515625
56_20220831 15,4204.10400390625
56_20220831 16,4115.92333984375
56_20220831 17,4177.76220703125
56_20220831 18,4151.7998046875
56_20220831 19,3992.0830078125
56_20220831 20,3942.21337890625
56_20220831 21,3884.2626953125
56_20220831 22,3841.8623046875
56_20220831 23,3813.75390625
57_20220825 00,996.4828491210938
57_20220825 01,920.1781005859375
57_20220825 02,799.9220581054688
57_20220825 03,794.8873291015625
57_20220825 04,784.685546875
57_20220825 05,806.349609375
57_20220825 06,1006.8189697265625
57_20220825 07,1525.8233642578125
57_20220825 08,2058.45947265625
57_20220825 09,2320.3720703125
57_20220825 10,2792.99169921875
57_20220825 11,2910.068603515625
57_20220825 12,2943.9970703125
57_20220825 13,2987.152099609375
57_20220825 14,3018.8994140625
57_20220825 15,2833.83251953125
57_20220825 16,2819.389892578125
57_20220825 17,2860.2626953125
57_20220825 18,2500.43408203125
57_20220825 19,2473.6943359375
57_20220825 20,2348.488037109375
57_20220825 21,2067.226318359375
57_20220825 22,1621.296875
57_20220825 23,1111.8717041015625
57_20220826 00,942.5927734375
57_20220826 01,895.9754028320312
57_20220826 02,794.4207153320312
57_20220826 03,787.3516235351562
57_20220826 04,783.505859375
57_20220826 05,807.0838012695312
57_20220826 06,984.822021484375
57_20220826 07,1478.75146484375
57_20220826 08,2050.666259765625
57_20220826 09,2291.258544921875
57_20220826 10,2807.331787109375
57_20220826 11,2941.2392578125
57_20220826 12,2989.855224609375
57_20220826 13,3010.756103515625
57_20220826 14,2999.168212890625
57_20220826 15,2977.064208984375
57_20220826 16,2950.79345703125
57_20220826 17,2924.871337890625
57_20220826 18,2577.368408203125
57_20220826 19,2495.846435546875
57_20220826 20,2381.57470703125
57_20220826 21,2123.09619140625
57_20220826 22,1646.8507080078125
57_20220826 23,1144.3890380859375
57_20220827 00,939.551025390625
57_20220827 01,915.593994140625
57_20220827 02,800.0913696289062
57_20220827 03,798.7467041015625
57_20220827 04,767.2197875976562
57_20220827 05,797.3705444335938
57_20220827 06,878.7863159179688
57_20220827 07,1024.88037109375
57_20220827 08,1115.8785400390625
57_20220827 09,1285.1220703125
57_20220827 10,1872.67822265625
57_20220827 11,2053.654541015625
57_20220827 12,2136.10888671875
57_20220827 13,2199.193603515625
57_20220827 14,2227.806884765625
57_20220827 15,2171.070068359375
57_20220827 16,2128.66259765625
57_20220827 17,2213.1083984375
57_20220827 18,2217.10693359375
57_20220827 19,2189.438720703125
57_20220827 20,2103.234375
57_20220827 21,1845.41943359375
57_20220827 22,1415.278564453125
57_20220827 23,957.3292846679688
57_20220828 00,837.1954956054688
57_20220828 01,809.6638793945312
57_20220828 02,795.010986328125
57_20220828 03,786.3179931640625
57_20220828 04,783.6748657226562
57_20220828 05,790.1729125976562
57_20220828 06,862.5888061523438
57_20220828 07,977.4230346679688
57_20220828 08,1096.3817138671875
57_20220828 09,1276.89501953125
57_20220828 10,1877.8643798828125
57_20220828 11,2067.31640625
57_20220828 12,2136.25146484375
57_20220828 13,2211.563720703125
57_20220828 14,2239.331787109375
57_20220828 15,2178.548095703125
57_20220828 16,2168.929931640625
57_20220828 17,2248.600341796875
57_20220828 18,2266.468505859375
57_20220828 19,2240.2041015625
57_20220828 20,2145.492431640625
57_20220828 21,1888.625732421875
57_20220828 22,1480.9332275390625
57_20220828 23,1010.544921875
57_20220829 00,863.2915649414062
57_20220829 01,814.8771362304688
57_20220829 02,784.3400268554688
57_20220829 03,780.8118896484375
57_20220829 04,780.5239868164062
57_20220829 05,792.8895874023438
57_20220829 06,958.2734375
57_20220829 07,1470.30078125
57_20220829 08,2060.897216796875
57_20220829 09,2312.531005859375
57_20220829 10,2690.66845703125
57_20220829 11,2822.2294921875
57_20220829 12,2847.959716796875
57_20220829 13,2871.618408203125
57_20220829 14,2826.79541015625
57_20220829 15,2759.2353515625
57_20220829 16,2690.36474609375
57_20220829 17,2701.131591796875
57_20220829 18,2454.546630859375
57_20220829 19,2426.305908203125
57_20220829 20,2333.311767578125
57_20220829 21,2039.98828125
57_20220829 22,1577.9090576171875
57_20220829 23,1073.8018798828125
57_20220830 00,910.9730834960938
57_20220830 01,886.9375
57_20220830 02,787.8687133789062
57_20220830 03,800.3419799804688
57_20220830 04,788.431884765625
57_20220830 05,805.3887329101562
57_20220830 06,980.6621704101562
57_20220830 07,1495.632080078125
57_20220830 08,2057.6650390625
57_20220830 09,2308.892578125
57_20220830 10,2770.595458984375
57_20220830 11,2960.220947265625
57_20220830 12,2968.152587890625
57_20220830 13,2986.09375
57_20220830 14,2948.65087890625
57_20220830 15,2851.5390625
57_20220830 16,2861.115478515625
57_20220830 17,2881.2109375
57_20220830 18,2488.19775390625
57_20220830 19,2473.345703125
57_20220830 20,2355.4599609375
57_20220830 21,2071.5830078125
57_20220830 22,1604.341796875
57_20220830 23,1123.435546875
57_20220831 00,970.9198608398438
57_20220831 01,927.6150512695312
57_20220831 02,806.1986083984375
57_20220831 03,805.3712768554688
57_20220831 04,789.6035766601562
57_20220831 05,806.6588134765625
57_20220831 06,972.3972778320312
57_20220831 07,1472.85498046875
57_20220831 08,2040.42529296875
57_20220831 09,2297.481689453125
57_20220831 10,2655.282958984375
57_20220831 11,2732.158935546875
57_20220831 12,2802.81787109375
57_20220831 13,2832.59033203125
57_20220831 14,2801.34521484375
57_20220831 15,2708.450439453125
57_20220831 16,2715.2734375
57_20220831 17,2693.28076171875
57_20220831 18,2458.601806640625
57_20220831 19,2444.166748046875
57_20220831 20,2350.891357421875
57_20220831 21,2061.816162109375
57_20220831 22,1582.302734375
57_20220831 23,1106.94873046875
58_20220825 00,2814.67822265625
58_20220825 01,2821.1357421875
58_20220825 02,2812.140625
58_20220825 03,2811.440673828125
58_20220825 04,2814.382568359375
58_20220825 05,2819.886962890625
58_20220825 06,2843.614990234375
58_20220825 07,2914.75537109375
58_20220825 08,2936.4951171875
58_20220825 09,2952.517333984375
58_20220825 10,2958.76025390625
58_20220825 11,2976.9599609375
58_20220825 12,2973.26708984375
58_20220825 13,2961.617431640625
58_20220825 14,2966.085693359375
58_20220825 15,2964.396240234375
58_20220825 16,2984.667724609375
58_20220825 17,2961.825927734375
58_20220825 18,2900.341552734375
58_20220825 19,2851.828369140625
58_20220825 20,2846.426025390625
58_20220825 21,2833.58642578125
58_20220825 22,2822.802734375
58_20220825 23,2810.367919921875
58_20220826 00,2814.810791015625
58_20220826 01,2815.2392578125
58_20220826 02,2809.364990234375
58_20220826 03,2812.40380859375
58_20220826 04,2809.504150390625
58_20220826 05,2816.970458984375
58_20220826 06,2837.326904296875
58_20220826 07,2906.504638671875
58_20220826 08,2929.56298828125
58_20220826 09,2940.654541015625
58_20220826 10,2959.133544921875
58_20220826 11,2977.154541015625
58_20220826 12,2972.46826171875
58_20220826 13,2965.025634765625
58_20220826 14,2968.121826171875
58_20220826 15,2963.959228515625
58_20220826 16,2985.125
58_20220826 17,2961.411865234375
58_20220826 18,2891.666259765625
58_20220826 19,2849.736083984375
58_20220826 20,2844.516845703125
58_20220826 21,2833.6572265625
58_20220826 22,2827.011474609375
58_20220826 23,2819.015380859375
58_20220827 00,2812.6669921875
58_20220827 01,2818.520751953125
58_20220827 02,2815.6943359375
58_20220827 03,2816.43798828125
58_20220827 04,2811.6611328125
58_20220827 05,2805.02880859375
58_20220827 06,2803.57373046875
58_20220827 07,2804.640869140625
58_20220827 08,2804.482421875
58_20220827 09,2808.7861328125
58_20220827 10,2807.853271484375
58_20220827 11,2812.256591796875
58_20220827 12,2833.997314453125
58_20220827 13,2821.470458984375
58_20220827 14,2821.912353515625
58_20220827 15,2817.953125
58_20220827 16,2817.65576171875
58_20220827 17,2817.033447265625
58_20220827 18,2805.360595703125
58_20220827 19,2799.715576171875
58_20220827 20,2799.257568359375
58_20220827 21,2795.8408203125
58_20220827 22,2792.587646484375
58_20220827 23,2787.997802734375
58_20220828 00,2797.029541015625
58_20220828 01,2794.509521484375
58_20220828 02,2790.1533203125
58_20220828 03,2789.411376953125
58_20220828 04,2787.4892578125
58_20220828 05,2790.8271484375
58_20220828 06,2785.473388671875
58_20220828 07,2790.268310546875
58_20220828 08,2798.506103515625
58_20220828 09,2802.197509765625
58_20220828 10,2799.699462890625
58_20220828 11,2805.721435546875
58_20220828 12,2824.4658203125
58_20220828 13,2818.65625
58_20220828 14,2818.039794921875
58_20220828 15,2816.462646484375
58_20220828 16,2809.19287109375
58_20220828 17,2807.624755859375
58_20220828 18,2805.372802734375
58_20220828 19,2792.351318359375
58_20220828 20,2789.1591796875
58_20220828 21,2781.414306640625
58_20220828 22,2783.0029296875
58_20220828 23,2779.41357421875
58_20220829 00,2775.886962890625
58_20220829 01,2772.13427734375
58_20220829 02,2765.809814453125
58_20220829 03,2761.890869140625
58_20220829 04,2766.093017578125
58_20220829 05,2779.0908203125
58_20220829 06,2801.096923828125
58_20220829 07,2860.742919921875
58_20220829 08,2886.640380859375
58_20220829 09,2898.457763671875
58_20220829 10,2908.568115234375
58_20220829 11,2919.9462890625
58_20220829 12,2916.578369140625
58_20220829 13,2909.598388671875
58_20220829 14,2919.5947265625
58_20220829 15,2911.525634765625
58_20220829 16,2934.836181640625
58_20220829 17,2905.5634765625
58_20220829 18,2848.6611328125
58_20220829 19,2811.950927734375
58_20220829 20,2804.332275390625
58_20220829 21,2792.15771484375
58_20220829 22,2780.786865234375
58_20220829 23,2773.59521484375
58_20220830 00,2766.3720703125
58_20220830 01,2771.927490234375
58_20220830 02,2763.097412109375
58_20220830 03,2763.304931640625
58_20220830 04,2766.413330078125
58_20220830 05,2774.5732421875
58_20220830 06,2797.67431640625
58_20220830 07,2857.9267578125
58_20220830 08,2887.616455078125
58_20220830 09,2890.361083984375
58_20220830 10,2907.810546875
58_20220830 11,2916.01171875
58_20220830 12,2923.734130859375
58_20220830 13,2908.8115234375
58_20220830 14,2907.05322265625
58_20220830 15,2908.065673828125
58_20220830 16,2932.96875
58_20220830 17,2915.5830078125
58_20220830 18,2848.238525390625
58_20220830 19,2811.46826171875
58_20220830 20,2804.814453125
58_20220830 21,2787.261962890625
58_20220830 22,2780.43701171875
58_20220830 23,2767.947509765625
58_20220831 00,2780.332275390625
58_20220831 01,2782.1962890625
58_20220831 02,2772.454833984375
58_20220831 03,2772.019287109375
58_20220831 04,2776.840576171875
58_20220831 05,2780.847412109375
58_20220831 06,2800.802978515625
58_20220831 07,2864.16552734375
58_20220831 08,2885.3994140625
58_20220831 09,2892.73583984375
58_20220831 10,2906.5830078125
58_20220831 11,2918.739013671875
58_20220831 12,2924.1796875
58_20220831 13,2912.489990234375
58_20220831 14,2911.59619140625
58_20220831 15,2912.099853515625
58_20220831 16,2929.472900390625
58_20220831 17,2908.36279296875
58_20220831 18,2853.800537109375
58_20220831 19,2812.899169921875
58_20220831 20,2809.46533203125
58_20220831 21,2791.525390625
58_20220831 22,2785.124755859375
58_20220831 23,2769.457275390625
59_20220825 00,694.9637451171875
59_20220825 01,679.141845703125
59_20220825 02,679.7769165039062
59_20220825 03,664.2255859375
59_20220825 04,682.3643188476562
59_20220825 05,812.7142333984375
59_20220825 06,1398.636962890625
59_20220825 07,2407.13427734375
59_20220825 08,2782.7958984375
59_20220825 09,2937.618408203125
59_20220825 10,3023.426025390625
59_20220825 11,2998.257568359375
59_20220825 12,2981.856201171875
59_20220825 13,3020.88134765625
59_20220825 14,2992.1279296875
59_20220825 15,2858.851318359375
59_20220825 16,2860.450439453125
59_20220825 17,2733.419677734375
59_20220825 18,2193.119384765625
59_20220825 19,1795.5003662109375
59_20220825 20,1296.2178955078125
59_20220825 21,1074.9534912109375
59_20220825 22,853.224609375
59_20220825 23,737.0824584960938
59_20220826 00,675.4637451171875
59_20220826 01,667.6058959960938
59_20220826 02,665.3110961914062
59_20220826 03,659.443603515625
59_20220826 04,690.187744140625
59_20220826 05,807.9009399414062
59_20220826 06,1333.025146484375
59_20220826 07,2106.259765625
59_20220826 08,2586.392578125
59_20220826 09,2873.533447265625
59_20220826 10,2966.647705078125
59_20220826 11,2981.638916015625
59_20220826 12,2919.5087890625
59_20220826 13,3012.255615234375
59_20220826 14,3013.126708984375
59_20220826 15,2990.278076171875
59_20220826 16,2974.915771484375
59_20220826 17,2832.2802734375
59_20220826 18,2392.040283203125
59_20220826 19,1880.6580810546875
59_20220826 20,1277.3787841796875
59_20220826 21,1030.8822021484375
59_20220826 22,827.0844116210938
59_20220826 23,737.5484008789062
59_20220827 00,661.4176025390625
59_20220827 01,659.0968627929688
59_20220827 02,623.8912353515625
59_20220827 03,632.3155517578125
59_20220827 04,629.8021850585938
59_20220827 05,642.3613891601562
59_20220827 06,674.9461059570312
59_20220827 07,727.140380859375
59_20220827 08,959.384765625
59_20220827 09,1167.1639404296875
59_20220827 10,1255.45361328125
59_20220827 11,1293.21826171875
59_20220827 12,1299.9639892578125
59_20220827 13,1291.6109619140625
59_20220827 14,1280.147705078125
59_20220827 15,1263.9569091796875
59_20220827 16,1264.06982421875
59_20220827 17,1276.8525390625
59_20220827 18,1268.78515625
59_20220827 19,1132.9678955078125
59_20220827 20,919.5258178710938
59_20220827 21,825.9558715820312
59_20220827 22,703.769775390625
59_20220827 23,635.5783081054688
59_20220828 00,604.8744506835938
59_20220828 01,604.6122436523438
59_20220828 02,603.777587890625
59_20220828 03,603.230224609375
59_20220828 04,604.8292236328125
59_20220828 05,613.1361694335938
59_20220828 06,633.5641479492188
59_20220828 07,658.1558227539062
59_20220828 08,733.92431640625
59_20220828 09,774.7091674804688
59_20220828 10,788.795166015625
59_20220828 11,798.0521240234375
59_20220828 12,804.2357788085938
59_20220828 13,813.2544555664062
59_20220828 14,813.549072265625
59_20220828 15,809.3218383789062
59_20220828 16,833.6675415039062
59_20220828 17,848.3834228515625
59_20220828 18,828.0250244140625
59_20220828 19,810.8695068359375
59_20220828 20,777.901123046875
59_20220828 21,754.7073974609375
59_20220828 22,701.244384765625
59_20220828 23,682.2105712890625
59_20220829 00,616.9839477539062
59_20220829 01,615.6624755859375
59_20220829 02,612.6168212890625
59_20220829 03,612.0966186523438
59_20220829 04,632.8922119140625
59_20220829 05,784.4207153320312
59_20220829 06,1412.8636474609375
59_20220829 07,1939.44287109375
59_20220829 08,2110.135986328125
59_20220829 09,2401.522705078125
59_20220829 10,2439.2724609375
59_20220829 11,2649.377197265625
59_20220829 12,2427.154541015625
59_20220829 13,2740.66259765625
59_20220829 14,2588.01171875
59_20220829 15,2745.849365234375
59_20220829 16,2581.353271484375
59_20220829 17,2328.951904296875
59_20220829 18,2086.0966796875
59_20220829 19,1664.12109375
59_20220829 20,1251.3045654296875
59_20220829 21,1061.5001220703125
59_20220829 22,856.7523803710938
59_20220829 23,768.9833374023438
59_20220830 00,689.8750610351562
59_20220830 01,682.286376953125
59_20220830 02,676.8111572265625
59_20220830 03,681.8516235351562
59_20220830 04,710.0204467773438
59_20220830 05,827.6886596679688
59_20220830 06,1410.626220703125
59_20220830 07,2159.817626953125
59_20220830 08,2480.6337890625
59_20220830 09,2591.691650390625
59_20220830 10,2570.841552734375
59_20220830 11,2537.984619140625
59_20220830 12,2560.266845703125
59_20220830 13,2595.38037109375
59_20220830 14,2636.142578125
59_20220830 15,2655.704345703125
59_20220830 16,2639.934814453125
59_20220830 17,2524.279296875
59_20220830 18,2134.937255859375
59_20220830 19,1695.905517578125
59_20220830 20,1254.391845703125
59_20220830 21,1054.7164306640625
59_20220830 22,861.9229125976562
59_20220830 23,761.767822265625
59_20220831 00,705.4891967773438
59_20220831 01,693.119384765625
59_20220831 02,693.265869140625
59_20220831 03,686.4085693359375
59_20220831 04,709.623779296875
59_20220831 05,815.7837524414062
59_20220831 06,1285.1004638671875
59_20220831 07,2088.5244140625
59_20220831 08,2231.64990234375
59_20220831 09,2555.990478515625
59_20220831 10,2623.2958984375
59_20220831 11,2840.649658203125
59_20220831 12,2779.426025390625
59_20220831 13,2892.931884765625
59_20220831 14,2940.4404296875
59_20220831 15,2935.550537109375
59_20220831 16,2905.1025390625
59_20220831 17,2749.017578125
59_20220831 18,2315.0185546875
59_20220831 19,1791.7254638671875
59_20220831 20,1276.7958984375
59_20220831 21,1078.12353515625
59_20220831 22,854.4868774414062
59_20220831 23,738.6681518554688
60_20220825 00,1783.37890625
60_20220825 01,1747.6383056640625
60_20220825 02,1696.78173828125
60_20220825 03,1689.80712890625
60_20220825 04,1709.2379150390625
60_20220825 05,2882.994384765625
60_20220825 06,3267.327880859375
60_20220825 07,3616.735107421875
60_20220825 08,4047.239990234375
60_20220825 09,4220.62841796875
60_20220825 10,4176.4697265625
60_20220825 11,4164.2158203125
60_20220825 12,4082.171875
60_20220825 13,4159.494140625
60_20220825 14,4082.643798828125
60_20220825 15,4154.77197265625
60_20220825 16,4104.9052734375
60_20220825 17,4143.876953125
60_20220825 18,3830.83349609375
60_20220825 19,3159.799072265625
60_20220825 20,2894.192626953125
60_20220825 21,2628.763427734375
60_20220825 22,1976.7166748046875
60_20220825 23,1836.3143310546875
60_20220826 00,1718.0863037109375
60_20220826 01,1700.146484375
60_20220826 02,1679.4014892578125
60_20220826 03,1672.70166015625
60_20220826 04,1690.3018798828125
60_20220826 05,2830.423583984375
60_20220826 06,3198.496337890625
60_20220826 07,3569.5390625
60_20220826 08,3952.34619140625
60_20220826 09,4116.77685546875
60_20220826 10,4081.62646484375
60_20220826 11,4080.929443359375
60_20220826 12,4036.168212890625
60_20220826 13,4115.4755859375
60_20220826 14,4090.280517578125
60_20220826 15,4148.25927734375
60_20220826 16,4108.158203125
60_20220826 17,4149.53076171875
60_20220826 18,3849.728759765625
60_20220826 19,2972.058349609375
60_20220826 20,2820.953369140625
60_20220826 21,2373.407958984375
60_20220826 22,1920.1641845703125
60_20220826 23,1761.521484375
60_20220827 00,1629.94189453125
60_20220827 01,1613.309814453125
60_20220827 02,1621.5167236328125
60_20220827 03,1622.2105712890625
60_20220827 04,1621.124267578125
60_20220827 05,1701.3359375
60_20220827 06,2141.5224609375
60_20220827 07,2444.049072265625
60_20220827 08,2581.5390625
60_20220827 09,2912.701416015625
60_20220827 10,2926.985107421875
60_20220827 11,2908.511962890625
60_20220827 12,2910.94287109375
60_20220827 13,2917.08056640625
60_20220827 14,2923.748291015625
60_20220827 15,2926.105712890625
60_20220827 16,2925.201416015625
60_20220827 17,2924.53466796875
60_20220827 18,2930.5791015625
60_20220827 19,2663.6181640625
60_20220827 20,2458.898193359375
60_20220827 21,2200.7216796875
60_20220827 22,1707.51123046875
60_20220827 23,1639.10693359375
60_20220828 00,1623.0211181640625
60_20220828 01,1618.8472900390625
60_20220828 02,1618.1492919921875
60_20220828 03,1617.7569580078125
60_20220828 04,1618.04345703125
60_20220828 05,1680.958984375
60_20220828 06,1989.1363525390625
60_20220828 07,2437.56396484375
60_20220828 08,2595.053466796875
60_20220828 09,2765.500732421875
60_20220828 10,2885.9365234375
60_20220828 11,2890.29833984375
60_20220828 12,2892.2177734375
60_20220828 13,2896.6650390625
60_20220828 14,2921.689453125
60_20220828 15,2925.874267578125
60_20220828 16,2964.697998046875
60_20220828 17,2971.66796875
60_20220828 18,2924.25048828125
60_20220828 19,2623.491943359375
60_20220828 20,2455.484619140625
60_20220828 21,2221.645263671875
60_20220828 22,1707.1800537109375
60_20220828 23,1686.9852294921875
60_20220829 00,1664.321533203125
60_20220829 01,1632.2496337890625
60_20220829 02,1643.1248779296875
60_20220829 03,1639.1016845703125
60_20220829 04,1644.1121826171875
60_20220829 05,2664.402099609375
60_20220829 06,3034.832763671875
60_20220829 07,3557.445068359375
60_20220829 08,3886.50244140625
60_20220829 09,4026.746337890625
60_20220829 10,4025.478271484375
60_20220829 11,4077.571044921875
60_20220829 12,4004.432861328125
60_20220829 13,4090.829833984375
60_20220829 14,4029.381103515625
60_20220829 15,4081.061767578125
60_20220829 16,4026.138427734375
60_20220829 17,4041.64697265625
60_20220829 18,3805.915771484375
60_20220829 19,3102.34521484375
60_20220829 20,2863.21337890625
60_20220829 21,2596.3427734375
60_20220829 22,1957.655517578125
60_20220829 23,1754.85498046875
60_20220830 00,1705.91943359375
60_20220830 01,1679.6541748046875
60_20220830 02,1671.0079345703125
60_20220830 03,1655.471435546875
60_20220830 04,1694.8712158203125
60_20220830 05,2838.062255859375
60_20220830 06,3259.01318359375
60_20220830 07,3518.51318359375
60_20220830 08,3905.787353515625
60_20220830 09,4064.257080078125
60_20220830 10,4062.585693359375
60_20220830 11,4056.10009765625
60_20220830 12,3996.515869140625
60_20220830 13,4064.552978515625
60_20220830 14,4035.047607421875
60_20220830 15,4057.81787109375
60_20220830 16,4044.964111328125
60_20220830 17,4048.453857421875
60_20220830 18,3822.1962890625
60_20220830 19,3162.840576171875
60_20220830 20,2884.363037109375
60_20220830 21,2529.83984375
60_20220830 22,1921.7117919921875
60_20220830 23,1752.274169921875
60_20220831 00,1710.10791015625
60_20220831 01,1683.58154296875
60_20220831 02,1657.73388671875
60_20220831 03,1640.57421875
60_20220831 04,1678.9119873046875
60_20220831 05,2779.94384765625
60_20220831 06,3173.81787109375
60_20220831 07,3561.9912109375
60_20220831 08,3866.074462890625
60_20220831 09,4068.54443359375
60_20220831 10,4070.292724609375
60_20220831 11,4045.426025390625
60_20220831 12,3991.283447265625
60_20220831 13,4075.7900390625
60_20220831 14,4013.8955078125
60_20220831 15,4079.58447265625
60_20220831 16,4052.82958984375
60_20220831 17,4064.66552734375
60_20220831 18,3823.452392578125
60_20220831 19,3182.7236328125
60_20220831 20,2867.54931640625
60_20220831 21,2518.701416015625
60_20220831 22,1896.3673095703125
60_20220831 23,1757.50732421875
61_20220825 00,2513.520263671875
61_20220825 01,1966.9920654296875
61_20220825 02,1820.0179443359375
61_20220825 03,1719.977294921875
61_20220825 04,1694.72607421875
61_20220825 05,1811.0660400390625
61_20220825 06,2389.439697265625
61_20220825 07,2949.861572265625
61_20220825 08,2990.29443359375
61_20220825 09,2819.34130859375
61_20220825 10,2704.439453125
61_20220825 11,2688.856201171875
61_20220825 12,2747.396728515625
61_20220825 13,2653.865478515625
61_20220825 14,2570.272705078125
61_20220825 15,2553.677490234375
61_20220825 16,2654.090576171875
61_20220825 17,2861.3056640625
61_20220825 18,3229.368896484375
61_20220825 19,3545.273193359375
61_20220825 20,3694.391357421875
61_20220825 21,3635.843505859375
61_20220825 22,3404.105712890625
61_20220825 23,2880.273193359375
61_20220826 00,2435.262939453125
61_20220826 01,1939.8140869140625
61_20220826 02,1796.57373046875
61_20220826 03,1694.2034912109375
61_20220826 04,1682.979736328125
61_20220826 05,1797.74609375
61_20220826 06,2368.989990234375
61_20220826 07,2935.39990234375
61_20220826 08,2976.281982421875
61_20220826 09,2809.917236328125
61_20220826 10,2636.876220703125
61_20220826 11,2717.30322265625
61_20220826 12,2720.18408203125
61_20220826 13,2671.3154296875
61_20220826 14,2593.832275390625
61_20220826 15,2674.666259765625
61_20220826 16,2676.3447265625
61_20220826 17,2803.685302734375
61_20220826 18,3193.315673828125
61_20220826 19,3455.047607421875
61_20220826 20,3708.688232421875
61_20220826 21,3688.345458984375
61_20220826 22,3442.638427734375
61_20220826 23,3018.19921875
61_20220827 00,2524.01171875
61_20220827 01,2020.29150390625
61_20220827 02,1801.34033203125
61_20220827 03,1714.84619140625
61_20220827 04,1671.9964599609375
61_20220827 05,1717.697998046875
61_20220827 06,1883.3341064453125
61_20220827 07,2358.041748046875
61_20220827 08,2781.2958984375
61_20220827 09,3010.742431640625
61_20220827 10,3038.32568359375
61_20220827 11,3029.806884765625
61_20220827 12,3112.539794921875
61_20220827 13,2989.263916015625
61_20220827 14,2830.8544921875
61_20220827 15,2774.357666015625
61_20220827 16,2802.587890625
61_20220827 17,2949.4765625
61_20220827 18,3257.608642578125
61_20220827 19,3500.339599609375
61_20220827 20,3666.4326171875
61_20220827 21,3600.536865234375
61_20220827 22,3363.197021484375
61_20220827 23,2859.22705078125
61_20220828 00,2527.890869140625
61_20220828 01,1999.58447265625
61_20220828 02,1807.58056640625
61_20220828 03,1698.92919921875
61_20220828 04,1672.207763671875
61_20220828 05,1711.389892578125
61_20220828 06,1867.604248046875
61_20220828 07,2317.85546875
61_20220828 08,2758.9443359375
61_20220828 09,2993.045166015625
61_20220828 10,3058.0947265625
61_20220828 11,3080.7998046875
61_20220828 12,3143.73193359375
61_20220828 13,3082.735107421875
61_20220828 14,2916.19677734375
61_20220828 15,2828.7861328125
61_20220828 16,2938.310302734375
61_20220828 17,3176.51416015625
61_20220828 18,3428.7431640625
61_20220828 19,3689.08203125
61_20220828 20,3791.003662109375
61_20220828 21,3773.013916015625
61_20220828 22,3460.286865234375
61_20220828 23,2982.550048828125
61_20220829 00,2446.6611328125
61_20220829 01,1949.5645751953125
61_20220829 02,1807.5726318359375
61_20220829 03,1700.23388671875
61_20220829 04,1684.80322265625
61_20220829 05,1806.0230712890625
61_20220829 06,2362.54443359375
61_20220829 07,2928.8447265625
61_20220829 08,2957.488037109375
61_20220829 09,2807.322509765625
61_20220829 10,2722.902099609375
61_20220829 11,2712.600341796875
61_20220829 12,2761.595947265625
61_20220829 13,2684.898193359375
61_20220829 14,2606.177978515625
61_20220829 15,2609.344970703125
61_20220829 16,2641.309814453125
61_20220829 17,2896.1806640625
61_20220829 18,3254.561767578125
61_20220829 19,3585.726318359375
61_20220829 20,3739.156982421875
61_20220829 21,3683.5888671875
61_20220829 22,3439.2900390625
61_20220829 23,2897.959228515625
61_20220830 00,2422.08154296875
61_20220830 01,1932.335205078125
61_20220830 02,1786.8292236328125
61_20220830 03,1680.403076171875
61_20220830 04,1654.1690673828125
61_20220830 05,1789.3277587890625
61_20220830 06,2360.2392578125
61_20220830 07,2939.615478515625
61_20220830 08,2961.861572265625
61_20220830 09,2799.401611328125
61_20220830 10,2692.691162109375
61_20220830 11,2684.405517578125
61_20220830 12,2736.599853515625
61_20220830 13,2683.807861328125
61_20220830 14,2567.69873046875
61_20220830 15,2602.925048828125
61_20220830 16,2666.828369140625
61_20220830 17,2885.785888671875
61_20220830 18,3294.5966796875
61_20220830 19,3608.03515625
61_20220830 20,3781.262451171875
61_20220830 21,3704.353759765625
61_20220830 22,3442.047607421875
61_20220830 23,2892.5771484375
61_20220831 00,2422.794921875
61_20220831 01,1917.5948486328125
61_20220831 02,1775.3243408203125
61_20220831 03,1689.3641357421875
61_20220831 04,1677.088623046875
61_20220831 05,1788.9586181640625
61_20220831 06,2353.58935546875
61_20220831 07,2927.191650390625
61_20220831 08,2956.3896484375
61_20220831 09,2782.122802734375
61_20220831 10,2646.65087890625
61_20220831 11,2618.965087890625
61_20220831 12,2720.86083984375
61_20220831 13,2647.034423828125
61_20220831 14,2538.2978515625
61_20220831 15,2542.2333984375
61_20220831 16,2630.043212890625
61_20220831 17,2817.04443359375
61_20220831 18,3161.26025390625
61_20220831 19,3475.642822265625
61_20220831 20,3640.47509765625
61_20220831 21,3600.320556640625
61_20220831 22,3381.165771484375
61_20220831 23,2863.558837890625
62_20220825 00,920.7559204101562
62_20220825 01,753.8839721679688
62_20220825 02,691.7719116210938
62_20220825 03,652.7321166992188
62_20220825 04,629.422119140625
62_20220825 05,644.0425415039062
62_20220825 06,762.766357421875
62_20220825 07,949.2373657226562
62_20220825 08,977.2341918945312
62_20220825 09,944.323974609375
62_20220825 10,923.9689331054688
62_20220825 11,929.5380859375
62_20220825 12,960.7384643554688
62_20220825 13,929.6281127929688
62_20220825 14,918.0757446289062
62_20220825 15,901.1830444335938
62_20220825 16,949.098876953125
62_20220825 17,1048.048095703125
62_20220825 18,1194.2969970703125
62_20220825 19,1301.411376953125
62_20220825 20,1314.18505859375
62_20220825 21,1294.07958984375
62_20220825 22,1231.1204833984375
62_20220825 23,1064.7481689453125
62_20220826 00,887.291748046875
62_20220826 01,738.8895263671875
62_20220826 02,673.3984375
62_20220826 03,636.905517578125
62_20220826 04,617.182861328125
62_20220826 05,635.6792602539062
62_20220826 06,756.2386474609375
62_20220826 07,939.309326171875
62_20220826 08,970.482177734375
62_20220826 09,948.862060546875
62_20220826 10,925.6879272460938
62_20220826 11,950.2644653320312
62_20220826 12,974.1754150390625
62_20220826 13,965.2485961914062
62_20220826 14,939.4672241210938
62_20220826 15,1013.7885131835938
62_20220826 16,1013.3670043945312
62_20220826 17,1045.7755126953125
62_20220826 18,1171.1793212890625
62_20220826 19,1233.9102783203125
62_20220826 20,1300.0211181640625
62_20220826 21,1276.8466796875
62_20220826 22,1226.2315673828125
62_20220826 23,1105.0535888671875
62_20220827 00,936.7103271484375
62_20220827 01,764.5460815429688
62_20220827 02,684.2699584960938
62_20220827 03,652.666748046875
62_20220827 04,622.6137084960938
62_20220827 05,621.729736328125
62_20220827 06,681.25927734375
62_20220827 07,776.900146484375
62_20220827 08,948.9295043945312
62_20220827 09,1022.748779296875
62_20220827 10,1079.2421875
62_20220827 11,1080.5634765625
62_20220827 12,1122.66015625
62_20220827 13,1096.0765380859375
62_20220827 14,1050.2239990234375
62_20220827 15,1028.1343994140625
62_20220827 16,1022.3427734375
62_20220827 17,1082.93115234375
62_20220827 18,1169.9052734375
62_20220827 19,1238.4473876953125
62_20220827 20,1265.6827392578125
62_20220827 21,1251.615966796875
62_20220827 22,1186.3193359375
62_20220827 23,1037.5067138671875
62_20220828 00,908.8933715820312
62_20220828 01,738.9232177734375
62_20220828 02,671.620849609375
62_20220828 03,630.5360107421875
62_20220828 04,614.2904663085938
62_20220828 05,616.4248046875
62_20220828 06,672.06591796875
62_20220828 07,763.7169799804688
62_20220828 08,927.4317016601562
62_20220828 09,1008.284912109375
62_20220828 10,1077.1173095703125
62_20220828 11,1091.1837158203125
62_20220828 12,1128.0513916015625
62_20220828 13,1117.3656005859375
62_20220828 14,1090.01318359375
62_20220828 15,1068.19921875
62_20220828 16,1090.93994140625
62_20220828 17,1164.00439453125
62_20220828 18,1264.058837890625
62_20220828 19,1297.675537109375
62_20220828 20,1309.10107421875
62_20220828 21,1309.3360595703125
62_20220828 22,1240.95849609375
62_20220828 23,1083.6396484375
62_20220829 00,900.0490112304688
62_20220829 01,730.4332885742188
62_20220829 02,677.7133178710938
62_20220829 03,639.7045288085938
62_20220829 04,622.1838989257812
62_20220829 05,637.4087524414062
62_20220829 06,755.1384887695312
62_20220829 07,939.7613525390625
62_20220829 08,966.9965209960938
62_20220829 09,933.7254028320312
62_20220829 10,925.7759399414062
62_20220829 11,929.75390625
62_20220829 12,988.6146240234375
62_20220829 13,956.3046264648438
62_20220829 14,933.635986328125
62_20220829 15,929.2598266601562
62_20220829 16,967.420166015625
62_20220829 17,1034.4149169921875
62_20220829 18,1197.8160400390625
62_20220829 19,1267.0206298828125
62_20220829 20,1284.2362060546875
62_20220829 21,1257.37158203125
62_20220829 22,1221.5814208984375
62_20220829 23,1046.0355224609375
62_20220830 00,869.2670288085938
62_20220830 01,717.6873779296875
62_20220830 02,665.474853515625
62_20220830 03,626.6387329101562
62_20220830 04,610.417724609375
62_20220830 05,633.573974609375
62_20220830 06,752.0499877929688
62_20220830 07,936.3759155273438
62_20220830 08,967.806884765625
62_20220830 09,921.1472778320312
62_20220830 10,914.2101440429688
62_20220830 11,919.5497436523438
62_20220830 12,946.4759521484375
62_20220830 13,932.4862670898438
62_20220830 14,913.8425903320312
62_20220830 15,914.4058227539062
62_20220830 16,960.2113647460938
62_20220830 17,1052.153564453125
62_20220830 18,1222.3570556640625
62_20220830 19,1305.4638671875
62_20220830 20,1317.37646484375
62_20220830 21,1280.8310546875
62_20220830 22,1214.8695068359375
62_20220830 23,1040.62744140625
62_20220831 00,867.4207153320312
62_20220831 01,722.7167358398438
62_20220831 02,658.0628662109375
62_20220831 03,626.381591796875
62_20220831 04,612.65185546875
62_20220831 05,629.9794311523438
62_20220831 06,748.7800903320312
62_20220831 07,933.948974609375
62_20220831 08,963.9640502929688
62_20220831 09,917.200439453125
62_20220831 10,901.8121337890625
62_20220831 11,891.210693359375
62_20220831 12,931.132080078125
62_20220831 13,908.7659912109375
62_20220831 14,890.0072021484375
62_20220831 15,891.0032958984375
62_20220831 16,920.9927978515625
62_20220831 17,999.814697265625
62_20220831 18,1154.619140625
62_20220831 19,1246.3253173828125
62_20220831 20,1270.4407958984375
62_20220831 21,1238.5086669921875
62_20220831 22,1175.8990478515625
62_20220831 23,1018.4735717773438
63_20220825 00,583.6634521484375
63_20220825 01,482.2476501464844
63_20220825 02,424.7178649902344
63_20220825 03,402.2435302734375
63_20220825 04,397.0926818847656
63_20220825 05,402.7112121582031
63_20220825 06,513.2672729492188
63_20220825 07,626.0654907226562
63_20220825 08,588.4699096679688
63_20220825 09,561.949951171875
63_20220825 10,560.5048828125
63_20220825 11,571.1231079101562
63_20220825 12,587.60400390625
63_20220825 13,598.9046630859375
63_20220825 14,619.263916015625
63_20220825 15,599.5239868164062
63_20220825 16,642.015380859375
63_20220825 17,682.4426879882812
63_20220825 18,764.1310424804688
63_20220825 19,793.594482421875
63_20220825 20,807.7320556640625
63_20220825 21,798.0328369140625
63_20220825 22,761.835205078125
63_20220825 23,660.277587890625
63_20220826 00,548.8553466796875
63_20220826 01,473.8285217285156
63_20220826 02,418.3892517089844
63_20220826 03,398.9171142578125
63_20220826 04,396.5068359375
63_20220826 05,401.9181823730469
63_20220826 06,506.0141296386719
63_20220826 07,623.6815795898438
63_20220826 08,579.1694946289062
63_20220826 09,557.267822265625
63_20220826 10,552.3743896484375
63_20220826 11,568.6099853515625
63_20220826 12,585.770751953125
63_20220826 13,585.2042236328125
63_20220826 14,600.251220703125
63_20220826 15,615.5989990234375
63_20220826 16,645.805419921875
63_20220826 17,704.7393188476562
63_20220826 18,779.3154907226562
63_20220826 19,815.4304809570312
63_20220826 20,821.554931640625
63_20220826 21,819.200439453125
63_20220826 22,778.157470703125
63_20220826 23,702.2103881835938
63_20220827 00,598.7461547851562
63_20220827 01,496.0908203125
63_20220827 02,434.0663146972656
63_20220827 03,408.3003234863281
63_20220827 04,398.1407165527344
63_20220827 05,402.0734558105469
63_20220827 06,446.4035339355469
63_20220827 07,518.2412719726562
63_20220827 08,579.296875
63_20220827 09,609.357177734375
63_20220827 10,622.1724243164062
63_20220827 11,656.7650756835938
63_20220827 12,705.3382568359375
63_20220827 13,706.1763305664062
63_20220827 14,670.7051391601562
63_20220827 15,661.2898559570312
63_20220827 16,664.4432983398438
63_20220827 17,706.3677368164062
63_20220827 18,755.6581420898438
63_20220827 19,779.3927612304688
63_20220827 20,790.4053344726562
63_20220827 21,786.1851806640625
63_20220827 22,744.2683715820312
63_20220827 23,646.0859985351562
63_20220828 00,552.8871459960938
63_20220828 01,492.8831787109375
63_20220828 02,433.9674987792969
63_20220828 03,409.78582763671875
63_20220828 04,397.5577392578125
63_20220828 05,401.53399658203125
63_20220828 06,439.7737121582031
63_20220828 07,502.9312438964844
63_20220828 08,569.0319213867188
63_20220828 09,595.4044189453125
63_20220828 10,633.017333984375
63_20220828 11,685.4381103515625
63_20220828 12,722.1113891601562
63_20220828 13,715.9692993164062
63_20220828 14,711.1224365234375
63_20220828 15,698.943115234375
63_20220828 16,712.2115478515625
63_20220828 17,763.7379150390625
63_20220828 18,800.5206909179688
63_20220828 19,828.9281005859375
63_20220828 20,829.8829956054688
63_20220828 21,828.355712890625
63_20220828 22,771.0465087890625
63_20220828 23,662.6652221679688
63_20220829 00,550.6316528320312
63_20220829 01,476.84503173828125
63_20220829 02,424.3999938964844
63_20220829 03,400.73455810546875
63_20220829 04,396.59210205078125
63_20220829 05,402.7041015625
63_20220829 06,506.6024475097656
63_20220829 07,611.765380859375
63_20220829 08,569.5260009765625
63_20220829 09,544.2910766601562
63_20220829 10,528.6258544921875
63_20220829 11,532.3642578125
63_20220829 12,542.3931274414062
63_20220829 13,541.8096923828125
63_20220829 14,538.852783203125
63_20220829 15,555.1192016601562
63_20220829 16,593.831298828125
63_20220829 17,671.6529541015625
63_20220829 18,750.6024780273438
63_20220829 19,792.7197875976562
63_20220829 20,792.9893188476562
63_20220829 21,789.1771240234375
63_20220829 22,740.774658203125
63_20220829 23,634.4697265625
63_20220830 00,527.795166015625
63_20220830 01,472.3534240722656
63_20220830 02,418.7663879394531
63_20220830 03,399.1900634765625
63_20220830 04,396.7682800292969
63_20220830 05,402.0756530761719
63_20220830 06,507.4697265625
63_20220830 07,615.0618896484375
63_20220830 08,571.6553344726562
63_20220830 09,544.1627197265625
63_20220830 10,528.5618286132812
63_20220830 11,529.0702514648438
63_20220830 12,542.5797119140625
63_20220830 13,542.575927734375
63_20220830 14,549.283447265625
63_20220830 15,563.558837890625
63_20220830 16,598.9649047851562
63_20220830 17,671.3495483398438
63_20220830 18,761.9750366210938
63_20220830 19,792.9986572265625
63_20220830 20,798.4613037109375
63_20220830 21,795.227294921875
63_20220830 22,749.8003540039062
63_20220830 23,639.3790283203125
63_20220831 00,541.9774780273438
63_20220831 01,506.4719543457031
63_20220831 02,426.8594970703125
63_20220831 03,410.19366455078125
63_20220831 04,406.8330993652344
63_20220831 05,411.9340515136719
63_20220831 06,523.9263916015625
63_20220831 07,620.6651000976562
63_20220831 08,580.3071899414062
63_20220831 09,552.5515747070312
63_20220831 10,538.4299926757812
63_20220831 11,541.5756225585938
63_20220831 12,539.0650634765625
63_20220831 13,541.1205444335938
63_20220831 14,538.9482421875
63_20220831 15,540.7102661132812
63_20220831 16,570.752685546875
63_20220831 17,647.3403930664062
63_20220831 18,739.4691772460938
63_20220831 19,778.1947631835938
63_20220831 20,786.626953125
63_20220831 21,780.5039672851562
63_20220831 22,741.587158203125
63_20220831 23,619.2904663085938
64_20220825 00,986.8129272460938
64_20220825 01,871.7234497070312
64_20220825 02,794.925537109375
64_20220825 03,755.166748046875
64_20220825 04,743.310791015625
64_20220825 05,769.2216796875
64_20220825 06,867.9906005859375
64_20220825 07,994.3513793945312
64_20220825 08,1005.8953247070312
64_20220825 09,974.250732421875
64_20220825 10,950.823974609375
64_20220825 11,958.0206909179688
64_20220825 12,981.2417602539062
64_20220825 13,929.4872436523438
64_20220825 14,919.3402099609375
64_20220825 15,933.1109008789062
64_20220825 16,979.8485717773438
64_20220825 17,1099.1492919921875
64_20220825 18,1219.20849609375
64_20220825 19,1316.216796875
64_20220825 20,1371.54541015625
64_20220825 21,1341.17578125
64_20220825 22,1262.53759765625
64_20220825 23,1114.321044921875
64_20220826 00,958.5777587890625
64_20220826 01,840.1209106445312
64_20220826 02,779.783447265625
64_20220826 03,747.2177734375
64_20220826 04,742.3082275390625
64_20220826 05,767.873046875
64_20220826 06,865.3117065429688
64_20220826 07,991.0740356445312
64_20220826 08,1007.6768188476562
64_20220826 09,977.5962524414062
64_20220826 10,959.333740234375
64_20220826 11,993.0851440429688
64_20220826 12,999.7645874023438
64_20220826 13,994.8665771484375
64_20220826 14,986.1853637695312
64_20220826 15,1000.956298828125
64_20220826 16,1032.0654296875
64_20220826 17,1122.4783935546875
64_20220826 18,1221.236572265625
64_20220826 19,1327.2410888671875
64_20220826 20,1381.1715087890625
64_20220826 21,1372.1495361328125
64_20220826 22,1300.2420654296875
64_20220826 23,1167.3365478515625
64_20220827 00,1009.6094360351562
64_20220827 01,894.4681396484375
64_20220827 02,820.7517700195312
64_20220827 03,763.318603515625
64_20220827 04,745.23828125
64_20220827 05,755.2051391601562
64_20220827 06,813.4554443359375
64_20220827 07,903.6617431640625
64_20220827 08,997.6607666015625
64_20220827 09,1071.8203125
64_20220827 10,1108.15869140625
64_20220827 11,1113.6759033203125
64_20220827 12,1137.4925537109375
64_20220827 13,1118.70751953125
64_20220827 14,1088.817626953125
64_20220827 15,1091.488525390625
64_20220827 16,1117.3297119140625
64_20220827 17,1155.60986328125
64_20220827 18,1264.09619140625
64_20220827 19,1330.0223388671875
64_20220827 20,1368.4921875
64_20220827 21,1353.0521240234375
64_20220827 22,1282.0567626953125
64_20220827 23,1142.98193359375
64_20220828 00,1005.408935546875
64_20220828 01,901.6810302734375
64_20220828 02,820.159423828125
64_20220828 03,775.4990844726562
64_20220828 04,751.2808227539062
64_20220828 05,757.467041015625
64_20220828 06,810.6256103515625
64_20220828 07,913.088134765625
64_20220828 08,1016.7652587890625
64_20220828 09,1094.794921875
64_20220828 10,1120.216552734375
64_20220828 11,1151.6416015625
64_20220828 12,1163.38720703125
64_20220828 13,1161.850830078125
64_20220828 14,1153.724609375
64_20220828 15,1142.7742919921875
64_20220828 16,1165.69091796875
64_20220828 17,1237.18896484375
64_20220828 18,1322.0191650390625
64_20220828 19,1386.559326171875
64_20220828 20,1416.4666748046875
64_20220828 21,1402.5467529296875
64_20220828 22,1322.0408935546875
64_20220828 23,1154.5389404296875
64_20220829 00,964.1336059570312
64_20220829 01,858.9420166015625
64_20220829 02,790.8915405273438
64_20220829 03,752.6563110351562
64_20220829 04,746.6548461914062
64_20220829 05,772.1537475585938
64_20220829 06,879.7277221679688
64_20220829 07,996.7468872070312
64_20220829 08,1011.26171875
64_20220829 09,991.6820678710938
64_20220829 10,977.2869262695312
64_20220829 11,991.1312866210938
64_20220829 12,1030.4132080078125
64_20220829 13,1003.4185791015625
64_20220829 14,987.4009399414062
64_20220829 15,986.6268920898438
64_20220829 16,1050.892578125
64_20220829 17,1143.2012939453125
64_20220829 18,1272.25
64_20220829 19,1342.596435546875
64_20220829 20,1381.7216796875
64_20220829 21,1366.029052734375
64_20220829 22,1280.1407470703125
64_20220829 23,1101.10986328125
64_20220830 00,948.3998413085938
64_20220830 01,847.265625
64_20220830 02,791.9849243164062
64_20220830 03,752.945068359375
64_20220830 04,745.977294921875
64_20220830 05,771.8270874023438
64_20220830 06,879.3793334960938
64_20220830 07,994.7545166015625
64_20220830 08,1004.652099609375
64_20220830 09,979.576904296875
64_20220830 10,960.8716430664062
64_20220830 11,975.9996337890625
64_20220830 12,983.6533813476562
64_20220830 13,969.951171875
64_20220830 14,954.553466796875
64_20220830 15,970.818359375
64_20220830 16,1032.825439453125
64_20220830 17,1141.32275390625
64_20220830 18,1285.31396484375
64_20220830 19,1382.40185546875
64_20220830 20,1395.218505859375
64_20220830 21,1376.8363037109375
64_20220830 22,1288.3673095703125
64_20220830 23,1114.496337890625
64_20220831 00,957.9867553710938
64_20220831 01,841.1510009765625
64_20220831 02,781.98828125
64_20220831 03,748.6701049804688
64_20220831 04,745.8058471679688
64_20220831 05,767.5025024414062
64_20220831 06,865.9771728515625
64_20220831 07,990.5918579101562
64_20220831 08,1003.4158325195312
64_20220831 09,975.9967041015625
64_20220831 10,954.6620483398438
64_20220831 11,971.0707397460938
64_20220831 12,979.781005859375
64_20220831 13,964.4671630859375
64_20220831 14,952.0304565429688
64_20220831 15,954.6928100585938
64_20220831 16,995.4632568359375
64_20220831 17,1088.8154296875
64_20220831 18,1215.9586181640625
64_20220831 19,1331.2315673828125
64_20220831 20,1377.3470458984375
64_20220831 21,1361.35498046875
64_20220831 22,1255.45556640625
64_20220831 23,1111.1346435546875
65_20220825 00,467.8345947265625
65_20220825 01,380.4517517089844
65_20220825 02,317.8527526855469
65_20220825 03,306.47412109375
65_20220825 04,305.0633544921875
65_20220825 05,311.9024963378906
65_20220825 06,481.7069396972656
65_20220825 07,652.773193359375
65_20220825 08,651.9886474609375
65_20220825 09,622.4445190429688
65_20220825 10,546.1528930664062
65_20220825 11,507.3194274902344
65_20220825 12,521.9869995117188
65_20220825 13,512.144775390625
65_20220825 14,493.8475341796875
65_20220825 15,523.3606567382812
65_20220825 16,585.2728271484375
65_20220825 17,757.0099487304688
65_20220825 18,829.8734130859375
65_20220825 19,839.1681518554688
65_20220825 20,796.172607421875
65_20220825 21,732.926513671875
65_20220825 22,664.650634765625
65_20220825 23,567.94140625
65_20220826 00,464.61669921875
65_20220826 01,374.66278076171875
65_20220826 02,315.3483581542969
65_20220826 03,303.9074401855469
65_20220826 04,302.87554931640625
65_20220826 05,313.5382080078125
65_20220826 06,457.1552734375
65_20220826 07,645.4947509765625
65_20220826 08,635.822509765625
65_20220826 09,605.8866577148438
65_20220826 10,542.814208984375
65_20220826 11,477.6855163574219
65_20220826 12,511.0938415527344
65_20220826 13,509.4774169921875
65_20220826 14,498.7718505859375
65_20220826 15,521.5673828125
65_20220826 16,567.1415405273438
65_20220826 17,714.010009765625
65_20220826 18,853.2802124023438
65_20220826 19,873.4242553710938
65_20220826 20,818.300537109375
65_20220826 21,774.0961303710938
65_20220826 22,673.1454467773438
65_20220826 23,606.9375610351562
65_20220827 00,493.3642272949219
65_20220827 01,408.0943603515625
65_20220827 02,361.4774169921875
65_20220827 03,312.42724609375
65_20220827 04,297.4595642089844
65_20220827 05,308.92266845703125
65_20220827 06,435.4462890625
65_20220827 07,629.1140747070312
65_20220827 08,649.2750244140625
65_20220827 09,642.5418090820312
65_20220827 10,629.6201171875
65_20220827 11,599.0184326171875
65_20220827 12,624.2837524414062
65_20220827 13,614.667236328125
65_20220827 14,613.7496337890625
65_20220827 15,591.3126220703125
65_20220827 16,640.151123046875
65_20220827 17,761.3709106445312
65_20220827 18,770.7494506835938
65_20220827 19,777.3580322265625
65_20220827 20,731.3692626953125
65_20220827 21,711.9437255859375
65_20220827 22,632.7178344726562
65_20220827 23,588.4654541015625
65_20220828 00,483.8600769042969
65_20220828 01,400.68438720703125
65_20220828 02,351.3930969238281
65_20220828 03,317.7164306640625
65_20220828 04,305.0332336425781
65_20220828 05,310.4151611328125
65_20220828 06,437.80419921875
65_20220828 07,628.3056030273438
65_20220828 08,645.9412841796875
65_20220828 09,651.0052490234375
65_20220828 10,628.5457763671875
65_20220828 11,593.8786010742188
65_20220828 12,635.2225952148438
65_20220828 13,627.464111328125
65_20220828 14,626.7860717773438
65_20220828 15,620.4481201171875
65_20220828 16,712.7652587890625
65_20220828 17,815.6250610351562
65_20220828 18,857.1243896484375
65_20220828 19,815.3486328125
65_20220828 20,785.498291015625
65_20220828 21,738.987548828125
65_20220828 22,634.3432006835938
65_20220828 23,584.0140380859375
65_20220829 00,494.4660949707031
65_20220829 01,412.6622009277344
65_20220829 02,357.72900390625
65_20220829 03,320.6293640136719
65_20220829 04,305.9334716796875
65_20220829 05,318.8582763671875
65_20220829 06,454.5975646972656
65_20220829 07,643.916259765625
65_20220829 08,646.7091064453125
65_20220829 09,622.0406494140625
65_20220829 10,594.4234008789062
65_20220829 11,538.1718139648438
65_20220829 12,526.1210327148438
65_20220829 13,508.46209716796875
65_20220829 14,503.8248291015625
65_20220829 15,500.3197937011719
65_20220829 16,590.0554809570312
65_20220829 17,719.2251586914062
65_20220829 18,859.412353515625
65_20220829 19,855.436279296875
65_20220829 20,793.414306640625
65_20220829 21,749.2836303710938
65_20220829 22,638.80810546875
65_20220829 23,565.2996826171875
65_20220830 00,468.0894470214844
65_20220830 01,376.65753173828125
65_20220830 02,328.4930725097656
65_20220830 03,301.3885498046875
65_20220830 04,300.2571716308594
65_20220830 05,316.4193115234375
65_20220830 06,464.2705078125
65_20220830 07,642.070556640625
65_20220830 08,644.829833984375
65_20220830 09,619.055908203125
65_20220830 10,582.888916015625
65_20220830 11,511.1297607421875
65_20220830 12,554.3084106445312
65_20220830 13,520.7910766601562
65_20220830 14,491.8781433105469
65_20220830 15,543.747802734375
65_20220830 16,651.8206787109375
65_20220830 17,808.518310546875
65_20220830 18,1024.5579833984375
65_20220830 19,970.3706665039062
65_20220830 20,885.3349609375
65_20220830 21,830.4146728515625
65_20220830 22,693.575439453125
65_20220830 23,605.9633178710938
65_20220831 00,505.1253662109375
65_20220831 01,390.9240417480469
65_20220831 02,338.3468933105469
65_20220831 03,334.6021728515625
65_20220831 04,309.73126220703125
65_20220831 05,318.83740234375
65_20220831 06,454.6833801269531
65_20220831 07,660.3290405273438
65_20220831 08,658.1793212890625
65_20220831 09,636.1539306640625
65_20220831 10,549.3829345703125
65_20220831 11,472.9406433105469
65_20220831 12,469.77764892578125
65_20220831 13,458.0606689453125
65_20220831 14,473.8447265625
65_20220831 15,476.0552978515625
65_20220831 16,571.3153076171875
65_20220831 17,714.622314453125
65_20220831 18,788.9967041015625
65_20220831 19,750.466064453125
65_20220831 20,734.4910888671875
65_20220831 21,713.283203125
65_20220831 22,630.83203125
65_20220831 23,562.7832641601562
66_20220825 00,376.22967529296875
66_20220825 01,315.2707214355469
66_20220825 02,290.76898193359375
66_20220825 03,286.2823181152344
66_20220825 04,285.36126708984375
66_20220825 05,301.3497619628906
66_20220825 06,336.9156799316406
66_20220825 07,358.9272155761719
66_20220825 08,350.48455810546875
66_20220825 09,358.8627014160156
66_20220825 10,340.2950134277344
66_20220825 11,345.6739196777344
66_20220825 12,363.57952880859375
66_20220825 13,357.87115478515625
66_20220825 14,352.2261047363281
66_20220825 15,362.04669189453125
66_20220825 16,354.3969421386719
66_20220825 17,385.02606201171875
66_20220825 18,411.7978210449219
66_20220825 19,427.3577880859375
66_20220825 20,443.8355712890625
66_20220825 21,414.4378662109375
66_20220825 22,386.26922607421875
66_20220825 23,350.5213623046875
66_20220826 00,351.2657470703125
66_20220826 01,309.1805419921875
66_20220826 02,287.2867736816406
66_20220826 03,283.5134582519531
66_20220826 04,283.68646240234375
66_20220826 05,299.3664245605469
66_20220826 06,334.6653137207031
66_20220826 07,355.8289489746094
66_20220826 08,347.8512878417969
66_20220826 09,353.38006591796875
66_20220826 10,328.25653076171875
66_20220826 11,332.0065612792969
66_20220826 12,353.1388244628906
66_20220826 13,349.00018310546875
66_20220826 14,343.5640563964844
66_20220826 15,365.1667175292969
66_20220826 16,365.80908203125
66_20220826 17,376.5834045410156
66_20220826 18,400.1599426269531
66_20220826 19,422.8056335449219
66_20220826 20,444.8809814453125
66_20220826 21,415.7994079589844
66_20220826 22,386.94403076171875
66_20220826 23,361.4160461425781
66_20220827 00,352.798828125
66_20220827 01,308.6451721191406
66_20220827 02,289.2419128417969
66_20220827 03,283.7240905761719
66_20220827 04,283.3305358886719
66_20220827 05,291.8319091796875
66_20220827 06,320.7362976074219
66_20220827 07,343.1185302734375
66_20220827 08,352.954345703125
66_20220827 09,374.1703796386719
66_20220827 10,350.3136901855469
66_20220827 11,347.11279296875
66_20220827 12,354.7531433105469
66_20220827 13,349.9404296875
66_20220827 14,343.86279296875
66_20220827 15,364.4317321777344
66_20220827 16,355.8579406738281
66_20220827 17,369.014404296875
66_20220827 18,388.1662902832031
66_20220827 19,402.2495422363281
66_20220827 20,428.0113220214844
66_20220827 21,397.4590148925781
66_20220827 22,364.9135437011719
66_20220827 23,339.4201965332031
66_20220828 00,339.6358337402344
66_20220828 01,306.2309265136719
66_20220828 02,288.14923095703125
66_20220828 03,282.1925048828125
66_20220828 04,282.3483581542969
66_20220828 05,289.50384521484375
66_20220828 06,318.5943603515625
66_20220828 07,339.9053649902344
66_20220828 08,353.4195556640625
66_20220828 09,375.7933654785156
66_20220828 10,356.1432800292969
66_20220828 11,353.2748718261719
66_20220828 12,374.6071472167969
66_20220828 13,374.4841003417969
66_20220828 14,378.6723327636719
66_20220828 15,407.7227783203125
66_20220828 16,395.2681579589844
66_20220828 17,409.6485595703125
66_20220828 18,430.7105407714844
66_20220828 19,420.4970397949219
66_20220828 20,443.0940246582031
66_20220828 21,412.1606750488281
66_20220828 22,387.20147705078125
66_20220828 23,362.8609313964844
66_20220829 00,349.1243591308594
66_20220829 01,305.1199951171875
66_20220829 02,287.2430419921875
66_20220829 03,282.7786865234375
66_20220829 04,283.0502624511719
66_20220829 05,300.46002197265625
66_20220829 06,327.6214904785156
66_20220829 07,343.5727844238281
66_20220829 08,338.7633361816406
66_20220829 09,347.3915100097656
66_20220829 10,325.968994140625
66_20220829 11,328.18951416015625
66_20220829 12,337.3202209472656
66_20220829 13,324.1332092285156
66_20220829 14,320.8470458984375
66_20220829 15,341.7434387207031
66_20220829 16,340.5619201660156
66_20220829 17,359.8369140625
66_20220829 18,390.982421875
66_20220829 19,416.0709228515625
66_20220829 20,435.4839172363281
66_20220829 21,402.1049499511719
66_20220829 22,367.45166015625
66_20220829 23,341.7994384765625
66_20220830 00,337.3362121582031
66_20220830 01,306.5196533203125
66_20220830 02,286.45172119140625
66_20220830 03,283.02947998046875
66_20220830 04,282.8922424316406
66_20220830 05,298.5946960449219
66_20220830 06,326.68402099609375
66_20220830 07,344.6204833984375
66_20220830 08,341.0213317871094
66_20220830 09,340.5637512207031
66_20220830 10,318.1377258300781
66_20220830 11,322.9085998535156
66_20220830 12,333.7738952636719
66_20220830 13,329.4735107421875
66_20220830 14,326.3476257324219
66_20220830 15,348.9977722167969
66_20220830 16,349.0483093261719
66_20220830 17,374.0819396972656
66_20220830 18,407.2031555175781
66_20220830 19,426.2449951171875
66_20220830 20,447.8810729980469
66_20220830 21,408.24249267578125
66_20220830 22,376.1414794921875
66_20220830 23,348.5644226074219
66_20220831 00,343.7621765136719
66_20220831 01,311.5433654785156
66_20220831 02,292.2135925292969
66_20220831 03,288.4621276855469
66_20220831 04,288.0448913574219
66_20220831 05,303.6848449707031
66_20220831 06,332.98553466796875
66_20220831 07,346.2230529785156
66_20220831 08,336.4464416503906
66_20220831 09,343.7604064941406
66_20220831 10,326.02703857421875
66_20220831 11,327.06414794921875
66_20220831 12,334.6607666015625
66_20220831 13,320.4859619140625
66_20220831 14,312.95166015625
66_20220831 15,335.5442199707031
66_20220831 16,333.7719421386719
66_20220831 17,352.36151123046875
66_20220831 18,379.6255187988281
66_20220831 19,404.7792053222656
66_20220831 20,438.0498352050781
66_20220831 21,391.9048767089844
66_20220831 22,363.8938293457031
66_20220831 23,342.9765625
67_20220825 00,955.2269287109375
67_20220825 01,863.6849365234375
67_20220825 02,811.3109130859375
67_20220825 03,781.386962890625
67_20220825 04,791.2841186523438
67_20220825 05,810.6328735351562
67_20220825 06,928.764892578125
67_20220825 07,1042.8905029296875
67_20220825 08,1050.114013671875
67_20220825 09,1006.5147094726562
67_20220825 10,1038.1529541015625
67_20220825 11,1045.8790283203125
67_20220825 12,1064.6199951171875
67_20220825 13,1068.420166015625
67_20220825 14,1056.096435546875
67_20220825 15,1053.5655517578125
67_20220825 16,1106.568603515625
67_20220825 17,1235.8211669921875
67_20220825 18,1395.28466796875
67_20220825 19,1502.81298828125
67_20220825 20,1534.374267578125
67_20220825 21,1505.998779296875
67_20220825 22,1387.060791015625
67_20220825 23,1209.7926025390625
67_20220826 00,975.2642211914062
67_20220826 01,887.9508056640625
67_20220826 02,827.0857543945312
67_20220826 03,801.6128540039062
67_20220826 04,817.8095092773438
67_20220826 05,847.5448608398438
67_20220826 06,934.5796508789062
67_20220826 07,1034.4688720703125
67_20220826 08,1030.923095703125
67_20220826 09,997.3785400390625
67_20220826 10,1011.1443481445312
67_20220826 11,1046.0059814453125
67_20220826 12,1081.7955322265625
67_20220826 13,1076.228271484375
67_20220826 14,1043.337158203125
67_20220826 15,1042.5711669921875
67_20220826 16,1102.6866455078125
67_20220826 17,1212.60009765625
67_20220826 18,1336.3729248046875
67_20220826 19,1473.2882080078125
67_20220826 20,1497.52001953125
67_20220826 21,1481.0916748046875
67_20220826 22,1402.51708984375
67_20220826 23,1237.5020751953125
67_20220827 00,1016.5346069335938
67_20220827 01,918.025634765625
67_20220827 02,848.076904296875
67_20220827 03,809.1105346679688
67_20220827 04,814.6510009765625
67_20220827 05,803.5062866210938
67_20220827 06,856.0066528320312
67_20220827 07,956.548095703125
67_20220827 08,1044.804931640625
67_20220827 09,1139.7357177734375
67_20220827 10,1179.9337158203125
67_20220827 11,1196.867919921875
67_20220827 12,1198.4710693359375
67_20220827 13,1199.83642578125
67_20220827 14,1179.466796875
67_20220827 15,1212.6513671875
67_20220827 16,1201.9617919921875
67_20220827 17,1256.0528564453125
67_20220827 18,1352.3953857421875
67_20220827 19,1440.9239501953125
67_20220827 20,1487.37060546875
67_20220827 21,1445.70068359375
67_20220827 22,1341.031494140625
67_20220827 23,1201.608154296875
67_20220828 00,1008.7471313476562
67_20220828 01,904.3089599609375
67_20220828 02,842.1751708984375
67_20220828 03,799.9357299804688
67_20220828 04,802.1907958984375
67_20220828 05,794.0603637695312
67_20220828 06,840.1820068359375
67_20220828 07,947.445068359375
67_20220828 08,1043.255126953125
67_20220828 09,1151.9312744140625
67_20220828 10,1208.217529296875
67_20220828 11,1214.5965576171875
67_20220828 12,1225.3857421875
67_20220828 13,1216.5213623046875
67_20220828 14,1184.9500732421875
67_20220828 15,1185.44091796875
67_20220828 16,1227.5828857421875
67_20220828 17,1301.856201171875
67_20220828 18,1391.355224609375
67_20220828 19,1449.015380859375
67_20220828 20,1483.4296875
67_20220828 21,1457.48681640625
67_20220828 22,1336.4832763671875
67_20220828 23,1174.099853515625
67_20220829 00,939.7509765625
67_20220829 01,853.0613403320312
67_20220829 02,794.3742065429688
67_20220829 03,770.9174194335938
67_20220829 04,781.6273803710938
67_20220829 05,807.6749877929688
67_20220829 06,920.1085815429688
67_20220829 07,1022.1482543945312
67_20220829 08,1025.42822265625
67_20220829 09,991.0664672851562
67_20220829 10,957.368896484375
67_20220829 11,1030.6470947265625
67_20220829 12,1056.4678955078125
67_20220829 13,1116.4324951171875
67_20220829 14,1057.7340087890625
67_20220829 15,1038.7109375
67_20220829 16,1080.3778076171875
67_20220829 17,1225.4871826171875
67_20220829 18,1382.5667724609375
67_20220829 19,1481.4219970703125
67_20220829 20,1502.143310546875
67_20220829 21,1465.0633544921875
67_20220829 22,1370.089599609375
67_20220829 23,1175.82080078125
67_20220830 00,952.1995849609375
67_20220830 01,874.6094360351562
67_20220830 02,816.0112915039062
67_20220830 03,789.0365600585938
67_20220830 04,804.143310546875
67_20220830 05,817.7158203125
67_20220830 06,925.2474975585938
67_20220830 07,1034.427490234375
67_20220830 08,1037.6854248046875
67_20220830 09,995.4378662109375
67_20220830 10,1026.2364501953125
67_20220830 11,1029.4169921875
67_20220830 12,1012.4591674804688
67_20220830 13,989.2324829101562
67_20220830 14,966.3334350585938
67_20220830 15,986.811279296875
67_20220830 16,1056.0599365234375
67_20220830 17,1376.6453857421875
67_20220830 18,1563.80126953125
67_20220830 19,1641.423095703125
67_20220830 20,1678.291748046875
67_20220830 21,1615.22119140625
67_20220830 22,1459.4759521484375
67_20220830 23,1259.297119140625
67_20220831 00,1001.2835693359375
67_20220831 01,913.1494750976562
67_20220831 02,842.752685546875
67_20220831 03,820.6207275390625
67_20220831 04,833.8629150390625
67_20220831 05,849.5595703125
67_20220831 06,954.7372436523438
67_20220831 07,1074.4969482421875
67_20220831 08,1110.00537109375
67_20220831 09,1050.839111328125
67_20220831 10,1010.3071899414062
67_20220831 11,1010.19140625
67_20220831 12,1050.71337890625
67_20220831 13,1010.7205200195312
67_20220831 14,985.8618774414062
67_20220831 15,993.8164672851562
67_20220831 16,1028.6009521484375
67_20220831 17,1213.0906982421875
67_20220831 18,1316.202392578125
67_20220831 19,1426.8990478515625
67_20220831 20,1439.0655517578125
67_20220831 21,1397.0498046875
67_20220831 22,1300.04052734375
67_20220831 23,1108.8507080078125
68_20220825 00,1730.4422607421875
68_20220825 01,1418.4873046875
68_20220825 02,1292.44873046875
68_20220825 03,1221.36669921875
68_20220825 04,1184.4017333984375
68_20220825 05,1231.264892578125
68_20220825 06,1471.1856689453125
68_20220825 07,1769.2965087890625
68_20220825 08,1786.075439453125
68_20220825 09,1645.1722412109375
68_20220825 10,1616.0177001953125
68_20220825 11,1625.3878173828125
68_20220825 12,1642.3057861328125
68_20220825 13,1633.4495849609375
68_20220825 14,1638.4066162109375
68_20220825 15,1646.345703125
68_20220825 16,1701.3570556640625
68_20220825 17,1923.4769287109375
68_20220825 18,2176.1337890625
68_20220825 19,2365.691162109375
68_20220825 20,2444.10595703125
68_20220825 21,2415.620849609375
68_20220825 22,2311.1181640625
68_20220825 23,2026.02197265625
68_20220826 00,1625.1441650390625
68_20220826 01,1414.57373046875
68_20220826 02,1292.115966796875
68_20220826 03,1211.37646484375
68_20220826 04,1179.6729736328125
68_20220826 05,1216.904296875
68_20220826 06,1458.228759765625
68_20220826 07,1757.6546630859375
68_20220826 08,1774.8983154296875
68_20220826 09,1647.80322265625
68_20220826 10,1618.1929931640625
68_20220826 11,1622.259765625
68_20220826 12,1630.8316650390625
68_20220826 13,1634.8653564453125
68_20220826 14,1636.0028076171875
68_20220826 15,1706.496826171875
68_20220826 16,1752.8778076171875
68_20220826 17,1930.309326171875
68_20220826 18,2166.453369140625
68_20220826 19,2353.3203125
68_20220826 20,2444.759033203125
68_20220826 21,2419.0458984375
68_20220826 22,2328.58837890625
68_20220826 23,2092.90576171875
68_20220827 00,1721.514404296875
68_20220827 01,1489.7696533203125
68_20220827 02,1292.30322265625
68_20220827 03,1237.08056640625
68_20220827 04,1189.109130859375
68_20220827 05,1206.023681640625
68_20220827 06,1303.341552734375
68_20220827 07,1455.5699462890625
68_20220827 08,1676.97021484375
68_20220827 09,1848.83935546875
68_20220827 10,1964.77197265625
68_20220827 11,2023.6778564453125
68_20220827 12,2061.297607421875
68_20220827 13,2040.43115234375
68_20220827 14,1969.1156005859375
68_20220827 15,1944.82958984375
68_20220827 16,1956.7098388671875
68_20220827 17,2017.931640625
68_20220827 18,2257.171630859375
68_20220827 19,2353.1162109375
68_20220827 20,2404.38037109375
68_20220827 21,2375.51416015625
68_20220827 22,2263.078857421875
68_20220827 23,2032.063232421875
68_20220828 00,1707.3045654296875
68_20220828 01,1479.9713134765625
68_20220828 02,1291.1527099609375
68_20220828 03,1217.12255859375
68_20220828 04,1182.4482421875
68_20220828 05,1195.3572998046875
68_20220828 06,1283.9539794921875
68_20220828 07,1444.57763671875
68_20220828 08,1659.1649169921875
68_20220828 09,1860.9844970703125
68_20220828 10,2020.0511474609375
68_20220828 11,2031.00390625
68_20220828 12,2116.701416015625
68_20220828 13,2151.97998046875
68_20220828 14,2092.79150390625
68_20220828 15,2062.0908203125
68_20220828 16,2132.99072265625
68_20220828 17,2238.857421875
68_20220828 18,2447.8564453125
68_20220828 19,2529.8291015625
68_20220828 20,2510.5380859375
68_20220828 21,2457.6279296875
68_20220828 22,2315.773193359375
68_20220828 23,2052.1103515625
68_20220829 00,1622.821533203125
68_20220829 01,1391.8612060546875
68_20220829 02,1275.155029296875
68_20220829 03,1206.677734375
68_20220829 04,1172.2086181640625
68_20220829 05,1220.2156982421875
68_20220829 06,1461.1959228515625
68_20220829 07,1739.4735107421875
68_20220829 08,1751.95556640625
68_20220829 09,1625.5264892578125
68_20220829 10,1591.21923828125
68_20220829 11,1629.1624755859375
68_20220829 12,1672.557861328125
68_20220829 13,1659.7723388671875
68_20220829 14,1654.84521484375
68_20220829 15,1697.3973388671875
68_20220829 16,1794.0177001953125
68_20220829 17,2014.434326171875
68_20220829 18,2272.92431640625
68_20220829 19,2448.953369140625
68_20220829 20,2496.923583984375
68_20220829 21,2451.331787109375
68_20220829 22,2352.197021484375
68_20220829 23,2043.639892578125
68_20220830 00,1586.4710693359375
68_20220830 01,1385.110595703125
68_20220830 02,1271.1326904296875
68_20220830 03,1199.21142578125
68_20220830 04,1163.5709228515625
68_20220830 05,1214.2432861328125
68_20220830 06,1450.8558349609375
68_20220830 07,1731.3397216796875
68_20220830 08,1752.57568359375
68_20220830 09,1609.5587158203125
68_20220830 10,1588.02880859375
68_20220830 11,1598.5098876953125
68_20220830 12,1608.6578369140625
68_20220830 13,1610.43115234375
68_20220830 14,1611.757080078125
68_20220830 15,1670.3983154296875
68_20220830 16,1792.9051513671875
68_20220830 17,2015.669921875
68_20220830 18,2289.017333984375
68_20220830 19,2451.082275390625
68_20220830 20,2516.78564453125
68_20220830 21,2460.856201171875
68_20220830 22,2348.1201171875
68_20220830 23,2041.0157470703125
68_20220831 00,1577.57861328125
68_20220831 01,1386.02880859375
68_20220831 02,1262.9190673828125
68_20220831 03,1192.5936279296875
68_20220831 04,1165.93994140625
68_20220831 05,1209.0567626953125
68_20220831 06,1445.8663330078125
68_20220831 07,1725.208984375
68_20220831 08,1744.9149169921875
68_20220831 09,1613.5753173828125
68_20220831 10,1581.4444580078125
68_20220831 11,1588.34033203125
68_20220831 12,1601.298828125
68_20220831 13,1592.333984375
68_20220831 14,1585.10400390625
68_20220831 15,1623.227294921875
68_20220831 16,1682.5172119140625
68_20220831 17,1914.326904296875
68_20220831 18,2183.004638671875
68_20220831 19,2389.00390625
68_20220831 20,2451.138671875
68_20220831 21,2410.75244140625
68_20220831 22,2307.152587890625
68_20220831 23,2002.8653564453125
69_20220825 00,3528.5966796875
69_20220825 01,3485.284912109375
69_20220825 02,3471.597900390625
69_20220825 03,3469.4111328125
69_20220825 04,3450.806396484375
69_20220825 05,3494.56787109375
69_20220825 06,4170.548828125
69_20220825 07,4940.7421875
69_20220825 08,5136.90283203125
69_20220825 09,5362.564453125
69_20220825 10,5561.611328125
69_20220825 11,5609.29638671875
69_20220825 12,5671.55859375
69_20220825 13,5868.58935546875
69_20220825 14,5794.57861328125
69_20220825 15,5481.6318359375
69_20220825 16,5481.32275390625
69_20220825 17,5157.25390625
69_20220825 18,4432.630859375
69_20220825 19,3981.23828125
69_20220825 20,3839.680419921875
69_20220825 21,3698.0458984375
69_20220825 22,3602.04833984375
69_20220825 23,3537.498291015625
69_20220826 00,3461.1220703125
69_20220826 01,3437.49609375
69_20220826 02,3420.068603515625
69_20220826 03,3413.318603515625
69_20220826 04,3424.4921875
69_20220826 05,3460.26806640625
69_20220826 06,4057.82958984375
69_20220826 07,4675.083984375
69_20220826 08,4903.19873046875
69_20220826 09,5139.11474609375
69_20220826 10,5446.50439453125
69_20220826 11,5627.787109375
69_20220826 12,5595.80859375
69_20220826 13,5998.4658203125
69_20220826 14,5929.54150390625
69_20220826 15,6144.47998046875
69_20220826 16,6052.3359375
69_20220826 17,5421.978515625
69_20220826 18,4507.87158203125
69_20220826 19,4063.767333984375
69_20220826 20,3935.50537109375
69_20220826 21,3702.247802734375
69_20220826 22,3594.031494140625
69_20220826 23,3538.1845703125
69_20220827 00,3458.245361328125
69_20220827 01,3419.082763671875
69_20220827 02,3410.208740234375
69_20220827 03,3399.629150390625
69_20220827 04,3356.976806640625
69_20220827 05,3354.3876953125
69_20220827 06,3349.726318359375
69_20220827 07,3357.78662109375
69_20220827 08,3348.016357421875
69_20220827 09,3361.220947265625
69_20220827 10,3401.5673828125
69_20220827 11,3421.9580078125
69_20220827 12,3458.10400390625
69_20220827 13,3506.630615234375
69_20220827 14,3563.527099609375
69_20220827 15,3627.747802734375
69_20220827 16,3641.082763671875
69_20220827 17,3613.3427734375
69_20220827 18,3594.60546875
69_20220827 19,3490.22412109375
69_20220827 20,3482.902587890625
69_20220827 21,3438.4599609375
69_20220827 22,3426.54833984375
69_20220827 23,3402.304443359375
69_20220828 00,3375.6357421875
69_20220828 01,3359.604736328125
69_20220828 02,3352.309326171875
69_20220828 03,3337.0732421875
69_20220828 04,3331.570068359375
69_20220828 05,3326.598388671875
69_20220828 06,3323.822509765625
69_20220828 07,3333.711181640625
69_20220828 08,3351.5634765625
69_20220828 09,3380.4140625
69_20220828 10,3399.186767578125
69_20220828 11,3425.048583984375
69_20220828 12,3519.454833984375
69_20220828 13,3570.398681640625
69_20220828 14,3607.47021484375
69_20220828 15,3637.50390625
69_20220828 16,3653.42431640625
69_20220828 17,3674.090576171875
69_20220828 18,3640.6865234375
69_20220828 19,3556.1943359375
69_20220828 20,3495.0009765625
69_20220828 21,3451.220458984375
69_20220828 22,3435.5
69_20220828 23,3426.645263671875
69_20220829 00,3396.552978515625
69_20220829 01,3374.744384765625
69_20220829 02,3351.37646484375
69_20220829 03,3346.039306640625
69_20220829 04,3338.888427734375
69_20220829 05,3396.49462890625
69_20220829 06,4085.5537109375
69_20220829 07,4513.091796875
69_20220829 08,4701.529296875
69_20220829 09,4931.166015625
69_20220829 10,5196.984375
69_20220829 11,5226.93115234375
69_20220829 12,5147.92919921875
69_20220829 13,5341.6298828125
69_20220829 14,5205.068359375
69_20220829 15,5344.57763671875
69_20220829 16,5275.80322265625
69_20220829 17,4843.48583984375
69_20220829 18,4094.6171875
69_20220829 19,3915.735107421875
69_20220829 20,3822.73291015625
69_20220829 21,3680.4345703125
69_20220829 22,3593.4970703125
69_20220829 23,3514.322509765625
69_20220830 00,3436.047607421875
69_20220830 01,3403.379150390625
69_20220830 02,3387.8642578125
69_20220830 03,3403.02587890625
69_20220830 04,3410.241943359375
69_20220830 05,3429.26171875
69_20220830 06,4112.74365234375
69_20220830 07,4681.25048828125
69_20220830 08,5039.26171875
69_20220830 09,5419.90185546875
69_20220830 10,5552.48486328125
69_20220830 11,5546.2666015625
69_20220830 12,5536.70458984375
69_20220830 13,5695.74169921875
69_20220830 14,5560.1962890625
69_20220830 15,5673.31640625
69_20220830 16,5666.99169921875
69_20220830 17,5231.634765625
69_20220830 18,4160.44873046875
69_20220830 19,3962.71875
69_20220830 20,3835.961669921875
69_20220830 21,3674.5615234375
69_20220830 22,3600.218994140625
69_20220830 23,3533.928955078125
69_20220831 00,3449.02197265625
69_20220831 01,3422.379638671875
69_20220831 02,3395.980712890625
69_20220831 03,3384.086181640625
69_20220831 04,3374.747802734375
69_20220831 05,3392.0751953125
69_20220831 06,3987.2841796875
69_20220831 07,4393.7470703125
69_20220831 08,4682.115234375
69_20220831 09,5009.90576171875
69_20220831 10,5166.111328125
69_20220831 11,5211.63916015625
69_20220831 12,5212.40283203125
69_20220831 13,5306.904296875
69_20220831 14,5280.103515625
69_20220831 15,5323.54541015625
69_20220831 16,5030.16259765625
69_20220831 17,5028.0498046875
69_20220831 18,4413.81640625
69_20220831 19,4037.35693359375
69_20220831 20,3902.228271484375
69_20220831 21,3682.7451171875
69_20220831 22,3563.60791015625
69_20220831 23,3529.77734375
70_20220825 00,3366.75146484375
70_20220825 01,3313.219482421875
70_20220825 02,3284.8505859375
70_20220825 03,3217.4794921875
70_20220825 04,3201.0693359375
70_20220825 05,3228.631103515625
70_20220825 06,3834.664306640625
70_20220825 07,5189.49169921875
70_20220825 08,6237.24951171875
70_20220825 09,6474.228515625
70_20220825 10,6564.29736328125
70_20220825 11,6565.80322265625
70_20220825 12,6604.0126953125
70_20220825 13,6573.73388671875
70_20220825 14,6639.39111328125
70_20220825 15,6565.42041015625
70_20220825 16,6551.7685546875
70_20220825 17,6320.51904296875
70_20220825 18,4890.72802734375
70_20220825 19,4008.314697265625
70_20220825 20,3681.11083984375
70_20220825 21,3628.6708984375
70_20220825 22,3482.1396484375
70_20220825 23,3357.93115234375
70_20220826 00,3360.34619140625
70_20220826 01,3308.425048828125
70_20220826 02,3274.40380859375
70_20220826 03,3210.90087890625
70_20220826 04,3192.453857421875
70_20220826 05,3213.02490234375
70_20220826 06,3747.89697265625
70_20220826 07,4905.634765625
70_20220826 08,5768.5654296875
70_20220826 09,6126.06884765625
70_20220826 10,6361.751953125
70_20220826 11,6315.1484375
70_20220826 12,6356.0517578125
70_20220826 13,6325.54345703125
70_20220826 14,6543.77294921875
70_20220826 15,6493.68017578125
70_20220826 16,6445.7236328125
70_20220826 17,6117.763671875
70_20220826 18,4671.69873046875
70_20220826 19,4104.396484375
70_20220826 20,3712.346923828125
70_20220826 21,3620.9697265625
70_20220826 22,3451.417236328125
70_20220826 23,3319.312255859375
70_20220827 00,3289.74072265625
70_20220827 01,3257.506103515625
70_20220827 02,3218.325927734375
70_20220827 03,3158.60693359375
70_20220827 04,3146.0595703125
70_20220827 05,3119.20166015625
70_20220827 06,3114.631103515625
70_20220827 07,3133.945068359375
70_20220827 08,3166.455322265625
70_20220827 09,3209.515380859375
70_20220827 10,3147.205322265625
70_20220827 11,3151.931884765625
70_20220827 12,3228.789794921875
70_20220827 13,3212.9296875
70_20220827 14,3300.051025390625
70_20220827 15,3320.820068359375
70_20220827 16,3319.921630859375
70_20220827 17,3308.5341796875
70_20220827 18,3278.9267578125
70_20220827 19,3251.489013671875
70_20220827 20,3285.73046875
70_20220827 21,3253.3232421875
70_20220827 22,3225.10546875
70_20220827 23,3209.560791015625
70_20220828 00,3237.8720703125
70_20220828 01,3199.63916015625
70_20220828 02,3177.433349609375
70_20220828 03,3127.52587890625
70_20220828 04,3104.5078125
70_20220828 05,3096.140869140625
70_20220828 06,3092.941162109375
70_20220828 07,3105.39697265625
70_20220828 08,3148.62353515625
70_20220828 09,3190.16015625
70_20220828 10,3121.470458984375
70_20220828 11,3133.609375
70_20220828 12,3217.5087890625
70_20220828 13,3209.237548828125
70_20220828 14,3297.345458984375
70_20220828 15,3328.821044921875
70_20220828 16,3327.793701171875
70_20220828 17,3318.989013671875
70_20220828 18,3283.029541015625
70_20220828 19,3262.24365234375
70_20220828 20,3294.447021484375
70_20220828 21,3264.48974609375
70_20220828 22,3233.982666015625
70_20220828 23,3220.572509765625
70_20220829 00,3321.376708984375
70_20220829 01,3274.606201171875
70_20220829 02,3248.166259765625
70_20220829 03,3196.97119140625
70_20220829 04,3173.66552734375
70_20220829 05,3210.689697265625
70_20220829 06,3976.691162109375
70_20220829 07,5056.48583984375
70_20220829 08,5698.27001953125
70_20220829 09,5979.31982421875
70_20220829 10,6161.91748046875
70_20220829 11,6186.58740234375
70_20220829 12,6161.609375
70_20220829 13,6124.27978515625
70_20220829 14,6173.87841796875
70_20220829 15,6083.66455078125
70_20220829 16,6006.97998046875
70_20220829 17,5757.39599609375
70_20220829 18,4885.42236328125
70_20220829 19,3955.427490234375
70_20220829 20,3669.529541015625
70_20220829 21,3601.140625
70_20220829 22,3443.330322265625
70_20220829 23,3323.679931640625
70_20220830 00,3325.261962890625
70_20220830 01,3270.6220703125
70_20220830 02,3247.91943359375
70_20220830 03,2983.6611328125
70_20220830 04,2975.064453125
70_20220830 05,3013.5859375
70_20220830 06,3807.3662109375
70_20220830 07,4929.43701171875
70_20220830 08,5689.98876953125
70_20220830 09,5938.28173828125
70_20220830 10,6152.587890625
70_20220830 11,6153.087890625
70_20220830 12,6159.501953125
70_20220830 13,6184.8466796875
70_20220830 14,6272.61767578125
70_20220830 15,6190.85107421875
70_20220830 16,6093.5732421875
70_20220830 17,5810.47705078125
70_20220830 18,4952.9541015625
70_20220830 19,3848.535888671875
70_20220830 20,3574.4921875
70_20220830 21,3493.59228515625
70_20220830 22,3316.306396484375
70_20220830 23,3135.200927734375
70_20220831 00,3139.086181640625
70_20220831 01,3061.36328125
70_20220831 02,3052.0634765625
70_20220831 03,2935.59814453125
70_20220831 04,2906.340576171875
70_20220831 05,2924.4677734375
70_20220831 06,3711.8984375
70_20220831 07,4985.47509765625
70_20220831 08,5680.85498046875
70_20220831 09,6038.25146484375
70_20220831 10,6295.529296875
70_20220831 11,6304.51416015625
70_20220831 12,6246.255859375
70_20220831 13,6215.68701171875
70_20220831 14,6266.71435546875
70_20220831 15,6317.77783203125
70_20220831 16,6283.724609375
70_20220831 17,5875.33544921875
70_20220831 18,4800.2412109375
70_20220831 19,3747.754638671875
70_20220831 20,3549.01025390625
70_20220831 21,3449.080322265625
70_20220831 22,3258.556396484375
70_20220831 23,3041.191162109375
71_20220825 00,2329.051025390625
71_20220825 01,2317.011474609375
71_20220825 02,2312.9326171875
71_20220825 03,2311.932861328125
71_20220825 04,2304.345458984375
71_20220825 05,1906.4827880859375
71_20220825 06,1901.729248046875
71_20220825 07,1946.8980712890625
71_20220825 08,2273.58349609375
71_20220825 09,2603.948974609375
71_20220825 10,2212.503662109375
71_20220825 11,2199.408203125
71_20220825 12,2585.410400390625
71_20220825 13,2376.516845703125
71_20220825 14,2458.2177734375
71_20220825 15,2749.996337890625
71_20220825 16,2846.2666015625
71_20220825 17,2625.625
71_20220825 18,2137.56982421875
71_20220825 19,2003.6444091796875
71_20220825 20,1951.29443359375
71_20220825 21,1908.51025390625
71_20220825 22,1868.1544189453125
71_20220825 23,1840.30517578125
71_20220826 00,2202.480712890625
71_20220826 01,2179.347412109375
71_20220826 02,2168.711181640625
71_20220826 03,2157.93896484375
71_20220826 04,2155.992431640625
71_20220826 05,1831.1854248046875
71_20220826 06,1828.2208251953125
71_20220826 07,1858.5440673828125
71_20220826 08,2022.452392578125
71_20220826 09,2300.277587890625
71_20220826 10,1993.5128173828125
71_20220826 11,2001.3836669921875
71_20220826 12,2418.644775390625
71_20220826 13,2071.990234375
71_20220826 14,2115.942138671875
71_20220826 15,2463.111083984375
71_20220826 16,2489.593505859375
71_20220826 17,2270.429931640625
71_20220826 18,2051.278076171875
71_20220826 19,1909.79150390625
71_20220826 20,1843.9532470703125
71_20220826 21,1815.940673828125
71_20220826 22,1798.4805908203125
71_20220826 23,1785.018798828125
71_20220827 00,2160.24462890625
71_20220827 01,2153.027587890625
71_20220827 02,2141.41943359375
71_20220827 03,2114.208740234375
71_20220827 04,2098.771484375
71_20220827 05,1724.7987060546875
71_20220827 06,1693.29443359375
71_20220827 07,1684.349609375
71_20220827 08,1668.0343017578125
71_20220827 09,1667.91064453125
71_20220827 10,1233.4476318359375
71_20220827 11,1233.44091796875
71_20220827 12,1633.3262939453125
71_20220827 13,1295.480712890625
71_20220827 14,1231.903564453125
71_20220827 15,1553.2840576171875
71_20220827 16,1753.3734130859375
71_20220827 17,1754.2784423828125
71_20220827 18,1741.1453857421875
71_20220827 19,1744.09375
71_20220827 20,1747.15673828125
71_20220827 21,1738.44873046875
71_20220827 22,1731.6221923828125
71_20220827 23,1721.1807861328125
71_20220828 00,1719.6014404296875
71_20220828 01,1721.57568359375
71_20220828 02,1718.2835693359375
71_20220828 03,1718.0018310546875
71_20220828 04,1718.44921875
71_20220828 05,1685.80419921875
71_20220828 06,1668.0120849609375
71_20220828 07,1656.1580810546875
71_20220828 08,1643.7550048828125
71_20220828 09,1634.0289306640625
71_20220828 10,1610.520751953125
71_20220828 11,1611.6495361328125
71_20220828 12,1640.01025390625
71_20220828 13,1634.9395751953125
71_20220828 14,1659.9910888671875
71_20220828 15,1682.6268310546875
71_20220828 16,1756.8988037109375
71_20220828 17,1763.20849609375
71_20220828 18,1749.2684326171875
71_20220828 19,1750.117919921875
71_20220828 20,1753.2823486328125
71_20220828 21,1755.89306640625
71_20220828 22,1749.4742431640625
71_20220828 23,1743.80517578125
71_20220829 00,2055.2236328125
71_20220829 01,2048.834228515625
71_20220829 02,2054.89111328125
71_20220829 03,2050.229248046875
71_20220829 04,2048.03369140625
71_20220829 05,1755.498046875
71_20220829 06,1759.33935546875
71_20220829 07,1791.660888671875
71_20220829 08,1934.9378662109375
71_20220829 09,2191.603759765625
71_20220829 10,1931.8699951171875
71_20220829 11,1935.14990234375
71_20220829 12,2325.6845703125
71_20220829 13,2101.845458984375
71_20220829 14,2174.283203125
71_20220829 15,2431.154296875
71_20220829 16,2466.05126953125
71_20220829 17,2323.759521484375
71_20220829 18,2049.160400390625
71_20220829 19,1945.586669921875
71_20220829 20,1886.8070068359375
71_20220829 21,1844.1781005859375
71_20220829 22,1814.93408203125
71_20220829 23,1785.0614013671875
71_20220830 00,2089.653076171875
71_20220830 01,2088.172119140625
71_20220830 02,2082.560302734375
71_20220830 03,2081.51953125
71_20220830 04,2081.51953125
71_20220830 05,1777.560546875
71_20220830 06,1776.435546875
71_20220830 07,1804.3829345703125
71_20220830 08,1957.6168212890625
71_20220830 09,2239.873046875
71_20220830 10,1974.6453857421875
71_20220830 11,1968.0919189453125
71_20220830 12,2346.8994140625
71_20220830 13,2101.1806640625
71_20220830 14,2185.13232421875
71_20220830 15,2403.264404296875
71_20220830 16,2475.19287109375
71_20220830 17,2352.474609375
71_20220830 18,2073.11669921875
71_20220830 19,1978.8758544921875
71_20220830 20,1899.673828125
71_20220830 21,1870.771484375
71_20220830 22,1815.326904296875
71_20220830 23,1793.9234619140625
71_20220831 00,2085.18017578125
71_20220831 01,2084.79345703125
71_20220831 02,2084.629150390625
71_20220831 03,2083.287353515625
71_20220831 04,2076.810302734375
71_20220831 05,1778.1546630859375
71_20220831 06,1778.0174560546875
71_20220831 07,1803.9569091796875
71_20220831 08,1945.8839111328125
71_20220831 09,2207.89990234375
71_20220831 10,1930.48681640625
71_20220831 11,1927.918701171875
71_20220831 12,2314.27001953125
71_20220831 13,2078.699951171875
71_20220831 14,2202.6220703125
71_20220831 15,2409.082763671875
71_20220831 16,2442.683837890625
71_20220831 17,2315.3408203125
71_20220831 18,2049.170166015625
71_20220831 19,1964.5050048828125
71_20220831 20,1860.38134765625
71_20220831 21,1793.39306640625
71_20220831 22,1775.5452880859375
71_20220831 23,1763.705078125
72_20220825 00,1254.341552734375
72_20220825 01,1248.907470703125
72_20220825 02,1242.6131591796875
72_20220825 03,1240.4796142578125
72_20220825 04,1239.353759765625
72_20220825 05,1241.2227783203125
72_20220825 06,1284.5380859375
72_20220825 07,1363.05419921875
72_20220825 08,1360.7703857421875
72_20220825 09,1447.47119140625
72_20220825 10,1461.1856689453125
72_20220825 11,1458.204345703125
72_20220825 12,1454.8887939453125
72_20220825 13,1460.009521484375
72_20220825 14,1466.53271484375
72_20220825 15,1491.8387451171875
72_20220825 16,1475.88720703125
72_20220825 17,1401.7188720703125
72_20220825 18,1351.7288818359375
72_20220825 19,1300.2569580078125
72_20220825 20,1285.60302734375
72_20220825 21,1274.3282470703125
72_20220825 22,1262.4591064453125
72_20220825 23,1253.4833984375
72_20220826 00,1239.15771484375
72_20220826 01,1222.131591796875
72_20220826 02,1219.1058349609375
72_20220826 03,1217.8341064453125
72_20220826 04,1214.222900390625
72_20220826 05,1219.1602783203125
72_20220826 06,1254.024169921875
72_20220826 07,1328.95849609375
72_20220826 08,1321.3839111328125
72_20220826 09,1393.849365234375
72_20220826 10,1435.0887451171875
72_20220826 11,1442.6026611328125
72_20220826 12,1438.527099609375
72_20220826 13,1451.7908935546875
72_20220826 14,1453.3646240234375
72_20220826 15,1463.2308349609375
72_20220826 16,1468.04541015625
72_20220826 17,1402.996826171875
72_20220826 18,1348.9879150390625
72_20220826 19,1301.485107421875
72_20220826 20,1285.1328125
72_20220826 21,1269.8963623046875
72_20220826 22,1263.745849609375
72_20220826 23,1255.4620361328125
72_20220827 00,1222.9490966796875
72_20220827 01,1227.3975830078125
72_20220827 02,1211.09228515625
72_20220827 03,1209.834228515625
72_20220827 04,1211.4632568359375
72_20220827 05,1211.01220703125
72_20220827 06,1212.6085205078125
72_20220827 07,1222.3360595703125
72_20220827 08,1223.029296875
72_20220827 09,1229.1903076171875
72_20220827 10,1252.7786865234375
72_20220827 11,1263.45068359375
72_20220827 12,1267.581787109375
72_20220827 13,1268.531494140625
72_20220827 14,1268.462158203125
72_20220827 15,1270.20849609375
72_20220827 16,1272.863037109375
72_20220827 17,1272.8363037109375
72_20220827 18,1261.8084716796875
72_20220827 19,1249.9530029296875
72_20220827 20,1252.457763671875
72_20220827 21,1249.65283203125
72_20220827 22,1228.53955078125
72_20220827 23,1223.021484375
72_20220828 00,1217.155029296875
72_20220828 01,1216.505126953125
72_20220828 02,1212.782470703125
72_20220828 03,1211.897216796875
72_20220828 04,1212.40576171875
72_20220828 05,1212.8114013671875
72_20220828 06,1214.000732421875
72_20220828 07,1217.11474609375
72_20220828 08,1227.275634765625
72_20220828 09,1223.9317626953125
72_20220828 10,1221.1226806640625
72_20220828 11,1238.073974609375
72_20220828 12,1252.72265625
72_20220828 13,1258.0091552734375
72_20220828 14,1258.85986328125
72_20220828 15,1272.7352294921875
72_20220828 16,1276.9412841796875
72_20220828 17,1275.468017578125
72_20220828 18,1271.3428955078125
72_20220828 19,1265.30029296875
72_20220828 20,1265.5391845703125
72_20220828 21,1253.7373046875
72_20220828 22,1236.020751953125
72_20220828 23,1223.256591796875
72_20220829 00,1223.34033203125
72_20220829 01,1214.8397216796875
72_20220829 02,1212.62158203125
72_20220829 03,1212.4512939453125
72_20220829 04,1212.5889892578125
72_20220829 05,1212.675048828125
72_20220829 06,1240.46630859375
72_20220829 07,1329.365234375
72_20220829 08,1309.3790283203125
72_20220829 09,1365.216552734375
72_20220829 10,1438.8009033203125
72_20220829 11,1439.07568359375
72_20220829 12,1432.0479736328125
72_20220829 13,1450.4180908203125
72_20220829 14,1445.01318359375
72_20220829 15,1446.6978759765625
72_20220829 16,1435.8939208984375
72_20220829 17,1363.88916015625
72_20220829 18,1343.39111328125
72_20220829 19,1296.2872314453125
72_20220829 20,1284.760498046875
72_20220829 21,1267.8741455078125
72_20220829 22,1263.4112548828125
72_20220829 23,1254.0020751953125
72_20220830 00,1224.9639892578125
72_20220830 01,1216.5255126953125
72_20220830 02,1212.55322265625
72_20220830 03,1211.364990234375
72_20220830 04,1216.8087158203125
72_20220830 05,1211.958740234375
72_20220830 06,1256.9432373046875
72_20220830 07,1330.2359619140625
72_20220830 08,1324.4490966796875
72_20220830 09,1417.2200927734375
72_20220830 10,1464.4227294921875
72_20220830 11,1480.4638671875
72_20220830 12,1479.83154296875
72_20220830 13,1484.07177734375
72_20220830 14,1481.67333984375
72_20220830 15,1485.9200439453125
72_20220830 16,1506.5191650390625
72_20220830 17,1424.5518798828125
72_20220830 18,1393.4091796875
72_20220830 19,1341.0242919921875
72_20220830 20,1311.29443359375
72_20220830 21,1299.0323486328125
72_20220830 22,1282.9246826171875
72_20220830 23,1272.2000732421875
72_20220831 00,1237.1202392578125
72_20220831 01,1227.0042724609375
72_20220831 02,1226.358642578125
72_20220831 03,1223.09716796875
72_20220831 04,1216.07177734375
72_20220831 05,1214.5267333984375
72_20220831 06,1255.58349609375
72_20220831 07,1329.48974609375
72_20220831 08,1318.90576171875
72_20220831 09,1395.9527587890625
72_20220831 10,1466.70751953125
72_20220831 11,1462.87158203125
72_20220831 12,1441.8892822265625
72_20220831 13,1435.185546875
72_20220831 14,1438.222900390625
72_20220831 15,1427.795166015625
72_20220831 16,1414.0478515625
72_20220831 17,1348.406494140625
72_20220831 18,1342.2821044921875
72_20220831 19,1284.54248046875
72_20220831 20,1271.3853759765625
72_20220831 21,1261.1136474609375
72_20220831 22,1257.4129638671875
72_20220831 23,1232.7218017578125
73_20220825 00,3189.904541015625
73_20220825 01,3182.291259765625
73_20220825 02,3136.960693359375
73_20220825 03,3101.176025390625
73_20220825 04,3105.977294921875
73_20220825 05,3117.43115234375
73_20220825 06,3273.0419921875
73_20220825 07,3543.797607421875
73_20220825 08,3726.114990234375
73_20220825 09,3799.364013671875
73_20220825 10,3824.781005859375
73_20220825 11,3864.873291015625
73_20220825 12,3862.154052734375
73_20220825 13,3863.402099609375
73_20220825 14,3823.927978515625
73_20220825 15,3820.789794921875
73_20220825 16,3817.486572265625
73_20220825 17,3773.105224609375
73_20220825 18,3623.3544921875
73_20220825 19,3543.9560546875
73_20220825 20,3464.49853515625
73_20220825 21,3385.545166015625
73_20220825 22,3151.2255859375
73_20220825 23,3080.281005859375
73_20220826 00,2990.068115234375
73_20220826 01,2961.41015625
73_20220826 02,2969.723388671875
73_20220826 03,2967.149658203125
73_20220826 04,2963.08203125
73_20220826 05,2970.9931640625
73_20220826 06,3162.5107421875
73_20220826 07,3445.047119140625
73_20220826 08,3623.269775390625
73_20220826 09,3693.52978515625
73_20220826 10,3768.679931640625
73_20220826 11,3846.174072265625
73_20220826 12,3857.1220703125
73_20220826 13,3878.170166015625
73_20220826 14,3885.3203125
73_20220826 15,3869.407958984375
73_20220826 16,3844.71728515625
73_20220826 17,3754.6513671875
73_20220826 18,3658.50390625
73_20220826 19,3529.82568359375
73_20220826 20,3454.510986328125
73_20220826 21,3336.114990234375
73_20220826 22,3107.203125
73_20220826 23,3042.346923828125
73_20220827 00,2926.411865234375
73_20220827 01,2899.088134765625
73_20220827 02,2886.419189453125
73_20220827 03,2875.0673828125
73_20220827 04,2871.916259765625
73_20220827 05,2839.169677734375
73_20220827 06,2936.031982421875
73_20220827 07,3016.698486328125
73_20220827 08,3131.922119140625
73_20220827 09,3155.1044921875
73_20220827 10,3179.703857421875
73_20220827 11,3218.355712890625
73_20220827 12,3253.194580078125
73_20220827 13,3255.421142578125
73_20220827 14,3271.89306640625
73_20220827 15,3272.953857421875
73_20220827 16,3282.595458984375
73_20220827 17,3303.999267578125
73_20220827 18,3191.88134765625
73_20220827 19,3158.0732421875
73_20220827 20,3123.06103515625
73_20220827 21,3097.681396484375
73_20220827 22,2944.929931640625
73_20220827 23,2858.1845703125
73_20220828 00,2833.64404296875
73_20220828 01,2824.5869140625
73_20220828 02,2835.38623046875
73_20220828 03,2833.8154296875
73_20220828 04,2843.876708984375
73_20220828 05,2842.355224609375
73_20220828 06,2926.39990234375
73_20220828 07,3022.23681640625
73_20220828 08,3062.3359375
73_20220828 09,3055.430419921875
73_20220828 10,3103.582275390625
73_20220828 11,3166.210693359375
73_20220828 12,3166.057861328125
73_20220828 13,3151.648681640625
73_20220828 14,3138.179931640625
73_20220828 15,3161.457763671875
73_20220828 16,3165.06005859375
73_20220828 17,3177.1240234375
73_20220828 18,3192.456298828125
73_20220828 19,3205.066650390625
73_20220828 20,3166.9609375
73_20220828 21,3155.49609375
73_20220828 22,2995.573486328125
73_20220828 23,2949.13427734375
73_20220829 00,2893.48193359375
73_20220829 01,2909.566650390625
73_20220829 02,2874.982421875
73_20220829 03,2845.099365234375
73_20220829 04,2855.855712890625
73_20220829 05,2846.769287109375
73_20220829 06,3037.01318359375
73_20220829 07,3375.36865234375
73_20220829 08,3546.734619140625
73_20220829 09,3588.84130859375
73_20220829 10,3620.90234375
73_20220829 11,3638.436767578125
73_20220829 12,3633.582763671875
73_20220829 13,3636.835693359375
73_20220829 14,3642.045166015625
73_20220829 15,3643.3876953125
73_20220829 16,3610.232177734375
73_20220829 17,3570.07958984375
73_20220829 18,3495.64990234375
73_20220829 19,3431.831298828125
73_20220829 20,3376.010986328125
73_20220829 21,3277.430419921875
73_20220829 22,3017.63916015625
73_20220829 23,2930.5869140625
73_20220830 00,2839.532958984375
73_20220830 01,2860.584228515625
73_20220830 02,2902.230712890625
73_20220830 03,2888.916259765625
73_20220830 04,2913.9892578125
73_20220830 05,2919.603515625
73_20220830 06,3105.720458984375
73_20220830 07,3405.37646484375
73_20220830 08,3572.5439453125
73_20220830 09,3642.258056640625
73_20220830 10,3647.3984375
73_20220830 11,3676.41162109375
73_20220830 12,3674.87109375
73_20220830 13,3694.99609375
73_20220830 14,3690.961669921875
73_20220830 15,3678.072021484375
73_20220830 16,3676.45849609375
73_20220830 17,3639.6982421875
73_20220830 18,3566.3515625
73_20220830 19,3466.304443359375
73_20220830 20,3381.65234375
73_20220830 21,3281.61328125
73_20220830 22,3015.090576171875
73_20220830 23,2951.316650390625
73_20220831 00,2846.050537109375
73_20220831 01,2830.862060546875
73_20220831 02,2831.580810546875
73_20220831 03,2831.971435546875
73_20220831 04,2833.67236328125
73_20220831 05,2867.849365234375
73_20220831 06,3053.946044921875
73_20220831 07,3378.06640625
73_20220831 08,3576.53759765625
73_20220831 09,3610.791259765625
73_20220831 10,3624.478759765625
73_20220831 11,3656.759521484375
73_20220831 12,3651.575927734375
73_20220831 13,3662.8828125
73_20220831 14,3666.163330078125
73_20220831 15,3668.821044921875
73_20220831 16,3648.771728515625
73_20220831 17,3576.61865234375
73_20220831 18,3491.684326171875
73_20220831 19,3428.70458984375
73_20220831 20,3349.9462890625
73_20220831 21,3267.171630859375
73_20220831 22,3028.577392578125
73_20220831 23,3003.480224609375
74_20220825 00,3144.051025390625
74_20220825 01,3117.554931640625
74_20220825 02,3029.528076171875
74_20220825 03,2854.162109375
74_20220825 04,3001.489990234375
74_20220825 05,5233.29736328125
74_20220825 06,5684.68017578125
74_20220825 07,5985.05615234375
74_20220825 08,6107.1513671875
74_20220825 09,6132.04833984375
74_20220825 10,6137.75146484375
74_20220825 11,6135.3125
74_20220825 12,6131.87451171875
74_20220825 13,5736.107421875
74_20220825 14,5747.3466796875
74_20220825 15,5612.27783203125
74_20220825 16,5569.78564453125
74_20220825 17,5554.45361328125
74_20220825 18,4293.97314453125
74_20220825 19,3611.93115234375
74_20220825 20,2987.586669921875
74_20220825 21,2767.914306640625
74_20220825 22,2579.14794921875
74_20220825 23,2853.30810546875
74_20220826 00,2807.91552734375
74_20220826 01,2831.343017578125
74_20220826 02,2824.777587890625
74_20220826 03,2823.987060546875
74_20220826 04,2954.109130859375
74_20220826 05,4587.78515625
74_20220826 06,5109.0947265625
74_20220826 07,5579.947265625
74_20220826 08,5720.81103515625
74_20220826 09,5734.8447265625
74_20220826 10,5804.69970703125
74_20220826 11,5812.71435546875
74_20220826 12,5792.072265625
74_20220826 13,5424.03857421875
74_20220826 14,5527.587890625
74_20220826 15,5456.15087890625
74_20220826 16,5291.80810546875
74_20220826 17,5302.345703125
74_20220826 18,4227.48486328125
74_20220826 19,3656.438232421875
74_20220826 20,3043.67333984375
74_20220826 21,2802.821044921875
74_20220826 22,2538.876220703125
74_20220826 23,3157.66796875
74_20220827 00,3142.198974609375
74_20220827 01,3095.980224609375
74_20220827 02,2952.25
74_20220827 03,2922.93408203125
74_20220827 04,2898.247802734375
74_20220827 05,2894.731201171875
74_20220827 06,2884.177978515625
74_20220827 07,2768.9638671875
74_20220827 08,2508.289306640625
74_20220827 09,2474.018798828125
74_20220827 10,2452.958740234375
74_20220827 11,2435.758544921875
74_20220827 12,2471.85693359375
74_20220827 13,2469.6591796875
74_20220827 14,2486.138916015625
74_20220827 15,2492.71826171875
74_20220827 16,2483.013671875
74_20220827 17,2503.739990234375
74_20220827 18,2513.286865234375
74_20220827 19,2618.261962890625
74_20220827 20,2592.095947265625
74_20220827 21,2595.970458984375
74_20220827 22,2535.28515625
74_20220827 23,2441.709228515625
74_20220828 00,2422.802490234375
74_20220828 01,2425.78369140625
74_20220828 02,2414.691650390625
74_20220828 03,2394.720947265625
74_20220828 04,2396.4833984375
74_20220828 05,2426.8359375
74_20220828 06,2430.82568359375
74_20220828 07,2452.004638671875
74_20220828 08,2439.968017578125
74_20220828 09,2415.498046875
74_20220828 10,2402.032470703125
74_20220828 11,2395.57861328125
74_20220828 12,2411.7197265625
74_20220828 13,2408.693603515625
74_20220828 14,2436.818115234375
74_20220828 15,2446.912353515625
74_20220828 16,2461.14501953125
74_20220828 17,2481.3759765625
74_20220828 18,2492.142822265625
74_20220828 19,2778.1044921875
74_20220828 20,2785.322509765625
74_20220828 21,2759.779296875
74_20220828 22,2648.131103515625
74_20220828 23,2471.716796875
74_20220829 00,2389.7646484375
74_20220829 01,2378.530029296875
74_20220829 02,2388.4853515625
74_20220829 03,2346.75146484375
74_20220829 04,2897.607177734375
74_20220829 05,4273.763671875
74_20220829 06,4976.9794921875
74_20220829 07,5497.5205078125
74_20220829 08,5679.29296875
74_20220829 09,5640.44677734375
74_20220829 10,5757.353515625
74_20220829 11,5760.07080078125
74_20220829 12,5662.44384765625
74_20220829 13,5410.779296875
74_20220829 14,5421.255859375
74_20220829 15,5341.8720703125
74_20220829 16,5291.458984375
74_20220829 17,5180.044921875
74_20220829 18,4125.42138671875
74_20220829 19,3517.706298828125
74_20220829 20,2911.634521484375
74_20220829 21,2758.39013671875
74_20220829 22,2711.7451171875
74_20220829 23,2783.400390625
74_20220830 00,2779.525146484375
74_20220830 01,2773.5029296875
74_20220830 02,2785.621826171875
74_20220830 03,2834.02197265625
74_20220830 04,3189.703369140625
74_20220830 05,4574.81298828125
74_20220830 06,4930.642578125
74_20220830 07,5383.099609375
74_20220830 08,5606.927734375
74_20220830 09,5669.044921875
74_20220830 10,5698.16064453125
74_20220830 11,5646.2373046875
74_20220830 12,5708.662109375
74_20220830 13,5320.146484375
74_20220830 14,5333.93408203125
74_20220830 15,5284.85107421875
74_20220830 16,5131.98876953125
74_20220830 17,5085.318359375
74_20220830 18,4177.46044921875
74_20220830 19,3557.676513671875
74_20220830 20,2875.0322265625
74_20220830 21,2760.130859375
74_20220830 22,2594.2978515625
74_20220830 23,2856.3837890625
74_20220831 00,2846.64892578125
74_20220831 01,2842.637451171875
74_20220831 02,2829.48486328125
74_20220831 03,2809.778564453125
74_20220831 04,2943.568603515625
74_20220831 05,4537.693359375
74_20220831 06,5015.03955078125
74_20220831 07,5453.96142578125
74_20220831 08,5620.17626953125
74_20220831 09,5628.54248046875
74_20220831 10,5679.22802734375
74_20220831 11,5642.8232421875
74_20220831 12,5654.16845703125
74_20220831 13,5353.51513671875
74_20220831 14,5364.50341796875
74_20220831 15,5257.376953125
74_20220831 16,5211.466796875
74_20220831 17,5132.080078125
74_20220831 18,4163.2939453125
74_20220831 19,3596.827392578125
74_20220831 20,2987.76025390625
74_20220831 21,2747.167236328125
74_20220831 22,2509.915771484375
74_20220831 23,2841.183837890625
75_20220825 00,1317.92529296875
75_20220825 01,1328.2958984375
75_20220825 02,1301.5948486328125
75_20220825 03,1346.1727294921875
75_20220825 04,1317.318115234375
75_20220825 05,1316.902099609375
75_20220825 06,1300.6456298828125
75_20220825 07,1458.6815185546875
75_20220825 08,1506.4678955078125
75_20220825 09,1618.61083984375
75_20220825 10,1623.5191650390625
75_20220825 11,1623.5191650390625
75_20220825 12,1623.5191650390625
75_20220825 13,1623.5191650390625
75_20220825 14,1623.5191650390625
75_20220825 15,1623.5191650390625
75_20220825 16,1589.007080078125
75_20220825 17,1578.9813232421875
75_20220825 18,1357.1715087890625
75_20220825 19,1355.189453125
75_20220825 20,1342.0054931640625
75_20220825 21,1354.764404296875
75_20220825 22,1321.066650390625
75_20220825 23,1354.8179931640625
75_20220826 00,1317.92529296875
75_20220826 01,1328.6466064453125
75_20220826 02,1301.5948486328125
75_20220826 03,1347.3731689453125
75_20220826 04,1317.318115234375
75_20220826 05,1317.318115234375
75_20220826 06,1300.6456298828125
75_20220826 07,1428.69384765625
75_20220826 08,1493.7196044921875
75_20220826 09,1619.518798828125
75_20220826 10,1619.518798828125
75_20220826 11,1619.518798828125
75_20220826 12,1577.5213623046875
75_20220826 13,1593.80908203125
75_20220826 14,1576.2774658203125
75_20220826 15,1543.3614501953125
75_20220826 16,1501.4906005859375
75_20220826 17,1497.236328125
75_20220826 18,1320.9903564453125
75_20220826 19,1344.95068359375
75_20220826 20,1325.5867919921875
75_20220826 21,1348.39306640625
75_20220826 22,1308.56298828125
75_20220826 23,1351.89501953125
75_20220827 00,1308.083251953125
75_20220827 01,1317.6239013671875
75_20220827 02,1290.304443359375
75_20220827 03,1334.7982177734375
75_20220827 04,1304.27490234375
75_20220827 05,1302.819580078125
75_20220827 06,1280.3885498046875
75_20220827 07,1350.7054443359375
75_20220827 08,1403.59326171875
75_20220827 09,1493.7196044921875
75_20220827 10,1493.4984130859375
75_20220827 11,1516.997314453125
75_20220827 12,1494.8367919921875
75_20220827 13,1557.9764404296875
75_20220827 14,1556.88623046875
75_20220827 15,1558.5430908203125
75_20220827 16,1495.2894287109375
75_20220827 17,1425.2237548828125
75_20220827 18,1291.501953125
75_20220827 19,1320.3846435546875
75_20220827 20,1317.92529296875
75_20220827 21,1344.73095703125
75_20220827 22,1307.955810546875
75_20220827 23,1352.0584716796875
75_20220828 00,1307.5867919921875
75_20220828 01,1317.6239013671875
75_20220828 02,1290.304443359375
75_20220828 03,1336.232666015625
75_20220828 04,1304.27490234375
75_20220828 05,1302.819580078125
75_20220828 06,1280.3885498046875
75_20220828 07,1349.286376953125
75_20220828 08,1385.7071533203125
75_20220828 09,1483.1131591796875
75_20220828 10,1482.7069091796875
75_20220828 11,1509.865966796875
75_20220828 12,1483.823974609375
75_20220828 13,1509.865966796875
75_20220828 14,1503.9476318359375
75_20220828 15,1509.865966796875
75_20220828 16,1483.823974609375
75_20220828 17,1476.2894287109375
75_20220828 18,1302.1199951171875
75_20220828 19,1323.5262451171875
75_20220828 20,1317.92529296875
75_20220828 21,1345.6817626953125
75_20220828 22,1308.4522705078125
75_20220828 23,1352.1229248046875
75_20220829 00,1308.56298828125
75_20220829 01,1310.14697265625
75_20220829 02,1290.732177734375
75_20220829 03,1333.2198486328125
75_20220829 04,1307.955810546875
75_20220829 05,1307.955810546875
75_20220829 06,1280.3885498046875
75_20220829 07,1317.8753662109375
75_20220829 08,1362.4085693359375
75_20220829 09,1410.7894287109375
75_20220829 10,1410.4586181640625
75_20220829 11,1430.1326904296875
75_20220829 12,1410.7894287109375
75_20220829 13,1445.5150146484375
75_20220829 14,1432.593994140625
75_20220829 15,1458.69140625
75_20220829 16,1407.3431396484375
75_20220829 17,1445.8663330078125
75_20220829 18,1356.0850830078125
75_20220829 19,1349.9266357421875
75_20220829 20,1325.9703369140625
75_20220829 21,1350.6915283203125
75_20220829 22,1308.56298828125
75_20220829 23,1352.8778076171875
75_20220830 00,1308.56298828125
75_20220830 01,1310.14697265625
75_20220830 02,1290.732177734375
75_20220830 03,1333.2198486328125
75_20220830 04,1307.955810546875
75_20220830 05,1307.955810546875
75_20220830 06,1289.7828369140625
75_20220830 07,1412.6309814453125
75_20220830 08,1477.9874267578125
75_20220830 09,1570.2371826171875
75_20220830 10,1528.7176513671875
75_20220830 11,1584.786376953125
75_20220830 12,1569.6190185546875
75_20220830 13,1570.2371826171875
75_20220830 14,1574.0841064453125
75_20220830 15,1588.7049560546875
75_20220830 16,1562.655029296875
75_20220830 17,1564.797607421875
75_20220830 18,1353.9044189453125
75_20220830 19,1350.694580078125
75_20220830 20,1338.3314208984375
75_20220830 21,1352.2972412109375
75_20220830 22,1317.92529296875
75_20220830 23,1353.549560546875
75_20220831 00,1309.3074951171875
75_20220831 01,1319.0126953125
75_20220831 02,1301.5948486328125
75_20220831 03,1338.5831298828125
75_20220831 04,1307.955810546875
75_20220831 05,1307.955810546875
75_20220831 06,1289.7828369140625
75_20220831 07,1412.6759033203125
75_20220831 08,1477.671142578125
75_20220831 09,1625.6563720703125
75_20220831 10,1625.6563720703125
75_20220831 11,1625.6563720703125
75_20220831 12,1625.6563720703125
75_20220831 13,1625.6563720703125
75_20220831 14,1625.6563720703125
75_20220831 15,1625.6563720703125
75_20220831 16,1567.45849609375
75_20220831 17,1565.6571044921875
75_20220831 18,1352.2064208984375
75_20220831 19,1351.014892578125
75_20220831 20,1338.8895263671875
75_20220831 21,1352.2972412109375
75_20220831 22,1317.92529296875
75_20220831 23,1353.9044189453125
76_20220825 00,1168.127197265625
76_20220825 01,1161.7437744140625
76_20220825 02,1160.9288330078125
76_20220825 03,1146.3604736328125
76_20220825 04,1146.9368896484375
76_20220825 05,1146.9368896484375
76_20220825 06,1156.959228515625
76_20220825 07,1178.8094482421875
76_20220825 08,1232.946044921875
76_20220825 09,1311.2032470703125
76_20220825 10,1319.2047119140625
76_20220825 11,1330.01904296875
76_20220825 12,1320.619140625
76_20220825 13,1340.55615234375
76_20220825 14,1347.40869140625
76_20220825 15,1349.967041015625
76_20220825 16,1351.69189453125
76_20220825 17,1341.0606689453125
76_20220825 18,1286.02587890625
76_20220825 19,1256.0584716796875
76_20220825 20,1231.9857177734375
76_20220825 21,1228.7310791015625
76_20220825 22,1211.85009765625
76_20220825 23,1198.57080078125
76_20220826 00,1173.410888671875
76_20220826 01,1162.7373046875
76_20220826 02,1142.566650390625
76_20220826 03,1151.5223388671875
76_20220826 04,1155.545166015625
76_20220826 05,1140.99853515625
76_20220826 06,1155.2679443359375
76_20220826 07,1179.637451171875
76_20220826 08,1226.4779052734375
76_20220826 09,1292.8585205078125
76_20220826 10,1318.3282470703125
76_20220826 11,1316.1617431640625
76_20220826 12,1317.9090576171875
76_20220826 13,1341.7850341796875
76_20220826 14,1343.6759033203125
76_20220826 15,1341.300537109375
76_20220826 16,1339.482177734375
76_20220826 17,1332.72265625
76_20220826 18,1254.5880126953125
76_20220826 19,1219.89013671875
76_20220826 20,1198.7593994140625
76_20220826 21,1185.5189208984375
76_20220826 22,1170.8983154296875
76_20220826 23,1153.0809326171875
76_20220827 00,1132.3172607421875
76_20220827 01,1130.9822998046875
76_20220827 02,1113.0616455078125
76_20220827 03,1108.3101806640625
76_20220827 04,1120.9815673828125
76_20220827 05,1106.5704345703125
76_20220827 06,1097.0657958984375
76_20220827 07,1090.468505859375
76_20220827 08,1087.43017578125
76_20220827 09,1082.3887939453125
76_20220827 10,1081.8653564453125
76_20220827 11,1081.1641845703125
76_20220827 12,1082.5281982421875
76_20220827 13,1082.9727783203125
76_20220827 14,1098.1910400390625
76_20220827 15,1101.818115234375
76_20220827 16,1123.846435546875
76_20220827 17,1145.3778076171875
76_20220827 18,1134.2801513671875
76_20220827 19,1136.251953125
76_20220827 20,1125.78857421875
76_20220827 21,1137.7598876953125
76_20220827 22,1135.858642578125
76_20220827 23,1117.648681640625
76_20220828 00,1112.7509765625
76_20220828 01,1109.8878173828125
76_20220828 02,1100.1068115234375
76_20220828 03,1094.49072265625
76_20220828 04,1097.31982421875
76_20220828 05,1093.2159423828125
76_20220828 06,1089.1212158203125
76_20220828 07,1087.01611328125
76_20220828 08,1085.4344482421875
76_20220828 09,1081.8653564453125
76_20220828 10,1081.8653564453125
76_20220828 11,1081.10888671875
76_20220828 12,1078.4761962890625
76_20220828 13,1078.4761962890625
76_20220828 14,1082.83349609375
76_20220828 15,1093.4403076171875
76_20220828 16,1120.0860595703125
76_20220828 17,1137.2774658203125
76_20220828 18,1147.212158203125
76_20220828 19,1135.6668701171875
76_20220828 20,1123.3626708984375
76_20220828 21,1130.598876953125
76_20220828 22,1133.7703857421875
76_20220828 23,1114.1766357421875
76_20220829 00,1110.678955078125
76_20220829 01,1100.9903564453125
76_20220829 02,1100.68115234375
76_20220829 03,1098.365966796875
76_20220829 04,1095.34228515625
76_20220829 05,1098.580322265625
76_20220829 06,1100.2816162109375
76_20220829 07,1137.1878662109375
76_20220829 08,1216.14404296875
76_20220829 09,1271.5704345703125
76_20220829 10,1306.48193359375
76_20220829 11,1308.3817138671875
76_20220829 12,1294.2874755859375
76_20220829 13,1321.7740478515625
76_20220829 14,1327.3504638671875
76_20220829 15,1327.3504638671875
76_20220829 16,1326.8134765625
76_20220829 17,1318.1978759765625
76_20220829 18,1252.501220703125
76_20220829 19,1238.1234130859375
76_20220829 20,1220.4393310546875
76_20220829 21,1218.5601806640625
76_20220829 22,1187.4332275390625
76_20220829 23,1172.791259765625
76_20220830 00,1145.4874267578125
76_20220830 01,1131.2667236328125
76_20220830 02,1131.2667236328125
76_20220830 03,1132.9805908203125
76_20220830 04,1132.9805908203125
76_20220830 05,1132.9805908203125
76_20220830 06,1137.5582275390625
76_20220830 07,1159.736572265625
76_20220830 08,1221.7464599609375
76_20220830 09,1297.4732666015625
76_20220830 10,1323.6531982421875
76_20220830 11,1326.8624267578125
76_20220830 12,1315.596435546875
76_20220830 13,1340.4566650390625
76_20220830 14,1339.880859375
76_20220830 15,1340.4969482421875
76_20220830 16,1340.4969482421875
76_20220830 17,1334.7569580078125
76_20220830 18,1275.15673828125
76_20220830 19,1254.1729736328125
76_20220830 20,1230.9935302734375
76_20220830 21,1223.2457275390625
76_20220830 22,1208.095458984375
76_20220830 23,1187.135009765625
76_20220831 00,1158.0821533203125
76_20220831 01,1149.4356689453125
76_20220831 02,1139.1407470703125
76_20220831 03,1134.14306640625
76_20220831 04,1135.1507568359375
76_20220831 05,1134.14306640625
76_20220831 06,1147.1636962890625
76_20220831 07,1164.78125
76_20220831 08,1222.5992431640625
76_20220831 09,1289.7437744140625
76_20220831 10,1326.9288330078125
76_20220831 11,1326.7110595703125
76_20220831 12,1311.8797607421875
76_20220831 13,1333.2376708984375
76_20220831 14,1339.0316162109375
76_20220831 15,1335.596435546875
76_20220831 16,1336.785888671875
76_20220831 17,1323.192626953125
76_20220831 18,1260.1265869140625
76_20220831 19,1236.0662841796875
76_20220831 20,1225.0550537109375
76_20220831 21,1218.5601806640625
76_20220831 22,1193.3651123046875
76_20220831 23,1173.9510498046875
77_20220825 00,1109.44677734375
77_20220825 01,1068.842041015625
77_20220825 02,955.5427856445312
77_20220825 03,948.493408203125
77_20220825 04,960.91796875
77_20220825 05,1100.80029296875
77_20220825 06,1325.3309326171875
77_20220825 07,1792.84765625
77_20220825 08,2099.835693359375
77_20220825 09,2137.0869140625
77_20220825 10,2171.6201171875
77_20220825 11,2168.6474609375
77_20220825 12,2163.9599609375
77_20220825 13,2171.160400390625
77_20220825 14,2143.73974609375
77_20220825 15,2125.097900390625
77_20220825 16,2112.681640625
77_20220825 17,2009.0137939453125
77_20220825 18,1517.8421630859375
77_20220825 19,1412.2454833984375
77_20220825 20,1353.3533935546875
77_20220825 21,1276.53857421875
77_20220825 22,1208.23193359375
77_20220825 23,1194.6251220703125
77_20220826 00,1095.35205078125
77_20220826 01,1032.921875
77_20220826 02,935.656005859375
77_20220826 03,931.190185546875
77_20220826 04,952.7627563476562
77_20220826 05,1054.977294921875
77_20220826 06,1304.7442626953125
77_20220826 07,1655.4588623046875
77_20220826 08,1996.850341796875
77_20220826 09,2062.318603515625
77_20220826 10,2158.6064453125
77_20220826 11,2177.398193359375
77_20220826 12,2192.482666015625
77_20220826 13,2212.878662109375
77_20220826 14,2189.768798828125
77_20220826 15,2184.06201171875
77_20220826 16,2166.875244140625
77_20220826 17,2026.544189453125
77_20220826 18,1511.0758056640625
77_20220826 19,1385.01513671875
77_20220826 20,1329.291748046875
77_20220826 21,1262.0823974609375
77_20220826 22,1203.8372802734375
77_20220826 23,1185.7720947265625
77_20220827 00,1070.8453369140625
77_20220827 01,1014.3750610351562
77_20220827 02,943.328857421875
77_20220827 03,927.646484375
77_20220827 04,946.1486206054688
77_20220827 05,954.9579467773438
77_20220827 06,1036.89404296875
77_20220827 07,1081.34375
77_20220827 08,1153.885986328125
77_20220827 09,1171.1043701171875
77_20220827 10,1183.2603759765625
77_20220827 11,1204.90771484375
77_20220827 12,1224.280029296875
77_20220827 13,1246.7569580078125
77_20220827 14,1254.4095458984375
77_20220827 15,1259.235595703125
77_20220827 16,1262.4210205078125
77_20220827 17,1251.17431640625
77_20220827 18,1228.8355712890625
77_20220827 19,1189.93212890625
77_20220827 20,1177.4332275390625
77_20220827 21,1162.371826171875
77_20220827 22,1141.0185546875
77_20220827 23,1122.0089111328125
77_20220828 00,1029.5489501953125
77_20220828 01,988.4746704101562
77_20220828 02,927.6435546875
77_20220828 03,925.784423828125
77_20220828 04,933.5650024414062
77_20220828 05,955.5133056640625
77_20220828 06,1031.696533203125
77_20220828 07,1062.32470703125
77_20220828 08,1152.4208984375
77_20220828 09,1170.04931640625
77_20220828 10,1182.3975830078125
77_20220828 11,1211.2237548828125
77_20220828 12,1216.731201171875
77_20220828 13,1241.3470458984375
77_20220828 14,1251.4959716796875
77_20220828 15,1263.6707763671875
77_20220828 16,1271.8416748046875
77_20220828 17,1265.7015380859375
77_20220828 18,1224.71826171875
77_20220828 19,1211.0108642578125
77_20220828 20,1196.7647705078125
77_20220828 21,1165.4561767578125
77_20220828 22,1143.3162841796875
77_20220828 23,1134.9091796875
77_20220829 00,1023.8439331054688
77_20220829 01,997.0255737304688
77_20220829 02,923.1951293945312
77_20220829 03,922.9586181640625
77_20220829 04,938.9107055664062
77_20220829 05,1044.7342529296875
77_20220829 06,1299.949951171875
77_20220829 07,1688.28076171875
77_20220829 08,2008.607421875
77_20220829 09,2058.910888671875
77_20220829 10,2088.568603515625
77_20220829 11,2095.340087890625
77_20220829 12,2072.3193359375
77_20220829 13,2111.0849609375
77_20220829 14,2084.445068359375
77_20220829 15,2069.580322265625
77_20220829 16,2039.04296875
77_20220829 17,1960.5997314453125
77_20220829 18,1484.8831787109375
77_20220829 19,1377.2308349609375
77_20220829 20,1322.4727783203125
77_20220829 21,1246.4818115234375
77_20220829 22,1186.705322265625
77_20220829 23,1176.07080078125
77_20220830 00,1077.8240966796875
77_20220830 01,1025.0191650390625
77_20220830 02,937.8047485351562
77_20220830 03,925.7481079101562
77_20220830 04,944.1610717773438
77_20220830 05,1056.5670166015625
77_20220830 06,1309.8369140625
77_20220830 07,1732.8585205078125
77_20220830 08,2023.0079345703125
77_20220830 09,2071.533935546875
77_20220830 10,2111.133056640625
77_20220830 11,2110.71044921875
77_20220830 12,2087.117431640625
77_20220830 13,2105.086181640625
77_20220830 14,2086.5634765625
77_20220830 15,2078.25341796875
77_20220830 16,2067.5361328125
77_20220830 17,1968.818359375
77_20220830 18,1506.8460693359375
77_20220830 19,1389.35498046875
77_20220830 20,1329.5218505859375
77_20220830 21,1260.3375244140625
77_20220830 22,1200.405029296875
77_20220830 23,1185.8997802734375
77_20220831 00,1067.7733154296875
77_20220831 01,1008.7218627929688
77_20220831 02,925.6303100585938
77_20220831 03,923.950439453125
77_20220831 04,940.974609375
77_20220831 05,1046.51416015625
77_20220831 06,1307.546142578125
77_20220831 07,1701.755126953125
77_20220831 08,2004.07861328125
77_20220831 09,2054.766845703125
77_20220831 10,2101.201416015625
77_20220831 11,2114.615478515625
77_20220831 12,2084.530517578125
77_20220831 13,2144.912353515625
77_20220831 14,2086.781005859375
77_20220831 15,2113.2626953125
77_20220831 16,2100.685302734375
77_20220831 17,1993.920654296875
77_20220831 18,1517.6065673828125
77_20220831 19,1393.5809326171875
77_20220831 20,1330.5531005859375
77_20220831 21,1256.5633544921875
77_20220831 22,1197.7947998046875
77_20220831 23,1198.3836669921875
78_20220825 00,995.846435546875
78_20220825 01,982.1426391601562
78_20220825 02,938.4198608398438
78_20220825 03,936.0761108398438
78_20220825 04,937.8199462890625
78_20220825 05,941.444091796875
78_20220825 06,1077.096435546875
78_20220825 07,1382.587890625
78_20220825 08,2141.794677734375
78_20220825 09,2701.991943359375
78_20220825 10,2791.4462890625
78_20220825 11,2777.44091796875
78_20220825 12,2800.792236328125
78_20220825 13,2800.458740234375
78_20220825 14,2777.966064453125
78_20220825 15,2734.29638671875
78_20220825 16,2704.4033203125
78_20220825 17,2371.464599609375
78_20220825 18,1871.35302734375
78_20220825 19,1700.268798828125
78_20220825 20,1381.94970703125
78_20220825 21,1178.0003662109375
78_20220825 22,1018.6459350585938
78_20220825 23,980.670654296875
78_20220826 00,944.8884887695312
78_20220826 01,934.0453491210938
78_20220826 02,926.1441040039062
78_20220826 03,924.449951171875
78_20220826 04,923.366943359375
78_20220826 05,932.6074829101562
78_20220826 06,1048.3895263671875
78_20220826 07,1343.8465576171875
78_20220826 08,2007.6773681640625
78_20220826 09,2692.33642578125
78_20220826 10,2795.340576171875
78_20220826 11,2833.647705078125
78_20220826 12,2864.679443359375
78_20220826 13,2922.743896484375
78_20220826 14,2901.4921875
78_20220826 15,2861.96728515625
78_20220826 16,2861.5556640625
78_20220826 17,2455.5234375
78_20220826 18,1867.6558837890625
78_20220826 19,1645.776611328125
78_20220826 20,1406.5028076171875
78_20220826 21,1165.9281005859375
78_20220826 22,1010.526611328125
78_20220826 23,975.960205078125
78_20220827 00,925.6093139648438
78_20220827 01,917.6937255859375
78_20220827 02,912.9385375976562
78_20220827 03,913.0032958984375
78_20220827 04,910.2914428710938
78_20220827 05,906.120361328125
78_20220827 06,927.5455322265625
78_20220827 07,943.8419799804688
78_20220827 08,979.265869140625
78_20220827 09,1056.83740234375
78_20220827 10,1177.9229736328125
78_20220827 11,1196.1202392578125
78_20220827 12,1200.3714599609375
78_20220827 13,1205.5526123046875
78_20220827 14,1203.9503173828125
78_20220827 15,1195.682861328125
78_20220827 16,1170.7744140625
78_20220827 17,1147.7052001953125
78_20220827 18,1099.8638916015625
78_20220827 19,1041.4649658203125
78_20220827 20,1019.2549438476562
78_20220827 21,974.8746337890625
78_20220827 22,923.8383178710938
78_20220827 23,919.7738647460938
78_20220828 00,902.1980590820312
78_20220828 01,899.2052612304688
78_20220828 02,900.2369384765625
78_20220828 03,898.008056640625
78_20220828 04,900.232421875
78_20220828 05,900.1996459960938
78_20220828 06,913.2103271484375
78_20220828 07,941.8920288085938
78_20220828 08,961.5869140625
78_20220828 09,1022.5962524414062
78_20220828 10,1118.3641357421875
78_20220828 11,1137.3768310546875
78_20220828 12,1144.63037109375
78_20220828 13,1164.0057373046875
78_20220828 14,1178.8492431640625
78_20220828 15,1201.6339111328125
78_20220828 16,1193.8106689453125
78_20220828 17,1176.1337890625
78_20220828 18,1123.19873046875
78_20220828 19,1051.248046875
78_20220828 20,1035.14990234375
78_20220828 21,990.0287475585938
78_20220828 22,934.2294311523438
78_20220828 23,939.356201171875
78_20220829 00,918.0244750976562
78_20220829 01,910.4785766601562
78_20220829 02,903.3170166015625
78_20220829 03,902.859130859375
78_20220829 04,902.0474853515625
78_20220829 05,908.8306884765625
78_20220829 06,1024.0380859375
78_20220829 07,1325.5113525390625
78_20220829 08,1805.1090087890625
78_20220829 09,2522.431884765625
78_20220829 10,2615.09375
78_20220829 11,2628.990966796875
78_20220829 12,2620.4208984375
78_20220829 13,2638.27001953125
78_20220829 14,2634.2255859375
78_20220829 15,2582.27587890625
78_20220829 16,2498.231689453125
78_20220829 17,2160.73486328125
78_20220829 18,1632.49072265625
78_20220829 19,1434.8065185546875
78_20220829 20,1326.38232421875
78_20220829 21,1142.7567138671875
78_20220829 22,999.2118530273438
78_20220829 23,962.835693359375
78_20220830 00,926.067626953125
78_20220830 01,923.2134399414062
78_20220830 02,914.7132568359375
78_20220830 03,911.2312622070312
78_20220830 04,910.7732543945312
78_20220830 05,921.058349609375
78_20220830 06,1051.24853515625
78_20220830 07,1319.3873291015625
78_20220830 08,1890.91064453125
78_20220830 09,2616.98193359375
78_20220830 10,2692.4658203125
78_20220830 11,2687.478271484375
78_20220830 12,2676.5029296875
78_20220830 13,2688.228759765625
78_20220830 14,2686.1298828125
78_20220830 15,2663.9130859375
78_20220830 16,2626.007080078125
78_20220830 17,2302.9482421875
78_20220830 18,1733.7059326171875
78_20220830 19,1497.62060546875
78_20220830 20,1364.9598388671875
78_20220830 21,1185.9468994140625
78_20220830 22,1025.9063720703125
78_20220830 23,984.1583862304688
78_20220831 00,941.8980712890625
78_20220831 01,926.5302124023438
78_20220831 02,919.0927734375
78_20220831 03,917.351806640625
78_20220831 04,917.4725952148438
78_20220831 05,927.2632446289062
78_20220831 06,1054.6553955078125
78_20220831 07,1334.2281494140625
78_20220831 08,1878.944091796875
78_20220831 09,2502.001708984375
78_20220831 10,2577.415771484375
78_20220831 11,2639.313232421875
78_20220831 12,2631.085693359375
78_20220831 13,2671.589599609375
78_20220831 14,2658.49365234375
78_20220831 15,2637.378173828125
78_20220831 16,2612.031005859375
78_20220831 17,2204.599853515625
78_20220831 18,1733.6094970703125
78_20220831 19,1520.6387939453125
78_20220831 20,1356.4981689453125
78_20220831 21,1159.591064453125
78_20220831 22,1014.407958984375
78_20220831 23,981.0447387695312
79_20220825 00,2203.105224609375
79_20220825 01,2177.377197265625
79_20220825 02,2103.396240234375
79_20220825 03,2099.537353515625
79_20220825 04,2113.0078125
79_20220825 05,2141.1142578125
79_20220825 06,2455.569580078125
79_20220825 07,2991.4228515625
79_20220825 08,3582.920166015625
79_20220825 09,3922.4365234375
79_20220825 10,3987.8359375
79_20220825 11,3987.245361328125
79_20220825 12,3981.6201171875
79_20220825 13,3998.163330078125
79_20220825 14,3953.747802734375
79_20220825 15,3869.853759765625
79_20220825 16,3738.646728515625
79_20220825 17,3511.116943359375
79_20220825 18,3113.14306640625
79_20220825 19,2836.115478515625
79_20220825 20,2609.7314453125
79_20220825 21,2477.799560546875
79_20220825 22,2333.419677734375
79_20220825 23,2247.4794921875
79_20220826 00,2172.463134765625
79_20220826 01,2146.789794921875
79_20220826 02,2142.85498046875
79_20220826 03,2135.486083984375
79_20220826 04,2138.404541015625
79_20220826 05,2172.313232421875
79_20220826 06,2392.304931640625
79_20220826 07,2941.982666015625
79_20220826 08,3547.17724609375
79_20220826 09,3896.451416015625
79_20220826 10,3989.8359375
79_20220826 11,4042.79052734375
79_20220826 12,4034.270263671875
79_20220826 13,4037.4638671875
79_20220826 14,4033.41796875
79_20220826 15,3981.797607421875
79_20220826 16,3830.772705078125
79_20220826 17,3599.41552734375
79_20220826 18,3108.151611328125
79_20220826 19,2739.57177734375
79_20220826 20,2592.3173828125
79_20220826 21,2428.154052734375
79_20220826 22,2324.144287109375
79_20220826 23,2238.4072265625
79_20220827 00,2121.054931640625
79_20220827 01,2094.34423828125
79_20220827 02,2102.250244140625
79_20220827 03,2085.97998046875
79_20220827 04,2102.962158203125
79_20220827 05,1994.745361328125
79_20220827 06,2082.77197265625
79_20220827 07,2306.126953125
79_20220827 08,2552.037353515625
79_20220827 09,2731.056884765625
79_20220827 10,2798.597412109375
79_20220827 11,2846.038330078125
79_20220827 12,2861.32763671875
79_20220827 13,2842.745849609375
79_20220827 14,2830.021240234375
79_20220827 15,2762.817626953125
79_20220827 16,2734.66259765625
79_20220827 17,2578.67333984375
79_20220827 18,2393.92041015625
79_20220827 19,2272.422607421875
79_20220827 20,2198.214599609375
79_20220827 21,2069.39208984375
79_20220827 22,2046.0604248046875
79_20220827 23,1984.6444091796875
79_20220828 00,1905.555419921875
79_20220828 01,1870.2774658203125
79_20220828 02,1873.5546875
79_20220828 03,1864.3167724609375
79_20220828 04,1861.96826171875
79_20220828 05,1843.376220703125
79_20220828 06,1826.6934814453125
79_20220828 07,1887.3038330078125
79_20220828 08,2141.329833984375
79_20220828 09,2208.152099609375
79_20220828 10,2287.9951171875
79_20220828 11,2362.65625
79_20220828 12,2366.725830078125
79_20220828 13,2394.9638671875
79_20220828 14,2366.17919921875
79_20220828 15,2353.606689453125
79_20220828 16,2343.0439453125
79_20220828 17,2302.3525390625
79_20220828 18,2217.38818359375
79_20220828 19,2125.42333984375
79_20220828 20,2068.818603515625
79_20220828 21,1906.81494140625
79_20220828 22,1872.2032470703125
79_20220828 23,1841.926513671875
79_20220829 00,1816.705810546875
79_20220829 01,1819.5545654296875
79_20220829 02,1809.783935546875
79_20220829 03,1818.1981201171875
79_20220829 04,1852.46142578125
79_20220829 05,1888.3729248046875
79_20220829 06,2177.431396484375
79_20220829 07,2715.494384765625
79_20220829 08,3464.724853515625
79_20220829 09,3737.471923828125
79_20220829 10,3810.297119140625
79_20220829 11,3810.937255859375
79_20220829 12,3810.732666015625
79_20220829 13,3823.630615234375
79_20220829 14,3818.758544921875
79_20220829 15,3765.2470703125
79_20220829 16,3646.35400390625
79_20220829 17,3430.560791015625
79_20220829 18,2941.741455078125
79_20220829 19,2632.212646484375
79_20220829 20,2415.36572265625
79_20220829 21,2251.385009765625
79_20220829 22,2201.195556640625
79_20220829 23,2146.251953125
79_20220830 00,2010.8634033203125
79_20220830 01,1983.0030517578125
79_20220830 02,2024.6624755859375
79_20220830 03,2016.208251953125
79_20220830 04,2053.02880859375
79_20220830 05,2146.457275390625
79_20220830 06,2306.87060546875
79_20220830 07,2733.43896484375
79_20220830 08,3512.79296875
79_20220830 09,3737.7451171875
79_20220830 10,3797.57958984375
79_20220830 11,3791.9755859375
79_20220830 12,3806.331787109375
79_20220830 13,3806.1875
79_20220830 14,3799.6923828125
79_20220830 15,3762.697509765625
79_20220830 16,3689.9970703125
79_20220830 17,3538.073974609375
79_20220830 18,3007.175048828125
79_20220830 19,2668.95458984375
79_20220830 20,2455.482177734375
79_20220830 21,2350.060791015625
79_20220830 22,2278.21728515625
79_20220830 23,2235.435791015625
79_20220831 00,2145.64208984375
79_20220831 01,2125.590087890625
79_20220831 02,2119.374755859375
79_20220831 03,2096.682373046875
79_20220831 04,2127.265380859375
79_20220831 05,2117.79296875
79_20220831 06,2271.484130859375
79_20220831 07,2747.680419921875
79_20220831 08,3513.9658203125
79_20220831 09,3785.3583984375
79_20220831 10,3846.003662109375
79_20220831 11,3872.089111328125
79_20220831 12,3863.197509765625
79_20220831 13,3873.448486328125
79_20220831 14,3864.0634765625
79_20220831 15,3809.9326171875
79_20220831 16,3694.0
79_20220831 17,3516.305419921875
79_20220831 18,3003.73681640625
79_20220831 19,2628.966552734375
79_20220831 20,2403.70947265625
79_20220831 21,2286.4443359375
79_20220831 22,2219.45703125
79_20220831 23,2206.485595703125
80_20220825 00,1301.07763671875
80_20220825 01,1257.3836669921875
80_20220825 02,1227.2598876953125
80_20220825 03,1218.1904296875
80_20220825 04,1216.544677734375
80_20220825 05,1301.2218017578125
80_20220825 06,1592.904296875
80_20220825 07,2192.622802734375
80_20220825 08,3799.96728515625
80_20220825 09,4875.84326171875
80_20220825 10,5105.154296875
80_20220825 11,5031.82080078125
80_20220825 12,4792.9619140625
80_20220825 13,4816.43017578125
80_20220825 14,4986.13671875
80_20220825 15,4805.724609375
80_20220825 16,4677.2578125
80_20220825 17,4109.748046875
80_20220825 18,3019.154541015625
80_20220825 19,2356.75537109375
80_20220825 20,2113.656005859375
80_20220825 21,1713.731689453125
80_20220825 22,1479.73388671875
80_20220825 23,1340.0172119140625
80_20220826 00,1278.8734130859375
80_20220826 01,1241.91943359375
80_20220826 02,1216.530029296875
80_20220826 03,1211.534423828125
80_20220826 04,1217.639892578125
80_20220826 05,1304.72607421875
80_20220826 06,1578.2987060546875
80_20220826 07,2166.72998046875
80_20220826 08,3832.197021484375
80_20220826 09,4896.537109375
80_20220826 10,5044.408203125
80_20220826 11,5151.60888671875
80_20220826 12,4862.89599609375
80_20220826 13,5032.400390625
80_20220826 14,5169.35498046875
80_20220826 15,5076.45361328125
80_20220826 16,4872.5888671875
80_20220826 17,4259.2060546875
80_20220826 18,3035.650634765625
80_20220826 19,2387.9033203125
80_20220826 20,2152.031005859375
80_20220826 21,1721.739013671875
80_20220826 22,1442.2803955078125
80_20220826 23,1335.113525390625
80_20220827 00,1265.369384765625
80_20220827 01,1229.4639892578125
80_20220827 02,1190.380859375
80_20220827 03,1170.7923583984375
80_20220827 04,1167.374267578125
80_20220827 05,1228.01025390625
80_20220827 06,1298.34912109375
80_20220827 07,1361.3134765625
80_20220827 08,1630.59619140625
80_20220827 09,1744.296142578125
80_20220827 10,1810.7110595703125
80_20220827 11,1852.3206787109375
80_20220827 12,1910.0643310546875
80_20220827 13,1846.0360107421875
80_20220827 14,1826.43701171875
80_20220827 15,1777.3936767578125
80_20220827 16,1663.2403564453125
80_20220827 17,1569.3714599609375
80_20220827 18,1456.971435546875
80_20220827 19,1352.2408447265625
80_20220827 20,1290.466064453125
80_20220827 21,1245.6793212890625
80_20220827 22,1206.98583984375
80_20220827 23,1127.6854248046875
80_20220828 00,1109.9451904296875
80_20220828 01,1096.3414306640625
80_20220828 02,1089.980224609375
80_20220828 03,1082.1448974609375
80_20220828 04,1091.08349609375
80_20220828 05,1122.6708984375
80_20220828 06,1129.786376953125
80_20220828 07,1169.1297607421875
80_20220828 08,1331.4984130859375
80_20220828 09,1344.8402099609375
80_20220828 10,1357.2884521484375
80_20220828 11,1405.4100341796875
80_20220828 12,1515.59619140625
80_20220828 13,1479.0194091796875
80_20220828 14,1494.0382080078125
80_20220828 15,1483.7557373046875
80_20220828 16,1445.8077392578125
80_20220828 17,1414.0750732421875
80_20220828 18,1355.6773681640625
80_20220828 19,1291.596435546875
80_20220828 20,1251.2879638671875
80_20220828 21,1235.2813720703125
80_20220828 22,1204.9808349609375
80_20220828 23,1140.7530517578125
80_20220829 00,1124.3896484375
80_20220829 01,1108.9552001953125
80_20220829 02,1105.641845703125
80_20220829 03,1101.9183349609375
80_20220829 04,1101.9083251953125
80_20220829 05,1163.3189697265625
80_20220829 06,1489.9473876953125
80_20220829 07,2172.173583984375
80_20220829 08,3990.484375
80_20220829 09,5194.17138671875
80_20220829 10,5324.6826171875
80_20220829 11,5285.52978515625
80_20220829 12,5040.36376953125
80_20220829 13,5068.91455078125
80_20220829 14,5191.9990234375
80_20220829 15,5057.87109375
80_20220829 16,4873.35302734375
80_20220829 17,4320.341796875
80_20220829 18,3086.081298828125
80_20220829 19,2375.390625
80_20220829 20,2121.3603515625
80_20220829 21,1676.45068359375
80_20220829 22,1416.42919921875
80_20220829 23,1284.7791748046875
80_20220830 00,1221.7073974609375
80_20220830 01,1189.3282470703125
80_20220830 02,1185.5325927734375
80_20220830 03,1175.688720703125
80_20220830 04,1166.8458251953125
80_20220830 05,1232.303955078125
80_20220830 06,1521.807861328125
80_20220830 07,2114.878173828125
80_20220830 08,3702.2451171875
80_20220830 09,4811.57666015625
80_20220830 10,4946.8369140625
80_20220830 11,4905.62060546875
80_20220830 12,4782.28466796875
80_20220830 13,4853.126953125
80_20220830 14,4960.703125
80_20220830 15,4865.59423828125
80_20220830 16,4699.60986328125
80_20220830 17,4218.85986328125
80_20220830 18,3088.99755859375
80_20220830 19,2371.146240234375
80_20220830 20,2095.267333984375
80_20220830 21,1679.3929443359375
80_20220830 22,1422.8778076171875
80_20220830 23,1291.61767578125
80_20220831 00,1233.5968017578125
80_20220831 01,1187.086181640625
80_20220831 02,1189.7020263671875
80_20220831 03,1185.93896484375
80_20220831 04,1186.1561279296875
80_20220831 05,1256.3177490234375
80_20220831 06,1550.4202880859375
80_20220831 07,2158.191162109375
80_20220831 08,3799.421142578125
80_20220831 09,4781.64404296875
80_20220831 10,4941.966796875
80_20220831 11,4919.630859375
80_20220831 12,4739.7236328125
80_20220831 13,4788.71923828125
80_20220831 14,4934.02783203125
80_20220831 15,4816.57373046875
80_20220831 16,4614.37939453125
80_20220831 17,4131.806640625
80_20220831 18,3051.25927734375
80_20220831 19,2409.186767578125
80_20220831 20,2110.299072265625
80_20220831 21,1667.30126953125
80_20220831 22,1416.2730712890625
80_20220831 23,1292.510986328125
81_20220825 00,561.5237426757812
81_20220825 01,501.9623718261719
81_20220825 02,483.3197326660156
81_20220825 03,476.2630615234375
81_20220825 04,469.1565246582031
81_20220825 05,475.7720642089844
81_20220825 06,524.6566162109375
81_20220825 07,636.6377563476562
81_20220825 08,760.1378784179688
81_20220825 09,1336.27587890625
81_20220825 10,1796.311279296875
81_20220825 11,2127.629150390625
81_20220825 12,2159.8818359375
81_20220825 13,2121.705810546875
81_20220825 14,2102.938720703125
81_20220825 15,2025.1375732421875
81_20220825 16,2029.9041748046875
81_20220825 17,2077.056884765625
81_20220825 18,2096.15380859375
81_20220825 19,2129.5244140625
81_20220825 20,2052.74853515625
81_20220825 21,1671.1112060546875
81_20220825 22,834.6222534179688
81_20220825 23,639.5599975585938
81_20220826 00,555.5225830078125
81_20220826 01,507.1190185546875
81_20220826 02,467.80548095703125
81_20220826 03,463.0502624511719
81_20220826 04,462.5955810546875
81_20220826 05,462.4186706542969
81_20220826 06,586.7508544921875
81_20220826 07,695.9839477539062
81_20220826 08,901.1929321289062
81_20220826 09,1396.977783203125
81_20220826 10,1884.4842529296875
81_20220826 11,2157.857421875
81_20220826 12,2159.45068359375
81_20220826 13,2170.974365234375
81_20220826 14,2158.257080078125
81_20220826 15,2144.777099609375
81_20220826 16,2157.74853515625
81_20220826 17,2166.1142578125
81_20220826 18,2177.8935546875
81_20220826 19,2196.152587890625
81_20220826 20,2151.949462890625
81_20220826 21,1758.61474609375
81_20220826 22,956.324951171875
81_20220826 23,749.075927734375
81_20220827 00,620.0422973632812
81_20220827 01,543.2813110351562
81_20220827 02,474.8984375
81_20220827 03,468.3948059082031
81_20220827 04,462.4360046386719
81_20220827 05,461.94757080078125
81_20220827 06,509.7621765136719
81_20220827 07,627.9195556640625
81_20220827 08,821.0733032226562
81_20220827 09,1410.552978515625
81_20220827 10,1778.18994140625
81_20220827 11,2110.129638671875
81_20220827 12,2152.103271484375
81_20220827 13,2119.2978515625
81_20220827 14,2136.954833984375
81_20220827 15,2151.9658203125
81_20220827 16,2139.431396484375
81_20220827 17,2141.31005859375
81_20220827 18,2149.853271484375
81_20220827 19,2151.345458984375
81_20220827 20,2084.3583984375
81_20220827 21,1684.9073486328125
81_20220827 22,923.6878662109375
81_20220827 23,713.1250610351562
81_20220828 00,615.5758666992188
81_20220828 01,541.40625
81_20220828 02,463.4848937988281
81_20220828 03,460.1442565917969
81_20220828 04,454.3105163574219
81_20220828 05,450.6673889160156
81_20220828 06,516.22119140625
81_20220828 07,624.6527099609375
81_20220828 08,802.6943359375
81_20220828 09,1342.03857421875
81_20220828 10,1785.212890625
81_20220828 11,2128.760498046875
81_20220828 12,2113.833251953125
81_20220828 13,2142.30078125
81_20220828 14,2150.83740234375
81_20220828 15,2179.3447265625
81_20220828 16,2190.648193359375
81_20220828 17,2158.9306640625
81_20220828 18,2127.5693359375
81_20220828 19,2117.33154296875
81_20220828 20,2097.539306640625
81_20220828 21,1628.7520751953125
81_20220828 22,855.2866821289062
81_20220828 23,649.9993896484375
81_20220829 00,548.882568359375
81_20220829 01,491.6052551269531
81_20220829 02,465.1047058105469
81_20220829 03,460.29071044921875
81_20220829 04,454.9804992675781
81_20220829 05,450.849609375
81_20220829 06,519.8174438476562
81_20220829 07,648.0983276367188
81_20220829 08,766.892822265625
81_20220829 09,1342.81201171875
81_20220829 10,1734.7105712890625
81_20220829 11,1888.2908935546875
81_20220829 12,1895.9097900390625
81_20220829 13,2051.523681640625
81_20220829 14,2023.9200439453125
81_20220829 15,2010.74169921875
81_20220829 16,2020.2733154296875
81_20220829 17,1955.3284912109375
81_20220829 18,1971.14208984375
81_20220829 19,1996.9300537109375
81_20220829 20,1789.853515625
81_20220829 21,1467.50927734375
81_20220829 22,813.071533203125
81_20220829 23,635.0425415039062
81_20220830 00,555.6730346679688
81_20220830 01,511.2994079589844
81_20220830 02,467.0684509277344
81_20220830 03,456.5965576171875
81_20220830 04,454.5066223144531
81_20220830 05,462.1132507324219
81_20220830 06,548.6693115234375
81_20220830 07,659.742431640625
81_20220830 08,773.8011474609375
81_20220830 09,1352.5909423828125
81_20220830 10,1614.4727783203125
81_20220830 11,1805.473388671875
81_20220830 12,1790.854736328125
81_20220830 13,1861.8094482421875
81_20220830 14,1862.95556640625
81_20220830 15,1853.5037841796875
81_20220830 16,1873.01904296875
81_20220830 17,1849.5816650390625
81_20220830 18,1895.5643310546875
81_20220830 19,1875.0823974609375
81_20220830 20,1779.631591796875
81_20220830 21,1471.3675537109375
81_20220830 22,843.5869140625
81_20220830 23,665.4174194335938
81_20220831 00,571.2653198242188
81_20220831 01,507.6345520019531
81_20220831 02,468.3120422363281
81_20220831 03,464.40545654296875
81_20220831 04,463.5365905761719
81_20220831 05,466.9564208984375
81_20220831 06,546.0571899414062
81_20220831 07,663.9369506835938
81_20220831 08,769.5545043945312
81_20220831 09,1336.267578125
81_20220831 10,1528.2125244140625
81_20220831 11,1991.7489013671875
81_20220831 12,1964.4906005859375
81_20220831 13,1992.83837890625
81_20220831 14,1987.239013671875
81_20220831 15,1984.014404296875
81_20220831 16,1982.7911376953125
81_20220831 17,1986.4891357421875
81_20220831 18,1981.900390625
81_20220831 19,1992.6585693359375
81_20220831 20,1855.4085693359375
81_20220831 21,1503.36767578125
81_20220831 22,794.5556030273438
81_20220831 23,626.5025634765625
82_20220825 00,1335.873291015625
82_20220825 01,1243.9769287109375
82_20220825 02,1138.0352783203125
82_20220825 03,1101.525390625
82_20220825 04,1128.0140380859375
82_20220825 05,1165.311767578125
82_20220825 06,1401.8143310546875
82_20220825 07,1873.8201904296875
82_20220825 08,2728.15234375
82_20220825 09,3834.2861328125
82_20220825 10,4134.99072265625
82_20220825 11,4120.72802734375
82_20220825 12,3919.41796875
82_20220825 13,4071.063232421875
82_20220825 14,4214.76318359375
82_20220825 15,4182.107421875
82_20220825 16,3991.797607421875
82_20220825 17,3389.472900390625
82_20220825 18,2606.159912109375
82_20220825 19,2225.65380859375
82_20220825 20,1985.6156005859375
82_20220825 21,1812.190673828125
82_20220825 22,1594.0487060546875
82_20220825 23,1439.8756103515625
82_20220826 00,1259.05078125
82_20220826 01,1181.3453369140625
82_20220826 02,1122.8922119140625
82_20220826 03,1102.1639404296875
82_20220826 04,1133.725341796875
82_20220826 05,1179.41064453125
82_20220826 06,1394.4947509765625
82_20220826 07,1862.5030517578125
82_20220826 08,2723.914794921875
82_20220826 09,3823.751708984375
82_20220826 10,4146.9609375
82_20220826 11,4181.09033203125
82_20220826 12,3989.464599609375
82_20220826 13,4157.4619140625
82_20220826 14,4280.22265625
82_20220826 15,4219.94580078125
82_20220826 16,4028.04052734375
82_20220826 17,3520.144287109375
82_20220826 18,2691.300537109375
82_20220826 19,2283.320068359375
82_20220826 20,2066.43212890625
82_20220826 21,1927.3441162109375
82_20220826 22,1738.48095703125
82_20220826 23,1584.1824951171875
82_20220827 00,1395.2911376953125
82_20220827 01,1276.306640625
82_20220827 02,1197.5323486328125
82_20220827 03,1075.79833984375
82_20220827 04,1073.612060546875
82_20220827 05,1076.9969482421875
82_20220827 06,1119.0028076171875
82_20220827 07,1224.0567626953125
82_20220827 08,1525.0250244140625
82_20220827 09,1800.4879150390625
82_20220827 10,1993.866455078125
82_20220827 11,2054.8798828125
82_20220827 12,2048.2333984375
82_20220827 13,2033.5777587890625
82_20220827 14,2018.21875
82_20220827 15,1950.5706787109375
82_20220827 16,1843.349609375
82_20220827 17,1717.41943359375
82_20220827 18,1494.2293701171875
82_20220827 19,1353.3885498046875
82_20220827 20,1356.6231689453125
82_20220827 21,1343.6085205078125
82_20220827 22,1235.812255859375
82_20220827 23,1172.77099609375
82_20220828 00,1117.583740234375
82_20220828 01,1073.767333984375
82_20220828 02,1029.3128662109375
82_20220828 03,1019.630859375
82_20220828 04,1004.6900024414062
82_20220828 05,992.7357177734375
82_20220828 06,1011.0562744140625
82_20220828 07,1062.6650390625
82_20220828 08,1215.7957763671875
82_20220828 09,1333.143798828125
82_20220828 10,1476.6583251953125
82_20220828 11,1533.38134765625
82_20220828 12,1598.5860595703125
82_20220828 13,1667.87744140625
82_20220828 14,1701.11376953125
82_20220828 15,1684.673828125
82_20220828 16,1653.957763671875
82_20220828 17,1594.6102294921875
82_20220828 18,1454.3843994140625
82_20220828 19,1377.21923828125
82_20220828 20,1379.971923828125
82_20220828 21,1352.2138671875
82_20220828 22,1241.3651123046875
82_20220828 23,1183.4259033203125
82_20220829 00,1095.4918212890625
82_20220829 01,1050.21630859375
82_20220829 02,1001.8775024414062
82_20220829 03,1001.266357421875
82_20220829 04,1026.67529296875
82_20220829 05,1064.98974609375
82_20220829 06,1307.7891845703125
82_20220829 07,1776.37060546875
82_20220829 08,2707.870849609375
82_20220829 09,3923.86474609375
82_20220829 10,4203.4326171875
82_20220829 11,4208.69970703125
82_20220829 12,4044.51318359375
82_20220829 13,4168.65966796875
82_20220829 14,4244.25439453125
82_20220829 15,4229.6904296875
82_20220829 16,4041.257080078125
82_20220829 17,3460.851318359375
82_20220829 18,2621.1962890625
82_20220829 19,2208.478515625
82_20220829 20,1950.313232421875
82_20220829 21,1782.189453125
82_20220829 22,1595.51416015625
82_20220829 23,1421.1495361328125
82_20220830 00,1248.8067626953125
82_20220830 01,1159.7274169921875
82_20220830 02,1103.0574951171875
82_20220830 03,1082.6107177734375
82_20220830 04,1112.45068359375
82_20220830 05,1158.4803466796875
82_20220830 06,1393.041015625
82_20220830 07,1848.5504150390625
82_20220830 08,2675.154541015625
82_20220830 09,3818.81396484375
82_20220830 10,4119.11669921875
82_20220830 11,4134.427734375
82_20220830 12,3937.000244140625
82_20220830 13,4104.16357421875
82_20220830 14,4181.240234375
82_20220830 15,4133.1416015625
82_20220830 16,3963.600830078125
82_20220830 17,3377.128173828125
82_20220830 18,2585.455810546875
82_20220830 19,2223.6728515625
82_20220830 20,1976.4718017578125
82_20220830 21,1829.7589111328125
82_20220830 22,1633.0753173828125
82_20220830 23,1439.630126953125
82_20220831 00,1259.5634765625
82_20220831 01,1182.45166015625
82_20220831 02,1114.5146484375
82_20220831 03,1093.06787109375
82_20220831 04,1120.3209228515625
82_20220831 05,1156.82177734375
82_20220831 06,1382.4942626953125
82_20220831 07,1819.422607421875
82_20220831 08,2695.589111328125
82_20220831 09,3844.691162109375
82_20220831 10,4121.7802734375
82_20220831 11,4151.65283203125
82_20220831 12,3962.5927734375
82_20220831 13,4120.47021484375
82_20220831 14,4255.337890625
82_20220831 15,4221.60302734375
82_20220831 16,4037.97900390625
82_20220831 17,3415.488037109375
82_20220831 18,2590.781982421875
82_20220831 19,2220.455810546875
82_20220831 20,1978.872314453125
82_20220831 21,1854.0863037109375
82_20220831 22,1666.1319580078125
82_20220831 23,1488.2225341796875
83_20220825 00,782.5985717773438
83_20220825 01,762.6416015625
83_20220825 02,731.4132080078125
83_20220825 03,725.143798828125
83_20220825 04,724.6094360351562
83_20220825 05,722.8030395507812
83_20220825 06,780.312255859375
83_20220825 07,1066.018798828125
83_20220825 08,1885.2933349609375
83_20220825 09,2574.1279296875
83_20220825 10,2676.715087890625
83_20220825 11,2671.322021484375
83_20220825 12,2642.324951171875
83_20220825 13,2706.693359375
83_20220825 14,2650.7333984375
83_20220825 15,2615.672119140625
83_20220825 16,2543.119140625
83_20220825 17,2256.205078125
83_20220825 18,1583.3284912109375
83_20220825 19,1297.0511474609375
83_20220825 20,1090.48486328125
83_20220825 21,959.130126953125
83_20220825 22,896.6599731445312
83_20220825 23,808.0272827148438
83_20220826 00,774.1294555664062
83_20220826 01,751.2329711914062
83_20220826 02,743.9197998046875
83_20220826 03,732.885009765625
83_20220826 04,729.3905029296875
83_20220826 05,733.4116821289062
83_20220826 06,792.075439453125
83_20220826 07,1035.2159423828125
83_20220826 08,1715.07958984375
83_20220826 09,2546.634521484375
83_20220826 10,2722.429443359375
83_20220826 11,2705.1572265625
83_20220826 12,2650.672119140625
83_20220826 13,2771.42236328125
83_20220826 14,2729.1904296875
83_20220826 15,2759.761474609375
83_20220826 16,2657.898193359375
83_20220826 17,2242.510498046875
83_20220826 18,1567.8328857421875
83_20220826 19,1249.6839599609375
83_20220826 20,1077.9410400390625
83_20220826 21,927.8935546875
83_20220826 22,876.837646484375
83_20220826 23,789.769287109375
83_20220827 00,736.931396484375
83_20220827 01,723.4337768554688
83_20220827 02,710.8043212890625
83_20220827 03,701.866943359375
83_20220827 04,700.3867797851562
83_20220827 05,689.4177856445312
83_20220827 06,703.4580078125
83_20220827 07,744.743408203125
83_20220827 08,794.0599975585938
83_20220827 09,857.969970703125
83_20220827 10,937.7273559570312
83_20220827 11,968.0927124023438
83_20220827 12,967.1328735351562
83_20220827 13,975.2179565429688
83_20220827 14,986.7029418945312
83_20220827 15,982.4312744140625
83_20220827 16,971.947265625
83_20220827 17,935.4307250976562
83_20220827 18,850.1021728515625
83_20220827 19,804.0642700195312
83_20220827 20,776.0214233398438
83_20220827 21,751.0576782226562
83_20220827 22,729.326904296875
83_20220827 23,707.7217407226562
83_20220828 00,694.779052734375
83_20220828 01,679.7293701171875
83_20220828 02,670.392822265625
83_20220828 03,666.989013671875
83_20220828 04,667.6322631835938
83_20220828 05,667.6567993164062
83_20220828 06,675.1791381835938
83_20220828 07,684.280029296875
83_20220828 08,723.9330444335938
83_20220828 09,782.9927978515625
83_20220828 10,843.3623046875
83_20220828 11,889.2816772460938
83_20220828 12,889.7228393554688
83_20220828 13,910.0011596679688
83_20220828 14,924.6948852539062
83_20220828 15,927.4984741210938
83_20220828 16,911.4369506835938
83_20220828 17,889.0535278320312
83_20220828 18,818.3040771484375
83_20220828 19,782.2669677734375
83_20220828 20,751.436279296875
83_20220828 21,732.4544067382812
83_20220828 22,708.460205078125
83_20220828 23,699.0408935546875
83_20220829 00,698.4043579101562
83_20220829 01,685.16796875
83_20220829 02,679.710693359375
83_20220829 03,675.7100830078125
83_20220829 04,678.7333374023438
83_20220829 05,674.6585693359375
83_20220829 06,734.2258911132812
83_20220829 07,1040.7686767578125
83_20220829 08,1677.5662841796875
83_20220829 09,2481.88037109375
83_20220829 10,2574.8701171875
83_20220829 11,2551.912353515625
83_20220829 12,2480.6005859375
83_20220829 13,2526.3671875
83_20220829 14,2521.207275390625
83_20220829 15,2519.97314453125
83_20220829 16,2403.372802734375
83_20220829 17,2138.20556640625
83_20220829 18,1568.6629638671875
83_20220829 19,1253.670166015625
83_20220829 20,1071.872314453125
83_20220829 21,930.408447265625
83_20220829 22,866.2445068359375
83_20220829 23,786.7080688476562
83_20220830 00,740.6775512695312
83_20220830 01,718.3287353515625
83_20220830 02,711.5791015625
83_20220830 03,708.9227905273438
83_20220830 04,708.2634887695312
83_20220830 05,705.87060546875
83_20220830 06,757.815673828125
83_20220830 07,1020.5665893554688
83_20220830 08,1692.15478515625
83_20220830 09,2434.896240234375
83_20220830 10,2520.393798828125
83_20220830 11,2498.480224609375
83_20220830 12,2457.37890625
83_20220830 13,2510.402587890625
83_20220830 14,2511.242431640625
83_20220830 15,2513.1083984375
83_20220830 16,2420.17333984375
83_20220830 17,2121.547119140625
83_20220830 18,1651.5472412109375
83_20220830 19,1274.58447265625
83_20220830 20,1075.33642578125
83_20220830 21,950.5620727539062
83_20220830 22,880.946044921875
83_20220830 23,794.6605224609375
83_20220831 00,750.7055053710938
83_20220831 01,731.0548095703125
83_20220831 02,716.8422241210938
83_20220831 03,711.7627563476562
83_20220831 04,710.9196166992188
83_20220831 05,710.8236694335938
83_20220831 06,772.7107543945312
83_20220831 07,1026.479248046875
83_20220831 08,1705.303955078125
83_20220831 09,2302.604248046875
83_20220831 10,2400.058837890625
83_20220831 11,2424.397705078125
83_20220831 12,2331.775634765625
83_20220831 13,2453.203369140625
83_20220831 14,2451.062255859375
83_20220831 15,2447.892333984375
83_20220831 16,2321.697509765625
83_20220831 17,2075.18017578125
83_20220831 18,1624.2371826171875
83_20220831 19,1273.96533203125
83_20220831 20,1073.115478515625
83_20220831 21,937.5108032226562
83_20220831 22,876.522216796875
83_20220831 23,788.1669921875
84_20220825 00,1055.56103515625
84_20220825 01,989.2182006835938
84_20220825 02,916.4159545898438
84_20220825 03,882.9462890625
84_20220825 04,849.4156494140625
84_20220825 05,852.5363159179688
84_20220825 06,944.0847778320312
84_20220825 07,1363.2723388671875
84_20220825 08,2090.97802734375
84_20220825 09,2513.6162109375
84_20220825 10,2626.428955078125
84_20220825 11,2667.939208984375
84_20220825 12,2769.31396484375
84_20220825 13,2705.695068359375
84_20220825 14,2568.55810546875
84_20220825 15,2477.15576171875
84_20220825 16,2448.505615234375
84_20220825 17,2395.654541015625
84_20220825 18,2160.2431640625
84_20220825 19,1823.321044921875
84_20220825 20,1606.218017578125
84_20220825 21,1368.2679443359375
84_20220825 22,1226.754150390625
84_20220825 23,1106.84912109375
84_20220826 00,1028.9815673828125
84_20220826 01,959.783935546875
84_20220826 02,926.2894287109375
84_20220826 03,882.8286743164062
84_20220826 04,846.151123046875
84_20220826 05,854.5640869140625
84_20220826 06,947.327880859375
84_20220826 07,1322.8656005859375
84_20220826 08,2022.49951171875
84_20220826 09,2446.239501953125
84_20220826 10,2660.09619140625
84_20220826 11,2756.574951171875
84_20220826 12,2897.039794921875
84_20220826 13,2972.480712890625
84_20220826 14,2772.456298828125
84_20220826 15,2717.380615234375
84_20220826 16,2670.608642578125
84_20220826 17,2521.509521484375
84_20220826 18,2224.900146484375
84_20220826 19,1819.34814453125
84_20220826 20,1624.848388671875
84_20220826 21,1371.353515625
84_20220826 22,1223.7384033203125
84_20220826 23,1112.5050048828125
84_20220827 00,1024.9053955078125
84_20220827 01,947.753662109375
84_20220827 02,894.9304809570312
84_20220827 03,861.7163696289062
84_20220827 04,838.6587524414062
84_20220827 05,826.7265625
84_20220827 06,855.2800903320312
84_20220827 07,905.8662719726562
84_20220827 08,1012.690673828125
84_20220827 09,1219.82080078125
84_20220827 10,1392.1395263671875
84_20220827 11,1446.119873046875
84_20220827 12,1503.5113525390625
84_20220827 13,1531.618408203125
84_20220827 14,1527.051513671875
84_20220827 15,1454.484375
84_20220827 16,1408.890380859375
84_20220827 17,1392.55517578125
84_20220827 18,1386.65576171875
84_20220827 19,1323.0240478515625
84_20220827 20,1297.3336181640625
84_20220827 21,1173.4725341796875
84_20220827 22,1058.64404296875
84_20220827 23,1005.3759765625
84_20220828 00,949.842529296875
84_20220828 01,891.2775268554688
84_20220828 02,861.8494262695312
84_20220828 03,828.6589965820312
84_20220828 04,815.9177856445312
84_20220828 05,813.5438842773438
84_20220828 06,817.7062377929688
84_20220828 07,863.6762084960938
84_20220828 08,948.1370849609375
84_20220828 09,1125.4669189453125
84_20220828 10,1305.80322265625
84_20220828 11,1381.6212158203125
84_20220828 12,1431.451171875
84_20220828 13,1464.7479248046875
84_20220828 14,1478.8297119140625
84_20220828 15,1444.63623046875
84_20220828 16,1430.8575439453125
84_20220828 17,1425.7979736328125
84_20220828 18,1405.70458984375
84_20220828 19,1382.4581298828125
84_20220828 20,1333.0203857421875
84_20220828 21,1227.33447265625
84_20220828 22,1076.8822021484375
84_20220828 23,1026.4307861328125
84_20220829 00,966.7090454101562
84_20220829 01,927.7945556640625
84_20220829 02,896.0502319335938
84_20220829 03,849.2103881835938
84_20220829 04,824.9618530273438
84_20220829 05,832.4295043945312
84_20220829 06,920.720703125
84_20220829 07,1299.15869140625
84_20220829 08,1988.03662109375
84_20220829 09,2411.008056640625
84_20220829 10,2536.9912109375
84_20220829 11,2574.329833984375
84_20220829 12,2625.781005859375
84_20220829 13,2594.9453125
84_20220829 14,2491.777099609375
84_20220829 15,2436.0908203125
84_20220829 16,2371.4755859375
84_20220829 17,2327.060791015625
84_20220829 18,2079.452880859375
84_20220829 19,1793.184814453125
84_20220829 20,1583.6573486328125
84_20220829 21,1344.88427734375
84_20220829 22,1209.237060546875
84_20220829 23,1086.7254638671875
84_20220830 00,1004.2099609375
84_20220830 01,938.7355346679688
84_20220830 02,903.1040649414062
84_20220830 03,869.1570434570312
84_20220830 04,841.045654296875
84_20220830 05,843.919189453125
84_20220830 06,941.588134765625
84_20220830 07,1320.208740234375
84_20220830 08,1961.3123779296875
84_20220830 09,2360.156005859375
84_20220830 10,2508.470703125
84_20220830 11,2531.542724609375
84_20220830 12,2629.9951171875
84_20220830 13,2569.367919921875
84_20220830 14,2462.105712890625
84_20220830 15,2422.380615234375
84_20220830 16,2374.05322265625
84_20220830 17,2327.9326171875
84_20220830 18,2112.380615234375
84_20220830 19,1826.4241943359375
84_20220830 20,1613.3026123046875
84_20220830 21,1367.55126953125
84_20220830 22,1227.3719482421875
84_20220830 23,1101.93798828125
84_20220831 00,1018.4381103515625
84_20220831 01,954.3048706054688
84_20220831 02,914.9823608398438
84_20220831 03,871.2230224609375
84_20220831 04,833.6613159179688
84_20220831 05,839.1867065429688
84_20220831 06,929.3775634765625
84_20220831 07,1303.28564453125
84_20220831 08,1972.2459716796875
84_20220831 09,2317.01220703125
84_20220831 10,2505.07666015625
84_20220831 11,2562.3642578125
84_20220831 12,2641.114990234375
84_20220831 13,2615.261474609375
84_20220831 14,2474.43896484375
84_20220831 15,2450.624267578125
84_20220831 16,2388.176025390625
84_20220831 17,2361.509521484375
84_20220831 18,2139.146728515625
84_20220831 19,1818.524169921875
84_20220831 20,1615.755859375
84_20220831 21,1365.75341796875
84_20220831 22,1220.782470703125
84_20220831 23,1112.6339111328125
85_20220825 00,1700.5589599609375
85_20220825 01,1677.2286376953125
85_20220825 02,1676.4183349609375
85_20220825 03,1686.4571533203125
85_20220825 04,1705.30859375
85_20220825 05,1713.500732421875
85_20220825 06,1838.8753662109375
85_20220825 07,2090.18408203125
85_20220825 08,2313.507080078125
85_20220825 09,2400.771240234375
85_20220825 10,2487.599609375
85_20220825 11,2571.946044921875
85_20220825 12,2594.457275390625
85_20220825 13,2599.30517578125
85_20220825 14,2598.154541015625
85_20220825 15,2492.302978515625
85_20220825 16,2457.672119140625
85_20220825 17,2370.317138671875
85_20220825 18,2255.5927734375
85_20220825 19,2183.933837890625
85_20220825 20,2087.570556640625
85_20220825 21,2013.4923095703125
85_20220825 22,1893.2738037109375
85_20220825 23,1791.3284912109375
85_20220826 00,1706.817626953125
85_20220826 01,1698.9312744140625
85_20220826 02,1690.3148193359375
85_20220826 03,1686.6007080078125
85_20220826 04,1727.392578125
85_20220826 05,1724.2257080078125
85_20220826 06,1824.8973388671875
85_20220826 07,2094.276123046875
85_20220826 08,2319.054931640625
85_20220826 09,2406.9755859375
85_20220826 10,2515.2509765625
85_20220826 11,2629.969482421875
85_20220826 12,2713.754150390625
85_20220826 13,2729.7529296875
85_20220826 14,2688.053466796875
85_20220826 15,2652.527587890625
85_20220826 16,2625.394287109375
85_20220826 17,2467.286865234375
85_20220826 18,2363.6279296875
85_20220826 19,2313.6044921875
85_20220826 20,2171.621337890625
85_20220826 21,2049.325439453125
85_20220826 22,1905.4742431640625
85_20220826 23,1832.0040283203125
85_20220827 00,1709.4041748046875
85_20220827 01,1705.974609375
85_20220827 02,1700.14501953125
85_20220827 03,1712.4586181640625
85_20220827 04,1722.34423828125
85_20220827 05,1736.921142578125
85_20220827 06,1817.4971923828125
85_20220827 07,2044.96435546875
85_20220827 08,2211.296875
85_20220827 09,2244.947021484375
85_20220827 10,2279.09521484375
85_20220827 11,2414.024169921875
85_20220827 12,2456.7041015625
85_20220827 13,2441.406494140625
85_20220827 14,2470.09033203125
85_20220827 15,2471.652099609375
85_20220827 16,2437.7705078125
85_20220827 17,2341.7490234375
85_20220827 18,2277.012939453125
85_20220827 19,2184.23046875
85_20220827 20,2137.305419921875
85_20220827 21,1968.889892578125
85_20220827 22,1903.48779296875
85_20220827 23,1833.6395263671875
85_20220828 00,1700.3387451171875
85_20220828 01,1705.6644287109375
85_20220828 02,1683.168701171875
85_20220828 03,1674.0635986328125
85_20220828 04,1695.4437255859375
85_20220828 05,1692.969970703125
85_20220828 06,1784.1407470703125
85_20220828 07,2040.55078125
85_20220828 08,2166.333740234375
85_20220828 09,2182.38134765625
85_20220828 10,2225.400634765625
85_20220828 11,2358.9853515625
85_20220828 12,2475.269287109375
85_20220828 13,2525.459228515625
85_20220828 14,2573.258056640625
85_20220828 15,2546.534912109375
85_20220828 16,2542.898681640625
85_20220828 17,2406.16650390625
85_20220828 18,2318.531005859375
85_20220828 19,2220.041015625
85_20220828 20,2191.849853515625
85_20220828 21,1998.9241943359375
85_20220828 22,1873.6827392578125
85_20220828 23,1820.455810546875
85_20220829 00,1698.9920654296875
85_20220829 01,1691.7952880859375
85_20220829 02,1696.9620361328125
85_20220829 03,1702.0487060546875
85_20220829 04,1737.4930419921875
85_20220829 05,1721.4964599609375
85_20220829 06,1850.54052734375
85_20220829 07,2071.101318359375
85_20220829 08,2265.363037109375
85_20220829 09,2294.550537109375
85_20220829 10,2363.79248046875
85_20220829 11,2460.966552734375
85_20220829 12,2520.394775390625
85_20220829 13,2547.8994140625
85_20220829 14,2460.50244140625
85_20220829 15,2445.238037109375
85_20220829 16,2398.898193359375
85_20220829 17,2282.642822265625
85_20220829 18,2189.252197265625
85_20220829 19,2142.8740234375
85_20220829 20,2037.5958251953125
85_20220829 21,2009.5550537109375
85_20220829 22,1868.612060546875
85_20220829 23,1820.80029296875
85_20220830 00,1697.5606689453125
85_20220830 01,1694.0711669921875
85_20220830 02,1682.462890625
85_20220830 03,1690.6981201171875
85_20220830 04,1724.13720703125
85_20220830 05,1708.7098388671875
85_20220830 06,1810.24462890625
85_20220830 07,2078.726806640625
85_20220830 08,2313.0146484375
85_20220830 09,2377.6376953125
85_20220830 10,2395.697021484375
85_20220830 11,2477.0380859375
85_20220830 12,2545.81591796875
85_20220830 13,2513.4091796875
85_20220830 14,2503.5517578125
85_20220830 15,2485.33447265625
85_20220830 16,2456.4365234375
85_20220830 17,2385.667724609375
85_20220830 18,2323.015869140625
85_20220830 19,2258.781982421875
85_20220830 20,2153.320556640625
85_20220830 21,2033.2078857421875
85_20220830 22,1886.248046875
85_20220830 23,1818.9227294921875
85_20220831 00,1724.882080078125
85_20220831 01,1716.8992919921875
85_20220831 02,1706.5682373046875
85_20220831 03,1701.0811767578125
85_20220831 04,1732.680908203125
85_20220831 05,1741.1343994140625
85_20220831 06,1821.4305419921875
85_20220831 07,2064.9365234375
85_20220831 08,2262.663330078125
85_20220831 09,2331.178466796875
85_20220831 10,2376.918701171875
85_20220831 11,2494.88671875
85_20220831 12,2562.021728515625
85_20220831 13,2563.099853515625
85_20220831 14,2546.34814453125
85_20220831 15,2503.2412109375
85_20220831 16,2474.56396484375
85_20220831 17,2404.7197265625
85_20220831 18,2295.0830078125
85_20220831 19,2197.1953125
85_20220831 20,2078.3896484375
85_20220831 21,2013.3184814453125
85_20220831 22,1873.9161376953125
85_20220831 23,1822.0050048828125
86_20220825 00,550.6937866210938
86_20220825 01,536.5101318359375
86_20220825 02,537.2496337890625
86_20220825 03,529.2635498046875
86_20220825 04,532.2054443359375
86_20220825 05,533.5140991210938
86_20220825 06,601.2775268554688
86_20220825 07,879.156982421875
86_20220825 08,1146.1829833984375
86_20220825 09,1359.3902587890625
86_20220825 10,1563.6644287109375
86_20220825 11,1566.6387939453125
86_20220825 12,1566.989013671875
86_20220825 13,1558.211669921875
86_20220825 14,1532.67626953125
86_20220825 15,1539.9219970703125
86_20220825 16,1516.29931640625
86_20220825 17,1505.2908935546875
86_20220825 18,1489.6580810546875
86_20220825 19,1468.3868408203125
86_20220825 20,1403.0667724609375
86_20220825 21,1252.9853515625
86_20220825 22,1096.821533203125
86_20220825 23,727.2393798828125
86_20220826 00,542.6368408203125
86_20220826 01,524.4791870117188
86_20220826 02,522.9542846679688
86_20220826 03,527.1998901367188
86_20220826 04,524.410888671875
86_20220826 05,534.9595336914062
86_20220826 06,606.405029296875
86_20220826 07,859.2566528320312
86_20220826 08,1107.3013916015625
86_20220826 09,1357.8533935546875
86_20220826 10,1568.418701171875
86_20220826 11,1574.489501953125
86_20220826 12,1571.3331298828125
86_20220826 13,1570.4610595703125
86_20220826 14,1562.509033203125
86_20220826 15,1562.1702880859375
86_20220826 16,1544.8624267578125
86_20220826 17,1526.3116455078125
86_20220826 18,1503.0601806640625
86_20220826 19,1492.524658203125
86_20220826 20,1426.234619140625
86_20220826 21,1260.557373046875
86_20220826 22,1127.27783203125
86_20220826 23,743.4163818359375
86_20220827 00,561.2842407226562
86_20220827 01,534.6078491210938
86_20220827 02,544.0386352539062
86_20220827 03,540.178955078125
86_20220827 04,533.3880004882812
86_20220827 05,534.5291748046875
86_20220827 06,599.3223876953125
86_20220827 07,882.3565063476562
86_20220827 08,1093.1943359375
86_20220827 09,1344.8497314453125
86_20220827 10,1574.3770751953125
86_20220827 11,1572.74072265625
86_20220827 12,1583.43701171875
86_20220827 13,1584.939453125
86_20220827 14,1580.92041015625
86_20220827 15,1590.42724609375
86_20220827 16,1575.473876953125
86_20220827 17,1559.02587890625
86_20220827 18,1517.8817138671875
86_20220827 19,1480.1395263671875
86_20220827 20,1400.3807373046875
86_20220827 21,1253.8565673828125
86_20220827 22,1061.316162109375
86_20220827 23,714.3607788085938
86_20220828 00,536.2633666992188
86_20220828 01,499.6720886230469
86_20220828 02,505.5317077636719
86_20220828 03,499.04949951171875
86_20220828 04,507.1695556640625
86_20220828 05,504.8801574707031
86_20220828 06,516.3897094726562
86_20220828 07,533.502197265625
86_20220828 08,566.445556640625
86_20220828 09,651.9398803710938
86_20220828 10,682.4461059570312
86_20220828 11,586.6102905273438
86_20220828 12,617.5961303710938
86_20220828 13,656.2675170898438
86_20220828 14,656.4595947265625
86_20220828 15,680.2279663085938
86_20220828 16,720.1077270507812
86_20220828 17,704.9068603515625
86_20220828 18,666.1683349609375
86_20220828 19,641.551513671875
86_20220828 20,631.9966430664062
86_20220828 21,604.4214477539062
86_20220828 22,558.792236328125
86_20220828 23,563.270751953125
86_20220829 00,551.0670776367188
86_20220829 01,531.038330078125
86_20220829 02,530.732421875
86_20220829 03,523.06201171875
86_20220829 04,522.0177612304688
86_20220829 05,517.723876953125
86_20220829 06,591.149658203125
86_20220829 07,863.0183715820312
86_20220829 08,1083.8590087890625
86_20220829 09,1292.5538330078125
86_20220829 10,1541.6492919921875
86_20220829 11,1545.7984619140625
86_20220829 12,1543.01123046875
86_20220829 13,1533.9781494140625
86_20220829 14,1522.2989501953125
86_20220829 15,1521.533203125
86_20220829 16,1500.478515625
86_20220829 17,1487.52294921875
86_20220829 18,1467.3641357421875
86_20220829 19,1437.7584228515625
86_20220829 20,1347.1527099609375
86_20220829 21,1220.915283203125
86_20220829 22,1073.8779296875
86_20220829 23,722.090576171875
86_20220830 00,541.7049560546875
86_20220830 01,519.8723754882812
86_20220830 02,513.3359985351562
86_20220830 03,519.0394287109375
86_20220830 04,527.4593505859375
86_20220830 05,534.5763549804688
86_20220830 06,624.3797607421875
86_20220830 07,853.3453369140625
86_20220830 08,1050.91064453125
86_20220830 09,1261.8515625
86_20220830 10,1512.9984130859375
86_20220830 11,1522.641357421875
86_20220830 12,1523.559326171875
86_20220830 13,1519.7855224609375
86_20220830 14,1505.3304443359375
86_20220830 15,1502.650390625
86_20220830 16,1489.59619140625
86_20220830 17,1476.3565673828125
86_20220830 18,1454.686767578125
86_20220830 19,1422.7010498046875
86_20220830 20,1334.54833984375
86_20220830 21,1207.8441162109375
86_20220830 22,1072.3348388671875
86_20220830 23,699.5200805664062
86_20220831 00,557.8789672851562
86_20220831 01,529.4834594726562
86_20220831 02,535.9415893554688
86_20220831 03,528.233154296875
86_20220831 04,536.2305908203125
86_20220831 05,537.16162109375
86_20220831 06,619.5770874023438
86_20220831 07,858.5316772460938
86_20220831 08,1104.1002197265625
86_20220831 09,1272.346435546875
86_20220831 10,1495.0589599609375
86_20220831 11,1499.5550537109375
86_20220831 12,1496.99755859375
86_20220831 13,1491.0623779296875
86_20220831 14,1480.6270751953125
86_20220831 15,1480.8853759765625
86_20220831 16,1465.1702880859375
86_20220831 17,1457.0550537109375
86_20220831 18,1436.51708984375
86_20220831 19,1413.5946044921875
86_20220831 20,1341.6654052734375
86_20220831 21,1228.7557373046875
86_20220831 22,1102.0179443359375
86_20220831 23,725.526611328125
87_20220825 00,867.3975219726562
87_20220825 01,709.8037719726562
87_20220825 02,631.4898681640625
87_20220825 03,604.207763671875
87_20220825 04,608.82666015625
87_20220825 05,687.125244140625
87_20220825 06,956.819091796875
87_20220825 07,1219.84033203125
87_20220825 08,1502.9893798828125
87_20220825 09,1722.455810546875
87_20220825 10,1668.427734375
87_20220825 11,1699.446533203125
87_20220825 12,1749.0841064453125
87_20220825 13,1765.79345703125
87_20220825 14,1744.727783203125
87_20220825 15,1692.155029296875
87_20220825 16,1692.465576171875
87_20220825 17,1642.022705078125
87_20220825 18,1659.129638671875
87_20220825 19,1561.0526123046875
87_20220825 20,1440.5035400390625
87_20220825 21,1252.0938720703125
87_20220825 22,937.9072875976562
87_20220825 23,946.1720581054688
87_20220826 00,812.3207397460938
87_20220826 01,651.6900634765625
87_20220826 02,628.0386352539062
87_20220826 03,588.1812133789062
87_20220826 04,624.7128295898438
87_20220826 05,711.1621704101562
87_20220826 06,1042.26123046875
87_20220826 07,1334.1632080078125
87_20220826 08,1475.9136962890625
87_20220826 09,1746.533203125
87_20220826 10,1787.0355224609375
87_20220826 11,1776.3375244140625
87_20220826 12,1767.80615234375
87_20220826 13,1752.2711181640625
87_20220826 14,1753.2344970703125
87_20220826 15,1735.6492919921875
87_20220826 16,1746.5145263671875
87_20220826 17,1694.2264404296875
87_20220826 18,1705.3531494140625
87_20220826 19,1585.0447998046875
87_20220826 20,1439.3355712890625
87_20220826 21,1243.2926025390625
87_20220826 22,915.3345947265625
87_20220826 23,913.119384765625
87_20220827 00,845.2800903320312
87_20220827 01,705.1710205078125
87_20220827 02,666.3912353515625
87_20220827 03,619.8944702148438
87_20220827 04,649.043212890625
87_20220827 05,766.7999877929688
87_20220827 06,1040.85498046875
87_20220827 07,1331.8603515625
87_20220827 08,1390.219482421875
87_20220827 09,1750.94189453125
87_20220827 10,1769.161376953125
87_20220827 11,1745.9268798828125
87_20220827 12,1746.489013671875
87_20220827 13,1767.1505126953125
87_20220827 14,1755.177734375
87_20220827 15,1740.12060546875
87_20220827 16,1737.298828125
87_20220827 17,1698.3121337890625
87_20220827 18,1677.15283203125
87_20220827 19,1522.4119873046875
87_20220827 20,1411.0338134765625
87_20220827 21,1336.6778564453125
87_20220827 22,973.9266967773438
87_20220827 23,929.4638671875
87_20220828 00,734.774658203125
87_20220828 01,697.684326171875
87_20220828 02,678.1268310546875
87_20220828 03,625.2288818359375
87_20220828 04,648.754638671875
87_20220828 05,761.0172119140625
87_20220828 06,937.106689453125
87_20220828 07,1242.4366455078125
87_20220828 08,1242.5474853515625
87_20220828 09,1237.8875732421875
87_20220828 10,1271.7730712890625
87_20220828 11,1318.7047119140625
87_20220828 12,1275.4903564453125
87_20220828 13,1314.4290771484375
87_20220828 14,1333.365966796875
87_20220828 15,1315.650390625
87_20220828 16,1320.8953857421875
87_20220828 17,1192.8800048828125
87_20220828 18,1224.3768310546875
87_20220828 19,1204.2451171875
87_20220828 20,1258.10595703125
87_20220828 21,1239.9840087890625
87_20220828 22,999.6635131835938
87_20220828 23,792.7906494140625
87_20220829 00,757.3589477539062
87_20220829 01,677.8650512695312
87_20220829 02,658.0820922851562
87_20220829 03,606.4478149414062
87_20220829 04,657.8811645507812
87_20220829 05,835.3935546875
87_20220829 06,1059.7706298828125
87_20220829 07,1306.640625
87_20220829 08,1358.025634765625
87_20220829 09,1551.36328125
87_20220829 10,1780.01220703125
87_20220829 11,1751.909423828125
87_20220829 12,1764.8468017578125
87_20220829 13,1739.913330078125
87_20220829 14,1705.2567138671875
87_20220829 15,1678.5330810546875
87_20220829 16,1678.3936767578125
87_20220829 17,1654.2596435546875
87_20220829 18,1613.625
87_20220829 19,1504.91748046875
87_20220829 20,1396.2393798828125
87_20220829 21,1290.7689208984375
87_20220829 22,913.5025634765625
87_20220829 23,938.2205200195312
87_20220830 00,772.7511596679688
87_20220830 01,673.1498413085938
87_20220830 02,634.1981811523438
87_20220830 03,594.2557983398438
87_20220830 04,625.8472900390625
87_20220830 05,718.5252685546875
87_20220830 06,957.4149780273438
87_20220830 07,1288.4090576171875
87_20220830 08,1384.1435546875
87_20220830 09,1563.268798828125
87_20220830 10,1567.1805419921875
87_20220830 11,1539.7071533203125
87_20220830 12,1721.85888671875
87_20220830 13,1691.6072998046875
87_20220830 14,1715.39599609375
87_20220830 15,1710.2542724609375
87_20220830 16,1706.7691650390625
87_20220830 17,1677.80078125
87_20220830 18,1665.2535400390625
87_20220830 19,1559.2554931640625
87_20220830 20,1485.86669921875
87_20220830 21,1317.7728271484375
87_20220830 22,935.765625
87_20220830 23,1034.1385498046875
87_20220831 00,953.6536865234375
87_20220831 01,749.8779296875
87_20220831 02,724.0872192382812
87_20220831 03,637.265380859375
87_20220831 04,651.854736328125
87_20220831 05,779.8695678710938
87_20220831 06,1068.374755859375
87_20220831 07,1334.9520263671875
87_20220831 08,1395.9005126953125
87_20220831 09,1645.061767578125
87_20220831 10,1677.9976806640625
87_20220831 11,1660.3240966796875
87_20220831 12,1680.57763671875
87_20220831 13,1701.66259765625
87_20220831 14,1688.6502685546875
87_20220831 15,1679.362060546875
87_20220831 16,1676.8206787109375
87_20220831 17,1660.836669921875
87_20220831 18,1645.0428466796875
87_20220831 19,1535.14697265625
87_20220831 20,1422.9776611328125
87_20220831 21,1305.9072265625
87_20220831 22,954.2373657226562
87_20220831 23,888.4110717773438
88_20220825 00,483.6849670410156
88_20220825 01,447.6870422363281
88_20220825 02,440.8728332519531
88_20220825 03,444.4674987792969
88_20220825 04,443.6367492675781
88_20220825 05,441.5146484375
88_20220825 06,494.4227294921875
88_20220825 07,573.436279296875
88_20220825 08,944.4805297851562
88_20220825 09,1480.4971923828125
88_20220825 10,1707.041015625
88_20220825 11,1747.654296875
88_20220825 12,1740.764404296875
88_20220825 13,1738.1116943359375
88_20220825 14,1713.05029296875
88_20220825 15,1708.8929443359375
88_20220825 16,1704.09033203125
88_20220825 17,1665.6160888671875
88_20220825 18,1638.52392578125
88_20220825 19,1633.630859375
88_20220825 20,1575.4493408203125
88_20220825 21,1379.1495361328125
88_20220825 22,1010.3241577148438
88_20220825 23,585.6299438476562
88_20220826 00,476.5166931152344
88_20220826 01,449.7830810546875
88_20220826 02,442.8092956542969
88_20220826 03,445.9249267578125
88_20220826 04,445.1639709472656
88_20220826 05,442.63232421875
88_20220826 06,505.9067077636719
88_20220826 07,582.1648559570312
88_20220826 08,945.428466796875
88_20220826 09,1498.3355712890625
88_20220826 10,1751.1671142578125
88_20220826 11,1778.8675537109375
88_20220826 12,1781.760498046875
88_20220826 13,1768.4122314453125
88_20220826 14,1768.8243408203125
88_20220826 15,1742.88330078125
88_20220826 16,1742.2879638671875
88_20220826 17,1726.8575439453125
88_20220826 18,1718.4698486328125
88_20220826 19,1702.87353515625
88_20220826 20,1609.4859619140625
88_20220826 21,1432.6087646484375
88_20220826 22,1037.96533203125
88_20220826 23,597.1723022460938
88_20220827 00,477.9959716796875
88_20220827 01,448.8275451660156
88_20220827 02,444.18798828125
88_20220827 03,446.9453125
88_20220827 04,443.1199035644531
88_20220827 05,440.9792175292969
88_20220827 06,500.2938537597656
88_20220827 07,564.2525634765625
88_20220827 08,870.9216918945312
88_20220827 09,1360.3272705078125
88_20220827 10,1664.30859375
88_20220827 11,1777.3748779296875
88_20220827 12,1769.60009765625
88_20220827 13,1769.5250244140625
88_20220827 14,1752.0008544921875
88_20220827 15,1737.8995361328125
88_20220827 16,1731.46826171875
88_20220827 17,1708.593017578125
88_20220827 18,1710.2899169921875
88_20220827 19,1696.942138671875
88_20220827 20,1562.70556640625
88_20220827 21,1330.3150634765625
88_20220827 22,1018.6720581054688
88_20220827 23,576.9903564453125
88_20220828 00,464.8723449707031
88_20220828 01,431.36602783203125
88_20220828 02,423.7187194824219
88_20220828 03,426.1590576171875
88_20220828 04,424.5286865234375
88_20220828 05,423.4807434082031
88_20220828 06,439.6834716796875
88_20220828 07,456.3085021972656
88_20220828 08,472.5013427734375
88_20220828 09,482.0053405761719
88_20220828 10,532.3978271484375
88_20220828 11,572.6043701171875
88_20220828 12,475.4225769042969
88_20220828 13,572.854736328125
88_20220828 14,509.4256896972656
88_20220828 15,507.71466064453125
88_20220828 16,506.6164855957031
88_20220828 17,494.4026184082031
88_20220828 18,479.1385803222656
88_20220828 19,484.4497375488281
88_20220828 20,481.1600341796875
88_20220828 21,487.69873046875
88_20220828 22,467.9781494140625
88_20220828 23,462.5331726074219
88_20220829 00,471.29229736328125
88_20220829 01,443.9140319824219
88_20220829 02,435.6968078613281
88_20220829 03,438.29913330078125
88_20220829 04,435.4650573730469
88_20220829 05,438.3645324707031
88_20220829 06,492.3509826660156
88_20220829 07,568.5468139648438
88_20220829 08,920.5592041015625
88_20220829 09,1348.6287841796875
88_20220829 10,1676.6417236328125
88_20220829 11,1701.819091796875
88_20220829 12,1702.58056640625
88_20220829 13,1679.156982421875
88_20220829 14,1710.11328125
88_20220829 15,1673.7596435546875
88_20220829 16,1675.72119140625
88_20220829 17,1641.83984375
88_20220829 18,1615.94873046875
88_20220829 19,1603.039794921875
88_20220829 20,1490.7874755859375
88_20220829 21,1302.9197998046875
88_20220829 22,1033.59521484375
88_20220829 23,577.1038208007812
88_20220830 00,472.0970458984375
88_20220830 01,439.2488098144531
88_20220830 02,433.3438415527344
88_20220830 03,439.9051513671875
88_20220830 04,434.8505859375
88_20220830 05,433.3114318847656
88_20220830 06,493.5868835449219
88_20220830 07,573.5723266601562
88_20220830 08,861.6786499023438
88_20220830 09,1255.900146484375
88_20220830 10,1529.4324951171875
88_20220830 11,1558.0059814453125
88_20220830 12,1582.3350830078125
88_20220830 13,1559.8797607421875
88_20220830 14,1469.8360595703125
88_20220830 15,1526.6124267578125
88_20220830 16,1519.521484375
88_20220830 17,1478.0750732421875
88_20220830 18,1464.2437744140625
88_20220830 19,1489.1787109375
88_20220830 20,1401.812255859375
88_20220830 21,1357.6356201171875
88_20220830 22,1013.8036499023438
88_20220830 23,599.1317138671875
88_20220831 00,473.5649719238281
88_20220831 01,443.7994384765625
88_20220831 02,440.5694580078125
88_20220831 03,441.1108093261719
88_20220831 04,438.96270751953125
88_20220831 05,437.0229187011719
88_20220831 06,495.9683532714844
88_20220831 07,577.0322265625
88_20220831 08,885.4199829101562
88_20220831 09,1297.764892578125
88_20220831 10,1571.3231201171875
88_20220831 11,1693.3592529296875
88_20220831 12,1713.3077392578125
88_20220831 13,1691.7156982421875
88_20220831 14,1696.5101318359375
88_20220831 15,1671.557861328125
88_20220831 16,1661.8995361328125
88_20220831 17,1637.4464111328125
88_20220831 18,1642.0819091796875
88_20220831 19,1628.5916748046875
88_20220831 20,1573.6046142578125
88_20220831 21,1385.5804443359375
88_20220831 22,1032.3472900390625
88_20220831 23,594.09423828125
89_20220825 00,563.8794555664062
89_20220825 01,500.78729248046875
89_20220825 02,494.8853454589844
89_20220825 03,488.5064392089844
89_20220825 04,487.9542236328125
89_20220825 05,496.5129699707031
89_20220825 06,582.3104248046875
89_20220825 07,784.3599853515625
89_20220825 08,980.140380859375
89_20220825 09,1591.541748046875
89_20220825 10,2088.646240234375
89_20220825 11,2085.09423828125
89_20220825 12,2108.6533203125
89_20220825 13,2071.3515625
89_20220825 14,2063.30322265625
89_20220825 15,2074.835205078125
89_20220825 16,2066.2353515625
89_20220825 17,2044.19189453125
89_20220825 18,2044.149169921875
89_20220825 19,2012.5762939453125
89_20220825 20,1916.3675537109375
89_20220825 21,1662.9803466796875
89_20220825 22,1163.6412353515625
89_20220825 23,895.5453491210938
89_20220826 00,562.3678588867188
89_20220826 01,498.265625
89_20220826 02,495.10089111328125
89_20220826 03,491.1337890625
89_20220826 04,487.6744079589844
89_20220826 05,493.2837829589844
89_20220826 06,578.6455078125
89_20220826 07,771.9773559570312
89_20220826 08,956.318603515625
89_20220826 09,1552.362548828125
89_20220826 10,2148.4755859375
89_20220826 11,2168.188232421875
89_20220826 12,2174.841552734375
89_20220826 13,2200.796630859375
89_20220826 14,2209.57421875
89_20220826 15,2166.9267578125
89_20220826 16,2156.894287109375
89_20220826 17,2143.136962890625
89_20220826 18,2121.78955078125
89_20220826 19,2097.4990234375
89_20220826 20,2012.427001953125
89_20220826 21,1753.42529296875
89_20220826 22,1144.6063232421875
89_20220826 23,889.8248291015625
89_20220827 00,565.6632690429688
89_20220827 01,516.9707641601562
89_20220827 02,490.6269226074219
89_20220827 03,491.7128601074219
89_20220827 04,477.61590576171875
89_20220827 05,490.4573059082031
89_20220827 06,564.6641845703125
89_20220827 07,762.1915893554688
89_20220827 08,920.6812133789062
89_20220827 09,1479.4599609375
89_20220827 10,2037.4549560546875
89_20220827 11,2183.7265625
89_20220827 12,2184.945556640625
89_20220827 13,2207.759033203125
89_20220827 14,2224.2626953125
89_20220827 15,2219.00341796875
89_20220827 16,2213.70556640625
89_20220827 17,2184.99072265625
89_20220827 18,2146.248779296875
89_20220827 19,2077.21728515625
89_20220827 20,1962.6639404296875
89_20220827 21,1708.2882080078125
89_20220827 22,1132.7169189453125
89_20220827 23,894.357421875
89_20220828 00,574.583251953125
89_20220828 01,496.8605651855469
89_20220828 02,484.6057434082031
89_20220828 03,477.41668701171875
89_20220828 04,473.9411315917969
89_20220828 05,479.0640869140625
89_20220828 06,480.22723388671875
89_20220828 07,480.4822998046875
89_20220828 08,502.9422607421875
89_20220828 09,600.8281860351562
89_20220828 10,655.301025390625
89_20220828 11,588.2161865234375
89_20220828 12,608.7747802734375
89_20220828 13,621.5596313476562
89_20220828 14,625.5779418945312
89_20220828 15,650.1151733398438
89_20220828 16,631.1875
89_20220828 17,602.0410766601562
89_20220828 18,551.194091796875
89_20220828 19,499.41827392578125
89_20220828 20,498.43878173828125
89_20220828 21,494.2132873535156
89_20220828 22,494.52410888671875
89_20220828 23,493.2998352050781
89_20220829 00,549.9625854492188
89_20220829 01,485.4543151855469
89_20220829 02,484.8034973144531
89_20220829 03,480.8322448730469
89_20220829 04,481.3214111328125
89_20220829 05,489.9034118652344
89_20220829 06,572.4168090820312
89_20220829 07,769.096435546875
89_20220829 08,911.440185546875
89_20220829 09,1445.1619873046875
89_20220829 10,1913.49755859375
89_20220829 11,1972.57861328125
89_20220829 12,2003.73388671875
89_20220829 13,2011.627685546875
89_20220829 14,2048.197265625
89_20220829 15,2004.0784912109375
89_20220829 16,1989.6798095703125
89_20220829 17,1949.8948974609375
89_20220829 18,1923.5467529296875
89_20220829 19,1902.4058837890625
89_20220829 20,1821.39404296875
89_20220829 21,1607.340576171875
89_20220829 22,1083.7984619140625
89_20220829 23,852.8995971679688
89_20220830 00,555.3709716796875
89_20220830 01,486.2823181152344
89_20220830 02,483.4284973144531
89_20220830 03,478.2313537597656
89_20220830 04,480.15692138671875
89_20220830 05,486.0688171386719
89_20220830 06,570.500244140625
89_20220830 07,742.8497314453125
89_20220830 08,903.4015502929688
89_20220830 09,1423.1942138671875
89_20220830 10,1895.97412109375
89_20220830 11,1923.862060546875
89_20220830 12,1939.182373046875
89_20220830 13,1953.3074951171875
89_20220830 14,1951.6683349609375
89_20220830 15,1945.057861328125
89_20220830 16,1938.0355224609375
89_20220830 17,1904.41259765625
89_20220830 18,1907.6558837890625
89_20220830 19,1899.512939453125
89_20220830 20,1801.8006591796875
89_20220830 21,1597.5413818359375
89_20220830 22,1124.7421875
89_20220830 23,861.2894287109375
89_20220831 00,573.4410400390625
89_20220831 01,498.7766418457031
89_20220831 02,497.5905456542969
89_20220831 03,492.45703125
89_20220831 04,493.1142272949219
89_20220831 05,478.95770263671875
89_20220831 06,566.078857421875
89_20220831 07,734.0371704101562
89_20220831 08,899.2230224609375
89_20220831 09,1420.99462890625
89_20220831 10,1968.1876220703125
89_20220831 11,2048.875244140625
89_20220831 12,2063.47705078125
89_20220831 13,2066.20166015625
89_20220831 14,2069.599853515625
89_20220831 15,2058.654541015625
89_20220831 16,2067.2021484375
89_20220831 17,2061.4658203125
89_20220831 18,2037.1815185546875
89_20220831 19,2017.27197265625
89_20220831 20,1953.8148193359375
89_20220831 21,1698.7889404296875
89_20220831 22,1170.1556396484375
89_20220831 23,900.5027465820312
90_20220825 00,474.7947998046875
90_20220825 01,425.7948303222656
90_20220825 02,423.3930969238281
90_20220825 03,416.8280029296875
90_20220825 04,436.7592468261719
90_20220825 05,431.7907409667969
90_20220825 06,496.0607604980469
90_20220825 07,690.4483032226562
90_20220825 08,1139.4886474609375
90_20220825 09,1722.6749267578125
90_20220825 10,2148.842529296875
90_20220825 11,2169.29248046875
90_20220825 12,2241.745361328125
90_20220825 13,2248.714599609375
90_20220825 14,2245.190673828125
90_20220825 15,2246.939697265625
90_20220825 16,2214.920166015625
90_20220825 17,2205.405517578125
90_20220825 18,2105.749755859375
90_20220825 19,1979.0369873046875
90_20220825 20,1891.8468017578125
90_20220825 21,1509.12548828125
90_20220825 22,1192.080810546875
90_20220825 23,843.3673706054688
90_20220826 00,474.5534973144531
90_20220826 01,420.0808410644531
90_20220826 02,420.0924987792969
90_20220826 03,415.5824279785156
90_20220826 04,431.9180908203125
90_20220826 05,430.8746337890625
90_20220826 06,488.8272399902344
90_20220826 07,687.6767578125
90_20220826 08,1164.9630126953125
90_20220826 09,1704.9102783203125
90_20220826 10,2160.475830078125
90_20220826 11,2192.2236328125
90_20220826 12,2203.8427734375
90_20220826 13,2204.8056640625
90_20220826 14,2250.889404296875
90_20220826 15,2237.95263671875
90_20220826 16,2214.738525390625
90_20220826 17,2192.472900390625
90_20220826 18,2107.0234375
90_20220826 19,2001.512939453125
90_20220826 20,1915.5472412109375
90_20220826 21,1492.16455078125
90_20220826 22,1164.3206787109375
90_20220826 23,835.2445678710938
90_20220827 00,470.1880798339844
90_20220827 01,423.3316345214844
90_20220827 02,422.4408264160156
90_20220827 03,414.6897277832031
90_20220827 04,428.46728515625
90_20220827 05,428.88201904296875
90_20220827 06,491.1623840332031
90_20220827 07,689.7147827148438
90_20220827 08,1163.3839111328125
90_20220827 09,1722.39990234375
90_20220827 10,2226.774658203125
90_20220827 11,2255.8076171875
90_20220827 12,2283.62548828125
90_20220827 13,2302.562255859375
90_20220827 14,2357.490478515625
90_20220827 15,2373.263916015625
90_20220827 16,2350.447998046875
90_20220827 17,2293.4423828125
90_20220827 18,2136.717529296875
90_20220827 19,1882.789794921875
90_20220827 20,1812.10986328125
90_20220827 21,1462.0087890625
90_20220827 22,1139.88916015625
90_20220827 23,794.0451049804688
90_20220828 00,434.4941101074219
90_20220828 01,396.4840087890625
90_20220828 02,396.2584228515625
90_20220828 03,396.1044616699219
90_20220828 04,397.1889343261719
90_20220828 05,396.52508544921875
90_20220828 06,402.2539978027344
90_20220828 07,420.5965881347656
90_20220828 08,464.6929931640625
90_20220828 09,583.569580078125
90_20220828 10,467.5474548339844
90_20220828 11,456.4159240722656
90_20220828 12,470.25177001953125
90_20220828 13,493.9717712402344
90_20220828 14,495.3442687988281
90_20220828 15,495.5694580078125
90_20220828 16,498.8555603027344
90_20220828 17,483.8583984375
90_20220828 18,490.2353820800781
90_20220828 19,485.6811828613281
90_20220828 20,472.6357116699219
90_20220828 21,452.7635498046875
90_20220828 22,468.1694641113281
90_20220828 23,447.2169189453125
90_20220829 00,443.4065246582031
90_20220829 01,404.1211242675781
90_20220829 02,400.8464660644531
90_20220829 03,397.1596984863281
90_20220829 04,410.56085205078125
90_20220829 05,413.4337158203125
90_20220829 06,474.6416015625
90_20220829 07,684.006591796875
90_20220829 08,1118.4556884765625
90_20220829 09,1479.8104248046875
90_20220829 10,1880.301513671875
90_20220829 11,1891.0008544921875
90_20220829 12,1902.8760986328125
90_20220829 13,2004.8536376953125
90_20220829 14,2007.48046875
90_20220829 15,2020.3494873046875
90_20220829 16,1964.4627685546875
90_20220829 17,1879.6414794921875
90_20220829 18,1785.98828125
90_20220829 19,1656.7677001953125
90_20220829 20,1639.287109375
90_20220829 21,1387.9344482421875
90_20220829 22,1050.619873046875
90_20220829 23,755.5631103515625
90_20220830 00,462.85662841796875
90_20220830 01,413.26953125
90_20220830 02,413.2086181640625
90_20220830 03,408.9364929199219
90_20220830 04,426.0541076660156
90_20220830 05,421.2884521484375
90_20220830 06,485.9635009765625
90_20220830 07,685.9033203125
90_20220830 08,1126.6907958984375
90_20220830 09,1483.719970703125
90_20220830 10,1848.8199462890625
90_20220830 11,1860.0333251953125
90_20220830 12,1874.90283203125
90_20220830 13,1931.287841796875
90_20220830 14,1931.71435546875
90_20220830 15,1930.8555908203125
90_20220830 16,1879.25732421875
90_20220830 17,1859.3436279296875
90_20220830 18,1809.63134765625
90_20220830 19,1630.5174560546875
90_20220830 20,1626.991455078125
90_20220830 21,1346.1966552734375
90_20220830 22,985.9261474609375
90_20220830 23,744.4835815429688
90_20220831 00,463.1444091796875
90_20220831 01,419.7151184082031
90_20220831 02,419.5174560546875
90_20220831 03,415.53094482421875
90_20220831 04,433.2276306152344
90_20220831 05,433.9305419921875
90_20220831 06,491.0171813964844
90_20220831 07,682.3322143554688
90_20220831 08,1091.1129150390625
90_20220831 09,1526.6524658203125
90_20220831 10,1890.6221923828125
90_20220831 11,1903.2088623046875
90_20220831 12,1903.31494140625
90_20220831 13,1925.2401123046875
90_20220831 14,1983.171875
90_20220831 15,1971.1612548828125
90_20220831 16,1902.2515869140625
90_20220831 17,1884.4390869140625
90_20220831 18,1806.74853515625
90_20220831 19,1655.7315673828125
90_20220831 20,1631.785888671875
90_20220831 21,1396.447021484375
90_20220831 22,1057.6004638671875
90_20220831 23,755.9561157226562
91_20220825 00,524.3968505859375
91_20220825 01,525.0155639648438
91_20220825 02,525.3826293945312
91_20220825 03,525.3397827148438
91_20220825 04,521.8636474609375
91_20220825 05,521.117919921875
91_20220825 06,524.6974487304688
91_20220825 07,639.0062866210938
91_20220825 08,743.514404296875
91_20220825 09,1139.0997314453125
91_20220825 10,1865.3721923828125
91_20220825 11,2267.5
91_20220825 12,2250.279296875
91_20220825 13,2241.394287109375
91_20220825 14,2241.427978515625
91_20220825 15,2221.314208984375
91_20220825 16,2211.7998046875
91_20220825 17,2147.90966796875
91_20220825 18,2099.812255859375
91_20220825 19,1911.63818359375
91_20220825 20,1606.841796875
91_20220825 21,1213.3995361328125
91_20220825 22,884.1968994140625
91_20220825 23,545.5404663085938
91_20220826 00,522.1265258789062
91_20220826 01,521.2901000976562
91_20220826 02,520.9481201171875
91_20220826 03,520.885986328125
91_20220826 04,520.885986328125
91_20220826 05,522.4852905273438
91_20220826 06,525.9048461914062
91_20220826 07,626.6469116210938
91_20220826 08,715.7245483398438
91_20220826 09,1100.2109375
91_20220826 10,1760.9000244140625
91_20220826 11,2196.232666015625
91_20220826 12,2206.73046875
91_20220826 13,2202.589599609375
91_20220826 14,2228.042724609375
91_20220826 15,2223.7763671875
91_20220826 16,2219.88525390625
91_20220826 17,2164.646728515625
91_20220826 18,2153.5244140625
91_20220826 19,1959.3934326171875
91_20220826 20,1631.6422119140625
91_20220826 21,1226.32763671875
91_20220826 22,888.7348022460938
91_20220826 23,543.2171630859375
91_20220827 00,521.708251953125
91_20220827 01,518.2191772460938
91_20220827 02,521.1372680664062
91_20220827 03,520.8969116210938
91_20220827 04,521.0497436523438
91_20220827 05,522.9227294921875
91_20220827 06,525.5584716796875
91_20220827 07,642.1275634765625
91_20220827 08,724.401123046875
91_20220827 09,1134.71728515625
91_20220827 10,1782.4549560546875
91_20220827 11,2264.00341796875
91_20220827 12,2224.831787109375
91_20220827 13,2214.4912109375
91_20220827 14,2188.1494140625
91_20220827 15,2211.941650390625
91_20220827 16,2213.702880859375
91_20220827 17,2176.558349609375
91_20220827 18,2012.677001953125
91_20220827 19,1873.98779296875
91_20220827 20,1522.1190185546875
91_20220827 21,1174.152099609375
91_20220827 22,873.6345825195312
91_20220827 23,543.7281494140625
91_20220828 00,521.5164184570312
91_20220828 01,522.240478515625
91_20220828 02,517.9788208007812
91_20220828 03,518.943359375
91_20220828 04,517.9788208007812
91_20220828 05,520.5836181640625
91_20220828 06,523.9578857421875
91_20220828 07,564.8679809570312
91_20220828 08,617.7424926757812
91_20220828 09,710.7594604492188
91_20220828 10,1103.21044921875
91_20220828 11,1544.7764892578125
91_20220828 12,1557.8980712890625
91_20220828 13,1589.6932373046875
91_20220828 14,1587.9754638671875
91_20220828 15,1589.5567626953125
91_20220828 16,1582.3741455078125
91_20220828 17,1513.3621826171875
91_20220828 18,1467.137451171875
91_20220828 19,1407.616943359375
91_20220828 20,1163.3946533203125
91_20220828 21,711.9657592773438
91_20220828 22,583.8973999023438
91_20220828 23,525.2103271484375
91_20220829 00,527.899658203125
91_20220829 01,525.853515625
91_20220829 02,524.888916015625
91_20220829 03,524.6485595703125
91_20220829 04,524.6485595703125
91_20220829 05,527.5557250976562
91_20220829 06,528.1586303710938
91_20220829 07,616.0989990234375
91_20220829 08,708.11181640625
91_20220829 09,1052.58251953125
91_20220829 10,1512.02197265625
91_20220829 11,1852.11328125
91_20220829 12,1898.6492919921875
91_20220829 13,1931.9390869140625
91_20220829 14,1932.4022216796875
91_20220829 15,1899.3524169921875
91_20220829 16,1942.9022216796875
91_20220829 17,1920.2598876953125
91_20220829 18,1892.7205810546875
91_20220829 19,1795.68408203125
91_20220829 20,1496.8582763671875
91_20220829 21,1153.3212890625
91_20220829 22,904.2660522460938
91_20220829 23,556.432373046875
91_20220830 00,528.148681640625
91_20220830 01,528.9102783203125
91_20220830 02,528.3014526367188
91_20220830 03,527.077392578125
91_20220830 04,526.4741821289062
91_20220830 05,527.719482421875
91_20220830 06,527.5543212890625
91_20220830 07,631.74365234375
91_20220830 08,721.0370483398438
91_20220830 09,1109.612060546875
91_20220830 10,1674.83837890625
91_20220830 11,2177.908203125
91_20220830 12,2163.232177734375
91_20220830 13,2160.766845703125
91_20220830 14,2149.921875
91_20220830 15,2150.640380859375
91_20220830 16,2139.593994140625
91_20220830 17,2094.181640625
91_20220830 18,2086.787353515625
91_20220830 19,1963.3201904296875
91_20220830 20,1574.6859130859375
91_20220830 21,1251.5499267578125
91_20220830 22,900.5888061523438
91_20220830 23,564.844970703125
91_20220831 00,520.3060913085938
91_20220831 01,519.0362548828125
91_20220831 02,518.4804077148438
91_20220831 03,518.4804077148438
91_20220831 04,518.4804077148438
91_20220831 05,518.2400512695312
91_20220831 06,523.2113037109375
91_20220831 07,625.5803833007812
91_20220831 08,717.6812133789062
91_20220831 09,1070.6868896484375
91_20220831 10,1609.13037109375
91_20220831 11,2102.39013671875
91_20220831 12,2099.3017578125
91_20220831 13,2094.6923828125
91_20220831 14,2102.705810546875
91_20220831 15,2051.68359375
91_20220831 16,2047.4373779296875
91_20220831 17,1993.2813720703125
91_20220831 18,2042.3651123046875
91_20220831 19,1863.960205078125
91_20220831 20,1535.3341064453125
91_20220831 21,1188.4061279296875
91_20220831 22,891.1983032226562
91_20220831 23,550.836669921875
92_20220825 00,515.3018188476562
92_20220825 01,513.1632690429688
92_20220825 02,512.0489501953125
92_20220825 03,503.1675109863281
92_20220825 04,514.4043579101562
92_20220825 05,509.9023742675781
92_20220825 06,616.8482666015625
92_20220825 07,948.0496215820312
92_20220825 08,1050.087646484375
92_20220825 09,1435.7869873046875
92_20220825 10,1642.229248046875
92_20220825 11,1657.5789794921875
92_20220825 12,1692.598388671875
92_20220825 13,1711.27197265625
92_20220825 14,1668.3734130859375
92_20220825 15,1663.7109375
92_20220825 16,1653.7322998046875
92_20220825 17,1653.4140625
92_20220825 18,1670.0447998046875
92_20220825 19,1658.059814453125
92_20220825 20,1620.9678955078125
92_20220825 21,1524.563720703125
92_20220825 22,1362.3477783203125
92_20220825 23,765.4730834960938
92_20220826 00,520.1055297851562
92_20220826 01,525.6220703125
92_20220826 02,530.2122802734375
92_20220826 03,518.383056640625
92_20220826 04,515.9169311523438
92_20220826 05,532.7208251953125
92_20220826 06,715.8764038085938
92_20220826 07,986.584228515625
92_20220826 08,1076.863037109375
92_20220826 09,1467.3270263671875
92_20220826 10,1691.858642578125
92_20220826 11,1710.9285888671875
92_20220826 12,1755.29443359375
92_20220826 13,1762.0159912109375
92_20220826 14,1742.8768310546875
92_20220826 15,1732.4180908203125
92_20220826 16,1709.9925537109375
92_20220826 17,1674.12158203125
92_20220826 18,1681.314453125
92_20220826 19,1682.412109375
92_20220826 20,1660.4090576171875
92_20220826 21,1541.408203125
92_20220826 22,1377.4879150390625
92_20220826 23,777.3349609375
92_20220827 00,534.001220703125
92_20220827 01,539.0167236328125
92_20220827 02,538.6190795898438
92_20220827 03,535.75634765625
92_20220827 04,526.1044311523438
92_20220827 05,539.1060791015625
92_20220827 06,694.1632690429688
92_20220827 07,994.5786743164062
92_20220827 08,1089.3284912109375
92_20220827 09,1467.3714599609375
92_20220827 10,1747.7464599609375
92_20220827 11,1795.9012451171875
92_20220827 12,1817.44482421875
92_20220827 13,1822.0999755859375
92_20220827 14,1826.934326171875
92_20220827 15,1832.802001953125
92_20220827 16,1834.8402099609375
92_20220827 17,1831.155517578125
92_20220827 18,1794.6109619140625
92_20220827 19,1773.9820556640625
92_20220827 20,1741.573486328125
92_20220827 21,1542.44091796875
92_20220827 22,1360.273193359375
92_20220827 23,755.2951049804688
92_20220828 00,517.2592163085938
92_20220828 01,509.5258483886719
92_20220828 02,502.0700988769531
92_20220828 03,495.6800537109375
92_20220828 04,500.0295715332031
92_20220828 05,510.0478515625
92_20220828 06,586.802978515625
92_20220828 07,783.1515502929688
92_20220828 08,824.2340087890625
92_20220828 09,1023.4989624023438
92_20220828 10,974.561767578125
92_20220828 11,949.0482788085938
92_20220828 12,872.8500366210938
92_20220828 13,837.107666015625
92_20220828 14,820.4552612304688
92_20220828 15,806.9080200195312
92_20220828 16,783.111083984375
92_20220828 17,777.3622436523438
92_20220828 18,764.9760131835938
92_20220828 19,797.524169921875
92_20220828 20,776.7732543945312
92_20220828 21,722.1810302734375
92_20220828 22,667.87841796875
92_20220828 23,599.7374267578125
92_20220829 00,498.1558837890625
92_20220829 01,493.7236328125
92_20220829 02,481.4250183105469
92_20220829 03,471.8800964355469
92_20220829 04,478.8980712890625
92_20220829 05,479.1174621582031
92_20220829 06,577.8056640625
92_20220829 07,981.5068359375
92_20220829 08,1058.338623046875
92_20220829 09,1440.8380126953125
92_20220829 10,1680.4989013671875
92_20220829 11,1717.0382080078125
92_20220829 12,1715.421875
92_20220829 13,1714.9722900390625
92_20220829 14,1721.396484375
92_20220829 15,1715.7420654296875
92_20220829 16,1698.3983154296875
92_20220829 17,1694.7430419921875
92_20220829 18,1680.3914794921875
92_20220829 19,1674.314453125
92_20220829 20,1656.28173828125
92_20220829 21,1521.446533203125
92_20220829 22,1364.40673828125
92_20220829 23,755.1448974609375
92_20220830 00,501.47930908203125
92_20220830 01,499.24920654296875
92_20220830 02,502.3199462890625
92_20220830 03,514.9395141601562
92_20220830 04,529.7972412109375
92_20220830 05,533.004150390625
92_20220830 06,637.4381713867188
92_20220830 07,972.4483032226562
92_20220830 08,1065.1461181640625
92_20220830 09,1439.3759765625
92_20220830 10,1660.04833984375
92_20220830 11,1661.907470703125
92_20220830 12,1660.1456298828125
92_20220830 13,1679.0643310546875
92_20220830 14,1695.46240234375
92_20220830 15,1682.1339111328125
92_20220830 16,1680.1890869140625
92_20220830 17,1664.1463623046875
92_20220830 18,1696.6922607421875
92_20220830 19,1693.188232421875
92_20220830 20,1644.7327880859375
92_20220830 21,1520.3865966796875
92_20220830 22,1353.0908203125
92_20220830 23,755.8832397460938
92_20220831 00,525.516845703125
92_20220831 01,521.2271728515625
92_20220831 02,517.4107055664062
92_20220831 03,512.482421875
92_20220831 04,515.6083374023438
92_20220831 05,527.7035522460938
92_20220831 06,636.6807250976562
92_20220831 07,968.0869750976562
92_20220831 08,1055.562744140625
92_20220831 09,1432.369873046875
92_20220831 10,1650.5360107421875
92_20220831 11,1656.83251953125
92_20220831 12,1655.43408203125
92_20220831 13,1646.7686767578125
92_20220831 14,1656.6832275390625
92_20220831 15,1642.156982421875
92_20220831 16,1630.223388671875
92_20220831 17,1627.2606201171875
92_20220831 18,1642.0655517578125
92_20220831 19,1640.54296875
92_20220831 20,1620.7283935546875
92_20220831 21,1518.9324951171875
92_20220831 22,1347.8565673828125
92_20220831 23,757.4302368164062
93_20220825 00,698.582275390625
93_20220825 01,622.3176879882812
93_20220825 02,648.419677734375
93_20220825 03,689.8499755859375
93_20220825 04,698.496826171875
93_20220825 05,812.197021484375
93_20220825 06,1048.5155029296875
93_20220825 07,1099.260498046875
93_20220825 08,1169.5762939453125
93_20220825 09,1222.8455810546875
93_20220825 10,1259.85498046875
93_20220825 11,1258.715576171875
93_20220825 12,1272.5128173828125
93_20220825 13,1283.8973388671875
93_20220825 14,1284.4083251953125
93_20220825 15,1248.767578125
93_20220825 16,1232.656982421875
93_20220825 17,1244.0078125
93_20220825 18,1219.1318359375
93_20220825 19,1209.2735595703125
93_20220825 20,1183.057861328125
93_20220825 21,1109.917236328125
93_20220825 22,977.4306640625
93_20220825 23,806.208251953125
93_20220826 00,729.1851806640625
93_20220826 01,619.3850708007812
93_20220826 02,674.5137329101562
93_20220826 03,700.7575073242188
93_20220826 04,708.5299072265625
93_20220826 05,813.6613159179688
93_20220826 06,1035.828857421875
93_20220826 07,1057.9044189453125
93_20220826 08,1130.0849609375
93_20220826 09,1227.57421875
93_20220826 10,1268.2427978515625
93_20220826 11,1275.8837890625
93_20220826 12,1301.9560546875
93_20220826 13,1321.258056640625
93_20220826 14,1320.20703125
93_20220826 15,1307.147216796875
93_20220826 16,1296.743896484375
93_20220826 17,1296.1015625
93_20220826 18,1268.8486328125
93_20220826 19,1255.5079345703125
93_20220826 20,1223.0318603515625
93_20220826 21,1141.94091796875
93_20220826 22,1004.7507934570312
93_20220826 23,857.1058959960938
93_20220827 00,727.5664672851562
93_20220827 01,620.653564453125
93_20220827 02,688.6258544921875
93_20220827 03,703.937744140625
93_20220827 04,698.134521484375
93_20220827 05,759.6356811523438
93_20220827 06,1000.924560546875
93_20220827 07,939.0121459960938
93_20220827 08,1078.53759765625
93_20220827 09,1208.4605712890625
93_20220827 10,1283.1927490234375
93_20220827 11,1298.164794921875
93_20220827 12,1302.906494140625
93_20220827 13,1308.4473876953125
93_20220827 14,1308.49169921875
93_20220827 15,1305.7984619140625
93_20220827 16,1299.156982421875
93_20220827 17,1307.86474609375
93_20220827 18,1277.022216796875
93_20220827 19,1261.9014892578125
93_20220827 20,1221.85986328125
93_20220827 21,1090.6407470703125
93_20220827 22,962.8872680664062
93_20220827 23,843.3154907226562
93_20220828 00,746.8802490234375
93_20220828 01,627.644775390625
93_20220828 02,735.9655151367188
93_20220828 03,717.609130859375
93_20220828 04,735.4450073242188
93_20220828 05,809.3301391601562
93_20220828 06,955.8804931640625
93_20220828 07,936.1851196289062
93_20220828 08,1139.6976318359375
93_20220828 09,1227.8060302734375
93_20220828 10,1287.6280517578125
93_20220828 11,1274.85693359375
93_20220828 12,1285.9864501953125
93_20220828 13,1303.0626220703125
93_20220828 14,1306.9178466796875
93_20220828 15,1270.2989501953125
93_20220828 16,1237.859619140625
93_20220828 17,1241.0906982421875
93_20220828 18,1232.1240234375
93_20220828 19,1208.62060546875
93_20220828 20,1174.2890625
93_20220828 21,1116.4732666015625
93_20220828 22,958.499755859375
93_20220828 23,776.3919677734375
93_20220829 00,697.408935546875
93_20220829 01,631.4769287109375
93_20220829 02,661.2249755859375
93_20220829 03,678.3941650390625
93_20220829 04,662.7978515625
93_20220829 05,766.197509765625
93_20220829 06,1017.306396484375
93_20220829 07,1038.8529052734375
93_20220829 08,1070.140625
93_20220829 09,1129.0555419921875
93_20220829 10,1166.6832275390625
93_20220829 11,1190.0406494140625
93_20220829 12,1184.5367431640625
93_20220829 13,1200.18896484375
93_20220829 14,1196.3323974609375
93_20220829 15,1193.936767578125
93_20220829 16,1179.3546142578125
93_20220829 17,1168.3826904296875
93_20220829 18,1152.1248779296875
93_20220829 19,1135.60400390625
93_20220829 20,1094.6673583984375
93_20220829 21,1031.40283203125
93_20220829 22,955.4389038085938
93_20220829 23,770.486572265625
93_20220830 00,688.203857421875
93_20220830 01,635.7442016601562
93_20220830 02,628.480224609375
93_20220830 03,669.9267578125
93_20220830 04,658.57568359375
93_20220830 05,768.5411987304688
93_20220830 06,954.298583984375
93_20220830 07,942.8577880859375
93_20220830 08,1044.3948974609375
93_20220830 09,1173.0340576171875
93_20220830 10,1206.377197265625
93_20220830 11,1206.536376953125
93_20220830 12,1214.7408447265625
93_20220830 13,1211.5489501953125
93_20220830 14,1205.489990234375
93_20220830 15,1206.6552734375
93_20220830 16,1170.1514892578125
93_20220830 17,1186.3182373046875
93_20220830 18,1187.1680908203125
93_20220830 19,1162.3201904296875
93_20220830 20,1124.861083984375
93_20220830 21,1037.4698486328125
93_20220830 22,966.8228759765625
93_20220830 23,805.609619140625
93_20220831 00,699.68017578125
93_20220831 01,655.1405029296875
93_20220831 02,649.046630859375
93_20220831 03,676.9915771484375
93_20220831 04,690.233642578125
93_20220831 05,781.775634765625
93_20220831 06,1030.1678466796875
93_20220831 07,1046.8134765625
93_20220831 08,1089.957275390625
93_20220831 09,1151.009033203125
93_20220831 10,1209.8768310546875
93_20220831 11,1224.649169921875
93_20220831 12,1228.260498046875
93_20220831 13,1228.5479736328125
93_20220831 14,1229.662841796875
93_20220831 15,1191.7657470703125
93_20220831 16,1169.614013671875
93_20220831 17,1187.07421875
93_20220831 18,1175.5562744140625
93_20220831 19,1165.5592041015625
93_20220831 20,1140.0953369140625
93_20220831 21,1090.9677734375
93_20220831 22,941.046875
93_20220831 23,754.5265502929688
94_20220825 00,1676.1260986328125
94_20220825 01,1560.1815185546875
94_20220825 02,1477.8133544921875
94_20220825 03,1348.3267822265625
94_20220825 04,1349.4044189453125
94_20220825 05,1421.4285888671875
94_20220825 06,1840.3511962890625
94_20220825 07,2146.099365234375
94_20220825 08,2308.319091796875
94_20220825 09,2428.43115234375
94_20220825 10,2496.5400390625
94_20220825 11,2507.372314453125
94_20220825 12,2581.797607421875
94_20220825 13,2598.96435546875
94_20220825 14,2707.672607421875
94_20220825 15,2475.5615234375
94_20220825 16,2520.265380859375
94_20220825 17,2521.9853515625
94_20220825 18,2468.146240234375
94_20220825 19,2379.4814453125
94_20220825 20,2289.40625
94_20220825 21,1976.11767578125
94_20220825 22,1750.1402587890625
94_20220825 23,1586.23193359375
94_20220826 00,1473.0963134765625
94_20220826 01,1357.85693359375
94_20220826 02,1298.3375244140625
94_20220826 03,1277.2088623046875
94_20220826 04,1255.2598876953125
94_20220826 05,1420.6204833984375
94_20220826 06,1883.6893310546875
94_20220826 07,2229.8759765625
94_20220826 08,2340.0732421875
94_20220826 09,2497.330078125
94_20220826 10,2553.0712890625
94_20220826 11,2585.98974609375
94_20220826 12,2669.20068359375
94_20220826 13,2763.11083984375
94_20220826 14,2775.680908203125
94_20220826 15,2827.82568359375
94_20220826 16,2894.3544921875
94_20220826 17,2796.629638671875
94_20220826 18,2668.427978515625
94_20220826 19,2592.974365234375
94_20220826 20,2517.988037109375
94_20220826 21,2275.533935546875
94_20220826 22,1953.85205078125
94_20220826 23,1760.247314453125
94_20220827 00,1683.994873046875
94_20220827 01,1642.138671875
94_20220827 02,1357.12158203125
94_20220827 03,1249.895751953125
94_20220827 04,1242.9066162109375
94_20220827 05,1418.8868408203125
94_20220827 06,1899.190185546875
94_20220827 07,2216.44580078125
94_20220827 08,2310.03662109375
94_20220827 09,2378.14208984375
94_20220827 10,2426.5771484375
94_20220827 11,2473.031982421875
94_20220827 12,2566.380615234375
94_20220827 13,2637.849365234375
94_20220827 14,2681.161865234375
94_20220827 15,2644.20751953125
94_20220827 16,2620.735107421875
94_20220827 17,2667.61962890625
94_20220827 18,2564.40625
94_20220827 19,2522.67431640625
94_20220827 20,2362.5625
94_20220827 21,2080.795166015625
94_20220827 22,1739.97900390625
94_20220827 23,1557.51416015625
94_20220828 00,1511.0860595703125
94_20220828 01,1325.3409423828125
94_20220828 02,1343.02880859375
94_20220828 03,1227.4512939453125
94_20220828 04,1236.9903564453125
94_20220828 05,1383.1446533203125
94_20220828 06,1848.5191650390625
94_20220828 07,2203.5966796875
94_20220828 08,2296.709228515625
94_20220828 09,2370.320556640625
94_20220828 10,2462.39794921875
94_20220828 11,2487.72314453125
94_20220828 12,2499.338134765625
94_20220828 13,2663.5849609375
94_20220828 14,2712.732177734375
94_20220828 15,2758.85107421875
94_20220828 16,2777.189208984375
94_20220828 17,2810.8759765625
94_20220828 18,2744.79296875
94_20220828 19,2520.197021484375
94_20220828 20,2354.163818359375
94_20220828 21,2081.241943359375
94_20220828 22,1826.5023193359375
94_20220828 23,1616.9371337890625
94_20220829 00,1396.36962890625
94_20220829 01,1363.3621826171875
94_20220829 02,1292.8370361328125
94_20220829 03,1240.00390625
94_20220829 04,1236.7520751953125
94_20220829 05,1285.337890625
94_20220829 06,1820.4725341796875
94_20220829 07,2086.993896484375
94_20220829 08,2145.15673828125
94_20220829 09,2220.281494140625
94_20220829 10,2295.564697265625
94_20220829 11,2326.177001953125
94_20220829 12,2312.161865234375
94_20220829 13,2372.351806640625
94_20220829 14,2356.5947265625
94_20220829 15,2365.7001953125
94_20220829 16,2336.2802734375
94_20220829 17,2311.025634765625
94_20220829 18,2222.423828125
94_20220829 19,2184.30859375
94_20220829 20,2077.109375
94_20220829 21,1778.828125
94_20220829 22,1527.82470703125
94_20220829 23,1438.9569091796875
94_20220830 00,1343.0147705078125
94_20220830 01,1326.328857421875
94_20220830 02,1316.3199462890625
94_20220830 03,1195.3927001953125
94_20220830 04,1160.7325439453125
94_20220830 05,1243.7938232421875
94_20220830 06,1776.61865234375
94_20220830 07,2129.982666015625
94_20220830 08,2254.534423828125
94_20220830 09,2305.4052734375
94_20220830 10,2384.508056640625
94_20220830 11,2442.5556640625
94_20220830 12,2450.55712890625
94_20220830 13,2518.33984375
94_20220830 14,2493.481201171875
94_20220830 15,2490.540283203125
94_20220830 16,2516.254638671875
94_20220830 17,2525.7861328125
94_20220830 18,2336.414306640625
94_20220830 19,2277.82568359375
94_20220830 20,2134.052978515625
94_20220830 21,1931.6883544921875
94_20220830 22,1578.028076171875
94_20220830 23,1462.6529541015625
94_20220831 00,1314.88916015625
94_20220831 01,1289.213623046875
94_20220831 02,1250.5889892578125
94_20220831 03,1250.0499267578125
94_20220831 04,1250.994140625
94_20220831 05,1330.180908203125
94_20220831 06,1715.7969970703125
94_20220831 07,2119.812255859375
94_20220831 08,2219.267822265625
94_20220831 09,2266.953125
94_20220831 10,2307.227294921875
94_20220831 11,2360.600830078125
94_20220831 12,2367.333984375
94_20220831 13,2430.602783203125
94_20220831 14,2488.269775390625
94_20220831 15,2488.892822265625
94_20220831 16,2446.9384765625
94_20220831 17,2456.233154296875
94_20220831 18,2363.521728515625
94_20220831 19,2335.09765625
94_20220831 20,2256.542724609375
94_20220831 21,1992.618408203125
94_20220831 22,1706.1612548828125
94_20220831 23,1513.5179443359375
95_20220825 00,836.1775512695312
95_20220825 01,822.5733032226562
95_20220825 02,798.9594116210938
95_20220825 03,836.3516235351562
95_20220825 04,849.1626586914062
95_20220825 05,900.782470703125
95_20220825 06,924.1419677734375
95_20220825 07,989.466552734375
95_20220825 08,972.5978393554688
95_20220825 09,1190.0810546875
95_20220825 10,1336.64990234375
95_20220825 11,1254.2227783203125
95_20220825 12,1269.7901611328125
95_20220825 13,1326.7415771484375
95_20220825 14,1236.9031982421875
95_20220825 15,1279.30224609375
95_20220825 16,1260.1114501953125
95_20220825 17,1198.8638916015625
95_20220825 18,1131.0042724609375
95_20220825 19,1185.974609375
95_20220825 20,1011.327880859375
95_20220825 21,990.1216430664062
95_20220825 22,906.0839233398438
95_20220825 23,885.989013671875
95_20220826 00,841.0233764648438
95_20220826 01,832.5025634765625
95_20220826 02,839.8650512695312
95_20220826 03,805.2562255859375
95_20220826 04,846.5822143554688
95_20220826 05,904.192138671875
95_20220826 06,933.789794921875
95_20220826 07,1005.1878662109375
95_20220826 08,1047.025634765625
95_20220826 09,1228.1910400390625
95_20220826 10,1338.444091796875
95_20220826 11,1399.9686279296875
95_20220826 12,1352.4219970703125
95_20220826 13,1340.0994873046875
95_20220826 14,1372.4764404296875
95_20220826 15,1258.727783203125
95_20220826 16,1264.2440185546875
95_20220826 17,1246.4608154296875
95_20220826 18,1134.61865234375
95_20220826 19,1248.808837890625
95_20220826 20,1082.507080078125
95_20220826 21,1052.4385986328125
95_20220826 22,950.8861694335938
95_20220826 23,906.1423950195312
95_20220827 00,921.6351928710938
95_20220827 01,908.8804931640625
95_20220827 02,856.1605224609375
95_20220827 03,849.0245971679688
95_20220827 04,854.3646240234375
95_20220827 05,929.0131225585938
95_20220827 06,993.587646484375
95_20220827 07,1000.5933227539062
95_20220827 08,1156.7303466796875
95_20220827 09,1339.7421875
95_20220827 10,1426.79296875
95_20220827 11,1380.03173828125
95_20220827 12,1237.1265869140625
95_20220827 13,1361.0787353515625
95_20220827 14,1287.448486328125
95_20220827 15,1224.58544921875
95_20220827 16,1249.7584228515625
95_20220827 17,1264.1607666015625
95_20220827 18,1094.249755859375
95_20220827 19,1280.9713134765625
95_20220827 20,1204.77783203125
95_20220827 21,1098.6993408203125
95_20220827 22,1013.59765625
95_20220827 23,992.4712524414062
95_20220828 00,990.9175415039062
95_20220828 01,908.8003540039062
95_20220828 02,881.689697265625
95_20220828 03,876.9480590820312
95_20220828 04,868.8677978515625
95_20220828 05,935.0060424804688
95_20220828 06,1010.613525390625
95_20220828 07,1060.296875
95_20220828 08,1170.81787109375
95_20220828 09,1422.7701416015625
95_20220828 10,1426.60498046875
95_20220828 11,1377.060546875
95_20220828 12,1290.7186279296875
95_20220828 13,1319.4429931640625
95_20220828 14,1255.1531982421875
95_20220828 15,1250.9459228515625
95_20220828 16,1104.6671142578125
95_20220828 17,1079.09716796875
95_20220828 18,1159.4024658203125
95_20220828 19,1198.9632568359375
95_20220828 20,1084.7791748046875
95_20220828 21,977.5095825195312
95_20220828 22,916.6083374023438
95_20220828 23,914.387939453125
95_20220829 00,892.1929321289062
95_20220829 01,885.3989868164062
95_20220829 02,862.296630859375
95_20220829 03,816.6967163085938
95_20220829 04,812.1871337890625
95_20220829 05,899.3242797851562
95_20220829 06,926.121337890625
95_20220829 07,1011.087158203125
95_20220829 08,1014.5580444335938
95_20220829 09,1232.376220703125
95_20220829 10,1248.0157470703125
95_20220829 11,1240.4921875
95_20220829 12,1234.798095703125
95_20220829 13,1245.59912109375
95_20220829 14,1241.2060546875
95_20220829 15,1225.4805908203125
95_20220829 16,1219.72119140625
95_20220829 17,1195.35205078125
95_20220829 18,1010.9240112304688
95_20220829 19,1065.1671142578125
95_20220829 20,1079.821044921875
95_20220829 21,928.0894775390625
95_20220829 22,866.9647827148438
95_20220829 23,911.4091186523438
95_20220830 00,842.0335693359375
95_20220830 01,801.4286499023438
95_20220830 02,833.9365844726562
95_20220830 03,856.5240478515625
95_20220830 04,816.9994506835938
95_20220830 05,898.8654174804688
95_20220830 06,983.2611083984375
95_20220830 07,1006.0458374023438
95_20220830 08,1015.7156372070312
95_20220830 09,1210.300048828125
95_20220830 10,1251.9832763671875
95_20220830 11,1301.0906982421875
95_20220830 12,1249.38037109375
95_20220830 13,1227.1011962890625
95_20220830 14,1212.7967529296875
95_20220830 15,1253.484375
95_20220830 16,1220.7333984375
95_20220830 17,1185.946044921875
95_20220830 18,1001.7222290039062
95_20220830 19,1145.2572021484375
95_20220830 20,999.5802612304688
95_20220830 21,912.1619262695312
95_20220830 22,859.8866577148438
95_20220830 23,861.3450927734375
95_20220831 00,863.0171508789062
95_20220831 01,798.1917724609375
95_20220831 02,803.8827514648438
95_20220831 03,792.730224609375
95_20220831 04,825.2697143554688
95_20220831 05,908.4891967773438
95_20220831 06,1003.6419677734375
95_20220831 07,931.1699829101562
95_20220831 08,1073.4034423828125
95_20220831 09,1203.51708984375
95_20220831 10,1258.920654296875
95_20220831 11,1240.0362548828125
95_20220831 12,1261.2237548828125
95_20220831 13,1258.7789306640625
95_20220831 14,1199.0152587890625
95_20220831 15,1213.0908203125
95_20220831 16,1192.59765625
95_20220831 17,1125.3199462890625
95_20220831 18,1071.061767578125
95_20220831 19,1190.230224609375
95_20220831 20,1009.385498046875
95_20220831 21,913.9193725585938
95_20220831 22,952.4390869140625
95_20220831 23,858.9880981445312
96_20220825 00,2033.609375
96_20220825 01,2027.0234375
96_20220825 02,1992.5965576171875
96_20220825 03,1986.84716796875
96_20220825 04,1988.4656982421875
96_20220825 05,2034.2535400390625
96_20220825 06,2271.818603515625
96_20220825 07,2501.258056640625
96_20220825 08,2848.2080078125
96_20220825 09,3106.790771484375
96_20220825 10,3383.364013671875
96_20220825 11,3398.77099609375
96_20220825 12,3499.629638671875
96_20220825 13,3548.587646484375
96_20220825 14,3546.83984375
96_20220825 15,3518.65625
96_20220825 16,3500.438232421875
96_20220825 17,3512.224853515625
96_20220825 18,3310.57958984375
96_20220825 19,3269.234130859375
96_20220825 20,3146.35400390625
96_20220825 21,3063.62109375
96_20220825 22,2485.561279296875
96_20220825 23,2314.0810546875
96_20220826 00,2167.5478515625
96_20220826 01,2114.717041015625
96_20220826 02,2034.2989501953125
96_20220826 03,2029.6260986328125
96_20220826 04,2018.0621337890625
96_20220826 05,2041.698486328125
96_20220826 06,2268.723388671875
96_20220826 07,2526.8154296875
96_20220826 08,2791.66943359375
96_20220826 09,3100.0322265625
96_20220826 10,3362.453857421875
96_20220826 11,3480.0888671875
96_20220826 12,3542.6640625
96_20220826 13,3552.17041015625
96_20220826 14,3539.062255859375
96_20220826 15,3535.6845703125
96_20220826 16,3513.97412109375
96_20220826 17,3484.59619140625
96_20220826 18,3405.61328125
96_20220826 19,3244.7451171875
96_20220826 20,3103.932861328125
96_20220826 21,3039.082275390625
96_20220826 22,2533.57275390625
96_20220826 23,2345.59814453125
96_20220827 00,2172.38427734375
96_20220827 01,2091.5654296875
96_20220827 02,2028.533935546875
96_20220827 03,2024.827392578125
96_20220827 04,2015.974609375
96_20220827 05,2034.23486328125
96_20220827 06,2233.044677734375
96_20220827 07,2525.415771484375
96_20220827 08,2902.8212890625
96_20220827 09,3168.273193359375
96_20220827 10,3357.4228515625
96_20220827 11,3460.34228515625
96_20220827 12,3522.348388671875
96_20220827 13,3530.8701171875
96_20220827 14,3559.6025390625
96_20220827 15,3573.0576171875
96_20220827 16,3535.044677734375
96_20220827 17,3575.96240234375
96_20220827 18,3538.93359375
96_20220827 19,3313.114013671875
96_20220827 20,3171.57568359375
96_20220827 21,3083.453125
96_20220827 22,2520.595703125
96_20220827 23,2345.9326171875
96_20220828 00,2171.131103515625
96_20220828 01,2150.48876953125
96_20220828 02,2069.273193359375
96_20220828 03,2057.300048828125
96_20220828 04,2045.9051513671875
96_20220828 05,2096.458740234375
96_20220828 06,2257.80517578125
96_20220828 07,2541.693115234375
96_20220828 08,2928.48046875
96_20220828 09,3192.8349609375
96_20220828 10,3335.467041015625
96_20220828 11,3438.097900390625
96_20220828 12,3475.1298828125
96_20220828 13,3470.4951171875
96_20220828 14,3457.51025390625
96_20220828 15,3379.49072265625
96_20220828 16,3368.553955078125
96_20220828 17,3362.543701171875
96_20220828 18,3312.0302734375
96_20220828 19,3177.81787109375
96_20220828 20,3076.603759765625
96_20220828 21,3012.69775390625
96_20220828 22,2466.979736328125
96_20220828 23,2332.87353515625
96_20220829 00,2084.57470703125
96_20220829 01,2050.062744140625
96_20220829 02,2008.6446533203125
96_20220829 03,1997.0289306640625
96_20220829 04,1984.5145263671875
96_20220829 05,2024.098388671875
96_20220829 06,2225.986083984375
96_20220829 07,2477.105224609375
96_20220829 08,2768.91552734375
96_20220829 09,3094.78759765625
96_20220829 10,3256.129638671875
96_20220829 11,3376.437744140625
96_20220829 12,3494.170166015625
96_20220829 13,3546.145263671875
96_20220829 14,3550.78515625
96_20220829 15,3437.71728515625
96_20220829 16,3405.44287109375
96_20220829 17,3325.918701171875
96_20220829 18,3284.706787109375
96_20220829 19,3173.975830078125
96_20220829 20,3049.582275390625
96_20220829 21,2982.2734375
96_20220829 22,2428.292724609375
96_20220829 23,2282.773193359375
96_20220830 00,2080.136962890625
96_20220830 01,2005.8199462890625
96_20220830 02,1969.799560546875
96_20220830 03,1962.399658203125
96_20220830 04,1960.8311767578125
96_20220830 05,2004.4932861328125
96_20220830 06,2231.35546875
96_20220830 07,2494.2109375
96_20220830 08,2817.093994140625
96_20220830 09,3115.820068359375
96_20220830 10,3377.438232421875
96_20220830 11,3401.3525390625
96_20220830 12,3308.286865234375
96_20220830 13,3307.770263671875
96_20220830 14,3322.70849609375
96_20220830 15,3320.9443359375
96_20220830 16,3305.1767578125
96_20220830 17,3267.81787109375
96_20220830 18,3212.05712890625
96_20220830 19,3146.59228515625
96_20220830 20,2980.89208984375
96_20220830 21,2898.5673828125
96_20220830 22,2424.893310546875
96_20220830 23,2228.513916015625
96_20220831 00,2006.2733154296875
96_20220831 01,1995.345703125
96_20220831 02,1979.8707275390625
96_20220831 03,1989.2733154296875
96_20220831 04,1993.569091796875
96_20220831 05,2003.4835205078125
96_20220831 06,2230.3271484375
96_20220831 07,2426.297119140625
96_20220831 08,2737.816650390625
96_20220831 09,3031.7158203125
96_20220831 10,3182.660888671875
96_20220831 11,3194.3046875
96_20220831 12,3202.14990234375
96_20220831 13,3212.9833984375
96_20220831 14,3183.76806640625
96_20220831 15,3168.991455078125
96_20220831 16,3158.819580078125
96_20220831 17,3168.754638671875
96_20220831 18,3142.37890625
96_20220831 19,3093.02490234375
96_20220831 20,2915.207275390625
96_20220831 21,2812.9013671875
96_20220831 22,2395.029052734375
96_20220831 23,2198.2705078125
97_20220825 00,877.8506469726562
97_20220825 01,821.8809204101562
97_20220825 02,795.7210693359375
97_20220825 03,782.438720703125
97_20220825 04,841.2882690429688
97_20220825 05,958.645751953125
97_20220825 06,966.7489624023438
97_20220825 07,1073.919677734375
97_20220825 08,1200.0499267578125
97_20220825 09,1322.637939453125
97_20220825 10,1356.9735107421875
97_20220825 11,1399.5067138671875
97_20220825 12,1427.7298583984375
97_20220825 13,1515.8714599609375
97_20220825 14,1573.1851806640625
97_20220825 15,1542.17431640625
97_20220825 16,1528.9031982421875
97_20220825 17,1517.59375
97_20220825 18,1406.6964111328125
97_20220825 19,1381.264892578125
97_20220825 20,1358.34521484375
97_20220825 21,1250.4893798828125
97_20220825 22,1111.00048828125
97_20220825 23,969.9263916015625
97_20220826 00,897.7552490234375
97_20220826 01,830.0662231445312
97_20220826 02,799.7966918945312
97_20220826 03,781.6732177734375
97_20220826 04,861.2636108398438
97_20220826 05,985.6273803710938
97_20220826 06,1037.426025390625
97_20220826 07,1071.32470703125
97_20220826 08,1169.8128662109375
97_20220826 09,1273.962158203125
97_20220826 10,1307.01318359375
97_20220826 11,1363.5634765625
97_20220826 12,1389.6103515625
97_20220826 13,1454.6925048828125
97_20220826 14,1469.2550048828125
97_20220826 15,1452.5826416015625
97_20220826 16,1463.6221923828125
97_20220826 17,1482.4024658203125
97_20220826 18,1433.19970703125
97_20220826 19,1402.3116455078125
97_20220826 20,1394.00048828125
97_20220826 21,1238.875244140625
97_20220826 22,1079.2708740234375
97_20220826 23,954.7568359375
97_20220827 00,870.2876586914062
97_20220827 01,830.161376953125
97_20220827 02,800.6654663085938
97_20220827 03,783.1636352539062
97_20220827 04,821.1549072265625
97_20220827 05,957.2486572265625
97_20220827 06,985.4874877929688
97_20220827 07,1067.042236328125
97_20220827 08,1187.3702392578125
97_20220827 09,1363.840087890625
97_20220827 10,1377.8858642578125
97_20220827 11,1408.6025390625
97_20220827 12,1423.6070556640625
97_20220827 13,1494.40625
97_20220827 14,1628.076171875
97_20220827 15,1629.41064453125
97_20220827 16,1567.4202880859375
97_20220827 17,1501.35986328125
97_20220827 18,1404.4569091796875
97_20220827 19,1351.06689453125
97_20220827 20,1330.83642578125
97_20220827 21,1205.8560791015625
97_20220827 22,1057.3587646484375
97_20220827 23,939.6777954101562
97_20220828 00,862.494140625
97_20220828 01,752.5548706054688
97_20220828 02,712.2200317382812
97_20220828 03,593.6328735351562
97_20220828 04,622.407470703125
97_20220828 05,846.300048828125
97_20220828 06,863.037353515625
97_20220828 07,1020.0933837890625
97_20220828 08,1175.1663818359375
97_20220828 09,1287.3828125
97_20220828 10,1352.9229736328125
97_20220828 11,1385.271240234375
97_20220828 12,1393.0911865234375
97_20220828 13,1468.2772216796875
97_20220828 14,1509.3453369140625
97_20220828 15,1494.7899169921875
97_20220828 16,1471.66162109375
97_20220828 17,1410.493896484375
97_20220828 18,1307.6019287109375
97_20220828 19,1261.887451171875
97_20220828 20,1202.04638671875
97_20220828 21,1125.163818359375
97_20220828 22,1046.93896484375
97_20220828 23,915.2383422851562
97_20220829 00,851.057861328125
97_20220829 01,814.729736328125
97_20220829 02,799.431396484375
97_20220829 03,752.9331665039062
97_20220829 04,800.8491821289062
97_20220829 05,944.6089477539062
97_20220829 06,923.5620727539062
97_20220829 07,963.3591918945312
97_20220829 08,1102.8907470703125
97_20220829 09,1280.255615234375
97_20220829 10,1316.4462890625
97_20220829 11,1319.6544189453125
97_20220829 12,1324.16162109375
97_20220829 13,1369.98779296875
97_20220829 14,1385.1728515625
97_20220829 15,1367.3956298828125
97_20220829 16,1404.666015625
97_20220829 17,1428.53515625
97_20220829 18,1335.0716552734375
97_20220829 19,1331.2955322265625
97_20220829 20,1360.4453125
97_20220829 21,1202.5941162109375
97_20220829 22,1076.8388671875
97_20220829 23,950.7494506835938
97_20220830 00,844.067626953125
97_20220830 01,799.7021484375
97_20220830 02,797.9849853515625
97_20220830 03,786.0645141601562
97_20220830 04,812.209716796875
97_20220830 05,940.3695068359375
97_20220830 06,952.0907592773438
97_20220830 07,992.004638671875
97_20220830 08,1184.815185546875
97_20220830 09,1358.33251953125
97_20220830 10,1451.366943359375
97_20220830 11,1507.5565185546875
97_20220830 12,1543.824951171875
97_20220830 13,1620.9090576171875
97_20220830 14,1656.8382568359375
97_20220830 15,1608.6427001953125
97_20220830 16,1485.81640625
97_20220830 17,1524.007080078125
97_20220830 18,1453.068603515625
97_20220830 19,1439.5693359375
97_20220830 20,1307.646240234375
97_20220830 21,1254.0989990234375
97_20220830 22,1123.54931640625
97_20220830 23,942.671875
97_20220831 00,851.4908447265625
97_20220831 01,830.5194702148438
97_20220831 02,850.9120483398438
97_20220831 03,824.8929443359375
97_20220831 04,871.4226684570312
97_20220831 05,1009.2586059570312
97_20220831 06,999.1847534179688
97_20220831 07,1042.66650390625
97_20220831 08,1175.1588134765625
97_20220831 09,1303.6279296875
97_20220831 10,1312.8370361328125
97_20220831 11,1304.353515625
97_20220831 12,1297.0538330078125
97_20220831 13,1369.658203125
97_20220831 14,1377.9295654296875
97_20220831 15,1348.457763671875
97_20220831 16,1333.896728515625
97_20220831 17,1334.96240234375
97_20220831 18,1310.6046142578125
97_20220831 19,1223.956787109375
97_20220831 20,1198.4857177734375
97_20220831 21,1136.3074951171875
97_20220831 22,1038.677001953125
97_20220831 23,917.2314453125
98_20220825 00,526.3931274414062
98_20220825 01,512.9453125
98_20220825 02,509.9013366699219
98_20220825 03,533.15673828125
98_20220825 04,585.1992797851562
98_20220825 05,680.8375244140625
98_20220825 06,886.905517578125
98_20220825 07,1090.338134765625
98_20220825 08,1187.6602783203125
98_20220825 09,1270.7789306640625
98_20220825 10,1442.1925048828125
98_20220825 11,1517.1229248046875
98_20220825 12,1531.033935546875
98_20220825 13,1540.8546142578125
98_20220825 14,1527.1766357421875
98_20220825 15,1459.669921875
98_20220825 16,1480.8192138671875
98_20220825 17,1482.9783935546875
98_20220825 18,1391.72900390625
98_20220825 19,1304.2987060546875
98_20220825 20,1213.3330078125
98_20220825 21,1037.5389404296875
98_20220825 22,669.6940307617188
98_20220825 23,632.834716796875
98_20220826 00,567.045166015625
98_20220826 01,550.57763671875
98_20220826 02,539.7437133789062
98_20220826 03,548.3237915039062
98_20220826 04,631.5263061523438
98_20220826 05,660.6278686523438
98_20220826 06,811.9663696289062
98_20220826 07,1041.9317626953125
98_20220826 08,1149.0838623046875
98_20220826 09,1240.1663818359375
98_20220826 10,1470.4219970703125
98_20220826 11,1508.42529296875
98_20220826 12,1525.221923828125
98_20220826 13,1535.23486328125
98_20220826 14,1522.9136962890625
98_20220826 15,1477.2894287109375
98_20220826 16,1486.3328857421875
98_20220826 17,1494.641357421875
98_20220826 18,1438.337646484375
98_20220826 19,1330.91748046875
98_20220826 20,1165.469970703125
98_20220826 21,1043.9188232421875
98_20220826 22,672.3606567382812
98_20220826 23,630.5767822265625
98_20220827 00,568.5751342773438
98_20220827 01,543.7988891601562
98_20220827 02,513.9974365234375
98_20220827 03,516.3056030273438
98_20220827 04,614.2300415039062
98_20220827 05,672.9368896484375
98_20220827 06,816.0449829101562
98_20220827 07,1060.56201171875
98_20220827 08,1144.653564453125
98_20220827 09,1260.3626708984375
98_20220827 10,1364.3260498046875
98_20220827 11,1493.1231689453125
98_20220827 12,1526.3848876953125
98_20220827 13,1544.18994140625
98_20220827 14,1541.4061279296875
98_20220827 15,1508.1656494140625
98_20220827 16,1512.9569091796875
98_20220827 17,1522.598388671875
98_20220827 18,1416.1607666015625
98_20220827 19,1168.9349365234375
98_20220827 20,1094.1424560546875
98_20220827 21,956.802734375
98_20220827 22,710.0220336914062
98_20220827 23,615.2700805664062
98_20220828 00,557.7483520507812
98_20220828 01,547.6473999023438
98_20220828 02,531.6089477539062
98_20220828 03,545.3513793945312
98_20220828 04,570.8534545898438
98_20220828 05,628.8243408203125
98_20220828 06,710.8832397460938
98_20220828 07,896.749755859375
98_20220828 08,1089.89501953125
98_20220828 09,1194.1112060546875
98_20220828 10,1286.23681640625
98_20220828 11,1376.857666015625
98_20220828 12,1451.8084716796875
98_20220828 13,1477.1959228515625
98_20220828 14,1474.9432373046875
98_20220828 15,1453.5098876953125
98_20220828 16,1453.5078125
98_20220828 17,1439.7890625
98_20220828 18,1175.30224609375
98_20220828 19,1092.175048828125
98_20220828 20,1010.6482543945312
98_20220828 21,876.7008056640625
98_20220828 22,701.5715942382812
98_20220828 23,619.3170166015625
98_20220829 00,541.7020874023438
98_20220829 01,529.6412963867188
98_20220829 02,511.8916320800781
98_20220829 03,511.33477783203125
98_20220829 04,575.5875244140625
98_20220829 05,643.327392578125
98_20220829 06,742.2071533203125
98_20220829 07,953.744140625
98_20220829 08,1099.2799072265625
98_20220829 09,1197.349853515625
98_20220829 10,1373.4815673828125
98_20220829 11,1416.5894775390625
98_20220829 12,1423.26220703125
98_20220829 13,1468.9910888671875
98_20220829 14,1423.2113037109375
98_20220829 15,1393.8076171875
98_20220829 16,1410.8134765625
98_20220829 17,1328.7142333984375
98_20220829 18,1239.3739013671875
98_20220829 19,1189.7987060546875
98_20220829 20,1129.5291748046875
98_20220829 21,1000.5018920898438
98_20220829 22,648.858154296875
98_20220829 23,619.8425903320312
98_20220830 00,552.553466796875
98_20220830 01,536.5294799804688
98_20220830 02,518.8864135742188
98_20220830 03,514.2232055664062
98_20220830 04,604.7628784179688
98_20220830 05,642.2297973632812
98_20220830 06,740.1077270507812
98_20220830 07,988.3154907226562
98_20220830 08,1127.5750732421875
98_20220830 09,1223.0716552734375
98_20220830 10,1282.4881591796875
98_20220830 11,1357.446533203125
98_20220830 12,1292.930419921875
98_20220830 13,1316.203125
98_20220830 14,1329.5040283203125
98_20220830 15,1303.5040283203125
98_20220830 16,1308.7196044921875
98_20220830 17,1317.4444580078125
98_20220830 18,1265.2127685546875
98_20220830 19,1207.1290283203125
98_20220830 20,1121.6104736328125
98_20220830 21,1001.004150390625
98_20220830 22,673.114990234375
98_20220830 23,600.0785522460938
98_20220831 00,539.0116577148438
98_20220831 01,524.4461669921875
98_20220831 02,523.774169921875
98_20220831 03,536.8943481445312
98_20220831 04,663.6004638671875
98_20220831 05,693.4484252929688
98_20220831 06,858.0209350585938
98_20220831 07,985.6148681640625
98_20220831 08,1103.28564453125
98_20220831 09,1166.974609375
98_20220831 10,1258.5850830078125
98_20220831 11,1263.9375
98_20220831 12,1267.11767578125
98_20220831 13,1281.3255615234375
98_20220831 14,1280.5655517578125
98_20220831 15,1269.19677734375
98_20220831 16,1267.077392578125
98_20220831 17,1255.0750732421875
98_20220831 18,1221.9229736328125
98_20220831 19,1181.075439453125
98_20220831 20,1085.7501220703125
98_20220831 21,918.2175903320312
98_20220831 22,624.5604858398438
98_20220831 23,581.775634765625
99_20220825 00,700.027099609375
99_20220825 01,640.1962890625
99_20220825 02,607.2966918945312
99_20220825 03,590.7691650390625
99_20220825 04,593.4224853515625
99_20220825 05,632.291748046875
99_20220825 06,782.2000122070312
99_20220825 07,880.201904296875
99_20220825 08,1071.9798583984375
99_20220825 09,1297.2703857421875
99_20220825 10,1419.60205078125
99_20220825 11,1304.36572265625
99_20220825 12,1296.817138671875
99_20220825 13,1322.6932373046875
99_20220825 14,1346.530517578125
99_20220825 15,1434.226806640625
99_20220825 16,1440.8604736328125
99_20220825 17,1427.7518310546875
99_20220825 18,1315.1217041015625
99_20220825 19,1241.965576171875
99_20220825 20,1215.00244140625
99_20220825 21,1082.6204833984375
99_20220825 22,847.037109375
99_20220825 23,741.0794067382812
99_20220826 00,657.609130859375
99_20220826 01,610.8233032226562
99_20220826 02,582.5346069335938
99_20220826 03,587.532958984375
99_20220826 04,597.2938232421875
99_20220826 05,628.9057006835938
99_20220826 06,755.2718505859375
99_20220826 07,949.3604125976562
99_20220826 08,1152.7010498046875
99_20220826 09,1461.172607421875
99_20220826 10,1486.776611328125
99_20220826 11,1284.26025390625
99_20220826 12,1303.986572265625
99_20220826 13,1317.0849609375
99_20220826 14,1374.504638671875
99_20220826 15,1437.1734619140625
99_20220826 16,1460.2235107421875
99_20220826 17,1467.59375
99_20220826 18,1399.39208984375
99_20220826 19,1284.495849609375
99_20220826 20,1270.2532958984375
99_20220826 21,1176.1529541015625
99_20220826 22,914.0816040039062
99_20220826 23,807.2982788085938
99_20220827 00,710.8546752929688
99_20220827 01,652.7801513671875
99_20220827 02,598.4273071289062
99_20220827 03,576.0962524414062
99_20220827 04,569.321044921875
99_20220827 05,611.8134155273438
99_20220827 06,756.8865356445312
99_20220827 07,895.067138671875
99_20220827 08,1075.3807373046875
99_20220827 09,1351.0504150390625
99_20220827 10,1441.954833984375
99_20220827 11,1308.7694091796875
99_20220827 12,1336.8948974609375
99_20220827 13,1351.7833251953125
99_20220827 14,1395.2808837890625
99_20220827 15,1431.7274169921875
99_20220827 16,1465.3494873046875
99_20220827 17,1456.1673583984375
99_20220827 18,1327.0606689453125
99_20220827 19,1230.6336669921875
99_20220827 20,1200.1158447265625
99_20220827 21,1083.953857421875
99_20220827 22,882.9453125
99_20220827 23,766.8140258789062
99_20220828 00,703.1139526367188
99_20220828 01,626.9131469726562
99_20220828 02,594.6576538085938
99_20220828 03,583.4364624023438
99_20220828 04,573.3788452148438
99_20220828 05,594.5433959960938
99_20220828 06,750.05859375
99_20220828 07,864.2319946289062
99_20220828 08,1117.4415283203125
99_20220828 09,1330.2425537109375
99_20220828 10,1386.27734375
99_20220828 11,1293.14501953125
99_20220828 12,1289.6046142578125
99_20220828 13,1323.1910400390625
99_20220828 14,1358.4656982421875
99_20220828 15,1388.1484375
99_20220828 16,1382.923828125
99_20220828 17,1399.9781494140625
99_20220828 18,1292.6903076171875
99_20220828 19,1226.9603271484375
99_20220828 20,1180.593994140625
99_20220828 21,1071.4273681640625
99_20220828 22,870.3872680664062
99_20220828 23,762.2158203125
99_20220829 00,666.915771484375
99_20220829 01,617.30419921875
99_20220829 02,584.845947265625
99_20220829 03,575.9891967773438
99_20220829 04,580.2763061523438
99_20220829 05,621.0443115234375
99_20220829 06,760.6044311523438
99_20220829 07,861.8367309570312
99_20220829 08,1036.1934814453125
99_20220829 09,1246.4892578125
99_20220829 10,1291.56591796875
99_20220829 11,1226.559326171875
99_20220829 12,1232.2003173828125
99_20220829 13,1261.9093017578125
99_20220829 14,1284.5286865234375
99_20220829 15,1295.7586669921875
99_20220829 16,1327.2647705078125
99_20220829 17,1303.1953125
99_20220829 18,1242.5709228515625
99_20220829 19,1199.7666015625
99_20220829 20,1186.17236328125
99_20220829 21,1069.585693359375
99_20220829 22,840.343017578125
99_20220829 23,741.8162841796875
99_20220830 00,671.4375610351562
99_20220830 01,602.787353515625
99_20220830 02,582.658447265625
99_20220830 03,575.183837890625
99_20220830 04,580.745849609375
99_20220830 05,615.568603515625
99_20220830 06,753.2625122070312
99_20220830 07,858.2408447265625
99_20220830 08,1014.4293212890625
99_20220830 09,1204.76611328125
99_20220830 10,1233.37353515625
99_20220830 11,1169.215576171875
99_20220830 12,1149.0882568359375
99_20220830 13,1182.7137451171875
99_20220830 14,1229.6011962890625
99_20220830 15,1260.7724609375
99_20220830 16,1298.41357421875
99_20220830 17,1293.9713134765625
99_20220830 18,1179.99072265625
99_20220830 19,1121.8306884765625
99_20220830 20,1126.01806640625
99_20220830 21,1032.90673828125
99_20220830 22,884.687255859375
99_20220830 23,748.3773193359375
99_20220831 00,648.1664428710938
99_20220831 01,610.2506103515625
99_20220831 02,594.133544921875
99_20220831 03,583.4839477539062
99_20220831 04,590.6392211914062
99_20220831 05,616.427490234375
99_20220831 06,755.9170532226562
99_20220831 07,894.0498657226562
99_20220831 08,1019.2562255859375
99_20220831 09,1195.0784912109375
99_20220831 10,1229.3138427734375
99_20220831 11,1122.41650390625
99_20220831 12,1138.5562744140625
99_20220831 13,1235.9730224609375
99_20220831 14,1270.2557373046875
99_20220831 15,1303.652099609375
99_20220831 16,1317.346435546875
99_20220831 17,1312.80810546875
99_20220831 18,1219.9451904296875
99_20220831 19,1160.4554443359375
99_20220831 20,1153.485107421875
99_20220831 21,1009.0007934570312
99_20220831 22,838.7318725585938
99_20220831 23,738.7627563476562
100_20220825 00,420.33428955078125
100_20220825 01,384.9280090332031
100_20220825 02,371.5520935058594
100_20220825 03,368.9538879394531
100_20220825 04,367.0662536621094
100_20220825 05,398.8037109375
100_20220825 06,569.5933227539062
100_20220825 07,776.010498046875
100_20220825 08,905.3394775390625
100_20220825 09,1002.6919555664062
100_20220825 10,1079.7801513671875
100_20220825 11,1086.0240478515625
100_20220825 12,1104.8231201171875
100_20220825 13,1109.456298828125
100_20220825 14,1105.9222412109375
100_20220825 15,1130.3985595703125
100_20220825 16,1099.1102294921875
100_20220825 17,1014.330078125
100_20220825 18,987.7960815429688
100_20220825 19,877.050537109375
100_20220825 20,818.843994140625
100_20220825 21,738.633544921875
100_20220825 22,649.3757934570312
100_20220825 23,538.4732666015625
100_20220826 00,410.0243835449219
100_20220826 01,381.4106750488281
100_20220826 02,368.97491455078125
100_20220826 03,362.35040283203125
100_20220826 04,361.192626953125
100_20220826 05,402.1999816894531
100_20220826 06,547.9223022460938
100_20220826 07,785.4888305664062
100_20220826 08,879.7493896484375
100_20220826 09,1016.5820922851562
100_20220826 10,1060.947509765625
100_20220826 11,1069.1915283203125
100_20220826 12,1050.4285888671875
100_20220826 13,1081.7855224609375
100_20220826 14,1077.64990234375
100_20220826 15,1109.76806640625
100_20220826 16,1111.13623046875
100_20220826 17,1112.3328857421875
100_20220826 18,1075.2508544921875
100_20220826 19,935.4697265625
100_20220826 20,878.8990478515625
100_20220826 21,793.3923950195312
100_20220826 22,696.2515869140625
100_20220826 23,571.2848510742188
100_20220827 00,427.2305603027344
100_20220827 01,394.2569580078125
100_20220827 02,377.8539733886719
100_20220827 03,374.90557861328125
100_20220827 04,365.4927062988281
100_20220827 05,404.1758117675781
100_20220827 06,559.7885131835938
100_20220827 07,766.1874389648438
100_20220827 08,853.9388427734375
100_20220827 09,988.1045532226562
100_20220827 10,1036.9395751953125
100_20220827 11,1016.2888793945312
100_20220827 12,1037.29541015625
100_20220827 13,1065.265380859375
100_20220827 14,1065.9595947265625
100_20220827 15,1128.790283203125
100_20220827 16,1133.15380859375
100_20220827 17,1105.5401611328125
100_20220827 18,930.347900390625
100_20220827 19,885.7552490234375
100_20220827 20,844.0914306640625
100_20220827 21,775.3668212890625
100_20220827 22,680.3896484375
100_20220827 23,550.8822631835938
100_20220828 00,418.0835876464844
100_20220828 01,388.6791076660156
100_20220828 02,372.7277526855469
100_20220828 03,367.4726257324219
100_20220828 04,360.3502197265625
100_20220828 05,391.24151611328125
100_20220828 06,538.0537719726562
100_20220828 07,708.0031127929688
100_20220828 08,841.4584350585938
100_20220828 09,948.7227172851562
100_20220828 10,995.7333374023438
100_20220828 11,985.202392578125
100_20220828 12,997.8195190429688
100_20220828 13,1052.583740234375
100_20220828 14,1059.2908935546875
100_20220828 15,1124.3165283203125
100_20220828 16,1132.069091796875
100_20220828 17,1116.4144287109375
100_20220828 18,1036.9803466796875
100_20220828 19,857.1567993164062
100_20220828 20,799.4769287109375
100_20220828 21,724.1716918945312
100_20220828 22,643.6448974609375
100_20220828 23,547.8555297851562
100_20220829 00,418.2182922363281
100_20220829 01,389.2856750488281
100_20220829 02,374.5770263671875
100_20220829 03,369.0588684082031
100_20220829 04,367.27227783203125
100_20220829 05,398.9804382324219
100_20220829 06,516.8411254882812
100_20220829 07,664.27978515625
100_20220829 08,779.7175903320312
100_20220829 09,906.6921997070312
100_20220829 10,974.6478881835938
100_20220829 11,947.6724853515625
100_20220829 12,949.1228637695312
100_20220829 13,950.0404663085938
100_20220829 14,944.2802734375
100_20220829 15,965.7972412109375
100_20220829 16,966.1423950195312
100_20220829 17,947.7650146484375
100_20220829 18,910.6752319335938
100_20220829 19,847.5590209960938
100_20220829 20,797.9029541015625
100_20220829 21,709.0897216796875
100_20220829 22,562.06884765625
100_20220829 23,485.9924011230469
100_20220830 00,410.6230163574219
100_20220830 01,382.10089111328125
100_20220830 02,372.2769470214844
100_20220830 03,370.1511535644531
100_20220830 04,368.8819580078125
100_20220830 05,392.1407165527344
100_20220830 06,502.0742492675781
100_20220830 07,677.9273071289062
100_20220830 08,789.2661743164062
100_20220830 09,888.1128540039062
100_20220830 10,951.5322875976562
100_20220830 11,928.1941528320312
100_20220830 12,947.437744140625
100_20220830 13,953.2450561523438
100_20220830 14,939.7195434570312
100_20220830 15,948.7494506835938
100_20220830 16,959.4142456054688
100_20220830 17,933.6307983398438
100_20220830 18,872.9841918945312
100_20220830 19,821.3986206054688
100_20220830 20,747.3092041015625
100_20220830 21,670.0669555664062
100_20220830 22,566.4269409179688
100_20220830 23,494.2507019042969
100_20220831 00,406.9804992675781
100_20220831 01,376.8603820800781
100_20220831 02,366.6181640625
100_20220831 03,366.47100830078125
100_20220831 04,366.1151428222656
100_20220831 05,391.9873046875
100_20220831 06,518.865478515625
100_20220831 07,666.4945678710938
100_20220831 08,764.8450927734375
100_20220831 09,877.742431640625
100_20220831 10,952.548583984375
100_20220831 11,921.484619140625
100_20220831 12,973.8634643554688
100_20220831 13,949.3788452148438
100_20220831 14,932.6644287109375
100_20220831 15,977.5982666015625
100_20220831 16,996.874267578125
100_20220831 17,936.1182250976562
100_20220831 18,900.3847045898438
100_20220831 19,816.8438110351562
100_20220831 20,763.6970825195312
100_20220831 21,684.5380859375
100_20220831 22,569.3523559570312
100_20220831 23,495.5133972167969
