num_date_time,answer
1_20220825 00,1930.1793212890625
1_20220825 01,1868.5322265625
1_20220825 02,1749.9459228515625
1_20220825 03,1654.5394287109375
1_20220825 04,1692.7593994140625
1_20220825 05,1857.6810302734375
1_20220825 06,2086.311767578125
1_20220825 07,2514.13330078125
1_20220825 08,3007.289306640625
1_20220825 09,3344.170654296875
1_20220825 10,3929.048095703125
1_20220825 11,4267.203125
1_20220825 12,4249.27490234375
1_20220825 13,4214.8798828125
1_20220825 14,4178.271484375
1_20220825 15,3927.23291015625
1_20220825 16,3890.98828125
1_20220825 17,3492.119140625
1_20220825 18,2878.616455078125
1_20220825 19,2707.749267578125
1_20220825 20,2453.01708984375
1_20220825 21,1997.777099609375
1_20220825 22,1589.8677978515625
1_20220825 23,1970.996337890625
1_20220826 00,1942.642578125
1_20220826 01,1848.058837890625
1_20220826 02,1744.3756103515625
1_20220826 03,1735.0133056640625
1_20220826 04,1767.201416015625
1_20220826 05,1843.5732421875
1_20220826 06,2123.94775390625
1_20220826 07,2541.394775390625
1_20220826 08,2969.28173828125
1_20220826 09,3349.60791015625
1_20220826 10,4046.35400390625
1_20220826 11,4281.353515625
1_20220826 12,4235.0927734375
1_20220826 13,4166.84228515625
1_20220826 14,4109.8759765625
1_20220826 15,4116.2158203125
1_20220826 16,3983.522705078125
1_20220826 17,3509.01611328125
1_20220826 18,2955.833984375
1_20220826 19,2835.263427734375
1_20220826 20,2587.188232421875
1_20220826 21,2120.607666015625
1_20220826 22,1610.3089599609375
1_20220826 23,1989.7353515625
1_20220827 00,1935.945556640625
1_20220827 01,1889.844482421875
1_20220827 02,1758.9195556640625
1_20220827 03,1670.5943603515625
1_20220827 04,1691.568115234375
1_20220827 05,1815.558349609375
1_20220827 06,1969.344970703125
1_20220827 07,2221.44091796875
1_20220827 08,2530.70849609375
1_20220827 09,2924.880126953125
1_20220827 10,3463.813232421875
1_20220827 11,3567.96875
1_20220827 12,3552.407470703125
1_20220827 13,3647.356201171875
1_20220827 14,3632.75
1_20220827 15,3607.540283203125
1_20220827 16,3471.379638671875
1_20220827 17,3248.468017578125
1_20220827 18,2778.2578125
1_20220827 19,2674.9921875
1_20220827 20,2504.071533203125
1_20220827 21,1944.974609375
1_20220827 22,1453.7275390625
1_20220827 23,1756.752685546875
1_20220828 00,1616.44775390625
1_20220828 01,1502.4384765625
1_20220828 02,1416.4642333984375
1_20220828 03,1299.5594482421875
1_20220828 04,1314.832275390625
1_20220828 05,1470.572021484375
1_20220828 06,1592.6943359375
1_20220828 07,1676.9652099609375
1_20220828 08,1909.729736328125
1_20220828 09,2396.80810546875
1_20220828 10,2685.85400390625
1_20220828 11,2865.679443359375
1_20220828 12,2882.287841796875
1_20220828 13,2949.51611328125
1_20220828 14,3001.634521484375
1_20220828 15,2994.00244140625
1_20220828 16,3011.140380859375
1_20220828 17,2935.88525390625
1_20220828 18,2755.344970703125
1_20220828 19,2480.176025390625
1_20220828 20,2349.48291015625
1_20220828 21,1938.361083984375
1_20220828 22,1459.5919189453125
1_20220828 23,1899.7808837890625
1_20220829 00,1890.980712890625
1_20220829 01,1841.871337890625
1_20220829 02,1768.171630859375
1_20220829 03,1760.8404541015625
1_20220829 04,1761.28125
1_20220829 05,1855.941162109375
1_20220829 06,2138.566162109375
1_20220829 07,2417.43017578125
1_20220829 08,2864.013671875
1_20220829 09,3222.78662109375
1_20220829 10,3896.72216796875
1_20220829 11,3982.938232421875
1_20220829 12,3999.585205078125
1_20220829 13,4084.315673828125
1_20220829 14,4085.73193359375
1_20220829 15,3888.4609375
1_20220829 16,3771.21435546875
1_20220829 17,3406.19482421875
1_20220829 18,2724.70361328125
1_20220829 19,2571.0068359375
1_20220829 20,2318.25048828125
1_20220829 21,1941.042236328125
1_20220829 22,1507.4456787109375
1_20220829 23,1860.6025390625
1_20220830 00,1840.6705322265625
1_20220830 01,1759.6953125
1_20220830 02,1698.044189453125
1_20220830 03,1624.166259765625
1_20220830 04,1634.295166015625
1_20220830 05,1719.412353515625
1_20220830 06,1958.602294921875
1_20220830 07,2380.30224609375
1_20220830 08,2875.107177734375
1_20220830 09,3162.85498046875
1_20220830 10,3774.14501953125
1_20220830 11,4124.8388671875
1_20220830 12,4092.56591796875
1_20220830 13,4107.9931640625
1_20220830 14,4032.60986328125
1_20220830 15,3885.6015625
1_20220830 16,3723.327392578125
1_20220830 17,3361.08642578125
1_20220830 18,2708.73291015625
1_20220830 19,2619.579345703125
1_20220830 20,2418.31201171875
1_20220830 21,1920.366943359375
1_20220830 22,1522.8121337890625
1_20220830 23,1968.9140625
1_20220831 00,1912.3248291015625
1_20220831 01,1828.040283203125
1_20220831 02,1713.099853515625
1_20220831 03,1681.7523193359375
1_20220831 04,1702.625244140625
1_20220831 05,1804.579345703125
1_20220831 06,2071.60205078125
1_20220831 07,2410.16357421875
1_20220831 08,2884.93701171875
1_20220831 09,3203.28759765625
1_20220831 10,3805.598388671875
1_20220831 11,4025.349609375
1_20220831 12,4155.6376953125
1_20220831 13,4167.85302734375
1_20220831 14,4124.40771484375
1_20220831 15,3986.266845703125
1_20220831 16,3861.356689453125
1_20220831 17,3462.142578125
1_20220831 18,2728.499267578125
1_20220831 19,2650.12255859375
1_20220831 20,2420.85693359375
1_20220831 21,1957.2620849609375
1_20220831 22,1475.553466796875
1_20220831 23,1853.2437744140625
2_20220825 00,1255.017578125
2_20220825 01,1239.6865234375
2_20220825 02,1244.9056396484375
2_20220825 03,1260.6776123046875
2_20220825 04,1264.917724609375
2_20220825 05,1230.979736328125
2_20220825 06,1212.960205078125
2_20220825 07,1222.370849609375
2_20220825 08,1720.802978515625
2_20220825 09,2046.4322509765625
2_20220825 10,2247.688720703125
2_20220825 11,2220.244140625
2_20220825 12,2280.394775390625
2_20220825 13,2336.897216796875
2_20220825 14,2363.61572265625
2_20220825 15,2153.236083984375
2_20220825 16,2248.96044921875
2_20220825 17,2247.375
2_20220825 18,2289.39892578125
2_20220825 19,2087.77001953125
2_20220825 20,1898.728271484375
2_20220825 21,1656.9468994140625
2_20220825 22,1013.8566284179688
2_20220825 23,1278.4180908203125
2_20220826 00,1238.784423828125
2_20220826 01,1231.5521240234375
2_20220826 02,1231.185302734375
2_20220826 03,1221.7757568359375
2_20220826 04,1180.6163330078125
2_20220826 05,1168.453125
2_20220826 06,1159.443115234375
2_20220826 07,1122.19384765625
2_20220826 08,1633.406982421875
2_20220826 09,1970.9375
2_20220826 10,2160.685546875
2_20220826 11,2089.57373046875
2_20220826 12,2045.975341796875
2_20220826 13,2149.62353515625
2_20220826 14,2123.582275390625
2_20220826 15,2135.919921875
2_20220826 16,2111.334716796875
2_20220826 17,2033.864013671875
2_20220826 18,2190.948486328125
2_20220826 19,1956.2027587890625
2_20220826 20,1918.3961181640625
2_20220826 21,1721.1978759765625
2_20220826 22,1029.1661376953125
2_20220826 23,1291.6199951171875
2_20220827 00,1253.677978515625
2_20220827 01,1260.885009765625
2_20220827 02,1262.9576416015625
2_20220827 03,1246.13232421875
2_20220827 04,1217.85205078125
2_20220827 05,1187.6614990234375
2_20220827 06,1192.7266845703125
2_20220827 07,1158.556884765625
2_20220827 08,1543.4027099609375
2_20220827 09,1726.713134765625
2_20220827 10,1905.723876953125
2_20220827 11,1955.228759765625
2_20220827 12,2120.567626953125
2_20220827 13,2233.854736328125
2_20220827 14,2261.42138671875
2_20220827 15,2285.044677734375
2_20220827 16,2253.821533203125
2_20220827 17,2213.065185546875
2_20220827 18,2090.4189453125
2_20220827 19,1705.419189453125
2_20220827 20,1476.339599609375
2_20220827 21,1298.847412109375
2_20220827 22,813.9495849609375
2_20220827 23,1205.5870361328125
2_20220828 00,1203.774169921875
2_20220828 01,1203.88623046875
2_20220828 02,1224.766357421875
2_20220828 03,1154.3973388671875
2_20220828 04,1120.274658203125
2_20220828 05,1114.4093017578125
2_20220828 06,1098.947021484375
2_20220828 07,995.97265625
2_20220828 08,1403.456298828125
2_20220828 09,1546.3587646484375
2_20220828 10,1835.188720703125
2_20220828 11,1797.799560546875
2_20220828 12,1925.8043212890625
2_20220828 13,2067.947265625
2_20220828 14,2140.835693359375
2_20220828 15,2170.14892578125
2_20220828 16,2212.35791015625
2_20220828 17,2079.01806640625
2_20220828 18,1911.486083984375
2_20220828 19,1544.744873046875
2_20220828 20,1416.333984375
2_20220828 21,1254.369873046875
2_20220828 22,827.66015625
2_20220828 23,1242.270263671875
2_20220829 00,1230.5003662109375
2_20220829 01,1232.701416015625
2_20220829 02,1233.3033447265625
2_20220829 03,1224.947998046875
2_20220829 04,1215.7955322265625
2_20220829 05,1159.7972412109375
2_20220829 06,1186.596923828125
2_20220829 07,1077.592529296875
2_20220829 08,1186.869384765625
2_20220829 09,1195.0108642578125
2_20220829 10,1291.2789306640625
2_20220829 11,1275.1044921875
2_20220829 12,1270.670654296875
2_20220829 13,1299.776611328125
2_20220829 14,1273.3406982421875
2_20220829 15,1414.533447265625
2_20220829 16,1359.316650390625
2_20220829 17,1248.430419921875
2_20220829 18,1126.194091796875
2_20220829 19,1151.40283203125
2_20220829 20,1055.8170166015625
2_20220829 21,921.6988525390625
2_20220829 22,775.9052734375
2_20220829 23,1148.69970703125
2_20220830 00,1148.636962890625
2_20220830 01,1165.3687744140625
2_20220830 02,1180.8017578125
2_20220830 03,1167.005859375
2_20220830 04,1074.928955078125
2_20220830 05,1077.6221923828125
2_20220830 06,1119.786865234375
2_20220830 07,1083.756103515625
2_20220830 08,1602.893798828125
2_20220830 09,1813.94140625
2_20220830 10,2004.892333984375
2_20220830 11,2023.2720947265625
2_20220830 12,2057.09228515625
2_20220830 13,2244.728759765625
2_20220830 14,2239.166259765625
2_20220830 15,2335.18017578125
2_20220830 16,2325.00537109375
2_20220830 17,2297.18017578125
2_20220830 18,2241.8349609375
2_20220830 19,2058.080078125
2_20220830 20,1829.6605224609375
2_20220830 21,1616.1058349609375
2_20220830 22,970.2335815429688
2_20220830 23,1267.8828125
2_20220831 00,1235.3909912109375
2_20220831 01,1219.839599609375
2_20220831 02,1228.328857421875
2_20220831 03,1221.319580078125
2_20220831 04,1168.8109130859375
2_20220831 05,1171.8345947265625
2_20220831 06,1161.401123046875
2_20220831 07,1183.411865234375
2_20220831 08,1617.706298828125
2_20220831 09,1841.5767822265625
2_20220831 10,2059.152587890625
2_20220831 11,2084.8369140625
2_20220831 12,2152.94287109375
2_20220831 13,2333.17822265625
2_20220831 14,2366.645751953125
2_20220831 15,2393.4453125
2_20220831 16,2360.803955078125
2_20220831 17,2305.769775390625
2_20220831 18,2289.4912109375
2_20220831 19,2085.317138671875
2_20220831 20,1897.4095458984375
2_20220831 21,1604.71875
2_20220831 22,979.7698974609375
2_20220831 23,1287.2823486328125
3_20220825 00,1014.0341796875
3_20220825 01,987.1497802734375
3_20220825 02,957.3660888671875
3_20220825 03,924.5078125
3_20220825 04,895.9494018554688
3_20220825 05,910.7297973632812
3_20220825 06,938.35693359375
3_20220825 07,1050.499755859375
3_20220825 08,1223.4857177734375
3_20220825 09,1356.290771484375
3_20220825 10,1440.0946044921875
3_20220825 11,1465.6365966796875
3_20220825 12,1544.817138671875
3_20220825 13,1597.0208740234375
3_20220825 14,1690.701171875
3_20220825 15,1804.916015625
3_20220825 16,1899.491455078125
3_20220825 17,1882.767578125
3_20220825 18,2299.863037109375
3_20220825 19,2542.882080078125
3_20220825 20,2395.128173828125
3_20220825 21,1995.197998046875
3_20220825 22,1269.961669921875
3_20220825 23,1029.040283203125
3_20220826 00,930.2242431640625
3_20220826 01,888.9173583984375
3_20220826 02,879.83837890625
3_20220826 03,852.88916015625
3_20220826 04,818.4049682617188
3_20220826 05,847.90966796875
3_20220826 06,864.7679443359375
3_20220826 07,967.5308837890625
3_20220826 08,1082.249267578125
3_20220826 09,1272.00634765625
3_20220826 10,1356.749267578125
3_20220826 11,1442.5115966796875
3_20220826 12,1422.88427734375
3_20220826 13,1530.730224609375
3_20220826 14,1668.5640869140625
3_20220826 15,1817.094970703125
3_20220826 16,1905.240966796875
3_20220826 17,1895.4039306640625
3_20220826 18,2472.53076171875
3_20220826 19,2624.13916015625
3_20220826 20,2528.47216796875
3_20220826 21,2187.33837890625
3_20220826 22,1393.0357666015625
3_20220826 23,1062.177490234375
3_20220827 00,1002.31884765625
3_20220827 01,951.8605346679688
3_20220827 02,905.0162963867188
3_20220827 03,874.2467041015625
3_20220827 04,873.7357177734375
3_20220827 05,852.0787963867188
3_20220827 06,840.0780029296875
3_20220827 07,908.9381103515625
3_20220827 08,995.8181762695312
3_20220827 09,1126.6883544921875
3_20220827 10,1211.3763427734375
3_20220827 11,1303.9208984375
3_20220827 12,1437.67431640625
3_20220827 13,1510.2611083984375
3_20220827 14,1690.9818115234375
3_20220827 15,1802.933349609375
3_20220827 16,1949.2548828125
3_20220827 17,2102.67333984375
3_20220827 18,2451.785888671875
3_20220827 19,2430.983642578125
3_20220827 20,2263.739501953125
3_20220827 21,1780.545166015625
3_20220827 22,1269.1607666015625
3_20220827 23,1070.17626953125
3_20220828 00,924.8546142578125
3_20220828 01,860.4270629882812
3_20220828 02,871.3410034179688
3_20220828 03,822.65673828125
3_20220828 04,813.6600341796875
3_20220828 05,800.56005859375
3_20220828 06,779.1181030273438
3_20220828 07,843.9719848632812
3_20220828 08,942.6561279296875
3_20220828 09,1027.3206787109375
3_20220828 10,1097.133056640625
3_20220828 11,1142.973876953125
3_20220828 12,1242.4068603515625
3_20220828 13,1343.87939453125
3_20220828 14,1480.143310546875
3_20220828 15,1649.892822265625
3_20220828 16,1775.346923828125
3_20220828 17,2076.14453125
3_20220828 18,2228.41015625
3_20220828 19,2181.344970703125
3_20220828 20,1918.008056640625
3_20220828 21,1583.2398681640625
3_20220828 22,1160.1561279296875
3_20220828 23,1008.3972778320312
3_20220829 00,1057.7359619140625
3_20220829 01,1028.293701171875
3_20220829 02,969.7913818359375
3_20220829 03,915.1223754882812
3_20220829 04,917.5079956054688
3_20220829 05,915.1559448242188
3_20220829 06,920.0379638671875
3_20220829 07,966.3615112304688
3_20220829 08,1058.6817626953125
3_20220829 09,1170.8941650390625
3_20220829 10,1211.7462158203125
3_20220829 11,1239.063720703125
3_20220829 12,1214.671142578125
3_20220829 13,1201.0457763671875
3_20220829 14,1225.6094970703125
3_20220829 15,1232.193115234375
3_20220829 16,1158.6517333984375
3_20220829 17,1140.056884765625
3_20220829 18,1036.2213134765625
3_20220829 19,1109.120361328125
3_20220829 20,1112.1575927734375
3_20220829 21,977.6470947265625
3_20220829 22,903.2666015625
3_20220829 23,855.8570556640625
3_20220830 00,867.8733520507812
3_20220830 01,848.56640625
3_20220830 02,858.1926879882812
3_20220830 03,827.3228759765625
3_20220830 04,804.280029296875
3_20220830 05,832.7996215820312
3_20220830 06,836.3292236328125
3_20220830 07,946.5983276367188
3_20220830 08,1064.267578125
3_20220830 09,1225.513916015625
3_20220830 10,1304.765869140625
3_20220830 11,1354.4046630859375
3_20220830 12,1411.643310546875
3_20220830 13,1485.997802734375
3_20220830 14,1511.613525390625
3_20220830 15,1639.9281005859375
3_20220830 16,1619.7919921875
3_20220830 17,1607.077392578125
3_20220830 18,1968.9263916015625
3_20220830 19,1978.193603515625
3_20220830 20,1820.2532958984375
3_20220830 21,1516.4573974609375
3_20220830 22,1114.9173583984375
3_20220830 23,997.74560546875
3_20220831 00,959.1214599609375
3_20220831 01,913.9156494140625
3_20220831 02,912.548828125
3_20220831 03,884.19140625
3_20220831 04,887.6148681640625
3_20220831 05,902.4732666015625
3_20220831 06,894.6668701171875
3_20220831 07,1008.8958740234375
3_20220831 08,1112.4937744140625
3_20220831 09,1262.9830322265625
3_20220831 10,1362.17333984375
3_20220831 11,1402.614013671875
3_20220831 12,1457.7965087890625
3_20220831 13,1577.0877685546875
3_20220831 14,1696.5953369140625
3_20220831 15,1782.2164306640625
3_20220831 16,1868.0126953125
3_20220831 17,1922.7034912109375
3_20220831 18,2411.255615234375
3_20220831 19,2580.60888671875
3_20220831 20,2351.58984375
3_20220831 21,1974.453857421875
3_20220831 22,1271.328125
3_20220831 23,1053.2835693359375
4_20220825 00,731.9951171875
4_20220825 01,735.689208984375
4_20220825 02,743.4578857421875
4_20220825 03,738.1954345703125
4_20220825 04,739.5001831054688
4_20220825 05,751.5146484375
4_20220825 06,792.451171875
4_20220825 07,902.1560668945312
4_20220825 08,1087.762451171875
4_20220825 09,1243.8045654296875
4_20220825 10,1354.6414794921875
4_20220825 11,1413.797119140625
4_20220825 12,1366.712158203125
4_20220825 13,1336.75244140625
4_20220825 14,1306.3228759765625
4_20220825 15,1288.4560546875
4_20220825 16,1259.7166748046875
4_20220825 17,1164.764892578125
4_20220825 18,1021.6271362304688
4_20220825 19,886.8737182617188
4_20220825 20,818.1757202148438
4_20220825 21,772.1002807617188
4_20220825 22,765.5997314453125
4_20220825 23,721.60205078125
4_20220826 00,728.8163452148438
4_20220826 01,726.7711791992188
4_20220826 02,743.2088623046875
4_20220826 03,730.5599365234375
4_20220826 04,725.1282958984375
4_20220826 05,738.0144653320312
4_20220826 06,787.3062744140625
4_20220826 07,890.5701293945312
4_20220826 08,1081.461669921875
4_20220826 09,1241.695556640625
4_20220826 10,1340.4503173828125
4_20220826 11,1410.657470703125
4_20220826 12,1338.864990234375
4_20220826 13,1342.5621337890625
4_20220826 14,1317.682861328125
4_20220826 15,1333.919921875
4_20220826 16,1288.686767578125
4_20220826 17,1194.4771728515625
4_20220826 18,1049.590576171875
4_20220826 19,887.5506591796875
4_20220826 20,826.6817626953125
4_20220826 21,779.4144287109375
4_20220826 22,756.6771240234375
4_20220826 23,731.7000122070312
4_20220827 00,745.0931396484375
4_20220827 01,729.8643798828125
4_20220827 02,734.205078125
4_20220827 03,731.0028076171875
4_20220827 04,732.0046997070312
4_20220827 05,736.7954711914062
4_20220827 06,803.3887939453125
4_20220827 07,898.2169799804688
4_20220827 08,1080.1785888671875
4_20220827 09,1235.281494140625
4_20220827 10,1365.76025390625
4_20220827 11,1370.0731201171875
4_20220827 12,1411.8953857421875
4_20220827 13,1383.63818359375
4_20220827 14,1330.694580078125
4_20220827 15,1323.232666015625
4_20220827 16,1260.4549560546875
4_20220827 17,1199.920654296875
4_20220827 18,1019.4197998046875
4_20220827 19,897.8966674804688
4_20220827 20,818.4769287109375
4_20220827 21,791.1295166015625
4_20220827 22,772.7078857421875
4_20220827 23,751.5675048828125
4_20220828 00,736.1607666015625
4_20220828 01,715.0638427734375
4_20220828 02,729.9387817382812
4_20220828 03,736.2830200195312
4_20220828 04,729.1188354492188
4_20220828 05,741.1156005859375
4_20220828 06,795.85791015625
4_20220828 07,884.07373046875
4_20220828 08,1061.4986572265625
4_20220828 09,1211.529052734375
4_20220828 10,1327.3294677734375
4_20220828 11,1379.4522705078125
4_20220828 12,1384.68701171875
4_20220828 13,1382.8941650390625
4_20220828 14,1332.482177734375
4_20220828 15,1344.651611328125
4_20220828 16,1284.2435302734375
4_20220828 17,1214.0001220703125
4_20220828 18,1021.3894653320312
4_20220828 19,869.0487060546875
4_20220828 20,811.30029296875
4_20220828 21,783.1643676757812
4_20220828 22,772.8720092773438
4_20220828 23,740.0543212890625
4_20220829 00,718.3682861328125
4_20220829 01,721.6358642578125
4_20220829 02,731.494873046875
4_20220829 03,722.3991088867188
4_20220829 04,720.164306640625
4_20220829 05,735.048583984375
4_20220829 06,789.005859375
4_20220829 07,903.6716918945312
4_20220829 08,1069.94677734375
4_20220829 09,1231.110595703125
4_20220829 10,1345.95556640625
4_20220829 11,1364.7808837890625
4_20220829 12,1339.089599609375
4_20220829 13,1344.4263916015625
4_20220829 14,1304.2894287109375
4_20220829 15,1305.856201171875
4_20220829 16,1249.3963623046875
4_20220829 17,1188.501953125
4_20220829 18,1035.096923828125
4_20220829 19,892.1204833984375
4_20220829 20,829.4285278320312
4_20220829 21,775.48095703125
4_20220829 22,749.3091430664062
4_20220829 23,719.369873046875
4_20220830 00,713.7684936523438
4_20220830 01,715.5650634765625
4_20220830 02,727.32373046875
4_20220830 03,728.480224609375
4_20220830 04,734.3575439453125
4_20220830 05,748.4617919921875
4_20220830 06,791.8269653320312
4_20220830 07,896.0910034179688
4_20220830 08,1080.4266357421875
4_20220830 09,1220.159423828125
4_20220830 10,1324.468017578125
4_20220830 11,1365.1256103515625
4_20220830 12,1331.235107421875
4_20220830 13,1329.339111328125
4_20220830 14,1289.853271484375
4_20220830 15,1290.810791015625
4_20220830 16,1251.8387451171875
4_20220830 17,1167.6961669921875
4_20220830 18,1023.0357666015625
4_20220830 19,896.3512573242188
4_20220830 20,839.2590942382812
4_20220830 21,779.182373046875
4_20220830 22,770.0755615234375
4_20220830 23,730.6563720703125
4_20220831 00,728.6473999023438
4_20220831 01,726.4932861328125
4_20220831 02,737.7388916015625
4_20220831 03,730.0057373046875
4_20220831 04,726.8282470703125
4_20220831 05,747.0260620117188
4_20220831 06,790.4427490234375
4_20220831 07,894.1328125
4_20220831 08,1074.843505859375
4_20220831 09,1228.4398193359375
4_20220831 10,1336.249267578125
4_20220831 11,1391.07177734375
4_20220831 12,1369.114501953125
4_20220831 13,1322.6263427734375
4_20220831 14,1292.3480224609375
4_20220831 15,1287.3743896484375
4_20220831 16,1251.380126953125
4_20220831 17,1178.260986328125
4_20220831 18,1022.2673950195312
4_20220831 19,881.8592529296875
4_20220831 20,822.0914916992188
4_20220831 21,775.1266479492188
4_20220831 22,758.9592895507812
4_20220831 23,716.7169189453125
5_20220825 00,1893.262451171875
5_20220825 01,1890.7236328125
5_20220825 02,1885.2445068359375
5_20220825 03,1892.092529296875
5_20220825 04,1881.0347900390625
5_20220825 05,1963.798828125
5_20220825 06,1971.2181396484375
5_20220825 07,2144.361328125
5_20220825 08,2707.38232421875
5_20220825 09,3265.52294921875
5_20220825 10,3403.272705078125
5_20220825 11,3259.788330078125
5_20220825 12,3199.695556640625
5_20220825 13,3367.87255859375
5_20220825 14,3643.651123046875
5_20220825 15,3278.37060546875
5_20220825 16,3080.215576171875
5_20220825 17,2778.267333984375
5_20220825 18,2146.76416015625
5_20220825 19,1921.9088134765625
5_20220825 20,1799.6370849609375
5_20220825 21,1671.392822265625
5_20220825 22,1635.7174072265625
5_20220825 23,1578.658447265625
5_20220826 00,1854.3443603515625
5_20220826 01,1869.672607421875
5_20220826 02,1870.1009521484375
5_20220826 03,1863.232666015625
5_20220826 04,1866.9345703125
5_20220826 05,1969.1402587890625
5_20220826 06,1981.1265869140625
5_20220826 07,2174.1640625
5_20220826 08,2801.501220703125
5_20220826 09,3694.11376953125
5_20220826 10,3970.206298828125
5_20220826 11,5764.57568359375
5_20220826 12,6192.841796875
5_20220826 13,6339.02685546875
5_20220826 14,5750.5498046875
5_20220826 15,5668.46923828125
5_20220826 16,5489.470703125
5_20220826 17,5556.06982421875
5_20220826 18,5383.46826171875
5_20220826 19,4954.27197265625
5_20220826 20,4492.2705078125
5_20220826 21,2445.37451171875
5_20220826 22,1804.0679931640625
5_20220826 23,1723.9857177734375
5_20220827 00,1988.510009765625
5_20220827 01,1986.119873046875
5_20220827 02,1938.452880859375
5_20220827 03,1903.146484375
5_20220827 04,1918.4271240234375
5_20220827 05,2016.7705078125
5_20220827 06,2080.9072265625
5_20220827 07,2317.873779296875
5_20220827 08,3211.512451171875
5_20220827 09,3933.757080078125
5_20220827 10,4351.0244140625
5_20220827 11,5995.78125
5_20220827 12,6953.17431640625
5_20220827 13,7085.6552734375
5_20220827 14,7185.07666015625
5_20220827 15,7026.73828125
5_20220827 16,6986.6689453125
5_20220827 17,6852.24462890625
5_20220827 18,6375.47607421875
5_20220827 19,5622.5595703125
5_20220827 20,5590.56396484375
5_20220827 21,2860.144775390625
5_20220827 22,1725.458740234375
5_20220827 23,1654.9677734375
5_20220828 00,1680.6187744140625
5_20220828 01,1694.7578125
5_20220828 02,1645.40234375
5_20220828 03,1608.7742919921875
5_20220828 04,1650.973876953125
5_20220828 05,1780.0767822265625
5_20220828 06,1989.888427734375
5_20220828 07,2375.905517578125
5_20220828 08,5140.3115234375
5_20220828 09,6576.49462890625
5_20220828 10,7087.1767578125
5_20220828 11,7066.9755859375
5_20220828 12,7125.9921875
5_20220828 13,7054.2109375
5_20220828 14,7061.0146484375
5_20220828 15,7009.3720703125
5_20220828 16,6907.60693359375
5_20220828 17,6394.5302734375
5_20220828 18,2809.145751953125
5_20220828 19,1701.3583984375
5_20220828 20,1850.412841796875
5_20220828 21,1784.9075927734375
5_20220828 22,1693.6986083984375
5_20220828 23,1644.9853515625
5_20220829 00,1768.0872802734375
5_20220829 01,1751.9609375
5_20220829 02,1755.710693359375
5_20220829 03,1733.830078125
5_20220829 04,1713.32421875
5_20220829 05,1747.631103515625
5_20220829 06,1747.3876953125
5_20220829 07,1788.622802734375
5_20220829 08,1890.811767578125
5_20220829 09,1937.845703125
5_20220829 10,2003.756591796875
5_20220829 11,1940.4281005859375
5_20220829 12,1847.8450927734375
5_20220829 13,1877.5072021484375
5_20220829 14,1648.862060546875
5_20220829 15,1514.7080078125
5_20220829 16,1562.683837890625
5_20220829 17,1839.0836181640625
5_20220829 18,1811.6171875
5_20220829 19,1717.144775390625
5_20220829 20,1672.6129150390625
5_20220829 21,1628.67578125
5_20220829 22,1543.6046142578125
5_20220829 23,1537.56103515625
5_20220830 00,1767.5318603515625
5_20220830 01,1781.6627197265625
5_20220830 02,1777.322998046875
5_20220830 03,1741.5765380859375
5_20220830 04,1750.939208984375
5_20220830 05,1756.8642578125
5_20220830 06,1699.298828125
5_20220830 07,1814.8206787109375
5_20220830 08,1984.1644287109375
5_20220830 09,1942.1806640625
5_20220830 10,2010.0972900390625
5_20220830 11,1944.2763671875
5_20220830 12,1912.450927734375
5_20220830 13,1996.160888671875
5_20220830 14,1615.039306640625
5_20220830 15,1533.216552734375
5_20220830 16,1608.38916015625
5_20220830 17,1946.760498046875
5_20220830 18,1829.621337890625
5_20220830 19,1742.1246337890625
5_20220830 20,1640.50390625
5_20220830 21,1611.4251708984375
5_20220830 22,1581.817138671875
5_20220830 23,1532.118408203125
5_20220831 00,1775.2529296875
5_20220831 01,1805.161376953125
5_20220831 02,1798.223388671875
5_20220831 03,1783.5765380859375
5_20220831 04,1821.1341552734375
5_20220831 05,1915.788818359375
5_20220831 06,1947.4312744140625
5_20220831 07,2065.7236328125
5_20220831 08,2424.19580078125
5_20220831 09,2774.110107421875
5_20220831 10,2873.62841796875
5_20220831 11,2778.85986328125
5_20220831 12,2649.37841796875
5_20220831 13,2902.046142578125
5_20220831 14,2692.26416015625
5_20220831 15,2178.415283203125
5_20220831 16,2174.632080078125
5_20220831 17,2363.085693359375
5_20220831 18,2010.222900390625
5_20220831 19,1816.7757568359375
5_20220831 20,1699.295166015625
5_20220831 21,1675.9554443359375
5_20220831 22,1585.9761962890625
5_20220831 23,1561.2735595703125
6_20220825 00,1181.045166015625
6_20220825 01,1040.507568359375
6_20220825 02,996.1813354492188
6_20220825 03,1000.1036376953125
6_20220825 04,984.0925903320312
6_20220825 05,1048.1806640625
6_20220825 06,1207.5086669921875
6_20220825 07,1461.708984375
6_20220825 08,1733.6988525390625
6_20220825 09,2246.625244140625
6_20220825 10,2863.82763671875
6_20220825 11,2901.612060546875
6_20220825 12,2888.579345703125
6_20220825 13,2894.7744140625
6_20220825 14,2899.749755859375
6_20220825 15,2846.51123046875
6_20220825 16,2787.56298828125
6_20220825 17,2786.884521484375
6_20220825 18,2427.804443359375
6_20220825 19,2161.431396484375
6_20220825 20,1968.009765625
6_20220825 21,1818.7164306640625
6_20220825 22,1645.453369140625
6_20220825 23,1496.1488037109375
6_20220826 00,1152.0654296875
6_20220826 01,1014.453125
6_20220826 02,978.4019775390625
6_20220826 03,999.6433715820312
6_20220826 04,986.1720581054688
6_20220826 05,1049.9091796875
6_20220826 06,1207.2020263671875
6_20220826 07,1457.9290771484375
6_20220826 08,1685.3323974609375
6_20220826 09,2217.94970703125
6_20220826 10,2812.332763671875
6_20220826 11,2847.973876953125
6_20220826 12,2845.647705078125
6_20220826 13,2857.224609375
6_20220826 14,2909.99560546875
6_20220826 15,2899.275634765625
6_20220826 16,2860.620361328125
6_20220826 17,2770.99462890625
6_20220826 18,2484.95361328125
6_20220826 19,2235.3369140625
6_20220826 20,2041.883544921875
6_20220826 21,1860.7919921875
6_20220826 22,1711.578125
6_20220826 23,1516.7764892578125
6_20220827 00,1216.107666015625
6_20220827 01,1060.2298583984375
6_20220827 02,1050.50439453125
6_20220827 03,1052.39111328125
6_20220827 04,1022.3857421875
6_20220827 05,1059.338134765625
6_20220827 06,1231.257080078125
6_20220827 07,1469.2799072265625
6_20220827 08,1708.626953125
6_20220827 09,2078.461669921875
6_20220827 10,2671.17919921875
6_20220827 11,2736.98828125
6_20220827 12,2797.15673828125
6_20220827 13,2799.414306640625
6_20220827 14,2836.7587890625
6_20220827 15,2840.757568359375
6_20220827 16,2805.1123046875
6_20220827 17,2749.0185546875
6_20220827 18,2341.35986328125
6_20220827 19,2114.4921875
6_20220827 20,2012.862060546875
6_20220827 21,1886.5992431640625
6_20220827 22,1671.2607421875
6_20220827 23,1532.418701171875
6_20220828 00,1169.38037109375
6_20220828 01,1011.4791259765625
6_20220828 02,999.8271484375
6_20220828 03,1000.88818359375
6_20220828 04,953.6066284179688
6_20220828 05,1002.7478637695312
6_20220828 06,1142.438720703125
6_20220828 07,1324.5145263671875
6_20220828 08,1593.5142822265625
6_20220828 09,1896.2738037109375
6_20220828 10,2396.76904296875
6_20220828 11,2494.460205078125
6_20220828 12,2567.626220703125
6_20220828 13,2594.31787109375
6_20220828 14,2609.38671875
6_20220828 15,2677.457763671875
6_20220828 16,2640.115234375
6_20220828 17,2611.79736328125
6_20220828 18,2181.311767578125
6_20220828 19,2009.466064453125
6_20220828 20,1912.2906494140625
6_20220828 21,1786.4759521484375
6_20220828 22,1596.1357421875
6_20220828 23,1444.42626953125
6_20220829 00,1170.375
6_20220829 01,1041.9144287109375
6_20220829 02,1013.2447509765625
6_20220829 03,985.44384765625
6_20220829 04,964.8603515625
6_20220829 05,1026.3048095703125
6_20220829 06,1214.7591552734375
6_20220829 07,1452.149658203125
6_20220829 08,1684.934814453125
6_20220829 09,2192.16845703125
6_20220829 10,2762.477783203125
6_20220829 11,2794.414794921875
6_20220829 12,2800.930419921875
6_20220829 13,2769.76318359375
6_20220829 14,2794.40869140625
6_20220829 15,2794.510009765625
6_20220829 16,2743.6845703125
6_20220829 17,2686.062744140625
6_20220829 18,2307.507568359375
6_20220829 19,2131.79833984375
6_20220829 20,1937.0394287109375
6_20220829 21,1800.0390625
6_20220829 22,1641.6500244140625
6_20220829 23,1469.7100830078125
6_20220830 00,1140.7227783203125
6_20220830 01,1011.4111328125
6_20220830 02,990.6126708984375
6_20220830 03,979.5435791015625
6_20220830 04,968.8167724609375
6_20220830 05,1032.4686279296875
6_20220830 06,1208.8607177734375
6_20220830 07,1432.3751220703125
6_20220830 08,1689.606689453125
6_20220830 09,2193.611328125
6_20220830 10,2729.80419921875
6_20220830 11,2761.397705078125
6_20220830 12,2758.808349609375
6_20220830 13,2754.42138671875
6_20220830 14,2751.033203125
6_20220830 15,2755.303466796875
6_20220830 16,2743.88623046875
6_20220830 17,2727.58837890625
6_20220830 18,2362.59765625
6_20220830 19,2136.61083984375
6_20220830 20,1948.126220703125
6_20220830 21,1803.921875
6_20220830 22,1648.056640625
6_20220830 23,1494.450927734375
6_20220831 00,1165.0081787109375
6_20220831 01,1031.0428466796875
6_20220831 02,1029.531005859375
6_20220831 03,1028.7427978515625
6_20220831 04,991.1624145507812
6_20220831 05,1039.2427978515625
6_20220831 06,1225.3028564453125
6_20220831 07,1462.0606689453125
6_20220831 08,1702.7864990234375
6_20220831 09,2184.67041015625
6_20220831 10,2741.98193359375
6_20220831 11,2811.030029296875
6_20220831 12,2811.927734375
6_20220831 13,2802.889892578125
6_20220831 14,2831.120849609375
6_20220831 15,2842.50146484375
6_20220831 16,2805.257080078125
6_20220831 17,2792.092041015625
6_20220831 18,2439.548828125
6_20220831 19,2194.89794921875
6_20220831 20,1973.4808349609375
6_20220831 21,1829.0394287109375
6_20220831 22,1664.5738525390625
6_20220831 23,1517.8433837890625
7_20220825 00,348.39154052734375
7_20220825 01,331.8189697265625
7_20220825 02,329.2507629394531
7_20220825 03,327.3915710449219
7_20220825 04,332.16973876953125
7_20220825 05,547.1307373046875
7_20220825 06,741.9100341796875
7_20220825 07,831.7706298828125
7_20220825 08,902.5089111328125
7_20220825 09,957.3626098632812
7_20220825 10,1015.8860473632812
7_20220825 11,1000.6080322265625
7_20220825 12,952.0470581054688
7_20220825 13,989.4201049804688
7_20220825 14,981.4650268554688
7_20220825 15,935.9036865234375
7_20220825 16,929.6302490234375
7_20220825 17,887.56640625
7_20220825 18,814.0708618164062
7_20220825 19,868.2029418945312
7_20220825 20,805.8699951171875
7_20220825 21,600.80078125
7_20220825 22,457.438720703125
7_20220825 23,389.3034362792969
7_20220826 00,326.4830322265625
7_20220826 01,320.7259216308594
7_20220826 02,330.61456298828125
7_20220826 03,342.4059753417969
7_20220826 04,345.13055419921875
7_20220826 05,550.1797485351562
7_20220826 06,731.7952880859375
7_20220826 07,804.9935302734375
7_20220826 08,852.1273193359375
7_20220826 09,912.2825927734375
7_20220826 10,974.0562744140625
7_20220826 11,958.4254760742188
7_20220826 12,906.4071044921875
7_20220826 13,944.3194580078125
7_20220826 14,948.1316528320312
7_20220826 15,947.9080810546875
7_20220826 16,966.0012817382812
7_20220826 17,927.6550903320312
7_20220826 18,825.1788330078125
7_20220826 19,869.53271484375
7_20220826 20,854.8544921875
7_20220826 21,616.6393432617188
7_20220826 22,459.14935302734375
7_20220826 23,360.6650695800781
7_20220827 00,356.9400329589844
7_20220827 01,360.58349609375
7_20220827 02,337.45892333984375
7_20220827 03,342.51629638671875
7_20220827 04,358.09149169921875
7_20220827 05,403.890380859375
7_20220827 06,408.3173522949219
7_20220827 07,422.5023498535156
7_20220827 08,571.8409423828125
7_20220827 09,745.0120849609375
7_20220827 10,832.8818359375
7_20220827 11,857.21435546875
7_20220827 12,803.3861083984375
7_20220827 13,804.4692993164062
7_20220827 14,853.1842651367188
7_20220827 15,788.9088134765625
7_20220827 16,814.7305297851562
7_20220827 17,794.6685791015625
7_20220827 18,571.9104614257812
7_20220827 19,515.28955078125
7_20220827 20,522.40478515625
7_20220827 21,456.080078125
7_20220827 22,394.41741943359375
7_20220827 23,367.22869873046875
7_20220828 00,321.33880615234375
7_20220828 01,297.8396301269531
7_20220828 02,282.9239501953125
7_20220828 03,283.9534606933594
7_20220828 04,291.9480895996094
7_20220828 05,322.739501953125
7_20220828 06,337.6368408203125
7_20220828 07,347.4349670410156
7_20220828 08,484.74688720703125
7_20220828 09,613.68798828125
7_20220828 10,706.5394287109375
7_20220828 11,671.4551391601562
7_20220828 12,653.3030395507812
7_20220828 13,666.7355346679688
7_20220828 14,673.7225341796875
7_20220828 15,653.9893188476562
7_20220828 16,671.2506103515625
7_20220828 17,693.8465576171875
7_20220828 18,512.6954345703125
7_20220828 19,458.193359375
7_20220828 20,460.65008544921875
7_20220828 21,384.24615478515625
7_20220828 22,322.65093994140625
7_20220828 23,315.0660400390625
7_20220829 00,328.4892272949219
7_20220829 01,331.3815002441406
7_20220829 02,336.4443359375
7_20220829 03,340.39581298828125
7_20220829 04,342.14019775390625
7_20220829 05,557.1677856445312
7_20220829 06,714.0478515625
7_20220829 07,767.5335083007812
7_20220829 08,844.4498901367188
7_20220829 09,905.1476440429688
7_20220829 10,948.47607421875
7_20220829 11,933.3349609375
7_20220829 12,890.65625
7_20220829 13,921.7293090820312
7_20220829 14,910.2092895507812
7_20220829 15,906.931640625
7_20220829 16,863.5597534179688
7_20220829 17,799.5042114257812
7_20220829 18,708.2861938476562
7_20220829 19,723.4579467773438
7_20220829 20,706.703369140625
7_20220829 21,537.4266357421875
7_20220829 22,425.3822326660156
7_20220829 23,327.5277099609375
7_20220830 00,288.7085876464844
7_20220830 01,295.10174560546875
7_20220830 02,310.23883056640625
7_20220830 03,314.004150390625
7_20220830 04,299.07080078125
7_20220830 05,545.9371337890625
7_20220830 06,726.8727416992188
7_20220830 07,794.14794921875
7_20220830 08,863.8077392578125
7_20220830 09,911.1305541992188
7_20220830 10,1002.5676879882812
7_20220830 11,948.8939208984375
7_20220830 12,902.3894653320312
7_20220830 13,941.5755004882812
7_20220830 14,943.0822143554688
7_20220830 15,933.5543823242188
7_20220830 16,949.6560668945312
7_20220830 17,861.5419921875
7_20220830 18,802.7193603515625
7_20220830 19,862.3106689453125
7_20220830 20,812.9739379882812
7_20220830 21,598.804443359375
7_20220830 22,448.48687744140625
7_20220830 23,353.8266906738281
7_20220831 00,317.65545654296875
7_20220831 01,326.94989013671875
7_20220831 02,331.474365234375
7_20220831 03,303.54779052734375
7_20220831 04,313.114501953125
7_20220831 05,533.7576293945312
7_20220831 06,714.83154296875
7_20220831 07,775.1590576171875
7_20220831 08,848.9465942382812
7_20220831 09,906.6705322265625
7_20220831 10,959.3859252929688
7_20220831 11,950.0587158203125
7_20220831 12,897.5352783203125
7_20220831 13,950.0902099609375
7_20220831 14,945.49658203125
7_20220831 15,934.91943359375
7_20220831 16,915.4944458007812
7_20220831 17,879.1893310546875
7_20220831 18,778.1412353515625
7_20220831 19,833.7649536132812
7_20220831 20,798.617919921875
7_20220831 21,608.12109375
7_20220831 22,459.538818359375
7_20220831 23,362.39117431640625
8_20220825 00,1339.7508544921875
8_20220825 01,1245.226318359375
8_20220825 02,1226.688232421875
8_20220825 03,1298.2347412109375
8_20220825 04,1390.60986328125
8_20220825 05,1412.9520263671875
8_20220825 06,1226.9224853515625
8_20220825 07,1310.3065185546875
8_20220825 08,1558.7296142578125
8_20220825 09,1557.7642822265625
8_20220825 10,1333.677001953125
8_20220825 11,1328.59326171875
8_20220825 12,1303.350830078125
8_20220825 13,1415.555419921875
8_20220825 14,1424.074462890625
8_20220825 15,1478.5765380859375
8_20220825 16,1526.0914306640625
8_20220825 17,1425.103759765625
8_20220825 18,1294.633056640625
8_20220825 19,1293.0789794921875
8_20220825 20,1284.4622802734375
8_20220825 21,1264.5528564453125
8_20220825 22,1196.831298828125
8_20220825 23,1172.3480224609375
8_20220826 00,1301.6942138671875
8_20220826 01,1223.117431640625
8_20220826 02,1230.854248046875
8_20220826 03,1317.3935546875
8_20220826 04,1389.5186767578125
8_20220826 05,1419.0531005859375
8_20220826 06,1223.073486328125
8_20220826 07,1249.85595703125
8_20220826 08,1560.748291015625
8_20220826 09,1555.59375
8_20220826 10,1334.723876953125
8_20220826 11,1364.836181640625
8_20220826 12,1317.945556640625
8_20220826 13,1373.53857421875
8_20220826 14,1402.2701416015625
8_20220826 15,1487.6136474609375
8_20220826 16,1503.133544921875
8_20220826 17,1419.5906982421875
8_20220826 18,1351.565673828125
8_20220826 19,1321.0224609375
8_20220826 20,1313.922119140625
8_20220826 21,1289.921875
8_20220826 22,1254.091064453125
8_20220826 23,1208.3507080078125
8_20220827 00,1284.9407958984375
8_20220827 01,1226.559326171875
8_20220827 02,1286.223388671875
8_20220827 03,1311.340087890625
8_20220827 04,1350.175537109375
8_20220827 05,1373.4930419921875
8_20220827 06,1317.39990234375
8_20220827 07,1346.119384765625
8_20220827 08,1392.8795166015625
8_20220827 09,1433.1173095703125
8_20220827 10,1207.913330078125
8_20220827 11,1197.8614501953125
8_20220827 12,1155.5889892578125
8_20220827 13,1257.278076171875
8_20220827 14,1266.139404296875
8_20220827 15,1346.152587890625
8_20220827 16,1423.1708984375
8_20220827 17,1348.151611328125
8_20220827 18,1213.830322265625
8_20220827 19,1191.2054443359375
8_20220827 20,1195.5225830078125
8_20220827 21,1168.7030029296875
8_20220827 22,1161.779541015625
8_20220827 23,1112.7060546875
8_20220828 00,1028.0003662109375
8_20220828 01,994.85107421875
8_20220828 02,1001.7532348632812
8_20220828 03,964.8313598632812
8_20220828 04,981.220703125
8_20220828 05,1005.8844604492188
8_20220828 06,937.4859619140625
8_20220828 07,965.6798095703125
8_20220828 08,1045.3056640625
8_20220828 09,1123.72705078125
8_20220828 10,1099.7845458984375
8_20220828 11,1064.787353515625
8_20220828 12,983.92529296875
8_20220828 13,1087.558837890625
8_20220828 14,1092.202392578125
8_20220828 15,1162.6744384765625
8_20220828 16,1173.385009765625
8_20220828 17,1141.9979248046875
8_20220828 18,1085.6898193359375
8_20220828 19,1107.792724609375
8_20220828 20,1116.7982177734375
8_20220828 21,1050.6851806640625
8_20220828 22,1051.165771484375
8_20220828 23,1034.769775390625
8_20220829 00,1244.8485107421875
8_20220829 01,1157.737060546875
8_20220829 02,1186.711669921875
8_20220829 03,1268.6417236328125
8_20220829 04,1374.2421875
8_20220829 05,1402.470703125
8_20220829 06,1207.546875
8_20220829 07,1278.1097412109375
8_20220829 08,1534.4166259765625
8_20220829 09,1529.197509765625
8_20220829 10,1315.4964599609375
8_20220829 11,1301.8779296875
8_20220829 12,1307.483154296875
8_20220829 13,1372.5595703125
8_20220829 14,1379.4290771484375
8_20220829 15,1446.846435546875
8_20220829 16,1515.31640625
8_20220829 17,1476.946533203125
8_20220829 18,1347.0311279296875
8_20220829 19,1322.218994140625
8_20220829 20,1310.44970703125
8_20220829 21,1280.0596923828125
8_20220829 22,1253.2403564453125
8_20220829 23,1200.375
8_20220830 00,1277.9586181640625
8_20220830 01,1198.1810302734375
8_20220830 02,1215.6519775390625
8_20220830 03,1282.2672119140625
8_20220830 04,1375.7005615234375
8_20220830 05,1398.127685546875
8_20220830 06,1235.508544921875
8_20220830 07,1279.2303466796875
8_20220830 08,1520.1536865234375
8_20220830 09,1555.776123046875
8_20220830 10,1341.160400390625
8_20220830 11,1340.5863037109375
8_20220830 12,1299.57177734375
8_20220830 13,1389.754150390625
8_20220830 14,1405.0074462890625
8_20220830 15,1498.8048095703125
8_20220830 16,1528.524169921875
8_20220830 17,1431.9429931640625
8_20220830 18,1312.4776611328125
8_20220830 19,1294.086181640625
8_20220830 20,1292.8092041015625
8_20220830 21,1270.9189453125
8_20220830 22,1217.53076171875
8_20220830 23,1146.9818115234375
8_20220831 00,1278.2738037109375
8_20220831 01,1194.7144775390625
8_20220831 02,1197.117431640625
8_20220831 03,1263.9840087890625
8_20220831 04,1340.4703369140625
8_20220831 05,1389.256591796875
8_20220831 06,1207.3154296875
8_20220831 07,1226.46044921875
8_20220831 08,1534.92236328125
8_20220831 09,1536.6832275390625
8_20220831 10,1304.863037109375
8_20220831 11,1329.50537109375
8_20220831 12,1299.9136962890625
8_20220831 13,1372.265869140625
8_20220831 14,1389.8763427734375
8_20220831 15,1450.9110107421875
8_20220831 16,1527.5228271484375
8_20220831 17,1429.2696533203125
8_20220831 18,1303.696044921875
8_20220831 19,1290.1195068359375
8_20220831 20,1284.385498046875
8_20220831 21,1267.051025390625
8_20220831 22,1242.767822265625
8_20220831 23,1199.452880859375
9_20220825 00,1486.0125732421875
9_20220825 01,1276.8707275390625
9_20220825 02,1209.5040283203125
9_20220825 03,1159.9532470703125
9_20220825 04,1151.996337890625
9_20220825 05,1253.505859375
9_20220825 06,1463.0902099609375
9_20220825 07,1641.4974365234375
9_20220825 08,2037.378173828125
9_20220825 09,2647.812744140625
9_20220825 10,3055.20068359375
9_20220825 11,3197.621826171875
9_20220825 12,3228.90380859375
9_20220825 13,3215.55712890625
9_20220825 14,3223.970947265625
9_20220825 15,3343.410888671875
9_20220825 16,3338.26708984375
9_20220825 17,3293.54443359375
9_20220825 18,3199.887451171875
9_20220825 19,3085.632568359375
9_20220825 20,2870.821044921875
9_20220825 21,2611.850341796875
9_20220825 22,2127.439453125
9_20220825 23,1869.8548583984375
9_20220826 00,1534.988525390625
9_20220826 01,1315.494140625
9_20220826 02,1264.091064453125
9_20220826 03,1197.1177978515625
9_20220826 04,1198.2261962890625
9_20220826 05,1293.451416015625
9_20220826 06,1470.545166015625
9_20220826 07,1688.994140625
9_20220826 08,2088.44482421875
9_20220826 09,2669.980712890625
9_20220826 10,3137.03369140625
9_20220826 11,3276.42822265625
9_20220826 12,3298.712890625
9_20220826 13,3303.806640625
9_20220826 14,3448.194091796875
9_20220826 15,3365.15771484375
9_20220826 16,3332.84765625
9_20220826 17,3329.697998046875
9_20220826 18,3135.43408203125
9_20220826 19,2975.096923828125
9_20220826 20,2761.794921875
9_20220826 21,2546.022216796875
9_20220826 22,2054.82568359375
9_20220826 23,1904.4495849609375
9_20220827 00,1537.0650634765625
9_20220827 01,1319.587646484375
9_20220827 02,1225.1617431640625
9_20220827 03,1189.6571044921875
9_20220827 04,1174.1287841796875
9_20220827 05,1241.299072265625
9_20220827 06,1362.4700927734375
9_20220827 07,1607.95263671875
9_20220827 08,2013.948974609375
9_20220827 09,2526.180908203125
9_20220827 10,3080.16357421875
9_20220827 11,3143.33447265625
9_20220827 12,3181.108154296875
9_20220827 13,3130.85791015625
9_20220827 14,3118.875732421875
9_20220827 15,3104.056884765625
9_20220827 16,3130.73779296875
9_20220827 17,3136.15185546875
9_20220827 18,3002.843994140625
9_20220827 19,2759.478271484375
9_20220827 20,2582.44482421875
9_20220827 21,2275.377685546875
9_20220827 22,1970.206787109375
9_20220827 23,1818.2220458984375
9_20220828 00,1469.5802001953125
9_20220828 01,1258.591064453125
9_20220828 02,1176.024658203125
9_20220828 03,1115.110595703125
9_20220828 04,1116.8868408203125
9_20220828 05,1157.7454833984375
9_20220828 06,1271.9996337890625
9_20220828 07,1523.006591796875
9_20220828 08,1724.6510009765625
9_20220828 09,2130.3369140625
9_20220828 10,2375.482421875
9_20220828 11,2531.854736328125
9_20220828 12,2628.1259765625
9_20220828 13,2646.830078125
9_20220828 14,2688.311279296875
9_20220828 15,2679.551513671875
9_20220828 16,2689.628173828125
9_20220828 17,2698.66259765625
9_20220828 18,2500.03125
9_20220828 19,2416.66162109375
9_20220828 20,2344.403564453125
9_20220828 21,2054.024658203125
9_20220828 22,1827.682861328125
9_20220828 23,1668.9066162109375
9_20220829 00,1505.62939453125
9_20220829 01,1269.576904296875
9_20220829 02,1197.352294921875
9_20220829 03,1151.3231201171875
9_20220829 04,1150.1317138671875
9_20220829 05,1255.152099609375
9_20220829 06,1464.9423828125
9_20220829 07,1646.607666015625
9_20220829 08,2043.536376953125
9_20220829 09,2661.763671875
9_20220829 10,3148.343505859375
9_20220829 11,3293.830810546875
9_20220829 12,3300.348388671875
9_20220829 13,3285.549560546875
9_20220829 14,3269.330810546875
9_20220829 15,3267.07763671875
9_20220829 16,3236.62646484375
9_20220829 17,3212.43994140625
9_20220829 18,3142.19384765625
9_20220829 19,3036.166015625
9_20220829 20,2838.539306640625
9_20220829 21,2592.811767578125
9_20220829 22,2107.77734375
9_20220829 23,1901.8616943359375
9_20220830 00,1520.8450927734375
9_20220830 01,1304.3626708984375
9_20220830 02,1236.107177734375
9_20220830 03,1187.448486328125
9_20220830 04,1200.0301513671875
9_20220830 05,1283.633056640625
9_20220830 06,1497.8739013671875
9_20220830 07,1698.231689453125
9_20220830 08,2131.072265625
9_20220830 09,2726.57177734375
9_20220830 10,3210.154541015625
9_20220830 11,3384.13671875
9_20220830 12,3283.201904296875
9_20220830 13,3230.463623046875
9_20220830 14,3227.304931640625
9_20220830 15,3192.3115234375
9_20220830 16,3229.43798828125
9_20220830 17,3180.411865234375
9_20220830 18,3069.4794921875
9_20220830 19,2924.6884765625
9_20220830 20,2755.7646484375
9_20220830 21,2536.50341796875
9_20220830 22,2100.22265625
9_20220830 23,1926.0560302734375
9_20220831 00,1496.593994140625
9_20220831 01,1313.478759765625
9_20220831 02,1227.52392578125
9_20220831 03,1195.50341796875
9_20220831 04,1206.1357421875
9_20220831 05,1303.1624755859375
9_20220831 06,1508.75048828125
9_20220831 07,1750.0230712890625
9_20220831 08,2196.58251953125
9_20220831 09,2733.732666015625
9_20220831 10,3108.623046875
9_20220831 11,3214.52197265625
9_20220831 12,3146.41015625
9_20220831 13,3061.36767578125
9_20220831 14,3032.2978515625
9_20220831 15,3095.933837890625
9_20220831 16,2998.915283203125
9_20220831 17,3003.099365234375
9_20220831 18,2871.429931640625
9_20220831 19,2772.242431640625
9_20220831 20,2671.031494140625
9_20220831 21,2375.74169921875
9_20220831 22,1983.0888671875
9_20220831 23,1743.0816650390625
10_20220825 00,3885.60595703125
10_20220825 01,3881.11328125
10_20220825 02,3808.65625
10_20220825 03,3826.94775390625
10_20220825 04,3812.01416015625
10_20220825 05,3465.87255859375
10_20220825 06,3134.329345703125
10_20220825 07,3006.944580078125
10_20220825 08,3420.87841796875
10_20220825 09,3712.125732421875
10_20220825 10,4302.04833984375
10_20220825 11,4453.3779296875
10_20220825 12,4112.0146484375
10_20220825 13,4191.44775390625
10_20220825 14,4236.6650390625
10_20220825 15,4279.5830078125
10_20220825 16,4136.80712890625
10_20220825 17,3948.284423828125
10_20220825 18,3590.912841796875
10_20220825 19,4041.8203125
10_20220825 20,4310.67578125
10_20220825 21,4307.7861328125
10_20220825 22,4148.99609375
10_20220825 23,4119.3701171875
10_20220826 00,4027.274169921875
10_20220826 01,4023.334716796875
10_20220826 02,4039.786376953125
10_20220826 03,3977.055419921875
10_20220826 04,4008.77685546875
10_20220826 05,3715.17578125
10_20220826 06,3188.481201171875
10_20220826 07,3255.63720703125
10_20220826 08,3443.779296875
10_20220826 09,3793.369873046875
10_20220826 10,4182.01025390625
10_20220826 11,4382.95947265625
10_20220826 12,4235.7060546875
10_20220826 13,4277.58837890625
10_20220826 14,4162.0791015625
10_20220826 15,4139.57177734375
10_20220826 16,3965.492919921875
10_20220826 17,3827.833251953125
10_20220826 18,3533.075439453125
10_20220826 19,3997.393310546875
10_20220826 20,4227.048828125
10_20220826 21,4214.92724609375
10_20220826 22,4080.391845703125
10_20220826 23,4102.87451171875
10_20220827 00,4108.50537109375
10_20220827 01,4058.58056640625
10_20220827 02,4077.57421875
10_20220827 03,4047.100830078125
10_20220827 04,4077.20751953125
10_20220827 05,3612.74072265625
10_20220827 06,3259.167236328125
10_20220827 07,3176.69384765625
10_20220827 08,3423.571044921875
10_20220827 09,3489.981201171875
10_20220827 10,3785.132080078125
10_20220827 11,3671.086669921875
10_20220827 12,3623.65576171875
10_20220827 13,3702.384765625
10_20220827 14,3742.44970703125
10_20220827 15,3932.50634765625
10_20220827 16,3681.132080078125
10_20220827 17,3596.096923828125
10_20220827 18,3502.06103515625
10_20220827 19,3877.998779296875
10_20220827 20,4090.59765625
10_20220827 21,4110.955078125
10_20220827 22,3951.926513671875
10_20220827 23,3899.796875
10_20220828 00,3893.650390625
10_20220828 01,3846.453857421875
10_20220828 02,3910.455078125
10_20220828 03,3864.12939453125
10_20220828 04,3832.542236328125
10_20220828 05,3405.03125
10_20220828 06,3073.88232421875
10_20220828 07,2913.892578125
10_20220828 08,3153.179443359375
10_20220828 09,3301.985595703125
10_20220828 10,3384.971435546875
10_20220828 11,3333.18505859375
10_20220828 12,3338.332763671875
10_20220828 13,3417.22900390625
10_20220828 14,3453.984375
10_20220828 15,3505.208251953125
10_20220828 16,3481.9453125
10_20220828 17,3389.819091796875
10_20220828 18,3184.434326171875
10_20220828 19,3782.651123046875
10_20220828 20,3938.72900390625
10_20220828 21,3911.50634765625
10_20220828 22,3750.662841796875
10_20220828 23,3761.063232421875
10_20220829 00,3692.58740234375
10_20220829 01,3672.560546875
10_20220829 02,3614.916015625
10_20220829 03,3550.80908203125
10_20220829 04,3607.548095703125
10_20220829 05,3367.26123046875
10_20220829 06,2936.15869140625
10_20220829 07,2896.11083984375
10_20220829 08,3396.00390625
10_20220829 09,3565.85205078125
10_20220829 10,4145.25537109375
10_20220829 11,4253.8701171875
10_20220829 12,4203.2041015625
10_20220829 13,4304.732421875
10_20220829 14,4174.9736328125
10_20220829 15,4074.262451171875
10_20220829 16,3836.76171875
10_20220829 17,3724.291015625
10_20220829 18,3560.071044921875
10_20220829 19,3993.341796875
10_20220829 20,4217.1640625
10_20220829 21,4200.83935546875
10_20220829 22,4119.93359375
10_20220829 23,4115.2001953125
10_20220830 00,4015.72705078125
10_20220830 01,3933.858154296875
10_20220830 02,3943.61865234375
10_20220830 03,3848.291748046875
10_20220830 04,3864.84619140625
10_20220830 05,3644.65087890625
10_20220830 06,3328.71142578125
10_20220830 07,3272.390625
10_20220830 08,3624.643310546875
10_20220830 09,3880.04931640625
10_20220830 10,4337.5625
10_20220830 11,4626.943359375
10_20220830 12,4290.3095703125
10_20220830 13,4259.76220703125
10_20220830 14,4153.9521484375
10_20220830 15,4134.1943359375
10_20220830 16,3863.625732421875
10_20220830 17,3850.052734375
10_20220830 18,3729.260986328125
10_20220830 19,4178.3837890625
10_20220830 20,4314.96142578125
10_20220830 21,4270.4931640625
10_20220830 22,4169.140625
10_20220830 23,4177.568359375
10_20220831 00,4080.832763671875
10_20220831 01,4088.811767578125
10_20220831 02,4012.439453125
10_20220831 03,4001.754638671875
10_20220831 04,4008.81640625
10_20220831 05,3808.589111328125
10_20220831 06,3344.122314453125
10_20220831 07,3303.233642578125
10_20220831 08,3651.876953125
10_20220831 09,3794.796142578125
10_20220831 10,4212.07470703125
10_20220831 11,4263.5146484375
10_20220831 12,4064.244140625
10_20220831 13,4029.65869140625
10_20220831 14,3830.70654296875
10_20220831 15,3895.99365234375
10_20220831 16,3693.80126953125
10_20220831 17,3572.40087890625
10_20220831 18,3371.280029296875
10_20220831 19,3865.787109375
10_20220831 20,4001.80859375
10_20220831 21,3861.28466796875
10_20220831 22,3754.1640625
10_20220831 23,3764.768798828125
11_20220825 00,1665.1937255859375
11_20220825 01,1719.06640625
11_20220825 02,1629.1353759765625
11_20220825 03,1592.6448974609375
11_20220825 04,1559.9560546875
11_20220825 05,1570.7491455078125
11_20220825 06,1563.958740234375
11_20220825 07,1693.8431396484375
11_20220825 08,2064.58740234375
11_20220825 09,2244.501953125
11_20220825 10,2205.166015625
11_20220825 11,2179.200927734375
11_20220825 12,2233.13232421875
11_20220825 13,2241.87109375
11_20220825 14,2152.494384765625
11_20220825 15,2297.61865234375
11_20220825 16,2218.06591796875
11_20220825 17,1968.847412109375
11_20220825 18,1881.450439453125
11_20220825 19,1798.9613037109375
11_20220825 20,1723.417724609375
11_20220825 21,1657.7835693359375
11_20220825 22,1605.343505859375
11_20220825 23,1581.676513671875
11_20220826 00,1626.483154296875
11_20220826 01,1715.1832275390625
11_20220826 02,1600.709716796875
11_20220826 03,1566.327880859375
11_20220826 04,1572.7596435546875
11_20220826 05,1559.7149658203125
11_20220826 06,1564.3397216796875
11_20220826 07,1665.605224609375
11_20220826 08,2087.451171875
11_20220826 09,2336.6220703125
11_20220826 10,2260.585205078125
11_20220826 11,2204.430419921875
11_20220826 12,2289.830810546875
11_20220826 13,2321.05712890625
11_20220826 14,2182.76123046875
11_20220826 15,2332.379638671875
11_20220826 16,2277.4541015625
11_20220826 17,2026.371826171875
11_20220826 18,1932.8558349609375
11_20220826 19,1843.749267578125
11_20220826 20,1765.416259765625
11_20220826 21,1686.284423828125
11_20220826 22,1667.3580322265625
11_20220826 23,1637.1590576171875
11_20220827 00,1683.7943115234375
11_20220827 01,1710.220458984375
11_20220827 02,1597.4547119140625
11_20220827 03,1605.3134765625
11_20220827 04,1595.5692138671875
11_20220827 05,1590.726806640625
11_20220827 06,1574.424560546875
11_20220827 07,1644.6265869140625
11_20220827 08,1993.774658203125
11_20220827 09,2114.443115234375
11_20220827 10,2025.9937744140625
11_20220827 11,2053.752197265625
11_20220827 12,2074.60009765625
11_20220827 13,2134.267333984375
11_20220827 14,2079.07177734375
11_20220827 15,2174.169921875
11_20220827 16,2135.191162109375
11_20220827 17,1946.5657958984375
11_20220827 18,1776.2900390625
11_20220827 19,1633.496826171875
11_20220827 20,1656.896484375
11_20220827 21,1613.543212890625
11_20220827 22,1563.723876953125
11_20220827 23,1527.5272216796875
11_20220828 00,1556.03076171875
11_20220828 01,1549.5791015625
11_20220828 02,1514.96826171875
11_20220828 03,1525.322021484375
11_20220828 04,1531.892333984375
11_20220828 05,1534.8739013671875
11_20220828 06,1498.6890869140625
11_20220828 07,1556.4478759765625
11_20220828 08,1871.089111328125
11_20220828 09,2018.402099609375
11_20220828 10,1963.632568359375
11_20220828 11,1963.8896484375
11_20220828 12,1963.761474609375
11_20220828 13,2036.3515625
11_20220828 14,1974.364013671875
11_20220828 15,2030.2841796875
11_20220828 16,1990.655517578125
11_20220828 17,1855.2952880859375
11_20220828 18,1694.098388671875
11_20220828 19,1621.0830078125
11_20220828 20,1619.7000732421875
11_20220828 21,1589.292236328125
11_20220828 22,1560.3333740234375
11_20220828 23,1516.3367919921875
11_20220829 00,1577.010986328125
11_20220829 01,1642.626220703125
11_20220829 02,1523.3177490234375
11_20220829 03,1498.4339599609375
11_20220829 04,1492.3880615234375
11_20220829 05,1499.413330078125
11_20220829 06,1512.896484375
11_20220829 07,1646.1370849609375
11_20220829 08,2003.005126953125
11_20220829 09,2205.185302734375
11_20220829 10,2139.646484375
11_20220829 11,2094.065673828125
11_20220829 12,2164.855712890625
11_20220829 13,2164.925537109375
11_20220829 14,2033.8070068359375
11_20220829 15,2143.81103515625
11_20220829 16,2154.82080078125
11_20220829 17,1932.609619140625
11_20220829 18,1755.2642822265625
11_20220829 19,1685.173583984375
11_20220829 20,1703.23828125
11_20220829 21,1607.96337890625
11_20220829 22,1567.9456787109375
11_20220829 23,1562.5345458984375
11_20220830 00,1561.855224609375
11_20220830 01,1638.2784423828125
11_20220830 02,1519.026611328125
11_20220830 03,1535.9302978515625
11_20220830 04,1504.680419921875
11_20220830 05,1490.6851806640625
11_20220830 06,1493.590576171875
11_20220830 07,1602.6939697265625
11_20220830 08,2006.71484375
11_20220830 09,2145.576904296875
11_20220830 10,2167.866455078125
11_20220830 11,2131.63330078125
11_20220830 12,2181.176513671875
11_20220830 13,2185.47265625
11_20220830 14,2096.9375
11_20220830 15,2189.46142578125
11_20220830 16,2190.606689453125
11_20220830 17,1946.8310546875
11_20220830 18,1789.029541015625
11_20220830 19,1716.9912109375
11_20220830 20,1714.8115234375
11_20220830 21,1659.7496337890625
11_20220830 22,1612.309814453125
11_20220830 23,1575.865966796875
11_20220831 00,1625.081787109375
11_20220831 01,1687.9898681640625
11_20220831 02,1584.048583984375
11_20220831 03,1522.85546875
11_20220831 04,1527.0274658203125
11_20220831 05,1528.473388671875
11_20220831 06,1536.5963134765625
11_20220831 07,1626.7481689453125
11_20220831 08,2050.37548828125
11_20220831 09,2216.76708984375
11_20220831 10,2175.156494140625
11_20220831 11,2117.733642578125
11_20220831 12,2193.854248046875
11_20220831 13,2218.86865234375
11_20220831 14,2084.14697265625
11_20220831 15,2227.3203125
11_20220831 16,2212.070556640625
11_20220831 17,1991.3486328125
11_20220831 18,1882.2991943359375
11_20220831 19,1733.364990234375
11_20220831 20,1692.6654052734375
11_20220831 21,1671.326904296875
11_20220831 22,1616.519287109375
11_20220831 23,1599.3062744140625
12_20220825 00,1148.4918212890625
12_20220825 01,1156.7587890625
12_20220825 02,1151.797119140625
12_20220825 03,1158.778076171875
12_20220825 04,1218.629638671875
12_20220825 05,1326.605712890625
12_20220825 06,1420.75390625
12_20220825 07,1468.00341796875
12_20220825 08,1491.4854736328125
12_20220825 09,1505.7926025390625
12_20220825 10,1596.1820068359375
12_20220825 11,1712.102783203125
12_20220825 12,1713.78125
12_20220825 13,1712.415283203125
12_20220825 14,1668.3671875
12_20220825 15,1617.24609375
12_20220825 16,1671.782470703125
12_20220825 17,1662.879638671875
12_20220825 18,1632.4757080078125
12_20220825 19,1576.08203125
12_20220825 20,1437.9195556640625
12_20220825 21,1312.3607177734375
12_20220825 22,1156.7965087890625
12_20220825 23,1111.6396484375
12_20220826 00,1102.7818603515625
12_20220826 01,1101.4517822265625
12_20220826 02,1105.03515625
12_20220826 03,1130.233154296875
12_20220826 04,1200.49853515625
12_20220826 05,1319.731689453125
12_20220826 06,1407.0438232421875
12_20220826 07,1451.1329345703125
12_20220826 08,1478.126220703125
12_20220826 09,1519.283203125
12_20220826 10,1604.378662109375
12_20220826 11,1715.833251953125
12_20220826 12,1704.2816162109375
12_20220826 13,1736.8773193359375
12_20220826 14,1710.9957275390625
12_20220826 15,1726.9215087890625
12_20220826 16,1747.9534912109375
12_20220826 17,1734.3616943359375
12_20220826 18,1736.328857421875
12_20220826 19,1713.316650390625
12_20220826 20,1552.51953125
12_20220826 21,1414.35400390625
12_20220826 22,1254.174560546875
12_20220826 23,1197.3516845703125
12_20220827 00,1168.549072265625
12_20220827 01,1171.531005859375
12_20220827 02,1162.188232421875
12_20220827 03,1163.365966796875
12_20220827 04,1199.4886474609375
12_20220827 05,1260.67236328125
12_20220827 06,1341.3560791015625
12_20220827 07,1336.4263916015625
12_20220827 08,1375.8973388671875
12_20220827 09,1349.203857421875
12_20220827 10,1449.5977783203125
12_20220827 11,1508.841796875
12_20220827 12,1519.3109130859375
12_20220827 13,1533.7059326171875
12_20220827 14,1560.248291015625
12_20220827 15,1553.4468994140625
12_20220827 16,1547.18701171875
12_20220827 17,1606.866943359375
12_20220827 18,1604.107421875
12_20220827 19,1559.009765625
12_20220827 20,1454.7332763671875
12_20220827 21,1239.4947509765625
12_20220827 22,1100.480224609375
12_20220827 23,1081.834716796875
12_20220828 00,1022.7352294921875
12_20220828 01,977.9476318359375
12_20220828 02,978.8447265625
12_20220828 03,980.0441284179688
12_20220828 04,986.6390380859375
12_20220828 05,1068.8017578125
12_20220828 06,1119.8724365234375
12_20220828 07,1121.79443359375
12_20220828 08,1140.327880859375
12_20220828 09,1140.050048828125
12_20220828 10,1209.6717529296875
12_20220828 11,1218.8037109375
12_20220828 12,1235.3643798828125
12_20220828 13,1282.139892578125
12_20220828 14,1286.341064453125
12_20220828 15,1292.563232421875
12_20220828 16,1347.6484375
12_20220828 17,1405.283447265625
12_20220828 18,1345.65576171875
12_20220828 19,1359.547607421875
12_20220828 20,1314.91162109375
12_20220828 21,1222.2845458984375
12_20220828 22,1096.47314453125
12_20220828 23,1093.327880859375
12_20220829 00,1149.521240234375
12_20220829 01,1166.888671875
12_20220829 02,1149.515869140625
12_20220829 03,1152.324951171875
12_20220829 04,1220.638427734375
12_20220829 05,1328.81298828125
12_20220829 06,1424.73876953125
12_20220829 07,1476.5418701171875
12_20220829 08,1508.9281005859375
12_20220829 09,1520.8895263671875
12_20220829 10,1588.233642578125
12_20220829 11,1671.512939453125
12_20220829 12,1671.0072021484375
12_20220829 13,1685.9937744140625
12_20220829 14,1636.3155517578125
12_20220829 15,1649.47265625
12_20220829 16,1656.2425537109375
12_20220829 17,1615.184326171875
12_20220829 18,1580.794189453125
12_20220829 19,1567.9581298828125
12_20220829 20,1455.633544921875
12_20220829 21,1338.835205078125
12_20220829 22,1163.9447021484375
12_20220829 23,1145.1402587890625
12_20220830 00,1101.941162109375
12_20220830 01,1111.805908203125
12_20220830 02,1100.1644287109375
12_20220830 03,1140.6883544921875
12_20220830 04,1223.3677978515625
12_20220830 05,1322.670654296875
12_20220830 06,1405.346435546875
12_20220830 07,1428.230712890625
12_20220830 08,1474.957763671875
12_20220830 09,1498.3892822265625
12_20220830 10,1532.883544921875
12_20220830 11,1643.5166015625
12_20220830 12,1662.126708984375
12_20220830 13,1676.4349365234375
12_20220830 14,1661.5902099609375
12_20220830 15,1641.7679443359375
12_20220830 16,1681.202392578125
12_20220830 17,1661.259765625
12_20220830 18,1645.228759765625
12_20220830 19,1594.8441162109375
12_20220830 20,1446.786865234375
12_20220830 21,1334.5374755859375
12_20220830 22,1171.0858154296875
12_20220830 23,1145.109619140625
12_20220831 00,1108.638427734375
12_20220831 01,1107.9820556640625
12_20220831 02,1116.106689453125
12_20220831 03,1128.19189453125
12_20220831 04,1204.2730712890625
12_20220831 05,1314.213134765625
12_20220831 06,1399.986083984375
12_20220831 07,1438.623779296875
12_20220831 08,1484.840087890625
12_20220831 09,1472.0264892578125
12_20220831 10,1523.912841796875
12_20220831 11,1619.381103515625
12_20220831 12,1620.527587890625
12_20220831 13,1658.818115234375
12_20220831 14,1630.648681640625
12_20220831 15,1657.031494140625
12_20220831 16,1678.1051025390625
12_20220831 17,1676.3306884765625
12_20220831 18,1614.3734130859375
12_20220831 19,1563.5889892578125
12_20220831 20,1429.0557861328125
12_20220831 21,1319.5169677734375
12_20220831 22,1168.7208251953125
12_20220831 23,1132.9188232421875
13_20220825 00,2732.6416015625
13_20220825 01,2663.00634765625
13_20220825 02,2661.07861328125
13_20220825 03,2660.859375
13_20220825 04,2679.546875
13_20220825 05,2416.51025390625
13_20220825 06,2207.93408203125
13_20220825 07,2093.01171875
13_20220825 08,2295.534423828125
13_20220825 09,2387.29541015625
13_20220825 10,2624.4990234375
13_20220825 11,2524.604736328125
13_20220825 12,2505.303466796875
13_20220825 13,2504.05810546875
13_20220825 14,2563.498291015625
13_20220825 15,2497.54443359375
13_20220825 16,2489.69921875
13_20220825 17,2463.42333984375
13_20220825 18,2389.68359375
13_20220825 19,2811.80712890625
13_20220825 20,2899.10400390625
13_20220825 21,2865.389892578125
13_20220825 22,2821.837646484375
13_20220825 23,2800.23974609375
13_20220826 00,2716.05322265625
13_20220826 01,2703.5751953125
13_20220826 02,2711.734619140625
13_20220826 03,2704.48388671875
13_20220826 04,2694.925048828125
13_20220826 05,2496.920166015625
13_20220826 06,2253.16845703125
13_20220826 07,2122.14892578125
13_20220826 08,2241.53759765625
13_20220826 09,2298.41455078125
13_20220826 10,2565.493896484375
13_20220826 11,2599.538330078125
13_20220826 12,2561.151123046875
13_20220826 13,2510.415771484375
13_20220826 14,2548.98095703125
13_20220826 15,2561.28369140625
13_20220826 16,2504.043701171875
13_20220826 17,2446.001220703125
13_20220826 18,2368.81005859375
13_20220826 19,2788.0458984375
13_20220826 20,2864.7373046875
13_20220826 21,2816.9580078125
13_20220826 22,2775.559814453125
13_20220826 23,2755.48291015625
13_20220827 00,2727.080078125
13_20220827 01,2672.4853515625
13_20220827 02,2663.22802734375
13_20220827 03,2671.18603515625
13_20220827 04,2656.54052734375
13_20220827 05,2386.91455078125
13_20220827 06,2204.906494140625
13_20220827 07,2126.561279296875
13_20220827 08,2257.17431640625
13_20220827 09,2330.60205078125
13_20220827 10,2419.2802734375
13_20220827 11,2406.87255859375
13_20220827 12,2406.99072265625
13_20220827 13,2408.70947265625
13_20220827 14,2381.16943359375
13_20220827 15,2438.72705078125
13_20220827 16,2347.087158203125
13_20220827 17,2296.635498046875
13_20220827 18,2298.63427734375
13_20220827 19,2719.19189453125
13_20220827 20,2757.311767578125
13_20220827 21,2755.95263671875
13_20220827 22,2742.427978515625
13_20220827 23,2703.206298828125
13_20220828 00,2658.16650390625
13_20220828 01,2571.95556640625
13_20220828 02,2573.817626953125
13_20220828 03,2545.29052734375
13_20220828 04,2559.198486328125
13_20220828 05,2254.624267578125
13_20220828 06,2035.556640625
13_20220828 07,2000.6781005859375
13_20220828 08,2116.21826171875
13_20220828 09,2147.913818359375
13_20220828 10,2155.720703125
13_20220828 11,2265.438232421875
13_20220828 12,2312.75537109375
13_20220828 13,2335.4775390625
13_20220828 14,2280.86376953125
13_20220828 15,2259.5166015625
13_20220828 16,2220.97021484375
13_20220828 17,2190.8125
13_20220828 18,2157.01318359375
13_20220828 19,2650.72412109375
13_20220828 20,2704.224853515625
13_20220828 21,2697.978759765625
13_20220828 22,2700.56982421875
13_20220828 23,2624.662841796875
13_20220829 00,2661.073974609375
13_20220829 01,2640.643310546875
13_20220829 02,2630.66162109375
13_20220829 03,2633.4599609375
13_20220829 04,2661.227783203125
13_20220829 05,2421.28076171875
13_20220829 06,2153.9775390625
13_20220829 07,2084.55712890625
13_20220829 08,2275.507080078125
13_20220829 09,2418.774658203125
13_20220829 10,2617.231201171875
13_20220829 11,2605.61376953125
13_20220829 12,2536.555908203125
13_20220829 13,2532.73193359375
13_20220829 14,2536.273681640625
13_20220829 15,2509.18505859375
13_20220829 16,2461.67236328125
13_20220829 17,2434.926513671875
13_20220829 18,2329.301025390625
13_20220829 19,2823.55712890625
13_20220829 20,2901.81982421875
13_20220829 21,2838.739990234375
13_20220829 22,2833.8828125
13_20220829 23,2828.944580078125
13_20220830 00,2794.4736328125
13_20220830 01,2753.22314453125
13_20220830 02,2711.536865234375
13_20220830 03,2694.772705078125
13_20220830 04,2695.612548828125
13_20220830 05,2454.13427734375
13_20220830 06,2269.657470703125
13_20220830 07,2161.2529296875
13_20220830 08,2299.854736328125
13_20220830 09,2438.36962890625
13_20220830 10,2627.02978515625
13_20220830 11,2548.358642578125
13_20220830 12,2466.179931640625
13_20220830 13,2441.101318359375
13_20220830 14,2456.3486328125
13_20220830 15,2456.837646484375
13_20220830 16,2444.16064453125
13_20220830 17,2360.364013671875
13_20220830 18,2324.11181640625
13_20220830 19,2810.013916015625
13_20220830 20,2872.62939453125
13_20220830 21,2816.97216796875
13_20220830 22,2817.854248046875
13_20220830 23,2773.860107421875
13_20220831 00,2727.695556640625
13_20220831 01,2677.04833984375
13_20220831 02,2673.70166015625
13_20220831 03,2682.98974609375
13_20220831 04,2665.545654296875
13_20220831 05,2500.27685546875
13_20220831 06,2292.537353515625
13_20220831 07,2244.351318359375
13_20220831 08,2323.29052734375
13_20220831 09,2455.80859375
13_20220831 10,2556.55712890625
13_20220831 11,2553.35205078125
13_20220831 12,2504.64111328125
13_20220831 13,2448.71044921875
13_20220831 14,2459.32080078125
13_20220831 15,2459.17431640625
13_20220831 16,2457.94189453125
13_20220831 17,2385.95361328125
13_20220831 18,2317.91650390625
13_20220831 19,2749.43115234375
13_20220831 20,2787.55322265625
13_20220831 21,2759.193115234375
13_20220831 22,2750.031005859375
13_20220831 23,2711.16455078125
14_20220825 00,1633.6806640625
14_20220825 01,2034.4124755859375
14_20220825 02,2171.198974609375
14_20220825 03,2074.051513671875
14_20220825 04,2075.537109375
14_20220825 05,1980.678466796875
14_20220825 06,1655.2269287109375
14_20220825 07,1345.458984375
14_20220825 08,1818.5654296875
14_20220825 09,2189.762451171875
14_20220825 10,2254.716552734375
14_20220825 11,2169.922607421875
14_20220825 12,1886.479248046875
14_20220825 13,2180.145263671875
14_20220825 14,2288.70263671875
14_20220825 15,2260.2333984375
14_20220825 16,2165.304931640625
14_20220825 17,2031.1705322265625
14_20220825 18,1631.3079833984375
14_20220825 19,1999.767578125
14_20220825 20,2224.68310546875
14_20220825 21,2133.616943359375
14_20220825 22,2078.13525390625
14_20220825 23,2003.737060546875
14_20220826 00,1559.499267578125
14_20220826 01,1963.516357421875
14_20220826 02,1926.58984375
14_20220826 03,1889.796142578125
14_20220826 04,1869.0670166015625
14_20220826 05,1742.2515869140625
14_20220826 06,1497.3753662109375
14_20220826 07,1275.9404296875
14_20220826 08,1686.5302734375
14_20220826 09,1915.3125
14_20220826 10,2014.677734375
14_20220826 11,1978.712646484375
14_20220826 12,1820.9779052734375
14_20220826 13,2038.287841796875
14_20220826 14,2027.7796630859375
14_20220826 15,1974.774169921875
14_20220826 16,2014.618408203125
14_20220826 17,1883.603271484375
14_20220826 18,1418.2047119140625
14_20220826 19,1913.6829833984375
14_20220826 20,2140.9033203125
14_20220826 21,2111.934326171875
14_20220826 22,2155.289306640625
14_20220826 23,1974.1907958984375
14_20220827 00,1699.661865234375
14_20220827 01,2085.511962890625
14_20220827 02,2092.7255859375
14_20220827 03,2059.854248046875
14_20220827 04,2047.4117431640625
14_20220827 05,1737.470703125
14_20220827 06,1422.2821044921875
14_20220827 07,1263.33642578125
14_20220827 08,1710.688232421875
14_20220827 09,1864.9163818359375
14_20220827 10,1828.1937255859375
14_20220827 11,1669.4945068359375
14_20220827 12,1224.300537109375
14_20220827 13,1598.5833740234375
14_20220827 14,1620.0560302734375
14_20220827 15,1514.659912109375
14_20220827 16,1485.5191650390625
14_20220827 17,1304.0091552734375
14_20220827 18,1043.72802734375
14_20220827 19,1608.0009765625
14_20220827 20,1962.4310302734375
14_20220827 21,1958.704833984375
14_20220827 22,1961.197509765625
14_20220827 23,1821.2943115234375
14_20220828 00,1404.152099609375
14_20220828 01,1926.694091796875
14_20220828 02,1933.173583984375
14_20220828 03,1788.0703125
14_20220828 04,1762.6845703125
14_20220828 05,1505.781494140625
14_20220828 06,1172.3665771484375
14_20220828 07,1011.4646606445312
14_20220828 08,1523.9051513671875
14_20220828 09,1517.4398193359375
14_20220828 10,1407.532470703125
14_20220828 11,1192.322998046875
14_20220828 12,843.4235229492188
14_20220828 13,1310.689208984375
14_20220828 14,1338.8919677734375
14_20220828 15,1337.187744140625
14_20220828 16,1346.5960693359375
14_20220828 17,1229.8489990234375
14_20220828 18,1003.7025146484375
14_20220828 19,1542.5828857421875
14_20220828 20,1814.933837890625
14_20220828 21,1764.2398681640625
14_20220828 22,1725.199951171875
14_20220828 23,1725.800048828125
14_20220829 00,1448.047119140625
14_20220829 01,1925.827880859375
14_20220829 02,1986.226806640625
14_20220829 03,1995.956298828125
14_20220829 04,1972.93359375
14_20220829 05,1838.6500244140625
14_20220829 06,1584.170654296875
14_20220829 07,1375.703125
14_20220829 08,1754.888916015625
14_20220829 09,2048.693603515625
14_20220829 10,2152.34130859375
14_20220829 11,2064.229248046875
14_20220829 12,1751.6959228515625
14_20220829 13,1887.7265625
14_20220829 14,1909.6614990234375
14_20220829 15,1972.872802734375
14_20220829 16,1938.702880859375
14_20220829 17,1916.9771728515625
14_20220829 18,1548.84033203125
14_20220829 19,1926.1116943359375
14_20220829 20,2052.212890625
14_20220829 21,2011.303955078125
14_20220829 22,2002.211669921875
14_20220829 23,1971.170654296875
14_20220830 00,1548.132568359375
14_20220830 01,1960.2484130859375
14_20220830 02,1849.521484375
14_20220830 03,1731.6634521484375
14_20220830 04,1713.9019775390625
14_20220830 05,1706.8724365234375
14_20220830 06,1447.1800537109375
14_20220830 07,1277.979736328125
14_20220830 08,1667.821044921875
14_20220830 09,1989.781982421875
14_20220830 10,2092.339111328125
14_20220830 11,1963.8499755859375
14_20220830 12,1727.019775390625
14_20220830 13,2026.8056640625
14_20220830 14,2135.525390625
14_20220830 15,2193.34423828125
14_20220830 16,2116.00634765625
14_20220830 17,1946.566162109375
14_20220830 18,1546.854248046875
14_20220830 19,2012.602783203125
14_20220830 20,2207.330078125
14_20220830 21,2081.715576171875
14_20220830 22,2024.381591796875
14_20220830 23,1959.618408203125
14_20220831 00,1516.9498291015625
14_20220831 01,1884.4564208984375
14_20220831 02,1850.433349609375
14_20220831 03,1830.6429443359375
14_20220831 04,1704.7535400390625
14_20220831 05,1627.7965087890625
14_20220831 06,1478.544677734375
14_20220831 07,1296.4805908203125
14_20220831 08,1701.6705322265625
14_20220831 09,1971.743896484375
14_20220831 10,2115.341796875
14_20220831 11,2066.19873046875
14_20220831 12,1774.1796875
14_20220831 13,2002.8482666015625
14_20220831 14,2122.887939453125
14_20220831 15,2074.21337890625
14_20220831 16,2055.1005859375
14_20220831 17,1916.7730712890625
14_20220831 18,1524.126220703125
14_20220831 19,2082.80126953125
14_20220831 20,2319.69189453125
14_20220831 21,2146.102783203125
14_20220831 22,2154.1005859375
14_20220831 23,1989.034912109375
15_20220825 00,1921.7593994140625
15_20220825 01,1928.8226318359375
15_20220825 02,1988.951904296875
15_20220825 03,1933.755126953125
15_20220825 04,1807.9114990234375
15_20220825 05,1679.49609375
15_20220825 06,1505.966552734375
15_20220825 07,1399.7562255859375
15_20220825 08,1514.58349609375
15_20220825 09,1658.0494384765625
15_20220825 10,1757.864501953125
15_20220825 11,1765.505859375
15_20220825 12,1794.859375
15_20220825 13,1775.7425537109375
15_20220825 14,1807.755126953125
15_20220825 15,1721.0084228515625
15_20220825 16,1730.6773681640625
15_20220825 17,1768.0074462890625
15_20220825 18,1799.792724609375
15_20220825 19,1917.0123291015625
15_20220825 20,2011.454345703125
15_20220825 21,2073.60693359375
15_20220825 22,2104.61865234375
15_20220825 23,2074.634521484375
15_20220826 00,1924.0777587890625
15_20220826 01,1932.9990234375
15_20220826 02,1972.055908203125
15_20220826 03,1931.2672119140625
15_20220826 04,1796.208984375
15_20220826 05,1716.0335693359375
15_20220826 06,1521.872802734375
15_20220826 07,1430.0252685546875
15_20220826 08,1545.6624755859375
15_20220826 09,1711.5384521484375
15_20220826 10,1805.352294921875
15_20220826 11,1862.3629150390625
15_20220826 12,1797.442626953125
15_20220826 13,1748.7828369140625
15_20220826 14,1781.7122802734375
15_20220826 15,1726.5703125
15_20220826 16,1719.9185791015625
15_20220826 17,1771.678466796875
15_20220826 18,1767.0521240234375
15_20220826 19,1862.3701171875
15_20220826 20,1976.613037109375
15_20220826 21,2034.5015869140625
15_20220826 22,2056.80615234375
15_20220826 23,2007.4564208984375
15_20220827 00,1823.518798828125
15_20220827 01,1855.481689453125
15_20220827 02,1950.47265625
15_20220827 03,1883.896728515625
15_20220827 04,1732.41015625
15_20220827 05,1618.98095703125
15_20220827 06,1400.891357421875
15_20220827 07,1300.405517578125
15_20220827 08,1383.955322265625
15_20220827 09,1574.339111328125
15_20220827 10,1608.5511474609375
15_20220827 11,1658.9410400390625
15_20220827 12,1659.0078125
15_20220827 13,1585.52783203125
15_20220827 14,1660.8961181640625
15_20220827 15,1599.211181640625
15_20220827 16,1585.3486328125
15_20220827 17,1585.707275390625
15_20220827 18,1507.2481689453125
15_20220827 19,1592.9700927734375
15_20220827 20,1665.826416015625
15_20220827 21,1664.8441162109375
15_20220827 22,1680.228759765625
15_20220827 23,1628.410400390625
15_20220828 00,1607.8089599609375
15_20220828 01,1621.6480712890625
15_20220828 02,1671.4761962890625
15_20220828 03,1591.253173828125
15_20220828 04,1413.237060546875
15_20220828 05,1278.0291748046875
15_20220828 06,1188.677490234375
15_20220828 07,1146.166748046875
15_20220828 08,1190.651123046875
15_20220828 09,1387.0533447265625
15_20220828 10,1447.044189453125
15_20220828 11,1510.284912109375
15_20220828 12,1510.8612060546875
15_20220828 13,1454.998779296875
15_20220828 14,1510.5384521484375
15_20220828 15,1436.6026611328125
15_20220828 16,1453.30859375
15_20220828 17,1457.468994140625
15_20220828 18,1410.549560546875
15_20220828 19,1493.003662109375
15_20220828 20,1613.2025146484375
15_20220828 21,1621.893310546875
15_20220828 22,1626.2144775390625
15_20220828 23,1598.9271240234375
15_20220829 00,1630.5953369140625
15_20220829 01,1659.956298828125
15_20220829 02,1715.2418212890625
15_20220829 03,1636.650146484375
15_20220829 04,1537.3271484375
15_20220829 05,1385.810302734375
15_20220829 06,1286.2056884765625
15_20220829 07,1275.8271484375
15_20220829 08,1413.030029296875
15_20220829 09,1556.635009765625
15_20220829 10,1659.934814453125
15_20220829 11,1704.737060546875
15_20220829 12,1729.676025390625
15_20220829 13,1687.5013427734375
15_20220829 14,1699.836669921875
15_20220829 15,1619.854248046875
15_20220829 16,1628.730712890625
15_20220829 17,1720.37890625
15_20220829 18,1728.9964599609375
15_20220829 19,1871.2421875
15_20220829 20,1968.760498046875
15_20220829 21,2006.90234375
15_20220829 22,2033.30859375
15_20220829 23,2015.753173828125
15_20220830 00,1875.7486572265625
15_20220830 01,1893.167724609375
15_20220830 02,1961.6123046875
15_20220830 03,1874.628662109375
15_20220830 04,1728.640380859375
15_20220830 05,1633.570068359375
15_20220830 06,1486.45556640625
15_20220830 07,1411.3726806640625
15_20220830 08,1490.763671875
15_20220830 09,1608.8218994140625
15_20220830 10,1729.1636962890625
15_20220830 11,1739.177734375
15_20220830 12,1732.2777099609375
15_20220830 13,1664.824462890625
15_20220830 14,1678.2708740234375
15_20220830 15,1615.3800048828125
15_20220830 16,1602.8765869140625
15_20220830 17,1669.6519775390625
15_20220830 18,1677.5247802734375
15_20220830 19,1816.503662109375
15_20220830 20,1921.1077880859375
15_20220830 21,1985.468017578125
15_20220830 22,2013.5882568359375
15_20220830 23,1990.784912109375
15_20220831 00,1865.3187255859375
15_20220831 01,1885.5810546875
15_20220831 02,1951.056884765625
15_20220831 03,1907.322021484375
15_20220831 04,1774.609375
15_20220831 05,1708.7109375
15_20220831 06,1521.15576171875
15_20220831 07,1430.0396728515625
15_20220831 08,1524.2239990234375
15_20220831 09,1652.3499755859375
15_20220831 10,1732.2493896484375
15_20220831 11,1748.8427734375
15_20220831 12,1750.2025146484375
15_20220831 13,1688.5999755859375
15_20220831 14,1691.528076171875
15_20220831 15,1639.0634765625
15_20220831 16,1650.3463134765625
15_20220831 17,1695.6461181640625
15_20220831 18,1689.277099609375
15_20220831 19,1812.2894287109375
15_20220831 20,1863.1712646484375
15_20220831 21,1984.1402587890625
15_20220831 22,2015.0618896484375
15_20220831 23,1991.8433837890625
16_20220825 00,1271.953369140625
16_20220825 01,1265.013916015625
16_20220825 02,1276.2911376953125
16_20220825 03,1274.814697265625
16_20220825 04,1459.532470703125
16_20220825 05,3207.8359375
16_20220825 06,4131.6689453125
16_20220825 07,4385.59814453125
16_20220825 08,4589.51953125
16_20220825 09,4749.248046875
16_20220825 10,4724.15185546875
16_20220825 11,4692.6826171875
16_20220825 12,4493.72119140625
16_20220825 13,4563.1826171875
16_20220825 14,4526.8076171875
16_20220825 15,4490.6259765625
16_20220825 16,4722.2060546875
16_20220825 17,4736.04443359375
16_20220825 18,4391.21142578125
16_20220825 19,4470.5751953125
16_20220825 20,4337.6181640625
16_20220825 21,3189.155029296875
16_20220825 22,2089.98486328125
16_20220825 23,1488.79443359375
16_20220826 00,1302.45556640625
16_20220826 01,1298.769287109375
16_20220826 02,1292.9168701171875
16_20220826 03,1287.235595703125
16_20220826 04,1521.5185546875
16_20220826 05,3460.02587890625
16_20220826 06,4227.35986328125
16_20220826 07,4467.4404296875
16_20220826 08,4565.322265625
16_20220826 09,4762.4873046875
16_20220826 10,4696.9462890625
16_20220826 11,4673.28369140625
16_20220826 12,4504.6220703125
16_20220826 13,4523.41259765625
16_20220826 14,4537.9619140625
16_20220826 15,4645.49755859375
16_20220826 16,4617.9111328125
16_20220826 17,4483.470703125
16_20220826 18,4127.1416015625
16_20220826 19,4178.04052734375
16_20220826 20,3939.584716796875
16_20220826 21,2936.824951171875
16_20220826 22,2020.670166015625
16_20220826 23,1436.0718994140625
16_20220827 00,1281.023681640625
16_20220827 01,1250.6502685546875
16_20220827 02,1256.800537109375
16_20220827 03,1247.1309814453125
16_20220827 04,1449.538818359375
16_20220827 05,3279.73388671875
16_20220827 06,4097.2509765625
16_20220827 07,4293.8369140625
16_20220827 08,4321.8681640625
16_20220827 09,4391.81787109375
16_20220827 10,4260.193359375
16_20220827 11,4046.44921875
16_20220827 12,4090.358642578125
16_20220827 13,4060.02880859375
16_20220827 14,4111.1640625
16_20220827 15,4027.438232421875
16_20220827 16,4109.76904296875
16_20220827 17,4173.6298828125
16_20220827 18,4010.44384765625
16_20220827 19,4080.887451171875
16_20220827 20,3805.51806640625
16_20220827 21,2617.17724609375
16_20220827 22,1923.0006103515625
16_20220827 23,1334.3443603515625
16_20220828 00,1224.2276611328125
16_20220828 01,1228.0211181640625
16_20220828 02,1218.9683837890625
16_20220828 03,1230.458251953125
16_20220828 04,1402.7930908203125
16_20220828 05,3194.000732421875
16_20220828 06,3991.662841796875
16_20220828 07,4137.7099609375
16_20220828 08,4079.037109375
16_20220828 09,4082.63916015625
16_20220828 10,4114.9814453125
16_20220828 11,4018.337890625
16_20220828 12,3998.34765625
16_20220828 13,3888.256591796875
16_20220828 14,3985.750732421875
16_20220828 15,3916.625
16_20220828 16,4017.23388671875
16_20220828 17,4086.653076171875
16_20220828 18,4051.174560546875
16_20220828 19,4154.02099609375
16_20220828 20,3942.08056640625
16_20220828 21,3068.861572265625
16_20220828 22,1977.859130859375
16_20220828 23,1391.345947265625
16_20220829 00,1234.199951171875
16_20220829 01,1222.1981201171875
16_20220829 02,1242.0006103515625
16_20220829 03,1227.3681640625
16_20220829 04,1470.6988525390625
16_20220829 05,3366.49560546875
16_20220829 06,4215.38623046875
16_20220829 07,4407.75048828125
16_20220829 08,4568.0634765625
16_20220829 09,4708.2275390625
16_20220829 10,4754.9716796875
16_20220829 11,4425.359375
16_20220829 12,4421.72998046875
16_20220829 13,4285.2626953125
16_20220829 14,4288.12060546875
16_20220829 15,4287.1982421875
16_20220829 16,4316.9560546875
16_20220829 17,4332.67236328125
16_20220829 18,3857.3125
16_20220829 19,3757.85107421875
16_20220829 20,3529.413330078125
16_20220829 21,2567.35205078125
16_20220829 22,1944.9091796875
16_20220829 23,1382.515380859375
16_20220830 00,1239.18212890625
16_20220830 01,1252.8421630859375
16_20220830 02,1267.12109375
16_20220830 03,1257.9686279296875
16_20220830 04,1464.971435546875
16_20220830 05,3465.214111328125
16_20220830 06,4366.2578125
16_20220830 07,4613.1494140625
16_20220830 08,4642.93212890625
16_20220830 09,4723.53173828125
16_20220830 10,4707.890625
16_20220830 11,4599.4150390625
16_20220830 12,4607.65625
16_20220830 13,4624.541015625
16_20220830 14,4602.5576171875
16_20220830 15,4643.3056640625
16_20220830 16,4594.78955078125
16_20220830 17,4616.0830078125
16_20220830 18,4196.1787109375
16_20220830 19,4166.6875
16_20220830 20,3835.61474609375
16_20220830 21,2628.07666015625
16_20220830 22,1989.144775390625
16_20220830 23,1398.54736328125
16_20220831 00,1275.4500732421875
16_20220831 01,1240.513671875
16_20220831 02,1261.6773681640625
16_20220831 03,1247.463623046875
16_20220831 04,1500.3887939453125
16_20220831 05,3480.60400390625
16_20220831 06,4406.03662109375
16_20220831 07,4493.3759765625
16_20220831 08,4504.0107421875
16_20220831 09,4499.5302734375
16_20220831 10,4498.3271484375
16_20220831 11,4419.9072265625
16_20220831 12,4384.5751953125
16_20220831 13,4389.17724609375
16_20220831 14,4350.93359375
16_20220831 15,4374.373046875
16_20220831 16,4372.41943359375
16_20220831 17,4415.2587890625
16_20220831 18,4045.438720703125
16_20220831 19,4148.939453125
16_20220831 20,3727.76904296875
16_20220831 21,2569.60400390625
16_20220831 22,1966.3779296875
16_20220831 23,1408.4927978515625
17_20220825 00,672.6185302734375
17_20220825 01,629.74267578125
17_20220825 02,636.1387939453125
17_20220825 03,641.134521484375
17_20220825 04,849.9666748046875
17_20220825 05,1138.5853271484375
17_20220825 06,1230.151611328125
17_20220825 07,1346.98291015625
17_20220825 08,1544.1573486328125
17_20220825 09,1571.6785888671875
17_20220825 10,1557.03857421875
17_20220825 11,1552.677734375
17_20220825 12,1469.444091796875
17_20220825 13,1545.612548828125
17_20220825 14,1479.0968017578125
17_20220825 15,1511.101318359375
17_20220825 16,1483.7764892578125
17_20220825 17,1453.6513671875
17_20220825 18,1431.550537109375
17_20220825 19,974.3274536132812
17_20220825 20,843.4964599609375
17_20220825 21,755.652099609375
17_20220825 22,723.7161865234375
17_20220825 23,661.2359008789062
17_20220826 00,637.4567260742188
17_20220826 01,612.2747802734375
17_20220826 02,616.9165649414062
17_20220826 03,628.0913696289062
17_20220826 04,826.93994140625
17_20220826 05,1083.411376953125
17_20220826 06,1187.7630615234375
17_20220826 07,1309.0701904296875
17_20220826 08,1499.3863525390625
17_20220826 09,1552.080810546875
17_20220826 10,1544.605224609375
17_20220826 11,1531.2484130859375
17_20220826 12,1457.3031005859375
17_20220826 13,1516.294921875
17_20220826 14,1450.192138671875
17_20220826 15,1511.769287109375
17_20220826 16,1478.586181640625
17_20220826 17,1446.2137451171875
17_20220826 18,1383.9351806640625
17_20220826 19,924.4519653320312
17_20220826 20,835.5114135742188
17_20220826 21,736.1051635742188
17_20220826 22,708.61181640625
17_20220826 23,651.8532104492188
17_20220827 00,585.7158813476562
17_20220827 01,584.5643920898438
17_20220827 02,573.2185668945312
17_20220827 03,584.3419189453125
17_20220827 04,603.8352661132812
17_20220827 05,597.6476440429688
17_20220827 06,598.4337158203125
17_20220827 07,592.7669677734375
17_20220827 08,618.58056640625
17_20220827 09,637.1837768554688
17_20220827 10,629.082275390625
17_20220827 11,594.6654052734375
17_20220827 12,614.75927734375
17_20220827 13,598.595947265625
17_20220827 14,599.8616943359375
17_20220827 15,623.8154296875
17_20220827 16,603.9388427734375
17_20220827 17,582.6232299804688
17_20220827 18,597.7877807617188
17_20220827 19,604.1046752929688
17_20220827 20,620.7288818359375
17_20220827 21,614.9319458007812
17_20220827 22,616.6838989257812
17_20220827 23,604.1550903320312
17_20220828 00,576.8192138671875
17_20220828 01,568.1655883789062
17_20220828 02,568.4188232421875
17_20220828 03,571.9129028320312
17_20220828 04,588.07666015625
17_20220828 05,592.362548828125
17_20220828 06,594.16796875
17_20220828 07,583.8616943359375
17_20220828 08,618.5198974609375
17_20220828 09,627.8412475585938
17_20220828 10,633.2396850585938
17_20220828 11,616.33447265625
17_20220828 12,583.9296875
17_20220828 13,565.4755859375
17_20220828 14,562.2002563476562
17_20220828 15,576.7406616210938
17_20220828 16,565.5733642578125
17_20220828 17,544.8372802734375
17_20220828 18,558.6071166992188
17_20220828 19,574.4788818359375
17_20220828 20,609.380859375
17_20220828 21,625.5230712890625
17_20220828 22,622.1233520507812
17_20220828 23,608.7183837890625
17_20220829 00,688.787353515625
17_20220829 01,661.8638916015625
17_20220829 02,663.5538330078125
17_20220829 03,676.1820068359375
17_20220829 04,933.63818359375
17_20220829 05,1143.1900634765625
17_20220829 06,1299.5653076171875
17_20220829 07,1389.554931640625
17_20220829 08,1576.217041015625
17_20220829 09,1594.1197509765625
17_20220829 10,1578.468505859375
17_20220829 11,1569.0654296875
17_20220829 12,1512.7646484375
17_20220829 13,1573.1318359375
17_20220829 14,1514.079345703125
17_20220829 15,1541.5743408203125
17_20220829 16,1521.6943359375
17_20220829 17,1493.2701416015625
17_20220829 18,1425.909912109375
17_20220829 19,991.30224609375
17_20220829 20,867.3533935546875
17_20220829 21,787.65087890625
17_20220829 22,762.41845703125
17_20220829 23,699.3919677734375
17_20220830 00,684.3786010742188
17_20220830 01,651.8775024414062
17_20220830 02,653.0050659179688
17_20220830 03,660.8151245117188
17_20220830 04,872.9338989257812
17_20220830 05,1102.6011962890625
17_20220830 06,1250.3126220703125
17_20220830 07,1371.9044189453125
17_20220830 08,1517.5177001953125
17_20220830 09,1515.5277099609375
17_20220830 10,1502.6739501953125
17_20220830 11,1509.7763671875
17_20220830 12,1492.6300048828125
17_20220830 13,1544.921142578125
17_20220830 14,1491.200927734375
17_20220830 15,1517.0902099609375
17_20220830 16,1498.183837890625
17_20220830 17,1497.327880859375
17_20220830 18,1461.1112060546875
17_20220830 19,1028.2529296875
17_20220830 20,879.9035034179688
17_20220830 21,792.2744140625
17_20220830 22,756.5619506835938
17_20220830 23,712.7869873046875
17_20220831 00,662.0095825195312
17_20220831 01,626.3653564453125
17_20220831 02,629.8737182617188
17_20220831 03,637.3213500976562
17_20220831 04,839.3444213867188
17_20220831 05,1099.8380126953125
17_20220831 06,1204.0123291015625
17_20220831 07,1305.9779052734375
17_20220831 08,1483.6898193359375
17_20220831 09,1509.298583984375
17_20220831 10,1474.375732421875
17_20220831 11,1503.154296875
17_20220831 12,1465.184814453125
17_20220831 13,1518.6663818359375
17_20220831 14,1470.3414306640625
17_20220831 15,1484.313720703125
17_20220831 16,1470.7513427734375
17_20220831 17,1469.5926513671875
17_20220831 18,1419.357177734375
17_20220831 19,965.0950927734375
17_20220831 20,847.43408203125
17_20220831 21,766.3214111328125
17_20220831 22,731.896728515625
17_20220831 23,687.9615478515625
18_20220825 00,1014.4007568359375
18_20220825 01,1014.7210083007812
18_20220825 02,1012.990234375
18_20220825 03,999.623046875
18_20220825 04,1012.79052734375
18_20220825 05,1004.3790283203125
18_20220825 06,1324.2908935546875
18_20220825 07,1840.928955078125
18_20220825 08,2137.05126953125
18_20220825 09,2272.876953125
18_20220825 10,2248.550537109375
18_20220825 11,2282.45166015625
18_20220825 12,2194.37744140625
18_20220825 13,2315.41357421875
18_20220825 14,2255.88623046875
18_20220825 15,2192.252197265625
18_20220825 16,2116.724365234375
18_20220825 17,2044.8629150390625
18_20220825 18,1723.86328125
18_20220825 19,1619.7703857421875
18_20220825 20,1387.1302490234375
18_20220825 21,1234.5650634765625
18_20220825 22,1085.6585693359375
18_20220825 23,1026.0787353515625
18_20220826 00,982.7447509765625
18_20220826 01,988.83251953125
18_20220826 02,986.2869873046875
18_20220826 03,986.9212646484375
18_20220826 04,1005.5466918945312
18_20220826 05,1024.298583984375
18_20220826 06,1337.0693359375
18_20220826 07,1852.780029296875
18_20220826 08,2120.812744140625
18_20220826 09,2234.841552734375
18_20220826 10,2222.033203125
18_20220826 11,2274.424560546875
18_20220826 12,2184.6982421875
18_20220826 13,2242.143310546875
18_20220826 14,2241.822265625
18_20220826 15,2230.419921875
18_20220826 16,2177.20458984375
18_20220826 17,2105.8759765625
18_20220826 18,1809.038330078125
18_20220826 19,1711.6109619140625
18_20220826 20,1420.707275390625
18_20220826 21,1287.02197265625
18_20220826 22,1153.220947265625
18_20220826 23,1076.869873046875
18_20220827 00,1016.3782348632812
18_20220827 01,998.7735595703125
18_20220827 02,975.1388549804688
18_20220827 03,977.5897216796875
18_20220827 04,995.1209106445312
18_20220827 05,998.7463989257812
18_20220827 06,1046.432861328125
18_20220827 07,1201.7313232421875
18_20220827 08,1247.228271484375
18_20220827 09,1247.146728515625
18_20220827 10,1254.1644287109375
18_20220827 11,1293.7269287109375
18_20220827 12,1351.079345703125
18_20220827 13,1338.945556640625
18_20220827 14,1359.665771484375
18_20220827 15,1362.67724609375
18_20220827 16,1317.5286865234375
18_20220827 17,1250.989501953125
18_20220827 18,1145.4688720703125
18_20220827 19,1087.518798828125
18_20220827 20,1052.4771728515625
18_20220827 21,1058.5325927734375
18_20220827 22,1010.3031005859375
18_20220827 23,1001.7423706054688
18_20220828 00,987.4107666015625
18_20220828 01,969.6793823242188
18_20220828 02,973.2025146484375
18_20220828 03,962.810546875
18_20220828 04,972.47705078125
18_20220828 05,970.3229370117188
18_20220828 06,1049.63427734375
18_20220828 07,1114.6231689453125
18_20220828 08,1196.826904296875
18_20220828 09,1244.8524169921875
18_20220828 10,1278.7623291015625
18_20220828 11,1283.165771484375
18_20220828 12,1307.9364013671875
18_20220828 13,1309.193359375
18_20220828 14,1316.331787109375
18_20220828 15,1329.1937255859375
18_20220828 16,1338.763916015625
18_20220828 17,1269.31787109375
18_20220828 18,1161.572265625
18_20220828 19,1144.7568359375
18_20220828 20,1103.9178466796875
18_20220828 21,1098.972412109375
18_20220828 22,1040.7115478515625
18_20220828 23,1028.025146484375
18_20220829 00,1062.354736328125
18_20220829 01,1065.387451171875
18_20220829 02,1059.973876953125
18_20220829 03,1026.2432861328125
18_20220829 04,1042.417236328125
18_20220829 05,1066.076904296875
18_20220829 06,1397.2506103515625
18_20220829 07,1948.2454833984375
18_20220829 08,2195.455322265625
18_20220829 09,2251.357421875
18_20220829 10,2225.159912109375
18_20220829 11,2222.010009765625
18_20220829 12,2161.681884765625
18_20220829 13,2224.87548828125
18_20220829 14,2215.648193359375
18_20220829 15,2191.175048828125
18_20220829 16,2130.74169921875
18_20220829 17,2011.0426025390625
18_20220829 18,1667.024658203125
18_20220829 19,1601.1417236328125
18_20220829 20,1358.45166015625
18_20220829 21,1227.51953125
18_20220829 22,1132.4349365234375
18_20220829 23,1066.9737548828125
18_20220830 00,1039.6917724609375
18_20220830 01,1037.411865234375
18_20220830 02,1039.46337890625
18_20220830 03,1023.9026489257812
18_20220830 04,1033.335205078125
18_20220830 05,1044.900390625
18_20220830 06,1375.127197265625
18_20220830 07,1954.044677734375
18_20220830 08,2181.60498046875
18_20220830 09,2248.87744140625
18_20220830 10,2240.7880859375
18_20220830 11,2240.8369140625
18_20220830 12,2172.53759765625
18_20220830 13,2261.66015625
18_20220830 14,2219.071044921875
18_20220830 15,2232.138671875
18_20220830 16,2161.81103515625
18_20220830 17,2067.3076171875
18_20220830 18,1717.017333984375
18_20220830 19,1647.1510009765625
18_20220830 20,1382.0908203125
18_20220830 21,1258.5792236328125
18_20220830 22,1117.74462890625
18_20220830 23,1051.114501953125
18_20220831 00,986.4866943359375
18_20220831 01,980.2894287109375
18_20220831 02,990.0799560546875
18_20220831 03,973.5159912109375
18_20220831 04,991.7258911132812
18_20220831 05,997.7916259765625
18_20220831 06,1314.9759521484375
18_20220831 07,1796.7659912109375
18_20220831 08,2070.682373046875
18_20220831 09,2205.797607421875
18_20220831 10,2168.11474609375
18_20220831 11,2180.44873046875
18_20220831 12,2106.925048828125
18_20220831 13,2210.130859375
18_20220831 14,2175.43505859375
18_20220831 15,2193.184326171875
18_20220831 16,2088.296630859375
18_20220831 17,2013.442138671875
18_20220831 18,1628.399169921875
18_20220831 19,1521.230224609375
18_20220831 20,1262.195556640625
18_20220831 21,1130.6632080078125
18_20220831 22,1039.097412109375
18_20220831 23,1012.4056396484375
19_20220825 00,854.4456176757812
19_20220825 01,836.0283203125
19_20220825 02,826.2595825195312
19_20220825 03,816.3153076171875
19_20220825 04,820.0118408203125
19_20220825 05,1066.6324462890625
19_20220825 06,1413.9866943359375
19_20220825 07,1903.868896484375
19_20220825 08,2229.886474609375
19_20220825 09,2532.78564453125
19_20220825 10,2568.9716796875
19_20220825 11,2559.469970703125
19_20220825 12,2484.36376953125
19_20220825 13,2547.64453125
19_20220825 14,2524.626953125
19_20220825 15,2437.925048828125
19_20220825 16,2384.31591796875
19_20220825 17,2389.17529296875
19_20220825 18,1844.504150390625
19_20220825 19,1593.5015869140625
19_20220825 20,1379.083740234375
19_20220825 21,1144.5206298828125
19_20220825 22,1004.1340942382812
19_20220825 23,938.7693481445312
19_20220826 00,818.8082275390625
19_20220826 01,811.7742919921875
19_20220826 02,807.7211303710938
19_20220826 03,799.594970703125
19_20220826 04,798.46728515625
19_20220826 05,1054.6180419921875
19_20220826 06,1362.99609375
19_20220826 07,1859.7017822265625
19_20220826 08,2172.319580078125
19_20220826 09,2520.05078125
19_20220826 10,2510.05322265625
19_20220826 11,2510.013427734375
19_20220826 12,2451.43994140625
19_20220826 13,2502.47412109375
19_20220826 14,2477.37158203125
19_20220826 15,2432.68310546875
19_20220826 16,2369.30908203125
19_20220826 17,2331.6328125
19_20220826 18,1690.089599609375
19_20220826 19,1489.0247802734375
19_20220826 20,1329.032958984375
19_20220826 21,1108.435302734375
19_20220826 22,987.9732666015625
19_20220826 23,936.07568359375
19_20220827 00,817.1207275390625
19_20220827 01,788.9240112304688
19_20220827 02,769.93408203125
19_20220827 03,776.8504028320312
19_20220827 04,773.372802734375
19_20220827 05,848.9431762695312
19_20220827 06,918.3333129882812
19_20220827 07,1060.236083984375
19_20220827 08,1194.2940673828125
19_20220827 09,1303.697998046875
19_20220827 10,1320.8145751953125
19_20220827 11,1304.043212890625
19_20220827 12,1399.905029296875
19_20220827 13,1418.280517578125
19_20220827 14,1435.66064453125
19_20220827 15,1422.980224609375
19_20220827 16,1427.5960693359375
19_20220827 17,1369.3978271484375
19_20220827 18,1183.5162353515625
19_20220827 19,1112.6162109375
19_20220827 20,1076.8961181640625
19_20220827 21,944.9002075195312
19_20220827 22,894.8634643554688
19_20220827 23,826.12890625
19_20220828 00,777.6197509765625
19_20220828 01,747.556396484375
19_20220828 02,743.146484375
19_20220828 03,734.6243896484375
19_20220828 04,728.0806884765625
19_20220828 05,809.5526123046875
19_20220828 06,882.8453979492188
19_20220828 07,1011.1322021484375
19_20220828 08,1108.2078857421875
19_20220828 09,1224.267822265625
19_20220828 10,1243.875244140625
19_20220828 11,1247.2430419921875
19_20220828 12,1260.9349365234375
19_20220828 13,1251.382568359375
19_20220828 14,1259.1431884765625
19_20220828 15,1265.280517578125
19_20220828 16,1287.980224609375
19_20220828 17,1245.0015869140625
19_20220828 18,1075.941162109375
19_20220828 19,1067.3065185546875
19_20220828 20,1032.049072265625
19_20220828 21,960.3746948242188
19_20220828 22,903.38916015625
19_20220828 23,853.6891479492188
19_20220829 00,839.3028564453125
19_20220829 01,822.0388793945312
19_20220829 02,821.3455810546875
19_20220829 03,820.9111328125
19_20220829 04,813.8689575195312
19_20220829 05,1084.2913818359375
19_20220829 06,1427.559814453125
19_20220829 07,1851.403076171875
19_20220829 08,2153.916748046875
19_20220829 09,2367.666015625
19_20220829 10,2350.4638671875
19_20220829 11,2366.141357421875
19_20220829 12,2317.97802734375
19_20220829 13,2372.05712890625
19_20220829 14,2212.465576171875
19_20220829 15,2345.632568359375
19_20220829 16,2305.8740234375
19_20220829 17,2268.34228515625
19_20220829 18,1814.9664306640625
19_20220829 19,1569.610107421875
19_20220829 20,1355.1802978515625
19_20220829 21,1149.0445556640625
19_20220829 22,1027.328369140625
19_20220829 23,966.8922729492188
19_20220830 00,853.57421875
19_20220830 01,840.4685668945312
19_20220830 02,837.5966796875
19_20220830 03,825.7626953125
19_20220830 04,825.099609375
19_20220830 05,1080.7432861328125
19_20220830 06,1428.5941162109375
19_20220830 07,1867.712890625
19_20220830 08,2144.2861328125
19_20220830 09,2430.417724609375
19_20220830 10,2412.56689453125
19_20220830 11,2436.95556640625
19_20220830 12,2372.645751953125
19_20220830 13,2420.54833984375
19_20220830 14,2440.190185546875
19_20220830 15,2410.28662109375
19_20220830 16,2392.6689453125
19_20220830 17,2395.267578125
19_20220830 18,1869.2750244140625
19_20220830 19,1627.869873046875
19_20220830 20,1430.134521484375
19_20220830 21,1195.1097412109375
19_20220830 22,1025.2864990234375
19_20220830 23,958.5422973632812
19_20220831 00,831.5074462890625
19_20220831 01,823.4885864257812
19_20220831 02,815.3878173828125
19_20220831 03,803.4943237304688
19_20220831 04,806.5198974609375
19_20220831 05,1056.820068359375
19_20220831 06,1382.342529296875
19_20220831 07,1864.3509521484375
19_20220831 08,2172.283203125
19_20220831 09,2397.679931640625
19_20220831 10,2425.19970703125
19_20220831 11,2464.07275390625
19_20220831 12,2365.352783203125
19_20220831 13,2462.47607421875
19_20220831 14,2481.01904296875
19_20220831 15,2424.589111328125
19_20220831 16,2316.65087890625
19_20220831 17,2359.041259765625
19_20220831 18,1714.494384765625
19_20220831 19,1512.3466796875
19_20220831 20,1355.3594970703125
19_20220831 21,1141.236328125
19_20220831 22,1014.6774291992188
19_20220831 23,942.0382690429688
20_20220825 00,1008.8057861328125
20_20220825 01,974.3065185546875
20_20220825 02,982.3187255859375
20_20220825 03,1003.3773193359375
20_20220825 04,1001.7874755859375
20_20220825 05,1360.8079833984375
20_20220825 06,2461.828857421875
20_20220825 07,2741.180908203125
20_20220825 08,3027.891845703125
20_20220825 09,3163.92041015625
20_20220825 10,3235.27685546875
20_20220825 11,3185.454345703125
20_20220825 12,3125.69091796875
20_20220825 13,3171.197265625
20_20220825 14,3159.085205078125
20_20220825 15,3150.7451171875
20_20220825 16,3115.7861328125
20_20220825 17,2844.611328125
20_20220825 18,1619.650146484375
20_20220825 19,1285.145263671875
20_20220825 20,1214.463134765625
20_20220825 21,1141.01220703125
20_20220825 22,1055.259521484375
20_20220825 23,1023.8908081054688
20_20220826 00,1004.4208984375
20_20220826 01,999.5440673828125
20_20220826 02,1005.3323974609375
20_20220826 03,1028.782958984375
20_20220826 04,1028.9603271484375
20_20220826 05,1366.37646484375
20_20220826 06,2235.19970703125
20_20220826 07,2628.713623046875
20_20220826 08,2869.071044921875
20_20220826 09,3018.253662109375
20_20220826 10,3028.44970703125
20_20220826 11,2954.705810546875
20_20220826 12,2945.24365234375
20_20220826 13,2948.20263671875
20_20220826 14,2951.21826171875
20_20220826 15,2990.561279296875
20_20220826 16,3004.365966796875
20_20220826 17,2565.167236328125
20_20220826 18,1548.8995361328125
20_20220826 19,1266.756591796875
20_20220826 20,1167.3616943359375
20_20220826 21,1072.3104248046875
20_20220826 22,1017.744140625
20_20220826 23,995.5325927734375
20_20220827 00,954.3694458007812
20_20220827 01,971.5675048828125
20_20220827 02,963.5631103515625
20_20220827 03,985.19140625
20_20220827 04,975.6444091796875
20_20220827 05,965.0349731445312
20_20220827 06,956.7457885742188
20_20220827 07,938.0784301757812
20_20220827 08,898.7854614257812
20_20220827 09,863.1627197265625
20_20220827 10,807.293212890625
20_20220827 11,763.7006225585938
20_20220827 12,779.9317016601562
20_20220827 13,780.0667114257812
20_20220827 14,823.9851684570312
20_20220827 15,856.828125
20_20220827 16,882.7146606445312
20_20220827 17,905.6565551757812
20_20220827 18,952.8181762695312
20_20220827 19,970.0499877929688
20_20220827 20,987.6888427734375
20_20220827 21,997.5545654296875
20_20220827 22,1000.1197509765625
20_20220827 23,973.748046875
20_20220828 00,964.4503784179688
20_20220828 01,964.2020263671875
20_20220828 02,955.5236206054688
20_20220828 03,970.9005737304688
20_20220828 04,957.2521362304688
20_20220828 05,959.3941650390625
20_20220828 06,947.4417114257812
20_20220828 07,931.8054809570312
20_20220828 08,929.5413818359375
20_20220828 09,902.4375
20_20220828 10,888.9365234375
20_20220828 11,802.2119140625
20_20220828 12,787.5313720703125
20_20220828 13,787.6488037109375
20_20220828 14,817.4215698242188
20_20220828 15,848.12646484375
20_20220828 16,893.9739990234375
20_20220828 17,938.80517578125
20_20220828 18,953.6937255859375
20_20220828 19,974.3357543945312
20_20220828 20,985.5174560546875
20_20220828 21,987.4990234375
20_20220828 22,1005.7013549804688
20_20220828 23,964.001953125
20_20220829 00,1005.0401611328125
20_20220829 01,1003.7086181640625
20_20220829 02,1000.92919921875
20_20220829 03,1004.9895629882812
20_20220829 04,1041.2171630859375
20_20220829 05,1654.481201171875
20_20220829 06,2431.604736328125
20_20220829 07,2807.1494140625
20_20220829 08,3069.30712890625
20_20220829 09,3222.826904296875
20_20220829 10,3225.822509765625
20_20220829 11,3207.540283203125
20_20220829 12,3197.18994140625
20_20220829 13,3189.44140625
20_20220829 14,3189.40087890625
20_20220829 15,3210.31787109375
20_20220829 16,3215.104248046875
20_20220829 17,2918.158203125
20_20220829 18,1666.6292724609375
20_20220829 19,1324.9046630859375
20_20220829 20,1224.792724609375
20_20220829 21,1158.288330078125
20_20220829 22,1075.967529296875
20_20220829 23,1047.180908203125
20_20220830 00,1030.858154296875
20_20220830 01,990.4967041015625
20_20220830 02,991.2399291992188
20_20220830 03,1000.1550903320312
20_20220830 04,1001.5792236328125
20_20220830 05,1377.315673828125
20_20220830 06,2371.437744140625
20_20220830 07,2669.43603515625
20_20220830 08,2894.01220703125
20_20220830 09,3110.489990234375
20_20220830 10,3206.10205078125
20_20220830 11,3107.003662109375
20_20220830 12,3104.960693359375
20_20220830 13,3164.062744140625
20_20220830 14,3137.97802734375
20_20220830 15,3151.50634765625
20_20220830 16,3182.14990234375
20_20220830 17,2838.9091796875
20_20220830 18,1641.8662109375
20_20220830 19,1336.4752197265625
20_20220830 20,1232.321533203125
20_20220830 21,1151.0498046875
20_20220830 22,1066.8804931640625
20_20220830 23,1042.335205078125
20_20220831 00,1034.4046630859375
20_20220831 01,1022.1520385742188
20_20220831 02,1025.1624755859375
20_20220831 03,1031.512451171875
20_20220831 04,1012.6502685546875
20_20220831 05,1443.1861572265625
20_20220831 06,2428.56298828125
20_20220831 07,2657.04296875
20_20220831 08,2911.55615234375
20_20220831 09,3119.096923828125
20_20220831 10,3114.89501953125
20_20220831 11,3043.7841796875
20_20220831 12,3051.31494140625
20_20220831 13,3061.209228515625
20_20220831 14,3039.92333984375
20_20220831 15,3075.226806640625
20_20220831 16,3091.742431640625
20_20220831 17,2822.516357421875
20_20220831 18,1662.537353515625
20_20220831 19,1320.910888671875
20_20220831 20,1224.240234375
20_20220831 21,1144.710693359375
20_20220831 22,1066.7528076171875
20_20220831 23,1039.097900390625
21_20220825 00,1682.921875
21_20220825 01,1679.676025390625
21_20220825 02,1683.110595703125
21_20220825 03,1608.8563232421875
21_20220825 04,1467.932373046875
21_20220825 05,1506.6739501953125
21_20220825 06,2005.0963134765625
21_20220825 07,2866.31103515625
21_20220825 08,3151.468994140625
21_20220825 09,3233.03466796875
21_20220825 10,3200.157470703125
21_20220825 11,3136.852783203125
21_20220825 12,3076.472900390625
21_20220825 13,2963.87158203125
21_20220825 14,3059.025390625
21_20220825 15,3174.7490234375
21_20220825 16,3075.00244140625
21_20220825 17,2866.775390625
21_20220825 18,1989.120361328125
21_20220825 19,1751.069580078125
21_20220825 20,1657.575439453125
21_20220825 21,1511.730224609375
21_20220825 22,1397.773681640625
21_20220825 23,1682.5062255859375
21_20220826 00,1641.204833984375
21_20220826 01,1655.649169921875
21_20220826 02,1649.6871337890625
21_20220826 03,1589.8466796875
21_20220826 04,1475.281982421875
21_20220826 05,1459.9677734375
21_20220826 06,1939.862548828125
21_20220826 07,2682.507080078125
21_20220826 08,3027.97802734375
21_20220826 09,3119.154541015625
21_20220826 10,3050.91015625
21_20220826 11,2980.31103515625
21_20220826 12,2957.178466796875
21_20220826 13,2840.327880859375
21_20220826 14,2926.444580078125
21_20220826 15,2961.70751953125
21_20220826 16,2879.829345703125
21_20220826 17,2680.82080078125
21_20220826 18,1844.086181640625
21_20220826 19,1645.4134521484375
21_20220826 20,1568.087158203125
21_20220826 21,1468.5224609375
21_20220826 22,1346.4932861328125
21_20220826 23,1681.025634765625
21_20220827 00,1662.0625
21_20220827 01,1659.792724609375
21_20220827 02,1662.4896240234375
21_20220827 03,1588.543212890625
21_20220827 04,1404.67919921875
21_20220827 05,1269.454833984375
21_20220827 06,1285.000732421875
21_20220827 07,1270.887451171875
21_20220827 08,1281.5894775390625
21_20220827 09,1331.296630859375
21_20220827 10,1360.040771484375
21_20220827 11,1332.7950439453125
21_20220827 12,1305.323974609375
21_20220827 13,1308.1429443359375
21_20220827 14,1319.9915771484375
21_20220827 15,1331.3094482421875
21_20220827 16,1354.599853515625
21_20220827 17,1357.050537109375
21_20220827 18,1345.6522216796875
21_20220827 19,1397.220947265625
21_20220827 20,1421.2945556640625
21_20220827 21,1396.355712890625
21_20220827 22,1364.7445068359375
21_20220827 23,1307.330322265625
21_20220828 00,1449.792236328125
21_20220828 01,1402.6387939453125
21_20220828 02,1427.171875
21_20220828 03,1403.430419921875
21_20220828 04,1312.5928955078125
21_20220828 05,1252.2802734375
21_20220828 06,1287.1005859375
21_20220828 07,1244.793701171875
21_20220828 08,1255.6260986328125
21_20220828 09,1396.138427734375
21_20220828 10,1381.211669921875
21_20220828 11,1425.6815185546875
21_20220828 12,1356.758544921875
21_20220828 13,1356.755859375
21_20220828 14,1383.626220703125
21_20220828 15,1379.5679931640625
21_20220828 16,1388.611083984375
21_20220828 17,1341.6502685546875
21_20220828 18,1297.215087890625
21_20220828 19,1365.4945068359375
21_20220828 20,1358.417236328125
21_20220828 21,1333.6314697265625
21_20220828 22,1317.9276123046875
21_20220828 23,1263.4039306640625
21_20220829 00,1370.334716796875
21_20220829 01,1381.53515625
21_20220829 02,1380.3765869140625
21_20220829 03,1372.787109375
21_20220829 04,1345.988525390625
21_20220829 05,1470.836669921875
21_20220829 06,2137.75927734375
21_20220829 07,2783.58154296875
21_20220829 08,3171.43212890625
21_20220829 09,3266.47802734375
21_20220829 10,3199.474365234375
21_20220829 11,3172.001220703125
21_20220829 12,3114.064208984375
21_20220829 13,2962.947998046875
21_20220829 14,3070.948486328125
21_20220829 15,3132.86279296875
21_20220829 16,3053.24267578125
21_20220829 17,2879.44140625
21_20220829 18,1985.143310546875
21_20220829 19,1776.2015380859375
21_20220829 20,1658.4632568359375
21_20220829 21,1505.7703857421875
21_20220829 22,1399.3880615234375
21_20220829 23,1634.3359375
21_20220830 00,1652.068359375
21_20220830 01,1630.880126953125
21_20220830 02,1631.739013671875
21_20220830 03,1618.869873046875
21_20220830 04,1539.6090087890625
21_20220830 05,1545.164306640625
21_20220830 06,2117.262451171875
21_20220830 07,2839.296630859375
21_20220830 08,3087.861083984375
21_20220830 09,3148.128173828125
21_20220830 10,3097.258056640625
21_20220830 11,3085.52880859375
21_20220830 12,3003.0966796875
21_20220830 13,2904.7578125
21_20220830 14,3033.88330078125
21_20220830 15,3097.325439453125
21_20220830 16,3025.50244140625
21_20220830 17,2855.899169921875
21_20220830 18,2024.7584228515625
21_20220830 19,1752.7054443359375
21_20220830 20,1663.162841796875
21_20220830 21,1521.583984375
21_20220830 22,1381.6962890625
21_20220830 23,1665.955078125
21_20220831 00,1644.3837890625
21_20220831 01,1645.2529296875
21_20220831 02,1651.197998046875
21_20220831 03,1631.7816162109375
21_20220831 04,1550.1287841796875
21_20220831 05,1484.025146484375
21_20220831 06,1947.010498046875
21_20220831 07,2694.18505859375
21_20220831 08,3080.990234375
21_20220831 09,3136.90966796875
21_20220831 10,3096.96484375
21_20220831 11,3084.3974609375
21_20220831 12,3038.187255859375
21_20220831 13,2939.319091796875
21_20220831 14,3014.677734375
21_20220831 15,3080.131103515625
21_20220831 16,2997.110595703125
21_20220831 17,2890.43505859375
21_20220831 18,1992.728515625
21_20220831 19,1785.1363525390625
21_20220831 20,1660.0716552734375
21_20220831 21,1510.1298828125
21_20220831 22,1396.2216796875
21_20220831 23,1671.403564453125
22_20220825 00,950.4993896484375
22_20220825 01,924.68798828125
22_20220825 02,908.01953125
22_20220825 03,908.02978515625
22_20220825 04,918.9846801757812
22_20220825 05,1013.9752807617188
22_20220825 06,1327.2562255859375
22_20220825 07,1420.9720458984375
22_20220825 08,1592.995361328125
22_20220825 09,1666.6353759765625
22_20220825 10,1676.985107421875
22_20220825 11,1683.817138671875
22_20220825 12,1644.179931640625
22_20220825 13,1703.7689208984375
22_20220825 14,1706.3743896484375
22_20220825 15,1651.218505859375
22_20220825 16,1660.8599853515625
22_20220825 17,1642.099609375
22_20220825 18,1348.328857421875
22_20220825 19,1172.3201904296875
22_20220825 20,1116.512451171875
22_20220825 21,1050.7198486328125
22_20220825 22,1011.9782104492188
22_20220825 23,965.6507568359375
22_20220826 00,922.9508666992188
22_20220826 01,907.94921875
22_20220826 02,910.1568603515625
22_20220826 03,908.4098510742188
22_20220826 04,911.8995971679688
22_20220826 05,1004.2828369140625
22_20220826 06,1310.267333984375
22_20220826 07,1414.9349365234375
22_20220826 08,1578.3052978515625
22_20220826 09,1665.0426025390625
22_20220826 10,1669.8408203125
22_20220826 11,1676.462890625
22_20220826 12,1625.6807861328125
22_20220826 13,1663.784423828125
22_20220826 14,1677.1275634765625
22_20220826 15,1632.3638916015625
22_20220826 16,1634.186279296875
22_20220826 17,1631.154052734375
22_20220826 18,1345.1663818359375
22_20220826 19,1215.5164794921875
22_20220826 20,1130.3773193359375
22_20220826 21,1061.8399658203125
22_20220826 22,1026.6114501953125
22_20220826 23,969.0277099609375
22_20220827 00,929.4796142578125
22_20220827 01,928.2772216796875
22_20220827 02,915.1622924804688
22_20220827 03,915.1346435546875
22_20220827 04,911.2594604492188
22_20220827 05,921.4591674804688
22_20220827 06,1016.6070556640625
22_20220827 07,1058.5869140625
22_20220827 08,1116.2813720703125
22_20220827 09,1161.906005859375
22_20220827 10,1157.632080078125
22_20220827 11,1142.0169677734375
22_20220827 12,1122.046630859375
22_20220827 13,1123.623779296875
22_20220827 14,1117.6988525390625
22_20220827 15,1106.962890625
22_20220827 16,1108.15185546875
22_20220827 17,1093.6077880859375
22_20220827 18,1033.838623046875
22_20220827 19,1003.0042724609375
22_20220827 20,1008.6533203125
22_20220827 21,1011.5279541015625
22_20220827 22,967.0465087890625
22_20220827 23,950.3028564453125
22_20220828 00,906.421875
22_20220828 01,897.8556518554688
22_20220828 02,895.3101806640625
22_20220828 03,893.7528076171875
22_20220828 04,902.2273559570312
22_20220828 05,908.5100708007812
22_20220828 06,974.7503051757812
22_20220828 07,1037.640625
22_20220828 08,1074.8287353515625
22_20220828 09,1058.9146728515625
22_20220828 10,1072.650146484375
22_20220828 11,1066.1173095703125
22_20220828 12,1071.877197265625
22_20220828 13,1063.0399169921875
22_20220828 14,1059.10693359375
22_20220828 15,1034.9542236328125
22_20220828 16,1038.156494140625
22_20220828 17,998.8958740234375
22_20220828 18,1002.5960693359375
22_20220828 19,982.3478393554688
22_20220828 20,968.2282104492188
22_20220828 21,957.6492919921875
22_20220828 22,957.7691650390625
22_20220828 23,941.13427734375
22_20220829 00,952.7068481445312
22_20220829 01,935.2955932617188
22_20220829 02,922.1383666992188
22_20220829 03,927.4932861328125
22_20220829 04,937.2990112304688
22_20220829 05,1091.699951171875
22_20220829 06,1357.117431640625
22_20220829 07,1415.0020751953125
22_20220829 08,1619.666015625
22_20220829 09,1678.21484375
22_20220829 10,1689.009765625
22_20220829 11,1693.7886962890625
22_20220829 12,1613.1253662109375
22_20220829 13,1686.8267822265625
22_20220829 14,1704.4468994140625
22_20220829 15,1655.819091796875
22_20220829 16,1655.6038818359375
22_20220829 17,1612.7847900390625
22_20220829 18,1323.0733642578125
22_20220829 19,1222.4415283203125
22_20220829 20,1155.5589599609375
22_20220829 21,1089.481689453125
22_20220829 22,1035.2333984375
22_20220829 23,988.9161987304688
22_20220830 00,939.5428466796875
22_20220830 01,923.34521484375
22_20220830 02,913.5341796875
22_20220830 03,920.6077880859375
22_20220830 04,923.8258666992188
22_20220830 05,1054.402587890625
22_20220830 06,1353.1102294921875
22_20220830 07,1424.371826171875
22_20220830 08,1593.26904296875
22_20220830 09,1679.6949462890625
22_20220830 10,1670.805908203125
22_20220830 11,1682.3447265625
22_20220830 12,1630.6702880859375
22_20220830 13,1697.7001953125
22_20220830 14,1725.821533203125
22_20220830 15,1681.156982421875
22_20220830 16,1663.640625
22_20220830 17,1643.631103515625
22_20220830 18,1328.359375
22_20220830 19,1175.268798828125
22_20220830 20,1138.116455078125
22_20220830 21,1074.308837890625
22_20220830 22,1026.1790771484375
22_20220830 23,978.3528442382812
22_20220831 00,931.4495239257812
22_20220831 01,916.3005981445312
22_20220831 02,911.0445556640625
22_20220831 03,910.5763549804688
22_20220831 04,915.7955322265625
22_20220831 05,1004.1297607421875
22_20220831 06,1298.848876953125
22_20220831 07,1413.4073486328125
22_20220831 08,1555.2239990234375
22_20220831 09,1621.935302734375
22_20220831 10,1615.6832275390625
22_20220831 11,1630.4786376953125
22_20220831 12,1580.266845703125
22_20220831 13,1659.8599853515625
22_20220831 14,1666.3336181640625
22_20220831 15,1609.943603515625
22_20220831 16,1627.3564453125
22_20220831 17,1599.70947265625
22_20220831 18,1325.201416015625
22_20220831 19,1193.0367431640625
22_20220831 20,1124.7532958984375
22_20220831 21,1058.3924560546875
22_20220831 22,1015.5759887695312
22_20220831 23,968.6306762695312
23_20220825 00,1048.3414306640625
23_20220825 01,1046.565185546875
23_20220825 02,1044.1468505859375
23_20220825 03,1052.04296875
23_20220825 04,1058.4769287109375
23_20220825 05,1098.223876953125
23_20220825 06,1469.0843505859375
23_20220825 07,1567.9334716796875
23_20220825 08,1607.6849365234375
23_20220825 09,1668.906005859375
23_20220825 10,1658.447998046875
23_20220825 11,1666.3951416015625
23_20220825 12,1593.4974365234375
23_20220825 13,1666.189453125
23_20220825 14,1667.3560791015625
23_20220825 15,1617.7972412109375
23_20220825 16,1627.244873046875
23_20220825 17,1580.9261474609375
23_20220825 18,1254.6116943359375
23_20220825 19,1175.9830322265625
23_20220825 20,1142.190673828125
23_20220825 21,1124.527099609375
23_20220825 22,1067.697021484375
23_20220825 23,1024.9808349609375
23_20220826 00,1027.5452880859375
23_20220826 01,1017.97802734375
23_20220826 02,1023.2935791015625
23_20220826 03,1033.578125
23_20220826 04,1029.660888671875
23_20220826 05,1073.046142578125
23_20220826 06,1400.1029052734375
23_20220826 07,1500.39697265625
23_20220826 08,1550.44140625
23_20220826 09,1580.993896484375
23_20220826 10,1580.7537841796875
23_20220826 11,1606.9351806640625
23_20220826 12,1554.6995849609375
23_20220826 13,1611.8333740234375
23_20220826 14,1577.902587890625
23_20220826 15,1545.087646484375
23_20220826 16,1569.0927734375
23_20220826 17,1542.154541015625
23_20220826 18,1173.7322998046875
23_20220826 19,1145.6439208984375
23_20220826 20,1133.2080078125
23_20220826 21,1073.4215087890625
23_20220826 22,1067.781494140625
23_20220826 23,1032.700439453125
23_20220827 00,1047.098876953125
23_20220827 01,1049.5592041015625
23_20220827 02,1056.4053955078125
23_20220827 03,1056.231201171875
23_20220827 04,1057.4716796875
23_20220827 05,1051.9969482421875
23_20220827 06,1056.119873046875
23_20220827 07,1083.4417724609375
23_20220827 08,1081.7498779296875
23_20220827 09,1082.250244140625
23_20220827 10,1073.0555419921875
23_20220827 11,1057.998291015625
23_20220827 12,1044.8502197265625
23_20220827 13,1034.7001953125
23_20220827 14,1056.2626953125
23_20220827 15,1045.8433837890625
23_20220827 16,1044.5970458984375
23_20220827 17,1035.988037109375
23_20220827 18,1052.181884765625
23_20220827 19,1056.073974609375
23_20220827 20,1057.941650390625
23_20220827 21,1053.1829833984375
23_20220827 22,1027.407470703125
23_20220827 23,1031.2603759765625
23_20220828 00,1027.4110107421875
23_20220828 01,1026.8853759765625
23_20220828 02,1024.200439453125
23_20220828 03,1027.614013671875
23_20220828 04,1031.622314453125
23_20220828 05,1027.501953125
23_20220828 06,1027.5313720703125
23_20220828 07,1053.467529296875
23_20220828 08,1056.359130859375
23_20220828 09,1056.460205078125
23_20220828 10,1041.364501953125
23_20220828 11,1028.052001953125
23_20220828 12,1035.9976806640625
23_20220828 13,1030.1353759765625
23_20220828 14,1030.3106689453125
23_20220828 15,1031.267333984375
23_20220828 16,1019.3953247070312
23_20220828 17,1027.796142578125
23_20220828 18,1042.368408203125
23_20220828 19,1043.4415283203125
23_20220828 20,1065.405029296875
23_20220828 21,1058.9375
23_20220828 22,1033.972412109375
23_20220828 23,1035.946044921875
23_20220829 00,1058.0328369140625
23_20220829 01,1058.349365234375
23_20220829 02,1057.8822021484375
23_20220829 03,1052.250244140625
23_20220829 04,1050.3695068359375
23_20220829 05,1090.5721435546875
23_20220829 06,1422.184814453125
23_20220829 07,1508.34814453125
23_20220829 08,1551.289306640625
23_20220829 09,1601.3741455078125
23_20220829 10,1620.6724853515625
23_20220829 11,1618.2281494140625
23_20220829 12,1558.078369140625
23_20220829 13,1603.7144775390625
23_20220829 14,1589.7698974609375
23_20220829 15,1570.923583984375
23_20220829 16,1613.84619140625
23_20220829 17,1580.562744140625
23_20220829 18,1243.923583984375
23_20220829 19,1175.3331298828125
23_20220829 20,1152.0028076171875
23_20220829 21,1099.7845458984375
23_20220829 22,1073.676025390625
23_20220829 23,1044.5726318359375
23_20220830 00,1033.9072265625
23_20220830 01,1035.539794921875
23_20220830 02,1033.0697021484375
23_20220830 03,1035.481689453125
23_20220830 04,1037.910400390625
23_20220830 05,1081.3948974609375
23_20220830 06,1446.56591796875
23_20220830 07,1544.73876953125
23_20220830 08,1563.804443359375
23_20220830 09,1635.953369140625
23_20220830 10,1655.264404296875
23_20220830 11,1656.666259765625
23_20220830 12,1595.3663330078125
23_20220830 13,1665.7796630859375
23_20220830 14,1650.237060546875
23_20220830 15,1643.7027587890625
23_20220830 16,1673.3369140625
23_20220830 17,1636.1328125
23_20220830 18,1264.848388671875
23_20220830 19,1215.23193359375
23_20220830 20,1160.376708984375
23_20220830 21,1145.34716796875
23_20220830 22,1079.010498046875
23_20220830 23,1051.394287109375
23_20220831 00,1042.16015625
23_20220831 01,1038.0555419921875
23_20220831 02,1039.942626953125
23_20220831 03,1048.2396240234375
23_20220831 04,1048.186279296875
23_20220831 05,1088.533447265625
23_20220831 06,1430.987060546875
23_20220831 07,1512.569580078125
23_20220831 08,1556.32421875
23_20220831 09,1577.258056640625
23_20220831 10,1567.3013916015625
23_20220831 11,1565.367919921875
23_20220831 12,1524.6942138671875
23_20220831 13,1626.0770263671875
23_20220831 14,1589.848388671875
23_20220831 15,1583.30078125
23_20220831 16,1605.698974609375
23_20220831 17,1566.7283935546875
23_20220831 18,1236.9312744140625
23_20220831 19,1194.085205078125
23_20220831 20,1141.555908203125
23_20220831 21,1131.413330078125
23_20220831 22,1072.149658203125
23_20220831 23,1041.423583984375
24_20220825 00,7737.375
24_20220825 01,7579.32177734375
24_20220825 02,7379.1513671875
24_20220825 03,7100.8798828125
24_20220825 04,7132.69775390625
24_20220825 05,7555.01806640625
24_20220825 06,7986.3837890625
24_20220825 07,8996.392578125
24_20220825 08,12016.1572265625
24_20220825 09,13402.1748046875
24_20220825 10,13975.6123046875
24_20220825 11,14027.615234375
24_20220825 12,14053.669921875
24_20220825 13,14042.7294921875
24_20220825 14,14315.7626953125
24_20220825 15,13579.2373046875
24_20220825 16,13470.177734375
24_20220825 17,12014.8076171875
24_20220825 18,11429.7705078125
24_20220825 19,10323.7802734375
24_20220825 20,9642.443359375
24_20220825 21,8819.4033203125
24_20220825 22,8464.298828125
24_20220825 23,7869.2373046875
24_20220826 00,7380.02734375
24_20220826 01,7248.7763671875
24_20220826 02,7157.86572265625
24_20220826 03,7015.47021484375
24_20220826 04,7028.0341796875
24_20220826 05,7280.8330078125
24_20220826 06,7791.0146484375
24_20220826 07,8933.302734375
24_20220826 08,11836.5361328125
24_20220826 09,13244.4091796875
24_20220826 10,13686.451171875
24_20220826 11,14028.759765625
24_20220826 12,14144.7314453125
24_20220826 13,14227.6845703125
24_20220826 14,14091.4794921875
24_20220826 15,14419.490234375
24_20220826 16,13769.662109375
24_20220826 17,12443.7744140625
24_20220826 18,11493.099609375
24_20220826 19,10471.873046875
24_20220826 20,9657.232421875
24_20220826 21,9038.638671875
24_20220826 22,8516.853515625
24_20220826 23,7993.3037109375
24_20220827 00,7611.29833984375
24_20220827 01,7550.8095703125
24_20220827 02,7315.38916015625
24_20220827 03,7071.2236328125
24_20220827 04,6948.7568359375
24_20220827 05,6963.31494140625
24_20220827 06,7036.94384765625
24_20220827 07,7511.42724609375
24_20220827 08,8958.861328125
24_20220827 09,9441.0537109375
24_20220827 10,9755.3212890625
24_20220827 11,9675.1328125
24_20220827 12,9984.6689453125
24_20220827 13,9901.7744140625
24_20220827 14,10140.6533203125
24_20220827 15,9805.7548828125
24_20220827 16,9504.9921875
24_20220827 17,9547.583984375
24_20220827 18,9153.0234375
24_20220827 19,8527.3115234375
24_20220827 20,8602.0146484375
24_20220827 21,7736.8154296875
24_20220827 22,7678.7763671875
24_20220827 23,7653.0380859375
24_20220828 00,7384.44140625
24_20220828 01,6948.8330078125
24_20220828 02,6851.9921875
24_20220828 03,6854.8291015625
24_20220828 04,6666.90869140625
24_20220828 05,6756.04052734375
24_20220828 06,6803.9326171875
24_20220828 07,7026.48828125
24_20220828 08,8082.7236328125
24_20220828 09,8020.0107421875
24_20220828 10,8188.8291015625
24_20220828 11,8545.3798828125
24_20220828 12,8622.814453125
24_20220828 13,8625.513671875
24_20220828 14,8632.634765625
24_20220828 15,8752.8671875
24_20220828 16,8773.9453125
24_20220828 17,8690.181640625
24_20220828 18,8523.658203125
24_20220828 19,8737.1162109375
24_20220828 20,8537.8349609375
24_20220828 21,8044.640625
24_20220828 22,7917.1171875
24_20220828 23,7732.25390625
24_20220829 00,7523.62353515625
24_20220829 01,7417.94140625
24_20220829 02,7035.28125
24_20220829 03,7065.90478515625
24_20220829 04,7066.6162109375
24_20220829 05,7483.69384765625
24_20220829 06,7968.3662109375
24_20220829 07,8885.8154296875
24_20220829 08,11916.712890625
24_20220829 09,12908.3173828125
24_20220829 10,13036.474609375
24_20220829 11,13445.5029296875
24_20220829 12,13361.2001953125
24_20220829 13,13487.3984375
24_20220829 14,13747.251953125
24_20220829 15,13460.7685546875
24_20220829 16,12757.9013671875
24_20220829 17,11818.2041015625
24_20220829 18,11306.455078125
24_20220829 19,10366.4365234375
24_20220829 20,9667.228515625
24_20220829 21,9181.5947265625
24_20220829 22,8576.845703125
24_20220829 23,7683.7001953125
24_20220830 00,7387.06787109375
24_20220830 01,7287.375
24_20220830 02,7171.0546875
24_20220830 03,7061.77197265625
24_20220830 04,7081.59912109375
24_20220830 05,7319.42041015625
24_20220830 06,7780.1796875
24_20220830 07,8786.0205078125
24_20220830 08,11470.111328125
24_20220830 09,12381.6455078125
24_20220830 10,12980.412109375
24_20220830 11,12969.4921875
24_20220830 12,13032.6181640625
24_20220830 13,13591.3935546875
24_20220830 14,13995.765625
24_20220830 15,13638.0830078125
24_20220830 16,12915.6337890625
24_20220830 17,11725.2392578125
24_20220830 18,11256.587890625
24_20220830 19,10323.255859375
24_20220830 20,10036.16015625
24_20220830 21,8887.966796875
24_20220830 22,8577.294921875
24_20220830 23,7695.7685546875
24_20220831 00,7426.15478515625
24_20220831 01,7320.3837890625
24_20220831 02,7198.0419921875
24_20220831 03,7010.99609375
24_20220831 04,7072.25
24_20220831 05,7349.27490234375
24_20220831 06,7842.94921875
24_20220831 07,8850.0830078125
24_20220831 08,11605.7138671875
24_20220831 09,12641.748046875
24_20220831 10,12989.2314453125
24_20220831 11,13350.419921875
24_20220831 12,13688.751953125
24_20220831 13,13763.748046875
24_20220831 14,13847.197265625
24_20220831 15,13726.779296875
24_20220831 16,13342.974609375
24_20220831 17,12248.939453125
24_20220831 18,11610.5830078125
24_20220831 19,10563.9228515625
24_20220831 20,9782.552734375
24_20220831 21,8914.001953125
24_20220831 22,8599.4453125
24_20220831 23,7866.52978515625
25_20220825 00,5355.9833984375
25_20220825 01,5285.94677734375
25_20220825 02,5105.9384765625
25_20220825 03,5017.66162109375
25_20220825 04,4966.97607421875
25_20220825 05,4972.7275390625
25_20220825 06,5072.2265625
25_20220825 07,5456.2353515625
25_20220825 08,8378.0341796875
25_20220825 09,9918.1396484375
25_20220825 10,10724.201171875
25_20220825 11,10734.427734375
25_20220825 12,10555.658203125
25_20220825 13,11020.478515625
25_20220825 14,10926.263671875
25_20220825 15,10493.771484375
25_20220825 16,10481.994140625
25_20220825 17,9578.181640625
25_20220825 18,9317.794921875
25_20220825 19,8732.927734375
25_20220825 20,7723.2138671875
25_20220825 21,5954.6416015625
25_20220825 22,5610.5361328125
25_20220825 23,5460.27587890625
25_20220826 00,5183.0146484375
25_20220826 01,4977.5556640625
25_20220826 02,4996.8388671875
25_20220826 03,5007.99658203125
25_20220826 04,4956.6923828125
25_20220826 05,4932.48681640625
25_20220826 06,5072.79638671875
25_20220826 07,5375.00634765625
25_20220826 08,8159.6240234375
25_20220826 09,9906.017578125
25_20220826 10,10571.974609375
25_20220826 11,10933.794921875
25_20220826 12,10510.982421875
25_20220826 13,10996.689453125
25_20220826 14,10998.6533203125
25_20220826 15,10934.037109375
25_20220826 16,10747.123046875
25_20220826 17,9798.3466796875
25_20220826 18,9211.85546875
25_20220826 19,8618.5517578125
25_20220826 20,7966.1904296875
25_20220826 21,6013.9091796875
25_20220826 22,5766.162109375
25_20220826 23,5610.3291015625
25_20220827 00,5261.10009765625
25_20220827 01,5106.6630859375
25_20220827 02,4997.31689453125
25_20220827 03,4965.70263671875
25_20220827 04,4927.33740234375
25_20220827 05,4920.1142578125
25_20220827 06,4931.7451171875
25_20220827 07,5074.73193359375
25_20220827 08,6878.04833984375
25_20220827 09,7212.3359375
25_20220827 10,6998.23974609375
25_20220827 11,6951.91552734375
25_20220827 12,7110.75146484375
25_20220827 13,7165.72021484375
25_20220827 14,7313.98583984375
25_20220827 15,7375.71484375
25_20220827 16,7200.4345703125
25_20220827 17,6892.9853515625
25_20220827 18,6522.4296875
25_20220827 19,5894.587890625
25_20220827 20,5680.49755859375
25_20220827 21,5609.21533203125
25_20220827 22,5398.42626953125
25_20220827 23,5250.8251953125
25_20220828 00,4978.0625
25_20220828 01,4876.8896484375
25_20220828 02,4844.8076171875
25_20220828 03,4799.4296875
25_20220828 04,4816.14892578125
25_20220828 05,4693.72509765625
25_20220828 06,4705.47412109375
25_20220828 07,4852.939453125
25_20220828 08,5342.51171875
25_20220828 09,5115.0712890625
25_20220828 10,5164.59619140625
25_20220828 11,5245.26318359375
25_20220828 12,5317.09375
25_20220828 13,5545.8095703125
25_20220828 14,5610.8984375
25_20220828 15,5838.46044921875
25_20220828 16,6128.85888671875
25_20220828 17,6261.5595703125
25_20220828 18,5911.98681640625
25_20220828 19,5779.7861328125
25_20220828 20,5665.43798828125
25_20220828 21,5638.5009765625
25_20220828 22,5424.92626953125
25_20220828 23,5272.3017578125
25_20220829 00,5218.49951171875
25_20220829 01,5082.361328125
25_20220829 02,5014.84130859375
25_20220829 03,4976.65771484375
25_20220829 04,4933.05322265625
25_20220829 05,4924.15869140625
25_20220829 06,5029.3310546875
25_20220829 07,5531.392578125
25_20220829 08,8253.1875
25_20220829 09,9912.0791015625
25_20220829 10,10201.509765625
25_20220829 11,10246.3984375
25_20220829 12,10058.5810546875
25_20220829 13,10811.5966796875
25_20220829 14,10808.162109375
25_20220829 15,10753.15234375
25_20220829 16,10192.912109375
25_20220829 17,9584.2783203125
25_20220829 18,9068.7451171875
25_20220829 19,8833.9404296875
25_20220829 20,7662.26416015625
25_20220829 21,6179.0380859375
25_20220829 22,5628.87841796875
25_20220829 23,5475.1611328125
25_20220830 00,5117.15185546875
25_20220830 01,5035.80908203125
25_20220830 02,5032.884765625
25_20220830 03,5045.41552734375
25_20220830 04,5006.56884765625
25_20220830 05,5016.46240234375
25_20220830 06,5120.56103515625
25_20220830 07,5390.7060546875
25_20220830 08,8084.3525390625
25_20220830 09,9784.87109375
25_20220830 10,10306.2685546875
25_20220830 11,10393.392578125
25_20220830 12,10111.1005859375
25_20220830 13,10566.310546875
25_20220830 14,10513.7529296875
25_20220830 15,10416.7080078125
25_20220830 16,10302.705078125
25_20220830 17,9567.408203125
25_20220830 18,9338.5458984375
25_20220830 19,8812.4169921875
25_20220830 20,7474.79052734375
25_20220830 21,6179.17578125
25_20220830 22,5685.1044921875
25_20220830 23,5549.9228515625
25_20220831 00,5188.98046875
25_20220831 01,5052.5126953125
25_20220831 02,5082.1416015625
25_20220831 03,5010.47216796875
25_20220831 04,5028.0283203125
25_20220831 05,4996.74072265625
25_20220831 06,5083.2646484375
25_20220831 07,5419.6181640625
25_20220831 08,8212.7978515625
25_20220831 09,9905.3779296875
25_20220831 10,10555.919921875
25_20220831 11,10675.3046875
25_20220831 12,10092.900390625
25_20220831 13,10932.5673828125
25_20220831 14,10875.126953125
25_20220831 15,10707.16796875
25_20220831 16,10644.466796875
25_20220831 17,9764.169921875
25_20220831 18,9061.875
25_20220831 19,8758.291015625
25_20220831 20,7838.90234375
25_20220831 21,6254.99072265625
25_20220831 22,5694.4228515625
25_20220831 23,5538.5517578125
26_20220825 00,2862.344482421875
26_20220825 01,2769.53369140625
26_20220825 02,2729.347900390625
26_20220825 03,2704.80126953125
26_20220825 04,2663.98779296875
26_20220825 05,2711.4794921875
26_20220825 06,2785.8154296875
26_20220825 07,2871.653076171875
26_20220825 08,3298.74951171875
26_20220825 09,4381.08935546875
26_20220825 10,4723.07958984375
26_20220825 11,4744.46923828125
26_20220825 12,4708.98681640625
26_20220825 13,4920.82958984375
26_20220825 14,4884.154296875
26_20220825 15,4855.419921875
26_20220825 16,4772.6865234375
26_20220825 17,4504.3935546875
26_20220825 18,3778.116455078125
26_20220825 19,3487.08349609375
26_20220825 20,3389.30810546875
26_20220825 21,3289.479736328125
26_20220825 22,3030.9013671875
26_20220825 23,2891.071044921875
26_20220826 00,2778.56494140625
26_20220826 01,2731.705810546875
26_20220826 02,2720.337646484375
26_20220826 03,2662.3896484375
26_20220826 04,2670.27978515625
26_20220826 05,2682.740234375
26_20220826 06,2757.1376953125
26_20220826 07,2835.2822265625
26_20220826 08,3176.83447265625
26_20220826 09,4188.16015625
26_20220826 10,4478.8662109375
26_20220826 11,4543.62744140625
26_20220826 12,4478.64599609375
26_20220826 13,4825.20458984375
26_20220826 14,4938.6181640625
26_20220826 15,4910.0537109375
26_20220826 16,4909.18359375
26_20220826 17,4392.89306640625
26_20220826 18,3583.05322265625
26_20220826 19,3356.828857421875
26_20220826 20,3345.69189453125
26_20220826 21,3149.88427734375
26_20220826 22,2975.23974609375
26_20220826 23,2924.560546875
26_20220827 00,2749.514892578125
26_20220827 01,2709.8984375
26_20220827 02,2612.290771484375
26_20220827 03,2619.869873046875
26_20220827 04,2609.9150390625
26_20220827 05,2616.500732421875
26_20220827 06,2618.148193359375
26_20220827 07,2584.312255859375
26_20220827 08,2543.5244140625
26_20220827 09,2606.340576171875
26_20220827 10,2652.29931640625
26_20220827 11,2697.496826171875
26_20220827 12,2649.341064453125
26_20220827 13,2723.595458984375
26_20220827 14,2890.54443359375
26_20220827 15,2923.566650390625
26_20220827 16,2913.641357421875
26_20220827 17,2861.87353515625
26_20220827 18,2866.462158203125
26_20220827 19,2865.213623046875
26_20220827 20,2864.9150390625
26_20220827 21,2845.61572265625
26_20220827 22,2836.0087890625
26_20220827 23,2731.162841796875
26_20220828 00,2691.1328125
26_20220828 01,2620.80224609375
26_20220828 02,2540.52978515625
26_20220828 03,2536.88916015625
26_20220828 04,2528.44091796875
26_20220828 05,2542.156982421875
26_20220828 06,2500.197265625
26_20220828 07,2463.233154296875
26_20220828 08,2447.599609375
26_20220828 09,2451.814453125
26_20220828 10,2472.71630859375
26_20220828 11,2527.296875
26_20220828 12,2521.9140625
26_20220828 13,2585.31884765625
26_20220828 14,2724.344482421875
26_20220828 15,2845.4970703125
26_20220828 16,2868.551513671875
26_20220828 17,2913.19384765625
26_20220828 18,2837.50341796875
26_20220828 19,2898.925537109375
26_20220828 20,2917.804443359375
26_20220828 21,2927.749755859375
26_20220828 22,2869.947021484375
26_20220828 23,2777.73681640625
26_20220829 00,2774.19873046875
26_20220829 01,2683.471435546875
26_20220829 02,2643.2392578125
26_20220829 03,2646.756591796875
26_20220829 04,2663.79052734375
26_20220829 05,2641.241943359375
26_20220829 06,2753.94970703125
26_20220829 07,2868.80224609375
26_20220829 08,3353.737060546875
26_20220829 09,4504.5712890625
26_20220829 10,4825.6474609375
26_20220829 11,4810.7900390625
26_20220829 12,4714.2841796875
26_20220829 13,4916.86669921875
26_20220829 14,4938.88037109375
26_20220829 15,4869.08203125
26_20220829 16,4840.716796875
26_20220829 17,4541.94287109375
26_20220829 18,3714.47607421875
26_20220829 19,3436.783203125
26_20220829 20,3325.641357421875
26_20220829 21,3292.667236328125
26_20220829 22,2981.761474609375
26_20220829 23,2901.287109375
26_20220830 00,2753.51904296875
26_20220830 01,2715.92138671875
26_20220830 02,2681.70947265625
26_20220830 03,2666.36328125
26_20220830 04,2632.487548828125
26_20220830 05,2676.3935546875
26_20220830 06,2728.589111328125
26_20220830 07,2820.764892578125
26_20220830 08,3319.221435546875
26_20220830 09,4407.30615234375
26_20220830 10,4706.466796875
26_20220830 11,4694.93798828125
26_20220830 12,4507.48486328125
26_20220830 13,4796.0126953125
26_20220830 14,4853.6572265625
26_20220830 15,4818.99169921875
26_20220830 16,4770.05859375
26_20220830 17,4493.998046875
26_20220830 18,3795.248046875
26_20220830 19,3447.24072265625
26_20220830 20,3434.46533203125
26_20220830 21,3290.580078125
26_20220830 22,3032.923828125
26_20220830 23,2944.159912109375
26_20220831 00,2771.439453125
26_20220831 01,2714.80859375
26_20220831 02,2697.04443359375
26_20220831 03,2661.86279296875
26_20220831 04,2627.46142578125
26_20220831 05,2677.59033203125
26_20220831 06,2747.88037109375
26_20220831 07,2838.51220703125
26_20220831 08,3259.144287109375
26_20220831 09,4358.4052734375
26_20220831 10,4678.2333984375
26_20220831 11,4687.85791015625
26_20220831 12,4502.84033203125
26_20220831 13,4867.4208984375
26_20220831 14,4874.4150390625
26_20220831 15,4851.2294921875
26_20220831 16,4813.35400390625
26_20220831 17,4514.7109375
26_20220831 18,3780.7421875
26_20220831 19,3436.0546875
26_20220831 20,3337.74365234375
26_20220831 21,3240.59423828125
26_20220831 22,3014.104736328125
26_20220831 23,2934.395263671875
27_20220825 00,15238.46875
27_20220825 01,14805.2109375
27_20220825 02,14748.3720703125
27_20220825 03,14377.8984375
27_20220825 04,14371.46875
27_20220825 05,14094.474609375
27_20220825 06,14721.087890625
27_20220825 07,17019.900390625
27_20220825 08,19496.287109375
27_20220825 09,20466.71875
27_20220825 10,21290.427734375
27_20220825 11,21379.01953125
27_20220825 12,21654.94921875
27_20220825 13,21425.228515625
27_20220825 14,21855.234375
27_20220825 15,21792.43359375
27_20220825 16,21570.66015625
27_20220825 17,18828.728515625
27_20220825 18,17319.779296875
27_20220825 19,16130.0732421875
27_20220825 20,15941.330078125
27_20220825 21,15990.2998046875
27_20220825 22,15831.9140625
27_20220825 23,15317.166015625
27_20220826 00,14620.482421875
27_20220826 01,14337.640625
27_20220826 02,13872.3701171875
27_20220826 03,13891.0908203125
27_20220826 04,13743.5185546875
27_20220826 05,13843.3955078125
27_20220826 06,14240.947265625
27_20220826 07,15611.931640625
27_20220826 08,16951.6328125
27_20220826 09,18414.8125
27_20220826 10,19423.2734375
27_20220826 11,19473.396484375
27_20220826 12,19282.37109375
27_20220826 13,19688.82421875
27_20220826 14,21369.212890625
27_20220826 15,21219.869140625
27_20220826 16,20613.68359375
27_20220826 17,18815.259765625
27_20220826 18,17048.173828125
27_20220826 19,16210.71875
27_20220826 20,16097.771484375
27_20220826 21,15956.6123046875
27_20220826 22,15562.6015625
27_20220826 23,15217.671875
27_20220827 00,14545.677734375
27_20220827 01,14307.6220703125
27_20220827 02,14129.0546875
27_20220827 03,14110.5703125
27_20220827 04,13745.25
27_20220827 05,13835.6669921875
27_20220827 06,13969.453125
27_20220827 07,14043.587890625
27_20220827 08,13663.3154296875
27_20220827 09,13898.3798828125
27_20220827 10,13960.7763671875
27_20220827 11,13901.900390625
27_20220827 12,14046.2294921875
27_20220827 13,14318.5986328125
27_20220827 14,14626.8232421875
27_20220827 15,14797.990234375
27_20220827 16,14573.1201171875
27_20220827 17,15254.3984375
27_20220827 18,14969.0986328125
27_20220827 19,14897.923828125
27_20220827 20,15000.693359375
27_20220827 21,14720.9345703125
27_20220827 22,14703.744140625
27_20220827 23,14093.4375
27_20220828 00,14054.375
27_20220828 01,13450.396484375
27_20220828 02,13493.0517578125
27_20220828 03,13335.9482421875
27_20220828 04,13347.9873046875
27_20220828 05,13367.2607421875
27_20220828 06,13415.0751953125
27_20220828 07,13350.8642578125
27_20220828 08,13525.271484375
27_20220828 09,13480.1611328125
27_20220828 10,13679.173828125
27_20220828 11,13974.201171875
27_20220828 12,14179.837890625
27_20220828 13,14337.6328125
27_20220828 14,14681.9169921875
27_20220828 15,14877.8642578125
27_20220828 16,14876.234375
27_20220828 17,15584.7060546875
27_20220828 18,15335.3623046875
27_20220828 19,14973.3828125
27_20220828 20,15221.6142578125
27_20220828 21,15454.615234375
27_20220828 22,15550.609375
27_20220828 23,14615.6171875
27_20220829 00,14928.212890625
27_20220829 01,14512.208984375
27_20220829 02,14383.4091796875
27_20220829 03,13814.9501953125
27_20220829 04,13800.982421875
27_20220829 05,13907.984375
27_20220829 06,14489.271484375
27_20220829 07,16212.3857421875
27_20220829 08,17183.310546875
27_20220829 09,18024.052734375
27_20220829 10,18424.478515625
27_20220829 11,18597.580078125
27_20220829 12,18253.779296875
27_20220829 13,18469.94140625
27_20220829 14,18503.162109375
27_20220829 15,18267.259765625
27_20220829 16,17997.07421875
27_20220829 17,17969.3984375
27_20220829 18,17106.205078125
27_20220829 19,16327.166015625
27_20220829 20,16388.75
27_20220829 21,16328.34375
27_20220829 22,15331.185546875
27_20220829 23,14825.849609375
27_20220830 00,14582.4345703125
27_20220830 01,14298.505859375
27_20220830 02,14079.1123046875
27_20220830 03,13761.359375
27_20220830 04,13803.611328125
27_20220830 05,13897.6611328125
27_20220830 06,14184.5234375
27_20220830 07,15532.3408203125
27_20220830 08,16326.4482421875
27_20220830 09,17178.39453125
27_20220830 10,17724.19921875
27_20220830 11,17928.537109375
27_20220830 12,18254.50390625
27_20220830 13,18366.958984375
27_20220830 14,18763.404296875
27_20220830 15,18666.078125
27_20220830 16,18526.484375
27_20220830 17,18602.818359375
27_20220830 18,17295.763671875
27_20220830 19,16468.62109375
27_20220830 20,16778.912109375
27_20220830 21,16713.673828125
27_20220830 22,15540.845703125
27_20220830 23,15100.548828125
27_20220831 00,14902.4580078125
27_20220831 01,14696.205078125
27_20220831 02,14351.169921875
27_20220831 03,13977.9326171875
27_20220831 04,13838.615234375
27_20220831 05,13888.3564453125
27_20220831 06,14320.763671875
27_20220831 07,15783.021484375
27_20220831 08,17602.91796875
27_20220831 09,18005.29296875
27_20220831 10,18409.7578125
27_20220831 11,18728.8125
27_20220831 12,18863.505859375
27_20220831 13,19055.01171875
27_20220831 14,19043.365234375
27_20220831 15,18964.521484375
27_20220831 16,19797.65625
27_20220831 17,18141.060546875
27_20220831 18,17035.89453125
27_20220831 19,16380.234375
27_20220831 20,16433.359375
27_20220831 21,16412.578125
27_20220831 22,15664.529296875
27_20220831 23,15222.03125
28_20220825 00,1217.5936279296875
28_20220825 01,1187.658447265625
28_20220825 02,1136.4361572265625
28_20220825 03,1145.772216796875
28_20220825 04,1112.679443359375
28_20220825 05,1096.931884765625
28_20220825 06,1088.5472412109375
28_20220825 07,1150.0159912109375
28_20220825 08,1511.699462890625
28_20220825 09,2381.71142578125
28_20220825 10,2442.2783203125
28_20220825 11,2619.463623046875
28_20220825 12,2476.76513671875
28_20220825 13,2730.134033203125
28_20220825 14,2654.60400390625
28_20220825 15,2690.482177734375
28_20220825 16,2418.896484375
28_20220825 17,2062.712890625
28_20220825 18,1746.7431640625
28_20220825 19,1653.4931640625
28_20220825 20,1562.838134765625
28_20220825 21,1513.8162841796875
28_20220825 22,1389.2021484375
28_20220825 23,1331.061767578125
28_20220826 00,1244.955322265625
28_20220826 01,1191.020263671875
28_20220826 02,1128.7576904296875
28_20220826 03,1129.5513916015625
28_20220826 04,1114.472900390625
28_20220826 05,1086.844970703125
28_20220826 06,1085.465087890625
28_20220826 07,1168.449462890625
28_20220826 08,1566.9215087890625
28_20220826 09,2362.921142578125
28_20220826 10,2509.74853515625
28_20220826 11,2597.20654296875
28_20220826 12,2458.63818359375
28_20220826 13,2646.0576171875
28_20220826 14,2521.305419921875
28_20220826 15,2543.766357421875
28_20220826 16,2293.892578125
28_20220826 17,1968.3968505859375
28_20220826 18,1559.454833984375
28_20220826 19,1512.884033203125
28_20220826 20,1456.5423583984375
28_20220826 21,1406.6634521484375
28_20220826 22,1309.0986328125
28_20220826 23,1235.1282958984375
28_20220827 00,1165.713134765625
28_20220827 01,1177.5137939453125
28_20220827 02,1138.875244140625
28_20220827 03,1148.498291015625
28_20220827 04,1105.98095703125
28_20220827 05,1080.4866943359375
28_20220827 06,1079.8421630859375
28_20220827 07,1083.6112060546875
28_20220827 08,1053.65185546875
28_20220827 09,1066.9901123046875
28_20220827 10,1106.078125
28_20220827 11,1199.1243896484375
28_20220827 12,1189.267822265625
28_20220827 13,1346.0098876953125
28_20220827 14,1306.27734375
28_20220827 15,1390.9144287109375
28_20220827 16,1307.5892333984375
28_20220827 17,1373.84814453125
28_20220827 18,1232.6485595703125
28_20220827 19,1288.1253662109375
28_20220827 20,1282.8082275390625
28_20220827 21,1339.483642578125
28_20220827 22,1286.4638671875
28_20220827 23,1251.3067626953125
28_20220828 00,1164.40625
28_20220828 01,1171.4022216796875
28_20220828 02,1110.0723876953125
28_20220828 03,1104.875
28_20220828 04,1060.1070556640625
28_20220828 05,1015.0881958007812
28_20220828 06,1005.1890869140625
28_20220828 07,988.8380126953125
28_20220828 08,941.1818237304688
28_20220828 09,920.2200927734375
28_20220828 10,922.7662353515625
28_20220828 11,960.8232421875
28_20220828 12,967.1730346679688
28_20220828 13,1089.412841796875
28_20220828 14,1082.518798828125
28_20220828 15,1185.8701171875
28_20220828 16,1191.25244140625
28_20220828 17,1278.43505859375
28_20220828 18,1225.032958984375
28_20220828 19,1315.814208984375
28_20220828 20,1266.171875
28_20220828 21,1347.582275390625
28_20220828 22,1289.4005126953125
28_20220828 23,1261.6353759765625
28_20220829 00,1245.1795654296875
28_20220829 01,1221.693115234375
28_20220829 02,1170.880615234375
28_20220829 03,1146.069580078125
28_20220829 04,1124.062255859375
28_20220829 05,1098.7774658203125
28_20220829 06,1095.9268798828125
28_20220829 07,1181.4556884765625
28_20220829 08,1541.9505615234375
28_20220829 09,2330.306396484375
28_20220829 10,2449.431640625
28_20220829 11,2654.12841796875
28_20220829 12,2443.33935546875
28_20220829 13,2744.90478515625
28_20220829 14,2569.11376953125
28_20220829 15,2684.32568359375
28_20220829 16,2368.80712890625
28_20220829 17,2073.189453125
28_20220829 18,1667.4215087890625
28_20220829 19,1604.152587890625
28_20220829 20,1524.212646484375
28_20220829 21,1483.579833984375
28_20220829 22,1413.226806640625
28_20220829 23,1359.2333984375
28_20220830 00,1253.3399658203125
28_20220830 01,1227.775634765625
28_20220830 02,1177.641845703125
28_20220830 03,1159.654052734375
28_20220830 04,1146.4281005859375
28_20220830 05,1105.95947265625
28_20220830 06,1094.0518798828125
28_20220830 07,1178.8397216796875
28_20220830 08,1553.1920166015625
28_20220830 09,2408.103515625
28_20220830 10,2426.8095703125
28_20220830 11,2581.898681640625
28_20220830 12,2370.99560546875
28_20220830 13,2601.20751953125
28_20220830 14,2400.64404296875
28_20220830 15,2421.79052734375
28_20220830 16,2143.329345703125
28_20220830 17,1888.6392822265625
28_20220830 18,1528.584716796875
28_20220830 19,1493.014892578125
28_20220830 20,1447.5201416015625
28_20220830 21,1448.735107421875
28_20220830 22,1378.927734375
28_20220830 23,1323.757568359375
28_20220831 00,1189.35693359375
28_20220831 01,1171.547607421875
28_20220831 02,1112.625244140625
28_20220831 03,1095.9638671875
28_20220831 04,1079.7073974609375
28_20220831 05,1068.872802734375
28_20220831 06,1060.343994140625
28_20220831 07,1152.747314453125
28_20220831 08,1492.6663818359375
28_20220831 09,2181.24658203125
28_20220831 10,2175.14794921875
28_20220831 11,2298.15966796875
28_20220831 12,2144.85205078125
28_20220831 13,2386.361328125
28_20220831 14,2186.937744140625
28_20220831 15,2294.20947265625
28_20220831 16,2081.218994140625
28_20220831 17,1797.776611328125
28_20220831 18,1469.486083984375
28_20220831 19,1435.2122802734375
28_20220831 20,1388.8619384765625
28_20220831 21,1417.4697265625
28_20220831 22,1331.693603515625
28_20220831 23,1265.386474609375
29_20220825 00,1158.0513916015625
29_20220825 01,1124.7142333984375
29_20220825 02,1109.6517333984375
29_20220825 03,1117.059326171875
29_20220825 04,1103.6656494140625
29_20220825 05,1093.353759765625
29_20220825 06,1104.265380859375
29_20220825 07,1136.640869140625
29_20220825 08,1306.033935546875
29_20220825 09,1772.2418212890625
29_20220825 10,1905.5289306640625
29_20220825 11,1959.591552734375
29_20220825 12,1872.290283203125
29_20220825 13,1947.5296630859375
29_20220825 14,1965.9996337890625
29_20220825 15,1961.572998046875
29_20220825 16,1952.2021484375
29_20220825 17,1777.3232421875
29_20220825 18,1481.0499267578125
29_20220825 19,1399.3758544921875
29_20220825 20,1369.016357421875
29_20220825 21,1324.636474609375
29_20220825 22,1271.28076171875
29_20220825 23,1203.7457275390625
29_20220826 00,1122.0013427734375
29_20220826 01,1077.3900146484375
29_20220826 02,1076.898681640625
29_20220826 03,1068.8101806640625
29_20220826 04,1088.828857421875
29_20220826 05,1032.528076171875
29_20220826 06,1083.86474609375
29_20220826 07,1101.397216796875
29_20220826 08,1230.21728515625
29_20220826 09,1683.6109619140625
29_20220826 10,1777.703125
29_20220826 11,1761.677734375
29_20220826 12,1689.368896484375
29_20220826 13,1799.092041015625
29_20220826 14,1806.378173828125
29_20220826 15,1865.9407958984375
29_20220826 16,1850.5863037109375
29_20220826 17,1695.3079833984375
29_20220826 18,1411.19580078125
29_20220826 19,1330.755615234375
29_20220826 20,1320.2052001953125
29_20220826 21,1266.7366943359375
29_20220826 22,1211.811279296875
29_20220826 23,1165.103271484375
29_20220827 00,1102.6998291015625
29_20220827 01,1105.649658203125
29_20220827 02,1091.850341796875
29_20220827 03,1095.292236328125
29_20220827 04,1056.2779541015625
29_20220827 05,1046.045166015625
29_20220827 06,1047.93212890625
29_20220827 07,1035.8079833984375
29_20220827 08,973.9124755859375
29_20220827 09,1059.248779296875
29_20220827 10,1036.3975830078125
29_20220827 11,1016.5264892578125
29_20220827 12,980.09228515625
29_20220827 13,971.2775268554688
29_20220827 14,1036.8779296875
29_20220827 15,1090.856689453125
29_20220827 16,1138.648193359375
29_20220827 17,1186.7921142578125
29_20220827 18,1175.0706787109375
29_20220827 19,1140.88232421875
29_20220827 20,1151.270751953125
29_20220827 21,1171.20556640625
29_20220827 22,1184.075927734375
29_20220827 23,1157.30517578125
29_20220828 00,1087.5423583984375
29_20220828 01,1087.2635498046875
29_20220828 02,1025.3643798828125
29_20220828 03,1045.327880859375
29_20220828 04,1042.204345703125
29_20220828 05,1036.5391845703125
29_20220828 06,1038.251708984375
29_20220828 07,1022.48583984375
29_20220828 08,955.607421875
29_20220828 09,980.86181640625
29_20220828 10,965.4425659179688
29_20220828 11,975.5400390625
29_20220828 12,949.7765502929688
29_20220828 13,973.5656127929688
29_20220828 14,1010.3074951171875
29_20220828 15,1048.832275390625
29_20220828 16,1104.7083740234375
29_20220828 17,1165.8753662109375
29_20220828 18,1174.738525390625
29_20220828 19,1156.010986328125
29_20220828 20,1166.4046630859375
29_20220828 21,1170.598388671875
29_20220828 22,1178.2945556640625
29_20220828 23,1135.949951171875
29_20220829 00,1147.881103515625
29_20220829 01,1119.8482666015625
29_20220829 02,1108.875244140625
29_20220829 03,1117.911865234375
29_20220829 04,1071.018798828125
29_20220829 05,1062.865234375
29_20220829 06,1115.570068359375
29_20220829 07,1149.1431884765625
29_20220829 08,1318.3892822265625
29_20220829 09,1763.369140625
29_20220829 10,1904.6585693359375
29_20220829 11,1936.0240478515625
29_20220829 12,1870.2662353515625
29_20220829 13,1929.8746337890625
29_20220829 14,1973.540771484375
29_20220829 15,1989.001953125
29_20220829 16,1943.6099853515625
29_20220829 17,1801.9605712890625
29_20220829 18,1480.151611328125
29_20220829 19,1417.830810546875
29_20220829 20,1404.059326171875
29_20220829 21,1364.001708984375
29_20220829 22,1310.7164306640625
29_20220829 23,1229.088623046875
29_20220830 00,1161.989501953125
29_20220830 01,1115.9583740234375
29_20220830 02,1110.3179931640625
29_20220830 03,1118.5887451171875
29_20220830 04,1117.4013671875
29_20220830 05,1074.924560546875
29_20220830 06,1133.4964599609375
29_20220830 07,1175.330322265625
29_20220830 08,1334.504638671875
29_20220830 09,1831.573486328125
29_20220830 10,1935.639404296875
29_20220830 11,1940.2738037109375
29_20220830 12,1918.417724609375
29_20220830 13,1945.945068359375
29_20220830 14,1976.2506103515625
29_20220830 15,2007.3714599609375
29_20220830 16,1979.0537109375
29_20220830 17,1826.4644775390625
29_20220830 18,1504.5106201171875
29_20220830 19,1437.6092529296875
29_20220830 20,1417.2298583984375
29_20220830 21,1352.5997314453125
29_20220830 22,1303.1202392578125
29_20220830 23,1224.0224609375
29_20220831 00,1141.8076171875
29_20220831 01,1105.774169921875
29_20220831 02,1099.471923828125
29_20220831 03,1101.488037109375
29_20220831 04,1100.9456787109375
29_20220831 05,1055.91455078125
29_20220831 06,1104.3880615234375
29_20220831 07,1139.0894775390625
29_20220831 08,1298.9267578125
29_20220831 09,1739.553955078125
29_20220831 10,1877.622314453125
29_20220831 11,1859.62890625
29_20220831 12,1834.245849609375
29_20220831 13,1917.909912109375
29_20220831 14,1889.804443359375
29_20220831 15,1960.3197021484375
29_20220831 16,1966.515869140625
29_20220831 17,1830.332763671875
29_20220831 18,1480.146240234375
29_20220831 19,1423.6534423828125
29_20220831 20,1368.9769287109375
29_20220831 21,1326.110595703125
29_20220831 22,1267.4722900390625
29_20220831 23,1216.3206787109375
30_20220825 00,767.316650390625
30_20220825 01,738.05126953125
30_20220825 02,727.065673828125
30_20220825 03,726.0162963867188
30_20220825 04,731.412841796875
30_20220825 05,705.2833251953125
30_20220825 06,690.2249755859375
30_20220825 07,642.767578125
30_20220825 08,798.0474243164062
30_20220825 09,1092.9732666015625
30_20220825 10,1115.927490234375
30_20220825 11,1049.2760009765625
30_20220825 12,1003.5563354492188
30_20220825 13,1182.775390625
30_20220825 14,1221.5347900390625
30_20220825 15,1201.028076171875
30_20220825 16,1238.159912109375
30_20220825 17,1141.153076171875
30_20220825 18,930.5716552734375
30_20220825 19,927.7513427734375
30_20220825 20,922.87109375
30_20220825 21,882.1893310546875
30_20220825 22,863.52001953125
30_20220825 23,795.2935180664062
30_20220826 00,753.26025390625
30_20220826 01,743.072265625
30_20220826 02,711.4580688476562
30_20220826 03,709.2110595703125
30_20220826 04,708.674560546875
30_20220826 05,688.8356323242188
30_20220826 06,675.9537963867188
30_20220826 07,626.0164794921875
30_20220826 08,742.6732177734375
30_20220826 09,990.6468505859375
30_20220826 10,1014.5838012695312
30_20220826 11,948.6865234375
30_20220826 12,870.3533325195312
30_20220826 13,1002.1514892578125
30_20220826 14,1015.1607666015625
30_20220826 15,1022.9996948242188
30_20220826 16,1093.320068359375
30_20220826 17,1013.1842041015625
30_20220826 18,844.3475341796875
30_20220826 19,871.1671752929688
30_20220826 20,857.5593872070312
30_20220826 21,833.7986450195312
30_20220826 22,825.5220947265625
30_20220826 23,749.6900024414062
30_20220827 00,720.3770141601562
30_20220827 01,724.54638671875
30_20220827 02,717.7535400390625
30_20220827 03,712.0653686523438
30_20220827 04,698.8607177734375
30_20220827 05,691.4876708984375
30_20220827 06,632.6517944335938
30_20220827 07,596.66650390625
30_20220827 08,478.979248046875
30_20220827 09,356.93267822265625
30_20220827 10,389.44073486328125
30_20220827 11,337.39532470703125
30_20220827 12,327.2890625
30_20220827 13,392.123046875
30_20220827 14,385.3414001464844
30_20220827 15,482.0799255371094
30_20220827 16,561.5665283203125
30_20220827 17,663.1124267578125
30_20220827 18,723.3502197265625
30_20220827 19,735.6474609375
30_20220827 20,826.5023193359375
30_20220827 21,811.0933837890625
30_20220827 22,814.5855712890625
30_20220827 23,798.6472778320312
30_20220828 00,745.7650146484375
30_20220828 01,738.5203247070312
30_20220828 02,735.3898315429688
30_20220828 03,711.4993896484375
30_20220828 04,704.77734375
30_20220828 05,700.0570068359375
30_20220828 06,637.6875
30_20220828 07,587.0724487304688
30_20220828 08,503.43206787109375
30_20220828 09,469.62591552734375
30_20220828 10,350.98370361328125
30_20220828 11,283.7921447753906
30_20220828 12,323.53216552734375
30_20220828 13,329.13067626953125
30_20220828 14,371.0030212402344
30_20220828 15,477.02520751953125
30_20220828 16,541.15380859375
30_20220828 17,654.9105224609375
30_20220828 18,718.5881958007812
30_20220828 19,777.67041015625
30_20220828 20,816.3546142578125
30_20220828 21,806.3797607421875
30_20220828 22,801.6491088867188
30_20220828 23,779.638427734375
30_20220829 00,795.9075317382812
30_20220829 01,757.1093139648438
30_20220829 02,756.1737060546875
30_20220829 03,766.3013916015625
30_20220829 04,750.1681518554688
30_20220829 05,732.5421142578125
30_20220829 06,722.6068725585938
30_20220829 07,673.4179077148438
30_20220829 08,824.1162109375
30_20220829 09,1123.218994140625
30_20220829 10,1147.15234375
30_20220829 11,1071.9521484375
30_20220829 12,1030.22900390625
30_20220829 13,1206.4727783203125
30_20220829 14,1219.541748046875
30_20220829 15,1254.230712890625
30_20220829 16,1256.173095703125
30_20220829 17,1170.4732666015625
30_20220829 18,971.5778198242188
30_20220829 19,968.5847778320312
30_20220829 20,984.8253784179688
30_20220829 21,940.8756103515625
30_20220829 22,899.0797119140625
30_20220829 23,827.3601684570312
30_20220830 00,779.6519165039062
30_20220830 01,760.3638916015625
30_20220830 02,738.69384765625
30_20220830 03,735.8505859375
30_20220830 04,750.2664184570312
30_20220830 05,723.3878173828125
30_20220830 06,712.9487915039062
30_20220830 07,662.4346923828125
30_20220830 08,825.94091796875
30_20220830 09,1156.2685546875
30_20220830 10,1176.719482421875
30_20220830 11,1064.548095703125
30_20220830 12,1050.700927734375
30_20220830 13,1228.521484375
30_20220830 14,1237.3134765625
30_20220830 15,1249.927001953125
30_20220830 16,1262.782470703125
30_20220830 17,1195.898193359375
30_20220830 18,954.2843017578125
30_20220830 19,958.9989013671875
30_20220830 20,959.04541015625
30_20220830 21,933.9661865234375
30_20220830 22,889.5458984375
30_20220830 23,823.3522338867188
30_20220831 00,762.5067138671875
30_20220831 01,749.3558349609375
30_20220831 02,721.276123046875
30_20220831 03,722.2853393554688
30_20220831 04,719.2780151367188
30_20220831 05,699.8116455078125
30_20220831 06,698.771484375
30_20220831 07,647.6267700195312
30_20220831 08,804.3136596679688
30_20220831 09,1115.443603515625
30_20220831 10,1120.067626953125
30_20220831 11,1015.3025512695312
30_20220831 12,1003.84326171875
30_20220831 13,1114.551513671875
30_20220831 14,1185.395751953125
30_20220831 15,1188.9136962890625
30_20220831 16,1204.956787109375
30_20220831 17,1091.6968994140625
30_20220831 18,925.1959228515625
30_20220831 19,939.7551879882812
30_20220831 20,935.8892822265625
30_20220831 21,904.0635986328125
30_20220831 22,873.4899291992188
30_20220831 23,799.4072875976562
31_20220825 00,997.8732299804688
31_20220825 01,990.1578979492188
31_20220825 02,998.15478515625
31_20220825 03,959.0692138671875
31_20220825 04,905.0789794921875
31_20220825 05,913.8819580078125
31_20220825 06,982.8729248046875
31_20220825 07,1030.868408203125
31_20220825 08,1238.581787109375
31_20220825 09,1638.599609375
31_20220825 10,1778.288818359375
31_20220825 11,1765.5784912109375
31_20220825 12,1796.4281005859375
31_20220825 13,1850.3046875
31_20220825 14,1809.8343505859375
31_20220825 15,1850.064453125
31_20220825 16,1806.926513671875
31_20220825 17,1704.2523193359375
31_20220825 18,1387.36328125
31_20220825 19,1336.885009765625
31_20220825 20,1402.1947021484375
31_20220825 21,1209.9398193359375
31_20220825 22,1117.3851318359375
31_20220825 23,1122.3592529296875
31_20220826 00,985.8504638671875
31_20220826 01,964.4501953125
31_20220826 02,977.9186401367188
31_20220826 03,953.2532958984375
31_20220826 04,900.8001098632812
31_20220826 05,912.7140502929688
31_20220826 06,967.927734375
31_20220826 07,1016.5988159179688
31_20220826 08,1203.531494140625
31_20220826 09,1566.3836669921875
31_20220826 10,1637.4720458984375
31_20220826 11,1630.217529296875
31_20220826 12,1652.364990234375
31_20220826 13,1754.3990478515625
31_20220826 14,1729.057861328125
31_20220826 15,1741.3316650390625
31_20220826 16,1762.650390625
31_20220826 17,1602.2357177734375
31_20220826 18,1287.171630859375
31_20220826 19,1255.067138671875
31_20220826 20,1337.993408203125
31_20220826 21,1161.126708984375
31_20220826 22,1055.7154541015625
31_20220826 23,1050.0225830078125
31_20220827 00,959.35205078125
31_20220827 01,969.1279296875
31_20220827 02,962.2763671875
31_20220827 03,943.5940551757812
31_20220827 04,894.8060302734375
31_20220827 05,883.8673706054688
31_20220827 06,883.6207275390625
31_20220827 07,874.1519775390625
31_20220827 08,895.88818359375
31_20220827 09,893.8146362304688
31_20220827 10,932.6896362304688
31_20220827 11,909.61474609375
31_20220827 12,997.1921997070312
31_20220827 13,1000.49609375
31_20220827 14,985.2674560546875
31_20220827 15,1044.543212890625
31_20220827 16,1042.585205078125
31_20220827 17,1054.8912353515625
31_20220827 18,1029.9910888671875
31_20220827 19,1023.9039306640625
31_20220827 20,1098.9808349609375
31_20220827 21,1060.0220947265625
31_20220827 22,1063.9324951171875
31_20220827 23,1004.3177490234375
31_20220828 00,939.4559326171875
31_20220828 01,937.0142822265625
31_20220828 02,943.8831176757812
31_20220828 03,950.9122314453125
31_20220828 04,875.4111328125
31_20220828 05,868.5172729492188
31_20220828 06,871.9359130859375
31_20220828 07,857.3489990234375
31_20220828 08,851.0006103515625
31_20220828 09,777.3248901367188
31_20220828 10,798.69580078125
31_20220828 11,775.9073486328125
31_20220828 12,888.5306396484375
31_20220828 13,899.1712646484375
31_20220828 14,905.2869873046875
31_20220828 15,989.5777587890625
31_20220828 16,1000.0628662109375
31_20220828 17,1013.51025390625
31_20220828 18,1010.5867309570312
31_20220828 19,1052.41748046875
31_20220828 20,1130.20166015625
31_20220828 21,1088.248779296875
31_20220828 22,1069.738037109375
31_20220828 23,1082.665283203125
31_20220829 00,1009.3621826171875
31_20220829 01,1001.1105346679688
31_20220829 02,1011.8416748046875
31_20220829 03,983.4669799804688
31_20220829 04,935.5740356445312
31_20220829 05,940.8308715820312
31_20220829 06,981.0213012695312
31_20220829 07,1054.1217041015625
31_20220829 08,1243.4859619140625
31_20220829 09,1661.865966796875
31_20220829 10,1770.9683837890625
31_20220829 11,1688.118408203125
31_20220829 12,1735.2982177734375
31_20220829 13,1809.398681640625
31_20220829 14,1773.1295166015625
31_20220829 15,1778.5902099609375
31_20220829 16,1721.481201171875
31_20220829 17,1618.264892578125
31_20220829 18,1354.1529541015625
31_20220829 19,1320.7288818359375
31_20220829 20,1387.63916015625
31_20220829 21,1222.2020263671875
31_20220829 22,1125.1614990234375
31_20220829 23,1123.3697509765625
31_20220830 00,1003.3460693359375
31_20220830 01,990.54150390625
31_20220830 02,991.28125
31_20220830 03,963.6256713867188
31_20220830 04,913.5314331054688
31_20220830 05,937.5455932617188
31_20220830 06,993.8523559570312
31_20220830 07,1094.423095703125
31_20220830 08,1261.7313232421875
31_20220830 09,1637.4482421875
31_20220830 10,1761.5172119140625
31_20220830 11,1767.7740478515625
31_20220830 12,1762.6129150390625
31_20220830 13,1849.0029296875
31_20220830 14,1799.7093505859375
31_20220830 15,1837.400634765625
31_20220830 16,1763.967041015625
31_20220830 17,1614.9974365234375
31_20220830 18,1382.750244140625
31_20220830 19,1342.021728515625
31_20220830 20,1391.563232421875
31_20220830 21,1239.11328125
31_20220830 22,1133.354736328125
31_20220830 23,1132.615966796875
31_20220831 00,999.5304565429688
31_20220831 01,984.3095703125
31_20220831 02,988.7966918945312
31_20220831 03,962.5847778320312
31_20220831 04,924.6019287109375
31_20220831 05,932.8087768554688
31_20220831 06,996.7404174804688
31_20220831 07,1049.35546875
31_20220831 08,1252.046142578125
31_20220831 09,1644.718017578125
31_20220831 10,1683.830810546875
31_20220831 11,1673.7093505859375
31_20220831 12,1667.4710693359375
31_20220831 13,1784.720458984375
31_20220831 14,1748.054443359375
31_20220831 15,1755.7935791015625
31_20220831 16,1735.135986328125
31_20220831 17,1627.9847412109375
31_20220831 18,1340.3717041015625
31_20220831 19,1298.299560546875
31_20220831 20,1378.7069091796875
31_20220831 21,1203.232177734375
31_20220831 22,1115.571533203125
31_20220831 23,1091.101806640625
32_20220825 00,9679.5908203125
32_20220825 01,9660.154296875
32_20220825 02,9674.576171875
32_20220825 03,9633.23828125
32_20220825 04,9629.9365234375
32_20220825 05,9638.615234375
32_20220825 06,9616.845703125
32_20220825 07,9657.197265625
32_20220825 08,9684.361328125
32_20220825 09,9677.7080078125
32_20220825 10,9704.314453125
32_20220825 11,9704.5673828125
32_20220825 12,9739.1796875
32_20220825 13,9728.9013671875
32_20220825 14,9766.76171875
32_20220825 15,9589.521484375
32_20220825 16,9643.1513671875
32_20220825 17,9712.103515625
32_20220825 18,9653.501953125
32_20220825 19,9614.4765625
32_20220825 20,9586.8271484375
32_20220825 21,9596.529296875
32_20220825 22,9591.748046875
32_20220825 23,9559.287109375
32_20220826 00,9554.125
32_20220826 01,9549.1826171875
32_20220826 02,9548.7431640625
32_20220826 03,9571.37109375
32_20220826 04,9620.0869140625
32_20220826 05,9593.09375
32_20220826 06,9637.06640625
32_20220826 07,9653.8408203125
32_20220826 08,9680.583984375
32_20220826 09,9730.841796875
32_20220826 10,9709.3251953125
32_20220826 11,9747.162109375
32_20220826 12,9759.619140625
32_20220826 13,9739.1142578125
32_20220826 14,9747.8828125
32_20220826 15,9768.7451171875
32_20220826 16,9789.919921875
32_20220826 17,9750.365234375
32_20220826 18,9773.2412109375
32_20220826 19,9712.6044921875
32_20220826 20,9752.8232421875
32_20220826 21,9770.0859375
32_20220826 22,9754.185546875
32_20220826 23,9741.646484375
32_20220827 00,9760.916015625
32_20220827 01,9763.0927734375
32_20220827 02,9701.5390625
32_20220827 03,9641.3154296875
32_20220827 04,9587.734375
32_20220827 05,9565.408203125
32_20220827 06,9546.5751953125
32_20220827 07,9565.779296875
32_20220827 08,9512.4521484375
32_20220827 09,9484.333984375
32_20220827 10,9441.693359375
32_20220827 11,9443.2333984375
32_20220827 12,9504.646484375
32_20220827 13,9545.7744140625
32_20220827 14,9573.04296875
32_20220827 15,9644.21484375
32_20220827 16,9597.470703125
32_20220827 17,9613.8779296875
32_20220827 18,9547.9453125
32_20220827 19,9489.4326171875
32_20220827 20,9478.1484375
32_20220827 21,9397.46484375
32_20220827 22,9433.4169921875
32_20220827 23,9388.470703125
32_20220828 00,9442.291015625
32_20220828 01,9425.951171875
32_20220828 02,9457.6513671875
32_20220828 03,9445.2685546875
32_20220828 04,9481.939453125
32_20220828 05,9486.7509765625
32_20220828 06,9472.509765625
32_20220828 07,9472.6845703125
32_20220828 08,9487.4794921875
32_20220828 09,9447.419921875
32_20220828 10,9480.7177734375
32_20220828 11,9522.2890625
32_20220828 12,9598.78515625
32_20220828 13,9538.8525390625
32_20220828 14,9569.3046875
32_20220828 15,9653.4345703125
32_20220828 16,9613.6455078125
32_20220828 17,9640.634765625
32_20220828 18,9642.8408203125
32_20220828 19,9673.212890625
32_20220828 20,9569.693359375
32_20220828 21,9624.361328125
32_20220828 22,9588.998046875
32_20220828 23,9605.423828125
32_20220829 00,9638.001953125
32_20220829 01,9638.1572265625
32_20220829 02,9645.794921875
32_20220829 03,9603.6943359375
32_20220829 04,9578.8310546875
32_20220829 05,9567.2685546875
32_20220829 06,9571.21875
32_20220829 07,9608.4248046875
32_20220829 08,9637.525390625
32_20220829 09,9628.853515625
32_20220829 10,9610.1923828125
32_20220829 11,9653.830078125
32_20220829 12,9615.640625
32_20220829 13,9659.333984375
32_20220829 14,9625.5703125
32_20220829 15,9671.8251953125
32_20220829 16,9640.296875
32_20220829 17,9572.376953125
32_20220829 18,9549.048828125
32_20220829 19,9575.787109375
32_20220829 20,9550.796875
32_20220829 21,9563.3984375
32_20220829 22,9562.998046875
32_20220829 23,9529.513671875
32_20220830 00,9534.677734375
32_20220830 01,9540.2734375
32_20220830 02,9560.287109375
32_20220830 03,9631.876953125
32_20220830 04,9651.400390625
32_20220830 05,9653.4033203125
32_20220830 06,9654.8544921875
32_20220830 07,9645.7939453125
32_20220830 08,9654.482421875
32_20220830 09,9665.2041015625
32_20220830 10,9627.728515625
32_20220830 11,9616.4423828125
32_20220830 12,9609.869140625
32_20220830 13,9613.560546875
32_20220830 14,9614.056640625
32_20220830 15,9643.939453125
32_20220830 16,9634.046875
32_20220830 17,9641.1533203125
32_20220830 18,9638.0419921875
32_20220830 19,9673.884765625
32_20220830 20,9664.6767578125
32_20220830 21,9683.091796875
32_20220830 22,9678.244140625
32_20220830 23,9661.666015625
32_20220831 00,9612.37109375
32_20220831 01,9602.546875
32_20220831 02,9630.1845703125
32_20220831 03,9648.05078125
32_20220831 04,9654.34375
32_20220831 05,9655.5185546875
32_20220831 06,9657.8896484375
32_20220831 07,9666.564453125
32_20220831 08,9663.990234375
32_20220831 09,9660.4990234375
32_20220831 10,9657.0830078125
32_20220831 11,9656.9716796875
32_20220831 12,9689.521484375
32_20220831 13,9686.2451171875
32_20220831 14,9704.9560546875
32_20220831 15,9719.4287109375
32_20220831 16,9724.64453125
32_20220831 17,9734.158203125
32_20220831 18,9672.7626953125
32_20220831 19,9672.12109375
32_20220831 20,9663.6015625
32_20220831 21,9619.908203125
32_20220831 22,9596.607421875
32_20220831 23,9591.8095703125
33_20220825 00,8614.25390625
33_20220825 01,8568.0625
33_20220825 02,8581.98046875
33_20220825 03,8572.072265625
33_20220825 04,8558.23046875
33_20220825 05,8564.771484375
33_20220825 06,8563.1201171875
33_20220825 07,8580.091796875
33_20220825 08,8621.791015625
33_20220825 09,8663.96875
33_20220825 10,8713.3369140625
33_20220825 11,8733.8935546875
33_20220825 12,8746.2412109375
33_20220825 13,8739.427734375
33_20220825 14,8760.392578125
33_20220825 15,8666.0205078125
33_20220825 16,8671.00390625
33_20220825 17,8701.123046875
33_20220825 18,8661.251953125
33_20220825 19,8657.685546875
33_20220825 20,8585.314453125
33_20220825 21,8611.4560546875
33_20220825 22,8613.986328125
33_20220825 23,8570.880859375
33_20220826 00,8556.0390625
33_20220826 01,8532.537109375
33_20220826 02,8532.2490234375
33_20220826 03,8534.966796875
33_20220826 04,8540.119140625
33_20220826 05,8551.1064453125
33_20220826 06,8554.830078125
33_20220826 07,8572.0009765625
33_20220826 08,8628.0380859375
33_20220826 09,8661.83203125
33_20220826 10,8721.1083984375
33_20220826 11,8793.955078125
33_20220826 12,8768.986328125
33_20220826 13,8770.9697265625
33_20220826 14,8760.513671875
33_20220826 15,8796.783203125
33_20220826 16,8742.4560546875
33_20220826 17,8743.8955078125
33_20220826 18,8745.1923828125
33_20220826 19,8663.763671875
33_20220826 20,8654.845703125
33_20220826 21,8669.001953125
33_20220826 22,8678.033203125
33_20220826 23,8676.1142578125
33_20220827 00,8666.7451171875
33_20220827 01,8605.7294921875
33_20220827 02,8604.8916015625
33_20220827 03,8572.294921875
33_20220827 04,8540.7890625
33_20220827 05,8526.041015625
33_20220827 06,8538.666015625
33_20220827 07,8529.3310546875
33_20220827 08,8525.39453125
33_20220827 09,8507.2666015625
33_20220827 10,8510.1943359375
33_20220827 11,8516.4326171875
33_20220827 12,8572.720703125
33_20220827 13,8549.376953125
33_20220827 14,8622.4990234375
33_20220827 15,8586.7841796875
33_20220827 16,8616.9501953125
33_20220827 17,8622.138671875
33_20220827 18,8561.3017578125
33_20220827 19,8515.2958984375
33_20220827 20,8515.3857421875
33_20220827 21,8526.498046875
33_20220827 22,8543.0546875
33_20220827 23,8532.7158203125
33_20220828 00,8525.330078125
33_20220828 01,8501.087890625
33_20220828 02,8481.7099609375
33_20220828 03,8473.115234375
33_20220828 04,8497.0576171875
33_20220828 05,8499.9140625
33_20220828 06,8503.787109375
33_20220828 07,8520.314453125
33_20220828 08,8542.3056640625
33_20220828 09,8542.314453125
33_20220828 10,8550.1953125
33_20220828 11,8601.9072265625
33_20220828 12,8600.859375
33_20220828 13,8585.013671875
33_20220828 14,8628.2958984375
33_20220828 15,8632.2734375
33_20220828 16,8621.822265625
33_20220828 17,8610.2919921875
33_20220828 18,8587.8447265625
33_20220828 19,8598.2451171875
33_20220828 20,8565.6640625
33_20220828 21,8603.478515625
33_20220828 22,8593.3515625
33_20220828 23,8599.75
33_20220829 00,8624.5634765625
33_20220829 01,8551.099609375
33_20220829 02,8559.6513671875
33_20220829 03,8546.990234375
33_20220829 04,8531.3720703125
33_20220829 05,8528.990234375
33_20220829 06,8563.5732421875
33_20220829 07,8583.5126953125
33_20220829 08,8656.783203125
33_20220829 09,8673.138671875
33_20220829 10,8710.6474609375
33_20220829 11,8719.794921875
33_20220829 12,8719.7119140625
33_20220829 13,8729.5654296875
33_20220829 14,8721.4716796875
33_20220829 15,8732.578125
33_20220829 16,8691.615234375
33_20220829 17,8666.28125
33_20220829 18,8656.7578125
33_20220829 19,8647.841796875
33_20220829 20,8592.775390625
33_20220829 21,8615.2880859375
33_20220829 22,8628.3701171875
33_20220829 23,8621.494140625
33_20220830 00,8625.3681640625
33_20220830 01,8606.837890625
33_20220830 02,8566.0859375
33_20220830 03,8576.697265625
33_20220830 04,8596.3876953125
33_20220830 05,8604.4375
33_20220830 06,8621.359375
33_20220830 07,8611.185546875
33_20220830 08,8688.2587890625
33_20220830 09,8691.025390625
33_20220830 10,8763.6982421875
33_20220830 11,8752.130859375
33_20220830 12,8739.021484375
33_20220830 13,8764.6806640625
33_20220830 14,8744.6845703125
33_20220830 15,8747.5419921875
33_20220830 16,8716.138671875
33_20220830 17,8719.4580078125
33_20220830 18,8707.8134765625
33_20220830 19,8696.5419921875
33_20220830 20,8648.4501953125
33_20220830 21,8663.40234375
33_20220830 22,8674.552734375
33_20220830 23,8667.744140625
33_20220831 00,8593.9931640625
33_20220831 01,8577.748046875
33_20220831 02,8582.3935546875
33_20220831 03,8578.4140625
33_20220831 04,8576.6591796875
33_20220831 05,8577.255859375
33_20220831 06,8591.9970703125
33_20220831 07,8595.49609375
33_20220831 08,8619.4501953125
33_20220831 09,8667.2138671875
33_20220831 10,8689.791015625
33_20220831 11,8731.1962890625
33_20220831 12,8729.6435546875
33_20220831 13,8729.330078125
33_20220831 14,8740.060546875
33_20220831 15,8736.7294921875
33_20220831 16,8734.611328125
33_20220831 17,8755.6220703125
33_20220831 18,8686.890625
33_20220831 19,8676.5419921875
33_20220831 20,8623.6376953125
33_20220831 21,8625.296875
33_20220831 22,8615.4609375
33_20220831 23,8569.787109375
34_20220825 00,3232.468017578125
34_20220825 01,3229.369873046875
34_20220825 02,3245.369140625
34_20220825 03,3231.881591796875
34_20220825 04,3204.984619140625
34_20220825 05,3201.74853515625
34_20220825 06,3197.97412109375
34_20220825 07,3199.47509765625
34_20220825 08,3239.150390625
34_20220825 09,3241.54833984375
34_20220825 10,3280.434814453125
34_20220825 11,3314.270263671875
34_20220825 12,3306.949951171875
34_20220825 13,3299.578125
34_20220825 14,3310.663330078125
34_20220825 15,3243.22021484375
34_20220825 16,3268.02392578125
34_20220825 17,3276.06982421875
34_20220825 18,3258.06298828125
34_20220825 19,3249.33251953125
34_20220825 20,3203.936279296875
34_20220825 21,3216.375732421875
34_20220825 22,3200.120849609375
34_20220825 23,3167.45361328125
34_20220826 00,3164.90673828125
34_20220826 01,3167.21630859375
34_20220826 02,3179.75537109375
34_20220826 03,3190.19384765625
34_20220826 04,3156.764892578125
34_20220826 05,3154.764892578125
34_20220826 06,3186.49462890625
34_20220826 07,3193.005859375
34_20220826 08,3216.17919921875
34_20220826 09,3286.67138671875
34_20220826 10,3304.04443359375
34_20220826 11,3308.21630859375
34_20220826 12,3338.213623046875
34_20220826 13,3324.162841796875
34_20220826 14,3305.572998046875
34_20220826 15,3322.188232421875
34_20220826 16,3325.51123046875
34_20220826 17,3309.046142578125
34_20220826 18,3287.174560546875
34_20220826 19,3285.97412109375
34_20220826 20,3311.04296875
34_20220826 21,3313.16162109375
34_20220826 22,3310.25634765625
34_20220826 23,3290.69140625
34_20220827 00,3303.92919921875
34_20220827 01,3274.8583984375
34_20220827 02,3252.871337890625
34_20220827 03,3229.29248046875
34_20220827 04,3217.787841796875
34_20220827 05,3196.87353515625
34_20220827 06,3229.94189453125
34_20220827 07,3216.037841796875
34_20220827 08,3267.0302734375
34_20220827 09,3225.15771484375
34_20220827 10,3242.786376953125
34_20220827 11,3207.291748046875
34_20220827 12,3255.7021484375
34_20220827 13,3221.423828125
34_20220827 14,3235.379638671875
34_20220827 15,3210.568359375
34_20220827 16,3201.911865234375
34_20220827 17,3210.63427734375
34_20220827 18,3233.499267578125
34_20220827 19,3228.251220703125
34_20220827 20,3201.018310546875
34_20220827 21,3219.7060546875
34_20220827 22,3219.196044921875
34_20220827 23,3212.491455078125
34_20220828 00,3184.755859375
34_20220828 01,3145.147705078125
34_20220828 02,3170.521728515625
34_20220828 03,3160.596435546875
34_20220828 04,3184.61083984375
34_20220828 05,3186.76123046875
34_20220828 06,3213.576171875
34_20220828 07,3215.61083984375
34_20220828 08,3242.827880859375
34_20220828 09,3250.330078125
34_20220828 10,3281.18359375
34_20220828 11,3275.043701171875
34_20220828 12,3236.56591796875
34_20220828 13,3240.05224609375
34_20220828 14,3250.41650390625
34_20220828 15,3250.900146484375
34_20220828 16,3283.58056640625
34_20220828 17,3284.867919921875
34_20220828 18,3260.934814453125
34_20220828 19,3233.95166015625
34_20220828 20,3262.55322265625
34_20220828 21,3270.505615234375
34_20220828 22,3265.480224609375
34_20220828 23,3279.30859375
34_20220829 00,3253.4375
34_20220829 01,3208.038330078125
34_20220829 02,3225.65380859375
34_20220829 03,3217.706787109375
34_20220829 04,3167.377197265625
34_20220829 05,3170.980224609375
34_20220829 06,3213.13232421875
34_20220829 07,3256.76220703125
34_20220829 08,3288.23291015625
34_20220829 09,3291.98681640625
34_20220829 10,3283.385498046875
34_20220829 11,3273.53369140625
34_20220829 12,3268.44677734375
34_20220829 13,3269.958984375
34_20220829 14,3260.70361328125
34_20220829 15,3274.80712890625
34_20220829 16,3252.422119140625
34_20220829 17,3230.63623046875
34_20220829 18,3224.32177734375
34_20220829 19,3230.163818359375
34_20220829 20,3225.9775390625
34_20220829 21,3147.83544921875
34_20220829 22,3235.939697265625
34_20220829 23,3229.05908203125
34_20220830 00,3199.06689453125
34_20220830 01,3206.962890625
34_20220830 02,3175.173583984375
34_20220830 03,3177.22705078125
34_20220830 04,3171.050537109375
34_20220830 05,3174.181640625
34_20220830 06,3202.16259765625
34_20220830 07,3202.30908203125
34_20220830 08,3252.856689453125
34_20220830 09,3294.216796875
34_20220830 10,3302.10791015625
34_20220830 11,3296.319091796875
34_20220830 12,3286.56005859375
34_20220830 13,3287.07177734375
34_20220830 14,3272.096435546875
34_20220830 15,3277.68212890625
34_20220830 16,3267.319580078125
34_20220830 17,3265.69091796875
34_20220830 18,3259.6474609375
34_20220830 19,3262.450927734375
34_20220830 20,3269.00146484375
34_20220830 21,3265.2421875
34_20220830 22,3254.226318359375
34_20220830 23,3215.102783203125
34_20220831 00,3164.20458984375
34_20220831 01,3174.776123046875
34_20220831 02,3174.796142578125
34_20220831 03,3178.743408203125
34_20220831 04,3161.643310546875
34_20220831 05,3170.014404296875
34_20220831 06,3201.05517578125
34_20220831 07,3192.980224609375
34_20220831 08,3208.76708984375
34_20220831 09,3256.490478515625
34_20220831 10,3270.960693359375
34_20220831 11,3303.79248046875
34_20220831 12,3307.22412109375
34_20220831 13,3302.52197265625
34_20220831 14,3290.80712890625
34_20220831 15,3286.306640625
34_20220831 16,3306.95361328125
34_20220831 17,3302.346923828125
34_20220831 18,3260.20556640625
34_20220831 19,3273.71044921875
34_20220831 20,3270.19287109375
34_20220831 21,3217.231201171875
34_20220831 22,3204.26953125
34_20220831 23,3161.50146484375
35_20220825 00,2122.94091796875
35_20220825 01,2124.31884765625
35_20220825 02,2122.954345703125
35_20220825 03,2114.591552734375
35_20220825 04,2103.09375
35_20220825 05,2103.86328125
35_20220825 06,2111.599609375
35_20220825 07,2122.380859375
35_20220825 08,2131.18212890625
35_20220825 09,2134.633544921875
35_20220825 10,2162.794921875
35_20220825 11,2165.65966796875
35_20220825 12,2135.39013671875
35_20220825 13,2162.1435546875
35_20220825 14,2156.937255859375
35_20220825 15,2151.75927734375
35_20220825 16,2121.642578125
35_20220825 17,2160.8701171875
35_20220825 18,2126.18408203125
35_20220825 19,2087.53515625
35_20220825 20,2074.02587890625
35_20220825 21,2085.38037109375
35_20220825 22,2092.35693359375
35_20220825 23,2091.77783203125
35_20220826 00,2081.455322265625
35_20220826 01,2075.75390625
35_20220826 02,2068.800537109375
35_20220826 03,2071.034912109375
35_20220826 04,2079.0126953125
35_20220826 05,2073.7451171875
35_20220826 06,2086.72412109375
35_20220826 07,2088.65283203125
35_20220826 08,2085.216552734375
35_20220826 09,2131.89208984375
35_20220826 10,2131.978515625
35_20220826 11,2147.974365234375
35_20220826 12,2154.357421875
35_20220826 13,2158.14404296875
35_20220826 14,2149.11572265625
35_20220826 15,2191.975341796875
35_20220826 16,2134.7607421875
35_20220826 17,2170.38330078125
35_20220826 18,2154.563232421875
35_20220826 19,2144.40625
35_20220826 20,2126.92333984375
35_20220826 21,2132.47314453125
35_20220826 22,2131.43798828125
35_20220826 23,2135.06005859375
35_20220827 00,2147.01708984375
35_20220827 01,2141.036376953125
35_20220827 02,2114.935302734375
35_20220827 03,2116.382568359375
35_20220827 04,2120.405029296875
35_20220827 05,2117.50146484375
35_20220827 06,2112.27490234375
35_20220827 07,2099.8369140625
35_20220827 08,2107.00830078125
35_20220827 09,2088.99560546875
35_20220827 10,2081.635009765625
35_20220827 11,2088.886474609375
35_20220827 12,2106.577392578125
35_20220827 13,2099.031982421875
35_20220827 14,2102.13720703125
35_20220827 15,2103.489990234375
35_20220827 16,2086.735107421875
35_20220827 17,2089.7802734375
35_20220827 18,2101.543701171875
35_20220827 19,2095.212158203125
35_20220827 20,2088.04736328125
35_20220827 21,2073.13671875
35_20220827 22,2087.516357421875
35_20220827 23,2092.9091796875
35_20220828 00,2089.82080078125
35_20220828 01,2089.426513671875
35_20220828 02,2082.229248046875
35_20220828 03,2071.641845703125
35_20220828 04,2080.95947265625
35_20220828 05,2093.9658203125
35_20220828 06,2099.500732421875
35_20220828 07,2108.08935546875
35_20220828 08,2102.9140625
35_20220828 09,2091.40478515625
35_20220828 10,2099.053955078125
35_20220828 11,2090.224365234375
35_20220828 12,2084.30126953125
35_20220828 13,2106.91748046875
35_20220828 14,2088.981201171875
35_20220828 15,2098.473876953125
35_20220828 16,2108.321044921875
35_20220828 17,2114.74072265625
35_20220828 18,2103.664794921875
35_20220828 19,2088.694091796875
35_20220828 20,2088.16650390625
35_20220828 21,2108.57470703125
35_20220828 22,2107.14697265625
35_20220828 23,2119.42041015625
35_20220829 00,2119.498046875
35_20220829 01,2116.56982421875
35_20220829 02,2115.33642578125
35_20220829 03,2113.2412109375
35_20220829 04,2109.3955078125
35_20220829 05,2107.919189453125
35_20220829 06,2112.307861328125
35_20220829 07,2118.58837890625
35_20220829 08,2081.244873046875
35_20220829 09,2114.06494140625
35_20220829 10,2108.94775390625
35_20220829 11,2111.87353515625
35_20220829 12,2103.73779296875
35_20220829 13,2107.6181640625
35_20220829 14,2097.032470703125
35_20220829 15,2141.156005859375
35_20220829 16,2078.24072265625
35_20220829 17,2107.340087890625
35_20220829 18,2071.56103515625
35_20220829 19,2068.018798828125
35_20220829 20,2040.718505859375
35_20220829 21,2052.015380859375
35_20220829 22,2053.33203125
35_20220829 23,2057.3642578125
35_20220830 00,2051.6611328125
35_20220830 01,2057.76806640625
35_20220830 02,2065.496337890625
35_20220830 03,2061.09423828125
35_20220830 04,2077.58203125
35_20220830 05,2089.521240234375
35_20220830 06,2096.0029296875
35_20220830 07,2096.72265625
35_20220830 08,2091.623046875
35_20220830 09,2129.6875
35_20220830 10,2133.10498046875
35_20220830 11,2123.411865234375
35_20220830 12,2120.900146484375
35_20220830 13,2139.298828125
35_20220830 14,2120.969970703125
35_20220830 15,2143.06689453125
35_20220830 16,2103.8876953125
35_20220830 17,2138.99560546875
35_20220830 18,2095.18017578125
35_20220830 19,2101.686279296875
35_20220830 20,2066.476806640625
35_20220830 21,2065.861083984375
35_20220830 22,2068.202880859375
35_20220830 23,2066.016357421875
35_20220831 00,2073.36669921875
35_20220831 01,2081.956298828125
35_20220831 02,2086.257080078125
35_20220831 03,2086.490966796875
35_20220831 04,2080.074462890625
35_20220831 05,2083.91162109375
35_20220831 06,2089.767333984375
35_20220831 07,2099.620361328125
35_20220831 08,2094.638671875
35_20220831 09,2096.14013671875
35_20220831 10,2128.850341796875
35_20220831 11,2140.44384765625
35_20220831 12,2129.26611328125
35_20220831 13,2127.057861328125
35_20220831 14,2122.4375
35_20220831 15,2153.577880859375
35_20220831 16,2109.15087890625
35_20220831 17,2172.75146484375
35_20220831 18,2128.70751953125
35_20220831 19,2099.84326171875
35_20220831 20,2101.19677734375
35_20220831 21,2087.1865234375
35_20220831 22,2086.19677734375
35_20220831 23,2097.0244140625
36_20220825 00,2827.513671875
36_20220825 01,2840.447265625
36_20220825 02,2828.333984375
36_20220825 03,2828.0263671875
36_20220825 04,2825.12451171875
36_20220825 05,2817.88232421875
36_20220825 06,2827.90771484375
36_20220825 07,2836.22802734375
36_20220825 08,2859.92626953125
36_20220825 09,2854.82080078125
36_20220825 10,2875.35498046875
36_20220825 11,2881.025390625
36_20220825 12,2878.63037109375
36_20220825 13,2875.03466796875
36_20220825 14,2877.33447265625
36_20220825 15,2877.43212890625
36_20220825 16,2856.38720703125
36_20220825 17,2843.32275390625
36_20220825 18,2838.67626953125
36_20220825 19,2813.67578125
36_20220825 20,2805.300537109375
36_20220825 21,2819.7109375
36_20220825 22,2814.1123046875
36_20220825 23,2807.89990234375
36_20220826 00,2806.891357421875
36_20220826 01,2803.85009765625
36_20220826 02,2809.21240234375
36_20220826 03,2821.57373046875
36_20220826 04,2814.38134765625
36_20220826 05,2811.901123046875
36_20220826 06,2822.11474609375
36_20220826 07,2821.024169921875
36_20220826 08,2823.645751953125
36_20220826 09,2832.752197265625
36_20220826 10,2856.07275390625
36_20220826 11,2844.28076171875
36_20220826 12,2852.25244140625
36_20220826 13,2884.644287109375
36_20220826 14,2875.718017578125
36_20220826 15,2884.05712890625
36_20220826 16,2915.993896484375
36_20220826 17,2890.987548828125
36_20220826 18,2887.106201171875
36_20220826 19,2883.678955078125
36_20220826 20,2858.443115234375
36_20220826 21,2865.2529296875
36_20220826 22,2859.947021484375
36_20220826 23,2864.942626953125
36_20220827 00,2866.044189453125
36_20220827 01,2876.416259765625
36_20220827 02,2836.988525390625
36_20220827 03,2829.381591796875
36_20220827 04,2830.75830078125
36_20220827 05,2828.63525390625
36_20220827 06,2819.66748046875
36_20220827 07,2828.20849609375
36_20220827 08,2834.58740234375
36_20220827 09,2798.6953125
36_20220827 10,2799.24267578125
36_20220827 11,2797.111083984375
36_20220827 12,2809.31005859375
36_20220827 13,2808.16748046875
36_20220827 14,2830.228271484375
36_20220827 15,2826.67822265625
36_20220827 16,2824.447021484375
36_20220827 17,2818.39697265625
36_20220827 18,2797.70654296875
36_20220827 19,2790.24462890625
36_20220827 20,2772.47314453125
36_20220827 21,2792.3916015625
36_20220827 22,2804.52685546875
36_20220827 23,2821.982421875
36_20220828 00,2804.644287109375
36_20220828 01,2823.08154296875
36_20220828 02,2818.15185546875
36_20220828 03,2807.71142578125
36_20220828 04,2816.90673828125
36_20220828 05,2817.733154296875
36_20220828 06,2819.821533203125
36_20220828 07,2814.33154296875
36_20220828 08,2813.904296875
36_20220828 09,2804.846923828125
36_20220828 10,2817.321533203125
36_20220828 11,2807.7255859375
36_20220828 12,2810.34375
36_20220828 13,2802.565185546875
36_20220828 14,2818.013671875
36_20220828 15,2843.39892578125
36_20220828 16,2838.306640625
36_20220828 17,2848.671875
36_20220828 18,2829.79443359375
36_20220828 19,2831.180908203125
36_20220828 20,2838.13037109375
36_20220828 21,2851.105224609375
36_20220828 22,2843.404296875
36_20220828 23,2826.93310546875
36_20220829 00,2825.8896484375
36_20220829 01,2828.649169921875
36_20220829 02,2819.26220703125
36_20220829 03,2817.040771484375
36_20220829 04,2818.456298828125
36_20220829 05,2814.4765625
36_20220829 06,2830.98876953125
36_20220829 07,2824.2919921875
36_20220829 08,2825.90380859375
36_20220829 09,2824.6630859375
36_20220829 10,2830.16748046875
36_20220829 11,2830.20751953125
36_20220829 12,2837.88134765625
36_20220829 13,2820.358642578125
36_20220829 14,2831.151123046875
36_20220829 15,2833.826904296875
36_20220829 16,2805.427490234375
36_20220829 17,2805.050537109375
36_20220829 18,2792.39453125
36_20220829 19,2779.58349609375
36_20220829 20,2774.30126953125
36_20220829 21,2785.64697265625
36_20220829 22,2794.313232421875
36_20220829 23,2795.615966796875
36_20220830 00,2795.733642578125
36_20220830 01,2792.01708984375
36_20220830 02,2806.29443359375
36_20220830 03,2811.78271484375
36_20220830 04,2822.011962890625
36_20220830 05,2832.031005859375
36_20220830 06,2825.93994140625
36_20220830 07,2830.95166015625
36_20220830 08,2833.131103515625
36_20220830 09,2832.744384765625
36_20220830 10,2842.9892578125
36_20220830 11,2850.7646484375
36_20220830 12,2848.940185546875
36_20220830 13,2849.50390625
36_20220830 14,2844.899658203125
36_20220830 15,2845.406494140625
36_20220830 16,2832.885986328125
36_20220830 17,2828.178466796875
36_20220830 18,2808.831298828125
36_20220830 19,2788.15673828125
36_20220830 20,2784.94287109375
36_20220830 21,2795.5234375
36_20220830 22,2807.408203125
36_20220830 23,2817.32568359375
36_20220831 00,2814.44482421875
36_20220831 01,2816.86572265625
36_20220831 02,2820.30712890625
36_20220831 03,2821.71923828125
36_20220831 04,2822.73486328125
36_20220831 05,2822.16064453125
36_20220831 06,2824.966796875
36_20220831 07,2826.85546875
36_20220831 08,2840.54248046875
36_20220831 09,2837.53173828125
36_20220831 10,2842.669921875
36_20220831 11,2837.44873046875
36_20220831 12,2829.16552734375
36_20220831 13,2836.44091796875
36_20220831 14,2835.95166015625
36_20220831 15,2858.5830078125
36_20220831 16,2859.48046875
36_20220831 17,2852.901123046875
36_20220831 18,2832.008544921875
36_20220831 19,2836.59716796875
36_20220831 20,2812.05859375
36_20220831 21,2831.7080078125
36_20220831 22,2839.138916015625
36_20220831 23,2837.272216796875
37_20220825 00,1157.9073486328125
37_20220825 01,1107.960205078125
37_20220825 02,1096.584716796875
37_20220825 03,1070.203857421875
37_20220825 04,1044.0089111328125
37_20220825 05,995.22900390625
37_20220825 06,1364.7198486328125
37_20220825 07,3223.331298828125
37_20220825 08,4268.61962890625
37_20220825 09,4965.22412109375
37_20220825 10,5493.1533203125
37_20220825 11,5404.2509765625
37_20220825 12,5485.8486328125
37_20220825 13,5462.48046875
37_20220825 14,5397.42041015625
37_20220825 15,5184.0986328125
37_20220825 16,5267.31640625
37_20220825 17,5282.447265625
37_20220825 18,4785.3896484375
37_20220825 19,4382.02099609375
37_20220825 20,2613.971923828125
37_20220825 21,2059.79345703125
37_20220825 22,1447.350341796875
37_20220825 23,1072.8951416015625
37_20220826 00,1140.288818359375
37_20220826 01,1085.110595703125
37_20220826 02,1075.593994140625
37_20220826 03,1042.9080810546875
37_20220826 04,1028.333984375
37_20220826 05,983.4573364257812
37_20220826 06,1392.4654541015625
37_20220826 07,3165.631591796875
37_20220826 08,4157.236328125
37_20220826 09,4996.54150390625
37_20220826 10,5346.8544921875
37_20220826 11,5302.81640625
37_20220826 12,5288.53564453125
37_20220826 13,5325.7197265625
37_20220826 14,5301.6494140625
37_20220826 15,5346.2841796875
37_20220826 16,5257.09521484375
37_20220826 17,5230.74951171875
37_20220826 18,4685.6533203125
37_20220826 19,4463.0712890625
37_20220826 20,3299.086669921875
37_20220826 21,2106.523681640625
37_20220826 22,1492.5145263671875
37_20220826 23,1094.3958740234375
37_20220827 00,1143.8941650390625
37_20220827 01,1061.294677734375
37_20220827 02,1062.9271240234375
37_20220827 03,1041.881591796875
37_20220827 04,1029.4766845703125
37_20220827 05,980.9231567382812
37_20220827 06,1351.07177734375
37_20220827 07,3016.911376953125
37_20220827 08,4008.862548828125
37_20220827 09,4725.38037109375
37_20220827 10,5186.1181640625
37_20220827 11,5198.02197265625
37_20220827 12,5248.07666015625
37_20220827 13,5175.28173828125
37_20220827 14,5197.7880859375
37_20220827 15,5147.02587890625
37_20220827 16,5056.64892578125
37_20220827 17,5066.90234375
37_20220827 18,4687.6806640625
37_20220827 19,4452.05517578125
37_20220827 20,3402.910888671875
37_20220827 21,2028.652587890625
37_20220827 22,1471.1195068359375
37_20220827 23,986.1423950195312
37_20220828 00,1041.263671875
37_20220828 01,995.9832763671875
37_20220828 02,1002.8391723632812
37_20220828 03,988.08935546875
37_20220828 04,982.8317260742188
37_20220828 05,949.62158203125
37_20220828 06,1305.6243896484375
37_20220828 07,2860.544921875
37_20220828 08,3892.60693359375
37_20220828 09,4670.0966796875
37_20220828 10,5212.81591796875
37_20220828 11,5216.42236328125
37_20220828 12,5193.58203125
37_20220828 13,5129.2470703125
37_20220828 14,5247.81396484375
37_20220828 15,5100.646484375
37_20220828 16,5192.044921875
37_20220828 17,5226.5048828125
37_20220828 18,4679.1318359375
37_20220828 19,4482.89306640625
37_20220828 20,3466.60546875
37_20220828 21,2045.2650146484375
37_20220828 22,1444.979736328125
37_20220828 23,1031.774658203125
37_20220829 00,1086.787109375
37_20220829 01,1076.6280517578125
37_20220829 02,1084.4808349609375
37_20220829 03,1056.1383056640625
37_20220829 04,1029.125
37_20220829 05,981.1304931640625
37_20220829 06,1353.1790771484375
37_20220829 07,3192.389404296875
37_20220829 08,4025.02734375
37_20220829 09,4824.02001953125
37_20220829 10,5263.310546875
37_20220829 11,5274.0712890625
37_20220829 12,5281.74072265625
37_20220829 13,5277.24462890625
37_20220829 14,5146.0869140625
37_20220829 15,5137.55615234375
37_20220829 16,5079.2626953125
37_20220829 17,4989.7958984375
37_20220829 18,4401.2568359375
37_20220829 19,4006.918701171875
37_20220829 20,2532.6416015625
37_20220829 21,1962.9130859375
37_20220829 22,1403.276123046875
37_20220829 23,1067.5240478515625
37_20220830 00,1071.767822265625
37_20220830 01,1060.65869140625
37_20220830 02,1059.8575439453125
37_20220830 03,1020.1688232421875
37_20220830 04,1012.3656005859375
37_20220830 05,972.1466674804688
37_20220830 06,1344.535888671875
37_20220830 07,3039.77197265625
37_20220830 08,4118.37353515625
37_20220830 09,4775.978515625
37_20220830 10,5204.18115234375
37_20220830 11,5229.28369140625
37_20220830 12,5245.9560546875
37_20220830 13,5261.4892578125
37_20220830 14,5205.2587890625
37_20220830 15,5200.01171875
37_20220830 16,5144.9306640625
37_20220830 17,5063.2919921875
37_20220830 18,4742.625
37_20220830 19,4373.30712890625
37_20220830 20,2473.373046875
37_20220830 21,2030.7288818359375
37_20220830 22,1385.588623046875
37_20220830 23,1048.196533203125
37_20220831 00,1059.6561279296875
37_20220831 01,1055.7275390625
37_20220831 02,1059.70703125
37_20220831 03,1032.305908203125
37_20220831 04,1017.7547607421875
37_20220831 05,972.865234375
37_20220831 06,1336.189697265625
37_20220831 07,3073.212646484375
37_20220831 08,4051.954345703125
37_20220831 09,4845.89306640625
37_20220831 10,5237.6611328125
37_20220831 11,5310.67041015625
37_20220831 12,5374.61279296875
37_20220831 13,5370.16015625
37_20220831 14,5248.85302734375
37_20220831 15,5200.341796875
37_20220831 16,5187.7373046875
37_20220831 17,5235.2705078125
37_20220831 18,4662.57666015625
37_20220831 19,4417.80224609375
37_20220831 20,2644.977783203125
37_20220831 21,2060.714599609375
37_20220831 22,1406.0745849609375
37_20220831 23,1062.3897705078125
38_20220825 00,559.3970947265625
38_20220825 01,559.8311157226562
38_20220825 02,556.481689453125
38_20220825 03,520.0870361328125
38_20220825 04,502.1648864746094
38_20220825 05,514.4647827148438
38_20220825 06,695.2781982421875
38_20220825 07,852.3342895507812
38_20220825 08,1424.520263671875
38_20220825 09,2755.869873046875
38_20220825 10,3204.713134765625
38_20220825 11,3187.212890625
38_20220825 12,3169.6240234375
38_20220825 13,3125.862060546875
38_20220825 14,3098.77294921875
38_20220825 15,2902.914306640625
38_20220825 16,2938.50732421875
38_20220825 17,2957.7958984375
38_20220825 18,2942.369384765625
38_20220825 19,2699.71484375
38_20220825 20,1337.479248046875
38_20220825 21,855.2279052734375
38_20220825 22,614.623046875
38_20220825 23,553.2819213867188
38_20220826 00,551.0037841796875
38_20220826 01,556.4758911132812
38_20220826 02,559.4711303710938
38_20220826 03,509.6658630371094
38_20220826 04,505.98284912109375
38_20220826 05,516.4739379882812
38_20220826 06,695.9124755859375
38_20220826 07,847.4781494140625
38_20220826 08,1395.8411865234375
38_20220826 09,2765.797119140625
38_20220826 10,3208.3984375
38_20220826 11,3241.231201171875
38_20220826 12,3185.55419921875
38_20220826 13,3126.94384765625
38_20220826 14,3051.925048828125
38_20220826 15,3011.15478515625
38_20220826 16,2993.177001953125
38_20220826 17,2945.67333984375
38_20220826 18,3002.386962890625
38_20220826 19,2791.408935546875
38_20220826 20,1847.5474853515625
38_20220826 21,895.1533203125
38_20220826 22,629.6318359375
38_20220826 23,563.9612426757812
38_20220827 00,558.7327880859375
38_20220827 01,568.086181640625
38_20220827 02,549.8804321289062
38_20220827 03,515.294189453125
38_20220827 04,509.5634765625
38_20220827 05,514.438232421875
38_20220827 06,660.22412109375
38_20220827 07,855.3855590820312
38_20220827 08,1310.845458984375
38_20220827 09,2734.2177734375
38_20220827 10,3147.46240234375
38_20220827 11,3118.10009765625
38_20220827 12,3163.439453125
38_20220827 13,3119.01611328125
38_20220827 14,3121.3017578125
38_20220827 15,3089.396484375
38_20220827 16,3023.95263671875
38_20220827 17,3012.46044921875
38_20220827 18,3010.6904296875
38_20220827 19,2808.490478515625
38_20220827 20,1953.498291015625
38_20220827 21,841.0595703125
38_20220827 22,604.4295043945312
38_20220827 23,499.4300231933594
38_20220828 00,549.5612182617188
38_20220828 01,550.4619140625
38_20220828 02,526.8240966796875
38_20220828 03,494.2062072753906
38_20220828 04,489.89630126953125
38_20220828 05,496.33062744140625
38_20220828 06,633.8140258789062
38_20220828 07,854.1682739257812
38_20220828 08,1279.7469482421875
38_20220828 09,2702.616455078125
38_20220828 10,3119.396484375
38_20220828 11,3112.479736328125
38_20220828 12,3101.72802734375
38_20220828 13,3059.745361328125
38_20220828 14,3046.52490234375
38_20220828 15,3019.32958984375
38_20220828 16,2977.88720703125
38_20220828 17,2970.56103515625
38_20220828 18,2992.50634765625
38_20220828 19,2789.095947265625
38_20220828 20,1967.6038818359375
38_20220828 21,865.9210815429688
38_20220828 22,599.54541015625
38_20220828 23,520.3294067382812
38_20220829 00,584.3902587890625
38_20220829 01,586.2169189453125
38_20220829 02,585.4730224609375
38_20220829 03,540.3090209960938
38_20220829 04,527.4160766601562
38_20220829 05,536.0145263671875
38_20220829 06,722.2089233398438
38_20220829 07,867.6953125
38_20220829 08,1363.968994140625
38_20220829 09,2497.928466796875
38_20220829 10,3058.58642578125
38_20220829 11,3050.648193359375
38_20220829 12,3018.959716796875
38_20220829 13,3027.592529296875
38_20220829 14,2995.65234375
38_20220829 15,2904.67333984375
38_20220829 16,2749.826171875
38_20220829 17,2687.119384765625
38_20220829 18,2671.17041015625
38_20220829 19,2441.10205078125
38_20220829 20,1370.729248046875
38_20220829 21,863.6866455078125
38_20220829 22,652.3790893554688
38_20220829 23,593.137939453125
38_20220830 00,580.1224365234375
38_20220830 01,577.4609985351562
38_20220830 02,580.2666015625
38_20220830 03,530.9960327148438
38_20220830 04,529.4423828125
38_20220830 05,541.3186645507812
38_20220830 06,723.3504638671875
38_20220830 07,881.7886962890625
38_20220830 08,1499.820556640625
38_20220830 09,2713.09130859375
38_20220830 10,3123.465087890625
38_20220830 11,3147.63818359375
38_20220830 12,3148.13525390625
38_20220830 13,3145.996826171875
38_20220830 14,3135.51318359375
38_20220830 15,3067.92138671875
38_20220830 16,2994.9375
38_20220830 17,2990.897216796875
38_20220830 18,2919.14306640625
38_20220830 19,2774.798828125
38_20220830 20,1354.141357421875
38_20220830 21,868.11376953125
38_20220830 22,641.9456176757812
38_20220830 23,582.6771240234375
38_20220831 00,571.3634033203125
38_20220831 01,576.0255126953125
38_20220831 02,579.1009521484375
38_20220831 03,531.350830078125
38_20220831 04,507.252685546875
38_20220831 05,535.9105834960938
38_20220831 06,708.9447021484375
38_20220831 07,857.4577026367188
38_20220831 08,1385.095947265625
38_20220831 09,2644.12451171875
38_20220831 10,3121.61328125
38_20220831 11,3177.95068359375
38_20220831 12,3158.23583984375
38_20220831 13,3133.73095703125
38_20220831 14,3096.55126953125
38_20220831 15,3067.540283203125
38_20220831 16,2989.43115234375
38_20220831 17,2957.2783203125
38_20220831 18,2918.407958984375
38_20220831 19,2764.57666015625
38_20220831 20,1337.210205078125
38_20220831 21,837.1070556640625
38_20220831 22,613.99609375
38_20220831 23,552.9644165039062
39_20220825 00,611.695556640625
39_20220825 01,634.0377807617188
39_20220825 02,592.5452880859375
39_20220825 03,591.4945068359375
39_20220825 04,618.9447021484375
39_20220825 05,619.4971313476562
39_20220825 06,668.6984252929688
39_20220825 07,1537.31494140625
39_20220825 08,1936.337158203125
39_20220825 09,2793.59326171875
39_20220825 10,3593.56689453125
39_20220825 11,3741.22216796875
39_20220825 12,3791.51171875
39_20220825 13,3757.369873046875
39_20220825 14,3704.86376953125
39_20220825 15,3656.91162109375
39_20220825 16,3609.935546875
39_20220825 17,3569.44384765625
39_20220825 18,3514.834716796875
39_20220825 19,3348.928955078125
39_20220825 20,1975.4791259765625
39_20220825 21,1395.248291015625
39_20220825 22,1138.1768798828125
39_20220825 23,735.9846801757812
39_20220826 00,603.7175903320312
39_20220826 01,635.7521362304688
39_20220826 02,576.5704345703125
39_20220826 03,580.4953002929688
39_20220826 04,604.0325317382812
39_20220826 05,608.0545043945312
39_20220826 06,652.6439208984375
39_20220826 07,1481.861328125
39_20220826 08,1888.4342041015625
39_20220826 09,2722.25244140625
39_20220826 10,3576.341064453125
39_20220826 11,3753.916015625
39_20220826 12,3800.13916015625
39_20220826 13,3764.376220703125
39_20220826 14,3661.58740234375
39_20220826 15,3660.02099609375
39_20220826 16,3641.96044921875
39_20220826 17,3609.78466796875
39_20220826 18,3623.837890625
39_20220826 19,3482.80908203125
39_20220826 20,2448.349853515625
39_20220826 21,1407.040283203125
39_20220826 22,1116.2091064453125
39_20220826 23,747.4241333007812
39_20220827 00,630.1219482421875
39_20220827 01,635.361328125
39_20220827 02,596.5220947265625
39_20220827 03,597.2071533203125
39_20220827 04,624.6588134765625
39_20220827 05,601.0958251953125
39_20220827 06,674.4310302734375
39_20220827 07,1475.690185546875
39_20220827 08,1812.4293212890625
39_20220827 09,2710.60595703125
39_20220827 10,3499.149658203125
39_20220827 11,3675.75830078125
39_20220827 12,3683.68212890625
39_20220827 13,3672.059326171875
39_20220827 14,3702.67724609375
39_20220827 15,3693.27001953125
39_20220827 16,3624.97607421875
39_20220827 17,3623.580810546875
39_20220827 18,3519.953125
39_20220827 19,3395.26611328125
39_20220827 20,2638.007080078125
39_20220827 21,1305.333740234375
39_20220827 22,1060.136474609375
39_20220827 23,724.6429443359375
39_20220828 00,604.7833251953125
39_20220828 01,612.133056640625
39_20220828 02,563.2596435546875
39_20220828 03,566.5494995117188
39_20220828 04,594.1134643554688
39_20220828 05,579.5836791992188
39_20220828 06,647.5455322265625
39_20220828 07,1487.0357666015625
39_20220828 08,1793.005615234375
39_20220828 09,2621.87841796875
39_20220828 10,3512.07275390625
39_20220828 11,3716.356201171875
39_20220828 12,3715.16552734375
39_20220828 13,3681.822998046875
39_20220828 14,3700.48974609375
39_20220828 15,3723.372314453125
39_20220828 16,3623.008544921875
39_20220828 17,3643.41796875
39_20220828 18,3542.095703125
39_20220828 19,3486.658935546875
39_20220828 20,2709.9931640625
39_20220828 21,1330.846435546875
39_20220828 22,1066.7818603515625
39_20220828 23,707.384765625
39_20220829 00,638.7383422851562
39_20220829 01,660.5494384765625
39_20220829 02,618.6388549804688
39_20220829 03,615.5594482421875
39_20220829 04,636.7571411132812
39_20220829 05,647.1407470703125
39_20220829 06,693.4359130859375
39_20220829 07,1403.432373046875
39_20220829 08,1752.5830078125
39_20220829 09,2479.46533203125
39_20220829 10,3237.820068359375
39_20220829 11,3379.221435546875
39_20220829 12,3376.201904296875
39_20220829 13,3369.153076171875
39_20220829 14,3288.201904296875
39_20220829 15,3258.42529296875
39_20220829 16,3221.27783203125
39_20220829 17,3214.81103515625
39_20220829 18,3155.76416015625
39_20220829 19,3075.656982421875
39_20220829 20,1881.2132568359375
39_20220829 21,1303.67626953125
39_20220829 22,1046.0911865234375
39_20220829 23,736.6036987304688
39_20220830 00,588.2406616210938
39_20220830 01,614.9256591796875
39_20220830 02,576.0370483398438
39_20220830 03,575.8738403320312
39_20220830 04,600.5602416992188
39_20220830 05,604.2484130859375
39_20220830 06,654.0471801757812
39_20220830 07,1440.851318359375
39_20220830 08,1777.6392822265625
39_20220830 09,2594.572265625
39_20220830 10,3383.326171875
39_20220830 11,3516.73779296875
39_20220830 12,3556.59716796875
39_20220830 13,3559.344482421875
39_20220830 14,3515.97412109375
39_20220830 15,3490.249267578125
39_20220830 16,3442.73974609375
39_20220830 17,3479.12548828125
39_20220830 18,3398.64794921875
39_20220830 19,3329.841796875
39_20220830 20,1913.7857666015625
39_20220830 21,1344.259521484375
39_20220830 22,1045.214111328125
39_20220830 23,717.5526733398438
39_20220831 00,592.878662109375
39_20220831 01,620.8291015625
39_20220831 02,576.8369140625
39_20220831 03,581.4818115234375
39_20220831 04,601.3427124023438
39_20220831 05,604.2686767578125
39_20220831 06,656.861328125
39_20220831 07,1449.316162109375
39_20220831 08,1788.229248046875
39_20220831 09,2559.71630859375
39_20220831 10,3404.79541015625
39_20220831 11,3556.40771484375
39_20220831 12,3649.03173828125
39_20220831 13,3662.736328125
39_20220831 14,3608.719482421875
39_20220831 15,3621.94140625
39_20220831 16,3523.82421875
39_20220831 17,3536.341064453125
39_20220831 18,3417.45849609375
39_20220831 19,3332.821044921875
39_20220831 20,1950.114501953125
39_20220831 21,1345.569091796875
39_20220831 22,1109.860595703125
39_20220831 23,745.833251953125
40_20220825 00,545.3846435546875
40_20220825 01,548.1640014648438
40_20220825 02,562.4851684570312
40_20220825 03,549.43994140625
40_20220825 04,485.6687927246094
40_20220825 05,493.33251953125
40_20220825 06,550.2930297851562
40_20220825 07,695.5652465820312
40_20220825 08,1163.6302490234375
40_20220825 09,2741.41650390625
40_20220825 10,3368.8828125
40_20220825 11,3457.012939453125
40_20220825 12,3437.4921875
40_20220825 13,3422.415283203125
40_20220825 14,3412.556640625
40_20220825 15,3363.65087890625
40_20220825 16,3372.489013671875
40_20220825 17,3302.034423828125
40_20220825 18,3227.47265625
40_20220825 19,2696.80419921875
40_20220825 20,960.3629150390625
40_20220825 21,750.0596923828125
40_20220825 22,739.04736328125
40_20220825 23,645.9156494140625
40_20220826 00,531.4984130859375
40_20220826 01,544.2503051757812
40_20220826 02,551.4283447265625
40_20220826 03,543.9609985351562
40_20220826 04,490.4566955566406
40_20220826 05,503.9095153808594
40_20220826 06,545.9058837890625
40_20220826 07,678.7825927734375
40_20220826 08,1176.13134765625
40_20220826 09,2683.2685546875
40_20220826 10,3318.715576171875
40_20220826 11,3304.705810546875
40_20220826 12,3377.281982421875
40_20220826 13,3261.625244140625
40_20220826 14,3268.287109375
40_20220826 15,3283.076904296875
40_20220826 16,3283.770263671875
40_20220826 17,3215.743896484375
40_20220826 18,3210.07861328125
40_20220826 19,3021.46533203125
40_20220826 20,1313.5133056640625
40_20220826 21,735.8610229492188
40_20220826 22,704.9266967773438
40_20220826 23,659.5990600585938
40_20220827 00,552.5914306640625
40_20220827 01,519.7410278320312
40_20220827 02,563.802001953125
40_20220827 03,537.72705078125
40_20220827 04,488.70294189453125
40_20220827 05,496.01373291015625
40_20220827 06,529.9264526367188
40_20220827 07,677.9730834960938
40_20220827 08,1229.559814453125
40_20220827 09,2600.78564453125
40_20220827 10,3659.95361328125
40_20220827 11,3714.490234375
40_20220827 12,3707.03564453125
40_20220827 13,3663.052734375
40_20220827 14,3696.70654296875
40_20220827 15,3619.66162109375
40_20220827 16,3627.864013671875
40_20220827 17,3519.876220703125
40_20220827 18,3377.58203125
40_20220827 19,3307.371826171875
40_20220827 20,1530.171630859375
40_20220827 21,675.1336669921875
40_20220827 22,641.5857543945312
40_20220827 23,575.0391845703125
40_20220828 00,516.5245361328125
40_20220828 01,473.77581787109375
40_20220828 02,517.0108642578125
40_20220828 03,491.9000549316406
40_20220828 04,449.30108642578125
40_20220828 05,438.69110107421875
40_20220828 06,497.21392822265625
40_20220828 07,624.7506103515625
40_20220828 08,1028.853759765625
40_20220828 09,2263.533935546875
40_20220828 10,3558.850830078125
40_20220828 11,3616.638671875
40_20220828 12,3657.456298828125
40_20220828 13,3659.79931640625
40_20220828 14,3617.892578125
40_20220828 15,3616.281982421875
40_20220828 16,3658.21337890625
40_20220828 17,3554.33984375
40_20220828 18,3383.799560546875
40_20220828 19,3289.928466796875
40_20220828 20,1569.319580078125
40_20220828 21,679.657958984375
40_20220828 22,653.826904296875
40_20220828 23,586.0230712890625
40_20220829 00,582.9161376953125
40_20220829 01,583.8905029296875
40_20220829 02,582.3377685546875
40_20220829 03,560.9234619140625
40_20220829 04,514.8312377929688
40_20220829 05,527.6591796875
40_20220829 06,589.6497802734375
40_20220829 07,713.1200561523438
40_20220829 08,1045.8802490234375
40_20220829 09,2370.40283203125
40_20220829 10,3270.53125
40_20220829 11,3262.50732421875
40_20220829 12,3071.25537109375
40_20220829 13,3194.010498046875
40_20220829 14,3186.951904296875
40_20220829 15,3191.506103515625
40_20220829 16,3168.8125
40_20220829 17,3165.91748046875
40_20220829 18,3091.18310546875
40_20220829 19,2512.795166015625
40_20220829 20,1015.5374145507812
40_20220829 21,769.8961181640625
40_20220829 22,751.113525390625
40_20220829 23,682.406982421875
40_20220830 00,574.5748901367188
40_20220830 01,584.0856323242188
40_20220830 02,574.4328002929688
40_20220830 03,566.93896484375
40_20220830 04,495.13507080078125
40_20220830 05,507.0775451660156
40_20220830 06,566.8984375
40_20220830 07,703.8778076171875
40_20220830 08,1166.1234130859375
40_20220830 09,2744.7158203125
40_20220830 10,3491.46826171875
40_20220830 11,3517.188232421875
40_20220830 12,3562.99169921875
40_20220830 13,3541.673095703125
40_20220830 14,3641.92041015625
40_20220830 15,3624.028564453125
40_20220830 16,3559.57568359375
40_20220830 17,3584.155517578125
40_20220830 18,3566.985107421875
40_20220830 19,2746.90966796875
40_20220830 20,970.0011596679688
40_20220830 21,794.593994140625
40_20220830 22,752.38232421875
40_20220830 23,705.4998779296875
40_20220831 00,588.5928955078125
40_20220831 01,583.1265869140625
40_20220831 02,583.6409301757812
40_20220831 03,576.8433227539062
40_20220831 04,505.0686950683594
40_20220831 05,543.6878051757812
40_20220831 06,564.6063232421875
40_20220831 07,699.3363647460938
40_20220831 08,1126.99169921875
40_20220831 09,2601.12451171875
40_20220831 10,3393.998779296875
40_20220831 11,3367.755126953125
40_20220831 12,3408.746826171875
40_20220831 13,3393.15283203125
40_20220831 14,3357.55224609375
40_20220831 15,3330.721923828125
40_20220831 16,3244.521728515625
40_20220831 17,3260.84228515625
40_20220831 18,3189.651123046875
40_20220831 19,2682.07080078125
40_20220831 20,952.1500244140625
40_20220831 21,716.0206298828125
40_20220831 22,698.6553955078125
40_20220831 23,628.3797607421875
41_20220825 00,1604.729736328125
41_20220825 01,1312.9808349609375
41_20220825 02,1128.357177734375
41_20220825 03,1079.4166259765625
41_20220825 04,1042.6285400390625
41_20220825 05,1120.689208984375
41_20220825 06,1325.7198486328125
41_20220825 07,1772.6162109375
41_20220825 08,3544.81884765625
41_20220825 09,4714.7138671875
41_20220825 10,5211.958984375
41_20220825 11,5261.271484375
41_20220825 12,5273.9501953125
41_20220825 13,5231.85498046875
41_20220825 14,5107.58935546875
41_20220825 15,5029.13037109375
41_20220825 16,5020.17041015625
41_20220825 17,4992.1572265625
41_20220825 18,5015.87646484375
41_20220825 19,4953.3056640625
41_20220825 20,3438.782470703125
41_20220825 21,2877.37451171875
41_20220825 22,2015.024658203125
41_20220825 23,1685.420166015625
41_20220826 00,1497.8802490234375
41_20220826 01,1260.567138671875
41_20220826 02,1093.1324462890625
41_20220826 03,1083.673828125
41_20220826 04,1023.6414794921875
41_20220826 05,1067.435791015625
41_20220826 06,1260.481689453125
41_20220826 07,1735.771484375
41_20220826 08,3477.26025390625
41_20220826 09,4952.25830078125
41_20220826 10,5281.2490234375
41_20220826 11,5256.66162109375
41_20220826 12,5211.1328125
41_20220826 13,5166.86083984375
41_20220826 14,5087.8818359375
41_20220826 15,5101.0087890625
41_20220826 16,5011.7587890625
41_20220826 17,5000.11767578125
41_20220826 18,4973.25537109375
41_20220826 19,5003.7705078125
41_20220826 20,3753.48681640625
41_20220826 21,3014.118896484375
41_20220826 22,2052.423583984375
41_20220826 23,1736.23046875
41_20220827 00,1479.16845703125
41_20220827 01,1276.880615234375
41_20220827 02,1146.482421875
41_20220827 03,1040.665283203125
41_20220827 04,1019.5963134765625
41_20220827 05,1061.23974609375
41_20220827 06,1299.4515380859375
41_20220827 07,1854.9478759765625
41_20220827 08,3287.47412109375
41_20220827 09,4659.36328125
41_20220827 10,5252.6220703125
41_20220827 11,5250.42578125
41_20220827 12,5275.79296875
41_20220827 13,5231.0234375
41_20220827 14,5249.7392578125
41_20220827 15,5206.04443359375
41_20220827 16,5125.9833984375
41_20220827 17,5132.2392578125
41_20220827 18,5084.86083984375
41_20220827 19,5080.45263671875
41_20220827 20,3812.45703125
41_20220827 21,2852.204345703125
41_20220827 22,1995.535888671875
41_20220827 23,1665.268798828125
41_20220828 00,1455.2520751953125
41_20220828 01,1219.765625
41_20220828 02,1072.994873046875
41_20220828 03,1012.1951904296875
41_20220828 04,1001.2257690429688
41_20220828 05,998.8576049804688
41_20220828 06,1136.258544921875
41_20220828 07,1783.5093994140625
41_20220828 08,3108.896240234375
41_20220828 09,4773.4072265625
41_20220828 10,5454.04052734375
41_20220828 11,5555.48974609375
41_20220828 12,5555.189453125
41_20220828 13,5487.5966796875
41_20220828 14,5475.8564453125
41_20220828 15,5477.88525390625
41_20220828 16,5545.29052734375
41_20220828 17,5582.5341796875
41_20220828 18,5570.0283203125
41_20220828 19,5431.31689453125
41_20220828 20,3954.550048828125
41_20220828 21,2973.47412109375
41_20220828 22,2012.40625
41_20220828 23,1718.8502197265625
41_20220829 00,1507.8740234375
41_20220829 01,1291.041015625
41_20220829 02,1127.226806640625
41_20220829 03,1092.124755859375
41_20220829 04,1031.796142578125
41_20220829 05,1074.4815673828125
41_20220829 06,1227.7149658203125
41_20220829 07,1709.4420166015625
41_20220829 08,3481.98876953125
41_20220829 09,4428.8525390625
41_20220829 10,5056.2099609375
41_20220829 11,5161.78173828125
41_20220829 12,5176.13037109375
41_20220829 13,5165.4970703125
41_20220829 14,5132.4130859375
41_20220829 15,5131.60009765625
41_20220829 16,5064.50341796875
41_20220829 17,5048.0078125
41_20220829 18,5040.46484375
41_20220829 19,4868.03515625
41_20220829 20,3373.473876953125
41_20220829 21,2781.528076171875
41_20220829 22,1987.7327880859375
41_20220829 23,1665.4390869140625
41_20220830 00,1469.510986328125
41_20220830 01,1271.429931640625
41_20220830 02,1089.1435546875
41_20220830 03,1071.0826416015625
41_20220830 04,1020.0196533203125
41_20220830 05,1099.8603515625
41_20220830 06,1282.9749755859375
41_20220830 07,1810.0927734375
41_20220830 08,3344.48828125
41_20220830 09,4581.8818359375
41_20220830 10,5138.49951171875
41_20220830 11,5170.34521484375
41_20220830 12,5163.8896484375
41_20220830 13,5192.0615234375
41_20220830 14,5051.0732421875
41_20220830 15,5040.15185546875
41_20220830 16,4980.66943359375
41_20220830 17,4990.94970703125
41_20220830 18,4978.13671875
41_20220830 19,4952.94140625
41_20220830 20,3449.919921875
41_20220830 21,2827.02587890625
41_20220830 22,1988.8828125
41_20220830 23,1671.0882568359375
41_20220831 00,1486.520751953125
41_20220831 01,1227.564697265625
41_20220831 02,1080.023681640625
41_20220831 03,1049.0655517578125
41_20220831 04,1020.1232299804688
41_20220831 05,1105.5791015625
41_20220831 06,1290.3736572265625
41_20220831 07,1711.427001953125
41_20220831 08,3308.23828125
41_20220831 09,4577.482421875
41_20220831 10,5145.25634765625
41_20220831 11,5287.3564453125
41_20220831 12,5231.0302734375
41_20220831 13,5229.51953125
41_20220831 14,5155.40869140625
41_20220831 15,5080.45458984375
41_20220831 16,5047.3134765625
41_20220831 17,5029.4482421875
41_20220831 18,4988.04541015625
41_20220831 19,4969.07958984375
41_20220831 20,3483.83349609375
41_20220831 21,2879.938720703125
41_20220831 22,2007.270263671875
41_20220831 23,1739.330810546875
42_20220825 00,384.43560791015625
42_20220825 01,392.2170715332031
42_20220825 02,389.0430603027344
42_20220825 03,387.2357482910156
42_20220825 04,425.8257751464844
42_20220825 05,428.22503662109375
42_20220825 06,509.85638427734375
42_20220825 07,558.9605102539062
42_20220825 08,713.0823974609375
42_20220825 09,1849.4580078125
42_20220825 10,3064.43408203125
42_20220825 11,3214.35888671875
42_20220825 12,3194.8759765625
42_20220825 13,3175.00927734375
42_20220825 14,3131.5576171875
42_20220825 15,3129.59375
42_20220825 16,3090.167236328125
42_20220825 17,3069.306640625
42_20220825 18,2897.462890625
42_20220825 19,2631.20361328125
42_20220825 20,978.64404296875
42_20220825 21,515.9544067382812
42_20220825 22,461.11431884765625
42_20220825 23,407.82855224609375
42_20220826 00,387.93365478515625
42_20220826 01,386.38848876953125
42_20220826 02,393.16485595703125
42_20220826 03,383.3080749511719
42_20220826 04,418.34423828125
42_20220826 05,391.4093017578125
42_20220826 06,479.4696350097656
42_20220826 07,537.1396484375
42_20220826 08,683.81689453125
42_20220826 09,1843.811279296875
42_20220826 10,3012.6689453125
42_20220826 11,3110.537841796875
42_20220826 12,3092.19384765625
42_20220826 13,3086.668701171875
42_20220826 14,3019.16455078125
42_20220826 15,3040.5419921875
42_20220826 16,3012.69482421875
42_20220826 17,2982.685791015625
42_20220826 18,2884.740234375
42_20220826 19,2731.6123046875
42_20220826 20,1433.553466796875
42_20220826 21,516.2705078125
42_20220826 22,456.1128845214844
42_20220826 23,409.8284606933594
42_20220827 00,395.69122314453125
42_20220827 01,393.69305419921875
42_20220827 02,392.9867858886719
42_20220827 03,374.96929931640625
42_20220827 04,441.611572265625
42_20220827 05,440.73468017578125
42_20220827 06,533.0692138671875
42_20220827 07,554.7127075195312
42_20220827 08,658.5250244140625
42_20220827 09,1743.108154296875
42_20220827 10,2883.010498046875
42_20220827 11,3028.888427734375
42_20220827 12,3011.07080078125
42_20220827 13,2967.51123046875
42_20220827 14,2976.96484375
42_20220827 15,2963.91015625
42_20220827 16,2893.29345703125
42_20220827 17,2892.76513671875
42_20220827 18,2844.526123046875
42_20220827 19,2768.070556640625
42_20220827 20,1666.2601318359375
42_20220827 21,469.4976501464844
42_20220827 22,400.12188720703125
42_20220827 23,379.5399475097656
42_20220828 00,349.92987060546875
42_20220828 01,353.0623779296875
42_20220828 02,356.6075134277344
42_20220828 03,352.4702453613281
42_20220828 04,397.2743835449219
42_20220828 05,421.749267578125
42_20220828 06,493.41461181640625
42_20220828 07,517.4248046875
42_20220828 08,596.6015014648438
42_20220828 09,1537.4271240234375
42_20220828 10,2771.753173828125
42_20220828 11,2862.27294921875
42_20220828 12,2851.034912109375
42_20220828 13,2889.087158203125
42_20220828 14,2899.66015625
42_20220828 15,2901.318115234375
42_20220828 16,2828.954345703125
42_20220828 17,2801.37890625
42_20220828 18,2858.69775390625
42_20220828 19,2769.0244140625
42_20220828 20,1625.591552734375
42_20220828 21,445.76092529296875
42_20220828 22,389.52740478515625
42_20220828 23,370.8943176269531
42_20220829 00,391.61260986328125
42_20220829 01,396.8990173339844
42_20220829 02,402.7488098144531
42_20220829 03,403.46221923828125
42_20220829 04,400.7098083496094
42_20220829 05,413.42315673828125
42_20220829 06,442.59893798828125
42_20220829 07,505.31854248046875
42_20220829 08,660.02880859375
42_20220829 09,1640.6549072265625
42_20220829 10,2623.66357421875
42_20220829 11,2794.33837890625
42_20220829 12,2787.990478515625
42_20220829 13,2811.77783203125
42_20220829 14,2897.731201171875
42_20220829 15,2891.38623046875
42_20220829 16,2835.158447265625
42_20220829 17,2725.59228515625
42_20220829 18,2537.13232421875
42_20220829 19,2230.20654296875
42_20220829 20,955.8170166015625
42_20220829 21,483.08660888671875
42_20220829 22,434.5150451660156
42_20220829 23,414.41485595703125
42_20220830 00,392.5802307128906
42_20220830 01,398.7731018066406
42_20220830 02,400.39947509765625
42_20220830 03,399.09912109375
42_20220830 04,439.6371154785156
42_20220830 05,471.14599609375
42_20220830 06,519.9488525390625
42_20220830 07,575.446044921875
42_20220830 08,718.7527465820312
42_20220830 09,1828.478515625
42_20220830 10,3008.577880859375
42_20220830 11,3171.736083984375
42_20220830 12,3149.41064453125
42_20220830 13,3151.022216796875
42_20220830 14,3078.1796875
42_20220830 15,3092.91552734375
42_20220830 16,3000.01416015625
42_20220830 17,2972.360595703125
42_20220830 18,2858.727294921875
42_20220830 19,2546.764892578125
42_20220830 20,971.228515625
42_20220830 21,495.1910705566406
42_20220830 22,416.8028259277344
42_20220830 23,402.0105895996094
42_20220831 00,379.9151916503906
42_20220831 01,381.6080627441406
42_20220831 02,378.3331604003906
42_20220831 03,378.76873779296875
42_20220831 04,418.1944885253906
42_20220831 05,424.8172912597656
42_20220831 06,512.8248291015625
42_20220831 07,578.135986328125
42_20220831 08,720.6295776367188
42_20220831 09,1806.4671630859375
42_20220831 10,2984.78076171875
42_20220831 11,3186.57373046875
42_20220831 12,3173.832275390625
42_20220831 13,3145.603271484375
42_20220831 14,3124.271484375
42_20220831 15,3131.69873046875
42_20220831 16,3056.8125
42_20220831 17,3003.6064453125
42_20220831 18,2908.52587890625
42_20220831 19,2633.4150390625
42_20220831 20,1030.693603515625
42_20220831 21,511.37615966796875
42_20220831 22,426.23980712890625
42_20220831 23,415.2992248535156
43_20220825 00,431.953369140625
43_20220825 01,414.6446228027344
43_20220825 02,402.5132141113281
43_20220825 03,400.6784973144531
43_20220825 04,398.41156005859375
43_20220825 05,398.4720764160156
43_20220825 06,442.00726318359375
43_20220825 07,534.5480346679688
43_20220825 08,718.3870239257812
43_20220825 09,1383.311767578125
43_20220825 10,3274.5087890625
43_20220825 11,3327.15380859375
43_20220825 12,3361.29443359375
43_20220825 13,3312.98828125
43_20220825 14,3276.7265625
43_20220825 15,3157.242919921875
43_20220825 16,3156.42724609375
43_20220825 17,3122.45556640625
43_20220825 18,3068.961669921875
43_20220825 19,2967.71630859375
43_20220825 20,2740.06591796875
43_20220825 21,798.6490478515625
43_20220825 22,429.0252380371094
43_20220825 23,399.75616455078125
43_20220826 00,433.9732360839844
43_20220826 01,429.4098205566406
43_20220826 02,396.09063720703125
43_20220826 03,393.57220458984375
43_20220826 04,396.2198791503906
43_20220826 05,397.34796142578125
43_20220826 06,421.0128479003906
43_20220826 07,562.56787109375
43_20220826 08,729.5037231445312
43_20220826 09,1433.1138916015625
43_20220826 10,3339.26416015625
43_20220826 11,3432.64697265625
43_20220826 12,3408.36865234375
43_20220826 13,3470.958984375
43_20220826 14,3505.716064453125
43_20220826 15,3393.34765625
43_20220826 16,3362.377685546875
43_20220826 17,3281.292236328125
43_20220826 18,3266.91943359375
43_20220826 19,3190.78662109375
43_20220826 20,2970.36669921875
43_20220826 21,841.3314208984375
43_20220826 22,447.3739318847656
43_20220826 23,439.68267822265625
43_20220827 00,460.26495361328125
43_20220827 01,460.06378173828125
43_20220827 02,448.37432861328125
43_20220827 03,459.67236328125
43_20220827 04,450.43951416015625
43_20220827 05,421.19635009765625
43_20220827 06,447.0685119628906
43_20220827 07,558.7485961914062
43_20220827 08,698.2926635742188
43_20220827 09,1475.450439453125
43_20220827 10,3214.97119140625
43_20220827 11,3303.51611328125
43_20220827 12,3520.32568359375
43_20220827 13,3602.900390625
43_20220827 14,3702.37939453125
43_20220827 15,3549.20556640625
43_20220827 16,3540.421142578125
43_20220827 17,3544.15771484375
43_20220827 18,3490.913330078125
43_20220827 19,3393.33056640625
43_20220827 20,3097.9609375
43_20220827 21,830.8123779296875
43_20220827 22,458.5150451660156
43_20220827 23,417.8551330566406
43_20220828 00,414.8470153808594
43_20220828 01,411.8392639160156
43_20220828 02,401.8348693847656
43_20220828 03,404.13720703125
43_20220828 04,400.12969970703125
43_20220828 05,409.75750732421875
43_20220828 06,434.6634216308594
43_20220828 07,508.46270751953125
43_20220828 08,597.1325073242188
43_20220828 09,1364.398193359375
43_20220828 10,3128.732421875
43_20220828 11,3361.645751953125
43_20220828 12,3501.85107421875
43_20220828 13,3709.67431640625
43_20220828 14,3710.608154296875
43_20220828 15,3717.901611328125
43_20220828 16,3817.26708984375
43_20220828 17,3711.21630859375
43_20220828 18,3573.332763671875
43_20220828 19,3376.57373046875
43_20220828 20,3113.04541015625
43_20220828 21,807.9974365234375
43_20220828 22,427.024169921875
43_20220828 23,396.0673828125
43_20220829 00,386.2153015136719
43_20220829 01,390.3794250488281
43_20220829 02,393.30609130859375
43_20220829 03,392.4393615722656
43_20220829 04,387.41009521484375
43_20220829 05,395.20635986328125
43_20220829 06,415.58038330078125
43_20220829 07,531.0365600585938
43_20220829 08,691.8056640625
43_20220829 09,1277.79931640625
43_20220829 10,3113.884521484375
43_20220829 11,3203.694580078125
43_20220829 12,3165.565673828125
43_20220829 13,3194.35546875
43_20220829 14,3249.552001953125
43_20220829 15,3204.55712890625
43_20220829 16,3181.581298828125
43_20220829 17,3161.4521484375
43_20220829 18,3062.693115234375
43_20220829 19,2986.339599609375
43_20220829 20,2674.40625
43_20220829 21,787.6875
43_20220829 22,421.71099853515625
43_20220829 23,427.1024475097656
43_20220830 00,425.66168212890625
43_20220830 01,419.50048828125
43_20220830 02,389.4646301269531
43_20220830 03,377.9225158691406
43_20220830 04,390.8185729980469
43_20220830 05,372.1946105957031
43_20220830 06,382.04669189453125
43_20220830 07,481.24847412109375
43_20220830 08,655.2268676757812
43_20220830 09,1288.62109375
43_20220830 10,2982.23095703125
43_20220830 11,3073.39892578125
43_20220830 12,3053.640625
43_20220830 13,3081.956298828125
43_20220830 14,3095.629638671875
43_20220830 15,2972.890380859375
43_20220830 16,2990.47998046875
43_20220830 17,2967.894775390625
43_20220830 18,2902.86279296875
43_20220830 19,2816.848876953125
43_20220830 20,2614.9462890625
43_20220830 21,783.053955078125
43_20220830 22,421.3560485839844
43_20220830 23,416.57391357421875
43_20220831 00,422.15032958984375
43_20220831 01,395.13336181640625
43_20220831 02,386.35260009765625
43_20220831 03,389.77587890625
43_20220831 04,384.767822265625
43_20220831 05,385.87640380859375
43_20220831 06,409.763671875
43_20220831 07,548.3668212890625
43_20220831 08,686.1199340820312
43_20220831 09,1319.9647216796875
43_20220831 10,3023.74658203125
43_20220831 11,3183.776611328125
43_20220831 12,3308.99462890625
43_20220831 13,3306.75732421875
43_20220831 14,3373.0234375
43_20220831 15,3273.060546875
43_20220831 16,3254.00146484375
43_20220831 17,3200.68896484375
43_20220831 18,3144.15087890625
43_20220831 19,3042.126220703125
43_20220831 20,2829.24658203125
43_20220831 21,803.1576538085938
43_20220831 22,426.5044860839844
43_20220831 23,395.54449462890625
44_20220825 00,506.2015075683594
44_20220825 01,497.437744140625
44_20220825 02,488.637451171875
44_20220825 03,497.28570556640625
44_20220825 04,507.4749450683594
44_20220825 05,506.540283203125
44_20220825 06,507.04620361328125
44_20220825 07,560.8114624023438
44_20220825 08,978.7882080078125
44_20220825 09,2046.247802734375
44_20220825 10,3518.03125
44_20220825 11,3540.15234375
44_20220825 12,3541.23583984375
44_20220825 13,3512.841796875
44_20220825 14,3430.276611328125
44_20220825 15,3421.34814453125
44_20220825 16,3373.48583984375
44_20220825 17,3262.3623046875
44_20220825 18,3183.60107421875
44_20220825 19,2928.628662109375
44_20220825 20,2718.752685546875
44_20220825 21,1081.3551025390625
44_20220825 22,550.105224609375
44_20220825 23,507.9961853027344
44_20220826 00,502.7005920410156
44_20220826 01,489.20819091796875
44_20220826 02,489.734619140625
44_20220826 03,502.5904846191406
44_20220826 04,508.321533203125
44_20220826 05,509.12872314453125
44_20220826 06,497.8916015625
44_20220826 07,561.0509033203125
44_20220826 08,979.0934448242188
44_20220826 09,2181.8720703125
44_20220826 10,3642.255859375
44_20220826 11,3657.34228515625
44_20220826 12,3614.867919921875
44_20220826 13,3672.81005859375
44_20220826 14,3650.29345703125
44_20220826 15,3681.48193359375
44_20220826 16,3657.74609375
44_20220826 17,3450.46533203125
44_20220826 18,3379.455810546875
44_20220826 19,3221.72509765625
44_20220826 20,2995.045654296875
44_20220826 21,1105.7628173828125
44_20220826 22,558.2351684570312
44_20220826 23,517.2289428710938
44_20220827 00,497.0365295410156
44_20220827 01,499.8028259277344
44_20220827 02,503.4054260253906
44_20220827 03,513.497802734375
44_20220827 04,524.5885009765625
44_20220827 05,506.76629638671875
44_20220827 06,510.109375
44_20220827 07,548.0726318359375
44_20220827 08,994.2844848632812
44_20220827 09,2138.20166015625
44_20220827 10,3608.45556640625
44_20220827 11,3704.56591796875
44_20220827 12,3765.80126953125
44_20220827 13,3942.96240234375
44_20220827 14,3944.98974609375
44_20220827 15,3952.78759765625
44_20220827 16,3908.23388671875
44_20220827 17,3803.7734375
44_20220827 18,3717.030029296875
44_20220827 19,3501.03271484375
44_20220827 20,3215.408447265625
44_20220827 21,1189.0380859375
44_20220827 22,509.0419006347656
44_20220827 23,510.31591796875
44_20220828 00,487.22198486328125
44_20220828 01,486.2569274902344
44_20220828 02,489.2120056152344
44_20220828 03,498.4930725097656
44_20220828 04,509.52532958984375
44_20220828 05,511.33062744140625
44_20220828 06,498.8614807128906
44_20220828 07,538.0970458984375
44_20220828 08,939.2345581054688
44_20220828 09,2034.9095458984375
44_20220828 10,3496.35400390625
44_20220828 11,3647.585205078125
44_20220828 12,3784.67431640625
44_20220828 13,3905.07177734375
44_20220828 14,3995.97265625
44_20220828 15,3999.455078125
44_20220828 16,4046.4765625
44_20220828 17,3846.365234375
44_20220828 18,3731.528076171875
44_20220828 19,3464.759765625
44_20220828 20,3073.3720703125
44_20220828 21,1195.042236328125
44_20220828 22,503.16986083984375
44_20220828 23,499.46868896484375
44_20220829 00,513.7662963867188
44_20220829 01,497.8290100097656
44_20220829 02,501.30987548828125
44_20220829 03,509.7191467285156
44_20220829 04,514.4971923828125
44_20220829 05,514.6143188476562
44_20220829 06,488.6954650878906
44_20220829 07,560.5716552734375
44_20220829 08,1010.677734375
44_20220829 09,2033.685546875
44_20220829 10,3397.255859375
44_20220829 11,3377.721923828125
44_20220829 12,3369.90380859375
44_20220829 13,3363.059326171875
44_20220829 14,3428.10693359375
44_20220829 15,3429.632080078125
44_20220829 16,3376.505126953125
44_20220829 17,3273.67236328125
44_20220829 18,3248.563232421875
44_20220829 19,3163.473876953125
44_20220829 20,2779.07763671875
44_20220829 21,1119.302978515625
44_20220829 22,556.4661254882812
44_20220829 23,510.7318420410156
44_20220830 00,526.4375
44_20220830 01,495.35223388671875
44_20220830 02,497.99884033203125
44_20220830 03,512.36962890625
44_20220830 04,519.90771484375
44_20220830 05,511.59051513671875
44_20220830 06,515.1044921875
44_20220830 07,552.3434448242188
44_20220830 08,971.5270385742188
44_20220830 09,2012.408935546875
44_20220830 10,3321.619140625
44_20220830 11,3296.09619140625
44_20220830 12,3279.430908203125
44_20220830 13,3290.25244140625
44_20220830 14,3293.766357421875
44_20220830 15,3272.240234375
44_20220830 16,3257.00439453125
44_20220830 17,3116.26318359375
44_20220830 18,3103.85693359375
44_20220830 19,2957.184814453125
44_20220830 20,2689.252197265625
44_20220830 21,1084.9000244140625
44_20220830 22,562.053466796875
44_20220830 23,513.0469970703125
44_20220831 00,503.0960998535156
44_20220831 01,492.18115234375
44_20220831 02,492.2789001464844
44_20220831 03,499.8941345214844
44_20220831 04,500.82574462890625
44_20220831 05,501.6014709472656
44_20220831 06,482.110595703125
44_20220831 07,547.0458374023438
44_20220831 08,959.0398559570312
44_20220831 09,2022.4970703125
44_20220831 10,3322.51611328125
44_20220831 11,3418.53759765625
44_20220831 12,3538.3515625
44_20220831 13,3517.69970703125
44_20220831 14,3485.41259765625
44_20220831 15,3538.65234375
44_20220831 16,3509.62451171875
44_20220831 17,3366.506591796875
44_20220831 18,3321.344970703125
44_20220831 19,3070.956298828125
44_20220831 20,2797.827880859375
44_20220831 21,1083.2451171875
44_20220831 22,556.8433837890625
44_20220831 23,509.75750732421875
45_20220825 00,2366.26708984375
45_20220825 01,2382.48388671875
45_20220825 02,2378.998046875
45_20220825 03,2349.944091796875
45_20220825 04,2435.406982421875
45_20220825 05,2545.1181640625
45_20220825 06,2915.24755859375
45_20220825 07,3253.97021484375
45_20220825 08,3644.11767578125
45_20220825 09,3706.22509765625
45_20220825 10,3703.171875
45_20220825 11,3702.788330078125
45_20220825 12,3615.10498046875
45_20220825 13,3587.66455078125
45_20220825 14,3662.05908203125
45_20220825 15,3538.38232421875
45_20220825 16,3498.54296875
45_20220825 17,3183.6708984375
45_20220825 18,2948.14208984375
45_20220825 19,2857.755126953125
45_20220825 20,2746.924560546875
45_20220825 21,2626.629638671875
45_20220825 22,2463.62841796875
45_20220825 23,2420.54833984375
45_20220826 00,2280.60205078125
45_20220826 01,2285.852783203125
45_20220826 02,2266.497314453125
45_20220826 03,2266.394775390625
45_20220826 04,2332.36376953125
45_20220826 05,2476.0498046875
45_20220826 06,2889.22412109375
45_20220826 07,3210.486328125
45_20220826 08,3531.783935546875
45_20220826 09,3674.91943359375
45_20220826 10,3675.547607421875
45_20220826 11,3704.725830078125
45_20220826 12,3554.845703125
45_20220826 13,3533.26611328125
45_20220826 14,3653.944091796875
45_20220826 15,3609.824951171875
45_20220826 16,3475.41162109375
45_20220826 17,3225.107177734375
45_20220826 18,2980.64990234375
45_20220826 19,2900.742431640625
45_20220826 20,2818.368408203125
45_20220826 21,2703.86328125
45_20220826 22,2537.612060546875
45_20220826 23,2504.147705078125
45_20220827 00,2395.356201171875
45_20220827 01,2415.997802734375
45_20220827 02,2372.035400390625
45_20220827 03,2324.751953125
45_20220827 04,2326.128662109375
45_20220827 05,2417.381103515625
45_20220827 06,2696.219970703125
45_20220827 07,2862.274658203125
45_20220827 08,3018.2587890625
45_20220827 09,3055.203369140625
45_20220827 10,3107.150146484375
45_20220827 11,3065.67822265625
45_20220827 12,3000.736328125
45_20220827 13,2852.78759765625
45_20220827 14,2809.73681640625
45_20220827 15,2789.294189453125
45_20220827 16,2760.01123046875
45_20220827 17,2759.30908203125
45_20220827 18,2765.004150390625
45_20220827 19,2759.223388671875
45_20220827 20,2601.632568359375
45_20220827 21,2503.45458984375
45_20220827 22,2396.287109375
45_20220827 23,2339.781982421875
45_20220828 00,2245.218505859375
45_20220828 01,2276.88232421875
45_20220828 02,2244.688232421875
45_20220828 03,2199.58984375
45_20220828 04,2277.622314453125
45_20220828 05,2273.271484375
45_20220828 06,2485.671142578125
45_20220828 07,2585.41357421875
45_20220828 08,2734.81298828125
45_20220828 09,2690.598388671875
45_20220828 10,2864.183349609375
45_20220828 11,2843.170166015625
45_20220828 12,2764.92138671875
45_20220828 13,2760.5166015625
45_20220828 14,2771.16015625
45_20220828 15,2817.00732421875
45_20220828 16,2788.70263671875
45_20220828 17,2743.4052734375
45_20220828 18,2740.91162109375
45_20220828 19,2768.3046875
45_20220828 20,2672.736328125
45_20220828 21,2587.289794921875
45_20220828 22,2484.275390625
45_20220828 23,2430.00244140625
45_20220829 00,2390.0419921875
45_20220829 01,2403.912109375
45_20220829 02,2395.641845703125
45_20220829 03,2341.457275390625
45_20220829 04,2426.083251953125
45_20220829 05,2569.40625
45_20220829 06,2953.26123046875
45_20220829 07,3248.54345703125
45_20220829 08,3564.65283203125
45_20220829 09,3652.930419921875
45_20220829 10,3661.748779296875
45_20220829 11,3647.796875
45_20220829 12,3565.43408203125
45_20220829 13,3562.640625
45_20220829 14,3642.52001953125
45_20220829 15,3604.37109375
45_20220829 16,3435.460205078125
45_20220829 17,3189.545166015625
45_20220829 18,2868.93408203125
45_20220829 19,2820.61572265625
45_20220829 20,2730.14892578125
45_20220829 21,2612.826171875
45_20220829 22,2426.39208984375
45_20220829 23,2379.72802734375
45_20220830 00,2251.71484375
45_20220830 01,2276.10986328125
45_20220830 02,2273.664794921875
45_20220830 03,2285.880859375
45_20220830 04,2383.450439453125
45_20220830 05,2481.39013671875
45_20220830 06,2895.530029296875
45_20220830 07,3260.7216796875
45_20220830 08,3599.637939453125
45_20220830 09,3668.629638671875
45_20220830 10,3662.65087890625
45_20220830 11,3665.0234375
45_20220830 12,3574.696044921875
45_20220830 13,3575.60107421875
45_20220830 14,3633.88134765625
45_20220830 15,3558.14990234375
45_20220830 16,3518.90673828125
45_20220830 17,3228.85302734375
45_20220830 18,2921.75732421875
45_20220830 19,2848.46875
45_20220830 20,2738.16015625
45_20220830 21,2597.84228515625
45_20220830 22,2455.964111328125
45_20220830 23,2425.2412109375
45_20220831 00,2279.24755859375
45_20220831 01,2299.68408203125
45_20220831 02,2302.51513671875
45_20220831 03,2278.262451171875
45_20220831 04,2356.73046875
45_20220831 05,2502.60693359375
45_20220831 06,2889.94482421875
45_20220831 07,3224.100341796875
45_20220831 08,3618.016357421875
45_20220831 09,3656.248779296875
45_20220831 10,3632.62890625
45_20220831 11,3681.119873046875
45_20220831 12,3595.47265625
45_20220831 13,3575.674560546875
45_20220831 14,3650.59423828125
45_20220831 15,3576.260498046875
45_20220831 16,3496.721923828125
45_20220831 17,3238.24560546875
45_20220831 18,2951.225830078125
45_20220831 19,2889.91455078125
45_20220831 20,2792.33056640625
45_20220831 21,2659.555908203125
45_20220831 22,2495.92578125
45_20220831 23,2457.426513671875
46_20220825 00,1541.928466796875
46_20220825 01,1500.9010009765625
46_20220825 02,1709.073486328125
46_20220825 03,1690.1337890625
46_20220825 04,1476.109619140625
46_20220825 05,1568.1868896484375
46_20220825 06,1947.8929443359375
46_20220825 07,2424.9873046875
46_20220825 08,2865.005126953125
46_20220825 09,3060.220703125
46_20220825 10,3116.16748046875
46_20220825 11,3080.88525390625
46_20220825 12,3022.350341796875
46_20220825 13,3030.1162109375
46_20220825 14,3057.48388671875
46_20220825 15,3085.99072265625
46_20220825 16,3035.9921875
46_20220825 17,2925.15771484375
46_20220825 18,2327.12744140625
46_20220825 19,2141.676513671875
46_20220825 20,1923.3138427734375
46_20220825 21,1865.638671875
46_20220825 22,1789.760986328125
46_20220825 23,1689.4482421875
46_20220826 00,1481.1419677734375
46_20220826 01,1447.9609375
46_20220826 02,1655.3154296875
46_20220826 03,1602.391357421875
46_20220826 04,1493.063232421875
46_20220826 05,1503.118896484375
46_20220826 06,1760.7685546875
46_20220826 07,2175.673828125
46_20220826 08,2710.83837890625
46_20220826 09,2912.37451171875
46_20220826 10,2914.58642578125
46_20220826 11,2851.633056640625
46_20220826 12,2789.115478515625
46_20220826 13,2835.6767578125
46_20220826 14,2836.09765625
46_20220826 15,2844.5
46_20220826 16,2795.61083984375
46_20220826 17,2666.265869140625
46_20220826 18,2160.55322265625
46_20220826 19,2115.80029296875
46_20220826 20,1983.5826416015625
46_20220826 21,1875.903076171875
46_20220826 22,1785.104736328125
46_20220826 23,1710.506103515625
46_20220827 00,1594.8663330078125
46_20220827 01,1527.1103515625
46_20220827 02,1677.2220458984375
46_20220827 03,1630.4407958984375
46_20220827 04,1488.1025390625
46_20220827 05,1543.341552734375
46_20220827 06,1925.5863037109375
46_20220827 07,2038.6943359375
46_20220827 08,2003.666259765625
46_20220827 09,2071.968017578125
46_20220827 10,2070.36279296875
46_20220827 11,2117.34619140625
46_20220827 12,2060.343017578125
46_20220827 13,2059.5
46_20220827 14,2137.70361328125
46_20220827 15,2109.03857421875
46_20220827 16,2073.75927734375
46_20220827 17,2031.5322265625
46_20220827 18,1990.132080078125
46_20220827 19,1936.0029296875
46_20220827 20,1823.0767822265625
46_20220827 21,1776.0687255859375
46_20220827 22,1708.331298828125
46_20220827 23,1617.12451171875
46_20220828 00,1460.13427734375
46_20220828 01,1457.574951171875
46_20220828 02,1566.0115966796875
46_20220828 03,1553.093505859375
46_20220828 04,1442.494140625
46_20220828 05,1500.94580078125
46_20220828 06,1804.694091796875
46_20220828 07,1949.7431640625
46_20220828 08,2013.4127197265625
46_20220828 09,2018.4404296875
46_20220828 10,2020.552734375
46_20220828 11,2034.866943359375
46_20220828 12,2002.0439453125
46_20220828 13,2059.822265625
46_20220828 14,2062.88525390625
46_20220828 15,2064.98291015625
46_20220828 16,2088.81884765625
46_20220828 17,2073.5302734375
46_20220828 18,2093.256591796875
46_20220828 19,1989.789306640625
46_20220828 20,1869.278076171875
46_20220828 21,1809.5361328125
46_20220828 22,1805.342529296875
46_20220828 23,1673.631591796875
46_20220829 00,1451.060546875
46_20220829 01,1424.624755859375
46_20220829 02,1570.3800048828125
46_20220829 03,1529.00390625
46_20220829 04,1385.334228515625
46_20220829 05,1429.5494384765625
46_20220829 06,1681.143310546875
46_20220829 07,2133.57177734375
46_20220829 08,2647.551513671875
46_20220829 09,2882.14013671875
46_20220829 10,2927.197998046875
46_20220829 11,2937.839599609375
46_20220829 12,2882.4609375
46_20220829 13,2896.536865234375
46_20220829 14,2803.294189453125
46_20220829 15,2780.21337890625
46_20220829 16,2770.78076171875
46_20220829 17,2653.708251953125
46_20220829 18,2173.9130859375
46_20220829 19,2015.5523681640625
46_20220829 20,1854.0771484375
46_20220829 21,1838.321533203125
46_20220829 22,1708.794189453125
46_20220829 23,1631.248291015625
46_20220830 00,1461.806640625
46_20220830 01,1473.850830078125
46_20220830 02,1625.69873046875
46_20220830 03,1597.9361572265625
46_20220830 04,1454.96044921875
46_20220830 05,1505.88671875
46_20220830 06,1855.309326171875
46_20220830 07,2281.99755859375
46_20220830 08,2782.26416015625
46_20220830 09,2991.387451171875
46_20220830 10,2976.02978515625
46_20220830 11,2968.20166015625
46_20220830 12,2940.52880859375
46_20220830 13,2949.5537109375
46_20220830 14,2956.9453125
46_20220830 15,2957.725830078125
46_20220830 16,2907.95166015625
46_20220830 17,2723.388671875
46_20220830 18,2267.08154296875
46_20220830 19,2109.864013671875
46_20220830 20,1935.9730224609375
46_20220830 21,1866.605224609375
46_20220830 22,1769.5947265625
46_20220830 23,1668.5543212890625
46_20220831 00,1485.4013671875
46_20220831 01,1501.114990234375
46_20220831 02,1662.407958984375
46_20220831 03,1619.7000732421875
46_20220831 04,1493.466796875
46_20220831 05,1528.0313720703125
46_20220831 06,1860.951171875
46_20220831 07,2242.19482421875
46_20220831 08,2743.60693359375
46_20220831 09,2929.49609375
46_20220831 10,2916.40966796875
46_20220831 11,2904.05126953125
46_20220831 12,2868.43505859375
46_20220831 13,2878.79052734375
46_20220831 14,2877.33203125
46_20220831 15,2882.458984375
46_20220831 16,2861.56494140625
46_20220831 17,2734.02587890625
46_20220831 18,2249.29541015625
46_20220831 19,2120.34716796875
46_20220831 20,1984.501708984375
46_20220831 21,1888.2327880859375
46_20220831 22,1744.7734375
46_20220831 23,1688.0299072265625
47_20220825 00,4106.5205078125
47_20220825 01,4095.389404296875
47_20220825 02,4058.5703125
47_20220825 03,4106.177734375
47_20220825 04,4116.0908203125
47_20220825 05,4177.34375
47_20220825 06,5104.66015625
47_20220825 07,5922.66552734375
47_20220825 08,6618.53759765625
47_20220825 09,6790.265625
47_20220825 10,6836.890625
47_20220825 11,6784.8017578125
47_20220825 12,6604.1767578125
47_20220825 13,6770.99755859375
47_20220825 14,6747.53271484375
47_20220825 15,6581.34521484375
47_20220825 16,6577.65087890625
47_20220825 17,5830.86328125
47_20220825 18,5273.53515625
47_20220825 19,5105.9951171875
47_20220825 20,4619.77978515625
47_20220825 21,4339.7685546875
47_20220825 22,4335.7841796875
47_20220825 23,4185.59423828125
47_20220826 00,4026.260498046875
47_20220826 01,4018.131591796875
47_20220826 02,4040.379638671875
47_20220826 03,4103.90087890625
47_20220826 04,4131.8994140625
47_20220826 05,4261.59130859375
47_20220826 06,5017.791015625
47_20220826 07,5712.06494140625
47_20220826 08,6455.34521484375
47_20220826 09,6656.734375
47_20220826 10,6748.61572265625
47_20220826 11,6748.1533203125
47_20220826 12,6719.4130859375
47_20220826 13,6754.72802734375
47_20220826 14,6809.0908203125
47_20220826 15,6706.90478515625
47_20220826 16,6656.796875
47_20220826 17,5907.9853515625
47_20220826 18,5328.0537109375
47_20220826 19,5123.87939453125
47_20220826 20,4758.7890625
47_20220826 21,4599.80419921875
47_20220826 22,4479.76611328125
47_20220826 23,4310.84765625
47_20220827 00,4150.169921875
47_20220827 01,4161.466796875
47_20220827 02,4128.716796875
47_20220827 03,4155.2041015625
47_20220827 04,4148.1083984375
47_20220827 05,4131.7529296875
47_20220827 06,4786.10595703125
47_20220827 07,4970.58740234375
47_20220827 08,5059.64697265625
47_20220827 09,4967.70703125
47_20220827 10,5095.84912109375
47_20220827 11,5007.00390625
47_20220827 12,4927.4248046875
47_20220827 13,4931.259765625
47_20220827 14,4910.828125
47_20220827 15,4858.8779296875
47_20220827 16,4833.09619140625
47_20220827 17,4845.2939453125
47_20220827 18,4523.19580078125
47_20220827 19,4488.2353515625
47_20220827 20,4324.85546875
47_20220827 21,4183.18505859375
47_20220827 22,4126.1513671875
47_20220827 23,4008.053955078125
47_20220828 00,3851.56982421875
47_20220828 01,3874.611328125
47_20220828 02,3891.61962890625
47_20220828 03,3936.765625
47_20220828 04,3958.09765625
47_20220828 05,3979.788330078125
47_20220828 06,4307.826171875
47_20220828 07,4362.87255859375
47_20220828 08,4503.71484375
47_20220828 09,4461.34814453125
47_20220828 10,4545.51416015625
47_20220828 11,4523.16552734375
47_20220828 12,4566.35009765625
47_20220828 13,4670.53857421875
47_20220828 14,4655.75341796875
47_20220828 15,4799.58154296875
47_20220828 16,4695.603515625
47_20220828 17,4780.3681640625
47_20220828 18,4490.84814453125
47_20220828 19,4453.7041015625
47_20220828 20,4368.0498046875
47_20220828 21,4218.1748046875
47_20220828 22,4145.2861328125
47_20220828 23,4055.334716796875
47_20220829 00,4133.22265625
47_20220829 01,4157.2587890625
47_20220829 02,4124.9140625
47_20220829 03,4157.85595703125
47_20220829 04,4141.70556640625
47_20220829 05,4338.36572265625
47_20220829 06,5168.89208984375
47_20220829 07,5712.56005859375
47_20220829 08,6572.8740234375
47_20220829 09,6560.54541015625
47_20220829 10,6755.6826171875
47_20220829 11,6724.33203125
47_20220829 12,6690.87646484375
47_20220829 13,6712.52099609375
47_20220829 14,6696.8955078125
47_20220829 15,6655.08447265625
47_20220829 16,6355.56103515625
47_20220829 17,5697.99462890625
47_20220829 18,5091.48828125
47_20220829 19,4936.84814453125
47_20220829 20,4675.2275390625
47_20220829 21,4543.6630859375
47_20220829 22,4414.95458984375
47_20220829 23,4267.15478515625
47_20220830 00,4067.595703125
47_20220830 01,4103.3203125
47_20220830 02,4084.026611328125
47_20220830 03,4132.2646484375
47_20220830 04,4178.25634765625
47_20220830 05,4293.2734375
47_20220830 06,5048.92041015625
47_20220830 07,5762.24462890625
47_20220830 08,6528.337890625
47_20220830 09,6709.37744140625
47_20220830 10,6693.6318359375
47_20220830 11,6673.8916015625
47_20220830 12,6647.6416015625
47_20220830 13,6663.8779296875
47_20220830 14,6638.82666015625
47_20220830 15,6611.8916015625
47_20220830 16,6528.1484375
47_20220830 17,6125.2548828125
47_20220830 18,5294.4814453125
47_20220830 19,4985.9931640625
47_20220830 20,4724.9560546875
47_20220830 21,4596.1767578125
47_20220830 22,4460.43212890625
47_20220830 23,4290.88134765625
47_20220831 00,4115.94140625
47_20220831 01,4104.4853515625
47_20220831 02,4067.10986328125
47_20220831 03,4112.7548828125
47_20220831 04,4155.0419921875
47_20220831 05,4252.67578125
47_20220831 06,5020.5361328125
47_20220831 07,5735.2587890625
47_20220831 08,6538.541015625
47_20220831 09,6540.62255859375
47_20220831 10,6741.0517578125
47_20220831 11,6544.60009765625
47_20220831 12,6504.03662109375
47_20220831 13,6562.31396484375
47_20220831 14,6724.453125
47_20220831 15,6727.1298828125
47_20220831 16,6436.89697265625
47_20220831 17,5862.3408203125
47_20220831 18,5285.59130859375
47_20220831 19,5076.2041015625
47_20220831 20,4670.958984375
47_20220831 21,4457.80908203125
47_20220831 22,4293.7734375
47_20220831 23,4199.39697265625
48_20220825 00,1440.21923828125
48_20220825 01,1432.349853515625
48_20220825 02,1398.540283203125
48_20220825 03,1412.03466796875
48_20220825 04,1439.764404296875
48_20220825 05,1495.684814453125
48_20220825 06,1713.6328125
48_20220825 07,2113.09619140625
48_20220825 08,2501.22998046875
48_20220825 09,2481.323974609375
48_20220825 10,2463.207763671875
48_20220825 11,2491.50341796875
48_20220825 12,2456.26123046875
48_20220825 13,2455.798828125
48_20220825 14,2478.07421875
48_20220825 15,2510.605712890625
48_20220825 16,2437.094970703125
48_20220825 17,2083.36865234375
48_20220825 18,1860.5224609375
48_20220825 19,1721.6890869140625
48_20220825 20,1609.5628662109375
48_20220825 21,1575.666259765625
48_20220825 22,1498.34326171875
48_20220825 23,1437.5120849609375
48_20220826 00,1393.417236328125
48_20220826 01,1382.313720703125
48_20220826 02,1371.6715087890625
48_20220826 03,1366.934326171875
48_20220826 04,1389.073486328125
48_20220826 05,1466.31494140625
48_20220826 06,1598.857666015625
48_20220826 07,2004.2418212890625
48_20220826 08,2424.8623046875
48_20220826 09,2389.690185546875
48_20220826 10,2418.76513671875
48_20220826 11,2441.994873046875
48_20220826 12,2394.53955078125
48_20220826 13,2394.56103515625
48_20220826 14,2466.775634765625
48_20220826 15,2490.4111328125
48_20220826 16,2400.660888671875
48_20220826 17,2062.18408203125
48_20220826 18,1827.3629150390625
48_20220826 19,1730.779296875
48_20220826 20,1603.5616455078125
48_20220826 21,1539.6932373046875
48_20220826 22,1492.85888671875
48_20220826 23,1429.5401611328125
48_20220827 00,1387.1138916015625
48_20220827 01,1374.902587890625
48_20220827 02,1376.5697021484375
48_20220827 03,1378.8170166015625
48_20220827 04,1408.8992919921875
48_20220827 05,1443.8524169921875
48_20220827 06,1568.6331787109375
48_20220827 07,1694.9156494140625
48_20220827 08,1778.8841552734375
48_20220827 09,1800.180419921875
48_20220827 10,1856.1607666015625
48_20220827 11,1857.642578125
48_20220827 12,1827.868896484375
48_20220827 13,1810.892333984375
48_20220827 14,1787.0931396484375
48_20220827 15,1765.626953125
48_20220827 16,1681.5980224609375
48_20220827 17,1688.5169677734375
48_20220827 18,1578.507080078125
48_20220827 19,1513.4410400390625
48_20220827 20,1430.5252685546875
48_20220827 21,1424.071044921875
48_20220827 22,1430.1611328125
48_20220827 23,1378.1058349609375
48_20220828 00,1349.3638916015625
48_20220828 01,1344.45263671875
48_20220828 02,1333.3765869140625
48_20220828 03,1325.5
48_20220828 04,1345.93212890625
48_20220828 05,1376.889404296875
48_20220828 06,1464.27490234375
48_20220828 07,1536.8314208984375
48_20220828 08,1657.391357421875
48_20220828 09,1644.3154296875
48_20220828 10,1678.6878662109375
48_20220828 11,1690.287841796875
48_20220828 12,1773.8052978515625
48_20220828 13,1765.7095947265625
48_20220828 14,1768.5693359375
48_20220828 15,1706.8447265625
48_20220828 16,1699.746337890625
48_20220828 17,1675.301025390625
48_20220828 18,1576.099853515625
48_20220828 19,1527.725341796875
48_20220828 20,1470.132568359375
48_20220828 21,1477.022705078125
48_20220828 22,1456.398193359375
48_20220828 23,1392.617919921875
48_20220829 00,1398.1085205078125
48_20220829 01,1392.8441162109375
48_20220829 02,1382.336669921875
48_20220829 03,1345.9970703125
48_20220829 04,1375.151123046875
48_20220829 05,1440.3924560546875
48_20220829 06,1583.821044921875
48_20220829 07,1984.1376953125
48_20220829 08,2350.74462890625
48_20220829 09,2322.419189453125
48_20220829 10,2338.744873046875
48_20220829 11,2399.358642578125
48_20220829 12,2299.926025390625
48_20220829 13,2325.26318359375
48_20220829 14,2350.18701171875
48_20220829 15,2358.38720703125
48_20220829 16,2320.12060546875
48_20220829 17,1982.1304931640625
48_20220829 18,1801.406005859375
48_20220829 19,1689.237060546875
48_20220829 20,1586.150146484375
48_20220829 21,1554.855712890625
48_20220829 22,1475.294921875
48_20220829 23,1452.851806640625
48_20220830 00,1422.787353515625
48_20220830 01,1394.6075439453125
48_20220830 02,1403.3900146484375
48_20220830 03,1412.4620361328125
48_20220830 04,1433.5863037109375
48_20220830 05,1538.69287109375
48_20220830 06,1693.470458984375
48_20220830 07,2116.119873046875
48_20220830 08,2513.783203125
48_20220830 09,2502.00048828125
48_20220830 10,2527.392822265625
48_20220830 11,2555.468017578125
48_20220830 12,2538.440185546875
48_20220830 13,2551.218505859375
48_20220830 14,2585.18798828125
48_20220830 15,2560.408447265625
48_20220830 16,2512.99462890625
48_20220830 17,2195.553955078125
48_20220830 18,1972.452880859375
48_20220830 19,1862.7906494140625
48_20220830 20,1735.8948974609375
48_20220830 21,1707.5296630859375
48_20220830 22,1604.54345703125
48_20220830 23,1549.5711669921875
48_20220831 00,1480.7259521484375
48_20220831 01,1451.3826904296875
48_20220831 02,1420.744140625
48_20220831 03,1423.38720703125
48_20220831 04,1436.071044921875
48_20220831 05,1504.4254150390625
48_20220831 06,1675.941162109375
48_20220831 07,2111.03857421875
48_20220831 08,2434.41943359375
48_20220831 09,2425.354736328125
48_20220831 10,2439.53369140625
48_20220831 11,2437.15283203125
48_20220831 12,2402.530517578125
48_20220831 13,2374.48876953125
48_20220831 14,2410.30859375
48_20220831 15,2394.75732421875
48_20220831 16,2349.07763671875
48_20220831 17,2030.5465087890625
48_20220831 18,1790.7769775390625
48_20220831 19,1716.8671875
48_20220831 20,1597.4454345703125
48_20220831 21,1584.0882568359375
48_20220831 22,1513.3927001953125
48_20220831 23,1455.562744140625
49_20220825 00,2647.810791015625
49_20220825 01,2605.34619140625
49_20220825 02,2614.95849609375
49_20220825 03,2618.867431640625
49_20220825 04,2647.831787109375
49_20220825 05,2732.71728515625
49_20220825 06,2822.62890625
49_20220825 07,3088.155029296875
49_20220825 08,3595.83447265625
49_20220825 09,3764.69873046875
49_20220825 10,3795.039794921875
49_20220825 11,3830.87841796875
49_20220825 12,3737.79833984375
49_20220825 13,3710.875732421875
49_20220825 14,3834.52880859375
49_20220825 15,3803.22412109375
49_20220825 16,3803.44091796875
49_20220825 17,3431.139892578125
49_20220825 18,3161.56689453125
49_20220825 19,3065.882080078125
49_20220825 20,2921.719970703125
49_20220825 21,2821.26708984375
49_20220825 22,2754.455078125
49_20220825 23,2671.9609375
49_20220826 00,2604.59130859375
49_20220826 01,2522.287109375
49_20220826 02,2523.152587890625
49_20220826 03,2474.10693359375
49_20220826 04,2509.185302734375
49_20220826 05,2620.19287109375
49_20220826 06,2761.583984375
49_20220826 07,2992.3955078125
49_20220826 08,3497.37744140625
49_20220826 09,3623.43359375
49_20220826 10,3715.625
49_20220826 11,3726.79736328125
49_20220826 12,3612.93896484375
49_20220826 13,3657.309814453125
49_20220826 14,3746.632080078125
49_20220826 15,3717.997314453125
49_20220826 16,3706.90625
49_20220826 17,3447.44482421875
49_20220826 18,3156.60595703125
49_20220826 19,3064.79248046875
49_20220826 20,2907.379150390625
49_20220826 21,2824.74072265625
49_20220826 22,2776.963134765625
49_20220826 23,2701.148193359375
49_20220827 00,2644.9228515625
49_20220827 01,2586.608154296875
49_20220827 02,2572.32958984375
49_20220827 03,2562.13232421875
49_20220827 04,2591.14208984375
49_20220827 05,2628.255126953125
49_20220827 06,2719.842041015625
49_20220827 07,2805.494140625
49_20220827 08,2914.284912109375
49_20220827 09,2979.524658203125
49_20220827 10,2993.65673828125
49_20220827 11,3036.030029296875
49_20220827 12,3005.1025390625
49_20220827 13,2947.00244140625
49_20220827 14,2935.68701171875
49_20220827 15,2871.094482421875
49_20220827 16,2884.92138671875
49_20220827 17,2878.68212890625
49_20220827 18,2787.56982421875
49_20220827 19,2765.02685546875
49_20220827 20,2697.49658203125
49_20220827 21,2639.098388671875
49_20220827 22,2572.668701171875
49_20220827 23,2507.605224609375
49_20220828 00,2433.184326171875
49_20220828 01,2413.015625
49_20220828 02,2395.957763671875
49_20220828 03,2399.8515625
49_20220828 04,2444.281494140625
49_20220828 05,2508.1962890625
49_20220828 06,2563.420654296875
49_20220828 07,2631.64501953125
49_20220828 08,2763.589599609375
49_20220828 09,2770.48779296875
49_20220828 10,2843.402099609375
49_20220828 11,2856.82666015625
49_20220828 12,2897.556640625
49_20220828 13,2877.7548828125
49_20220828 14,2941.733154296875
49_20220828 15,2916.677490234375
49_20220828 16,2954.36328125
49_20220828 17,2888.042236328125
49_20220828 18,2836.6298828125
49_20220828 19,2787.23095703125
49_20220828 20,2728.836669921875
49_20220828 21,2729.01708984375
49_20220828 22,2666.14990234375
49_20220828 23,2636.8955078125
49_20220829 00,2634.003173828125
49_20220829 01,2584.130126953125
49_20220829 02,2521.248291015625
49_20220829 03,2492.5595703125
49_20220829 04,2528.58349609375
49_20220829 05,2621.3212890625
49_20220829 06,2781.25341796875
49_20220829 07,3020.030517578125
49_20220829 08,3481.529296875
49_20220829 09,3634.541748046875
49_20220829 10,3739.531982421875
49_20220829 11,3754.38818359375
49_20220829 12,3602.985107421875
49_20220829 13,3664.737060546875
49_20220829 14,3727.36865234375
49_20220829 15,3722.033935546875
49_20220829 16,3719.76171875
49_20220829 17,3441.5859375
49_20220829 18,3097.720458984375
49_20220829 19,3033.729736328125
49_20220829 20,2861.981201171875
49_20220829 21,2800.325439453125
49_20220829 22,2747.173583984375
49_20220829 23,2736.05810546875
49_20220830 00,2609.0126953125
49_20220830 01,2590.049560546875
49_20220830 02,2607.219482421875
49_20220830 03,2623.48291015625
49_20220830 04,2659.83349609375
49_20220830 05,2701.056640625
49_20220830 06,2843.65087890625
49_20220830 07,3146.540283203125
49_20220830 08,3625.98681640625
49_20220830 09,3795.825439453125
49_20220830 10,3873.25634765625
49_20220830 11,3891.05810546875
49_20220830 12,3824.11865234375
49_20220830 13,3819.10400390625
49_20220830 14,3916.826904296875
49_20220830 15,3891.03662109375
49_20220830 16,3870.348388671875
49_20220830 17,3635.508544921875
49_20220830 18,3329.425048828125
49_20220830 19,3222.525390625
49_20220830 20,3051.599365234375
49_20220830 21,2943.88623046875
49_20220830 22,2849.477783203125
49_20220830 23,2796.24365234375
49_20220831 00,2710.155029296875
49_20220831 01,2668.462646484375
49_20220831 02,2630.73876953125
49_20220831 03,2645.41259765625
49_20220831 04,2663.38330078125
49_20220831 05,2756.070556640625
49_20220831 06,2826.73583984375
49_20220831 07,3094.47607421875
49_20220831 08,3565.031982421875
49_20220831 09,3717.374267578125
49_20220831 10,3812.16650390625
49_20220831 11,3806.364501953125
49_20220831 12,3609.397705078125
49_20220831 13,3631.678955078125
49_20220831 14,3734.692138671875
49_20220831 15,3716.39306640625
49_20220831 16,3703.57275390625
49_20220831 17,3341.01904296875
49_20220831 18,3106.01123046875
49_20220831 19,3023.482666015625
49_20220831 20,2864.64501953125
49_20220831 21,2775.911376953125
49_20220831 22,2748.601806640625
49_20220831 23,2660.2705078125
50_20220825 00,2533.621826171875
50_20220825 01,2547.987548828125
50_20220825 02,2549.787841796875
50_20220825 03,2551.240234375
50_20220825 04,2609.256591796875
50_20220825 05,2768.93701171875
50_20220825 06,2923.74853515625
50_20220825 07,3239.521484375
50_20220825 08,3562.553955078125
50_20220825 09,3637.21923828125
50_20220825 10,3676.33837890625
50_20220825 11,3666.37841796875
50_20220825 12,3643.30126953125
50_20220825 13,3628.251220703125
50_20220825 14,3709.022216796875
50_20220825 15,3668.122314453125
50_20220825 16,3652.2578125
50_20220825 17,3311.81591796875
50_20220825 18,3121.030029296875
50_20220825 19,2937.4365234375
50_20220825 20,2808.381103515625
50_20220825 21,2718.52490234375
50_20220825 22,2703.16455078125
50_20220825 23,2655.30810546875
50_20220826 00,2654.171630859375
50_20220826 01,2639.537109375
50_20220826 02,2656.1552734375
50_20220826 03,2631.4677734375
50_20220826 04,2643.298583984375
50_20220826 05,2724.490234375
50_20220826 06,2903.826904296875
50_20220826 07,3250.61181640625
50_20220826 08,3532.20654296875
50_20220826 09,3593.99560546875
50_20220826 10,3595.927001953125
50_20220826 11,3609.901123046875
50_20220826 12,3572.845703125
50_20220826 13,3582.461669921875
50_20220826 14,3587.92919921875
50_20220826 15,3627.900390625
50_20220826 16,3583.55224609375
50_20220826 17,3301.7578125
50_20220826 18,3041.21533203125
50_20220826 19,2904.667236328125
50_20220826 20,2808.84326171875
50_20220826 21,2738.389404296875
50_20220826 22,2676.28955078125
50_20220826 23,2602.81103515625
50_20220827 00,2554.74658203125
50_20220827 01,2548.39599609375
50_20220827 02,2577.04345703125
50_20220827 03,2534.814453125
50_20220827 04,2623.29443359375
50_20220827 05,2722.359375
50_20220827 06,2870.7099609375
50_20220827 07,3042.30615234375
50_20220827 08,3286.44775390625
50_20220827 09,3255.493896484375
50_20220827 10,3223.104736328125
50_20220827 11,3174.840576171875
50_20220827 12,2959.67333984375
50_20220827 13,2893.399169921875
50_20220827 14,2918.24951171875
50_20220827 15,2899.598388671875
50_20220827 16,2845.977783203125
50_20220827 17,2822.689208984375
50_20220827 18,2695.14794921875
50_20220827 19,2671.996826171875
50_20220827 20,2565.422607421875
50_20220827 21,2519.14599609375
50_20220827 22,2442.621826171875
50_20220827 23,2377.42431640625
50_20220828 00,2322.67529296875
50_20220828 01,2258.349853515625
50_20220828 02,2292.436279296875
50_20220828 03,2299.58740234375
50_20220828 04,2353.934814453125
50_20220828 05,2435.117919921875
50_20220828 06,2491.41845703125
50_20220828 07,2629.48974609375
50_20220828 08,2720.52099609375
50_20220828 09,2717.08447265625
50_20220828 10,2752.33203125
50_20220828 11,2717.611572265625
50_20220828 12,2654.994873046875
50_20220828 13,2665.47216796875
50_20220828 14,2697.674072265625
50_20220828 15,2738.166259765625
50_20220828 16,2657.132568359375
50_20220828 17,2628.87744140625
50_20220828 18,2719.828125
50_20220828 19,2680.842529296875
50_20220828 20,2525.534423828125
50_20220828 21,2486.16748046875
50_20220828 22,2459.0
50_20220828 23,2441.53759765625
50_20220829 00,2430.639404296875
50_20220829 01,2420.165283203125
50_20220829 02,2450.858154296875
50_20220829 03,2462.3837890625
50_20220829 04,2531.21533203125
50_20220829 05,2654.63427734375
50_20220829 06,2815.699951171875
50_20220829 07,3143.41796875
50_20220829 08,3467.939453125
50_20220829 09,3593.548828125
50_20220829 10,3645.97119140625
50_20220829 11,3609.77734375
50_20220829 12,3559.62548828125
50_20220829 13,3540.298828125
50_20220829 14,3572.16162109375
50_20220829 15,3545.13427734375
50_20220829 16,3520.646484375
50_20220829 17,3171.89208984375
50_20220829 18,2998.73095703125
50_20220829 19,2831.8896484375
50_20220829 20,2783.31298828125
50_20220829 21,2677.71826171875
50_20220829 22,2668.83984375
50_20220829 23,2599.177734375
50_20220830 00,2525.39404296875
50_20220830 01,2532.958251953125
50_20220830 02,2546.61181640625
50_20220830 03,2549.088623046875
50_20220830 04,2624.21142578125
50_20220830 05,2813.994873046875
50_20220830 06,2979.154296875
50_20220830 07,3324.53759765625
50_20220830 08,3599.52880859375
50_20220830 09,3654.94873046875
50_20220830 10,3661.180908203125
50_20220830 11,3653.534423828125
50_20220830 12,3633.100341796875
50_20220830 13,3611.981201171875
50_20220830 14,3547.66162109375
50_20220830 15,3537.4375
50_20220830 16,3518.34375
50_20220830 17,3204.88232421875
50_20220830 18,3011.94384765625
50_20220830 19,2818.34423828125
50_20220830 20,2775.11376953125
50_20220830 21,2651.725341796875
50_20220830 22,2623.760986328125
50_20220830 23,2517.630126953125
50_20220831 00,2518.555419921875
50_20220831 01,2502.596923828125
50_20220831 02,2524.87353515625
50_20220831 03,2555.730224609375
50_20220831 04,2586.178466796875
50_20220831 05,2747.7744140625
50_20220831 06,3006.668212890625
50_20220831 07,3306.000732421875
50_20220831 08,3582.114501953125
50_20220831 09,3645.01025390625
50_20220831 10,3713.86767578125
50_20220831 11,3663.744873046875
50_20220831 12,3625.77783203125
50_20220831 13,3566.469482421875
50_20220831 14,3577.40576171875
50_20220831 15,3548.884765625
50_20220831 16,3525.3359375
50_20220831 17,3202.374267578125
50_20220831 18,2988.958984375
50_20220831 19,2817.384033203125
50_20220831 20,2771.865478515625
50_20220831 21,2657.018310546875
50_20220831 22,2588.54443359375
50_20220831 23,2538.841064453125
51_20220825 00,2052.06689453125
51_20220825 01,2026.8638916015625
51_20220825 02,1966.5924072265625
51_20220825 03,1982.389404296875
51_20220825 04,2009.6761474609375
51_20220825 05,2085.604248046875
51_20220825 06,2490.2216796875
51_20220825 07,2733.724365234375
51_20220825 08,3133.74560546875
51_20220825 09,3318.07177734375
51_20220825 10,3429.69775390625
51_20220825 11,3479.442138671875
51_20220825 12,3439.01318359375
51_20220825 13,3487.416748046875
51_20220825 14,3494.541015625
51_20220825 15,3455.811279296875
51_20220825 16,3393.30712890625
51_20220825 17,3041.80078125
51_20220825 18,2714.788330078125
51_20220825 19,2557.966064453125
51_20220825 20,2433.069580078125
51_20220825 21,2436.584228515625
51_20220825 22,2325.091796875
51_20220825 23,2246.05224609375
51_20220826 00,2119.13818359375
51_20220826 01,2084.16552734375
51_20220826 02,1993.240478515625
51_20220826 03,1985.714111328125
51_20220826 04,1986.112548828125
51_20220826 05,2078.96630859375
51_20220826 06,2567.602294921875
51_20220826 07,2806.856689453125
51_20220826 08,3211.071533203125
51_20220826 09,3389.725830078125
51_20220826 10,3409.14306640625
51_20220826 11,3410.77001953125
51_20220826 12,3343.40087890625
51_20220826 13,3366.495361328125
51_20220826 14,3359.546142578125
51_20220826 15,3368.30859375
51_20220826 16,3351.040283203125
51_20220826 17,2928.924072265625
51_20220826 18,2597.952392578125
51_20220826 19,2500.372802734375
51_20220826 20,2416.4130859375
51_20220826 21,2411.148681640625
51_20220826 22,2288.799560546875
51_20220826 23,2205.7861328125
51_20220827 00,2089.72705078125
51_20220827 01,2006.34765625
51_20220827 02,1972.343505859375
51_20220827 03,1958.4769287109375
51_20220827 04,1963.919189453125
51_20220827 05,1999.479248046875
51_20220827 06,2099.474609375
51_20220827 07,2262.04443359375
51_20220827 08,2401.973876953125
51_20220827 09,2533.26025390625
51_20220827 10,2579.097412109375
51_20220827 11,2586.857421875
51_20220827 12,2572.44580078125
51_20220827 13,2524.519287109375
51_20220827 14,2484.262451171875
51_20220827 15,2464.22509765625
51_20220827 16,2436.054443359375
51_20220827 17,2320.427490234375
51_20220827 18,2329.13037109375
51_20220827 19,2194.976806640625
51_20220827 20,2158.576416015625
51_20220827 21,2202.64404296875
51_20220827 22,2069.126953125
51_20220827 23,1941.210693359375
51_20220828 00,1918.6923828125
51_20220828 01,1864.2060546875
51_20220828 02,1876.4088134765625
51_20220828 03,1871.757080078125
51_20220828 04,1886.4820556640625
51_20220828 05,1909.396484375
51_20220828 06,1988.810302734375
51_20220828 07,2095.084716796875
51_20220828 08,2223.892822265625
51_20220828 09,2335.651123046875
51_20220828 10,2425.77197265625
51_20220828 11,2446.109619140625
51_20220828 12,2465.610107421875
51_20220828 13,2415.369140625
51_20220828 14,2385.25439453125
51_20220828 15,2421.312255859375
51_20220828 16,2371.11572265625
51_20220828 17,2318.597412109375
51_20220828 18,2296.680908203125
51_20220828 19,2200.88671875
51_20220828 20,2141.64111328125
51_20220828 21,2174.946044921875
51_20220828 22,2028.5885009765625
51_20220828 23,1927.3701171875
51_20220829 00,1931.4273681640625
51_20220829 01,1883.7877197265625
51_20220829 02,1891.85546875
51_20220829 03,1876.884521484375
51_20220829 04,1905.8853759765625
51_20220829 05,2006.614501953125
51_20220829 06,2426.240966796875
51_20220829 07,2678.22021484375
51_20220829 08,3032.220703125
51_20220829 09,3187.7470703125
51_20220829 10,3325.02099609375
51_20220829 11,3361.34375
51_20220829 12,3330.088623046875
51_20220829 13,3358.272705078125
51_20220829 14,3326.139892578125
51_20220829 15,3284.92578125
51_20220829 16,3147.22216796875
51_20220829 17,2870.994873046875
51_20220829 18,2545.713623046875
51_20220829 19,2409.467529296875
51_20220829 20,2293.59912109375
51_20220829 21,2331.541015625
51_20220829 22,2193.96728515625
51_20220829 23,2119.56201171875
51_20220830 00,2011.645263671875
51_20220830 01,2013.3619384765625
51_20220830 02,1958.97265625
51_20220830 03,1939.853759765625
51_20220830 04,2006.0279541015625
51_20220830 05,2094.97021484375
51_20220830 06,2528.94970703125
51_20220830 07,2732.463623046875
51_20220830 08,3103.749755859375
51_20220830 09,3223.33984375
51_20220830 10,3402.6328125
51_20220830 11,3389.81640625
51_20220830 12,3331.54052734375
51_20220830 13,3276.764404296875
51_20220830 14,3273.51806640625
51_20220830 15,3265.52001953125
51_20220830 16,3187.908203125
51_20220830 17,2776.23583984375
51_20220830 18,2487.22509765625
51_20220830 19,2364.747314453125
51_20220830 20,2313.19189453125
51_20220830 21,2284.36328125
51_20220830 22,2182.14794921875
51_20220830 23,2119.395751953125
51_20220831 00,2014.3140869140625
51_20220831 01,1980.1939697265625
51_20220831 02,1956.4664306640625
51_20220831 03,1992.253173828125
51_20220831 04,2028.8275146484375
51_20220831 05,2115.218505859375
51_20220831 06,2522.681884765625
51_20220831 07,2739.298095703125
51_20220831 08,3069.41015625
51_20220831 09,3176.360107421875
51_20220831 10,3274.8466796875
51_20220831 11,3278.86572265625
51_20220831 12,3227.418212890625
51_20220831 13,3198.19189453125
51_20220831 14,3325.203125
51_20220831 15,3318.35888671875
51_20220831 16,3202.13671875
51_20220831 17,2829.60595703125
51_20220831 18,2557.58154296875
51_20220831 19,2451.180419921875
51_20220831 20,2322.45068359375
51_20220831 21,2317.173828125
51_20220831 22,2171.903076171875
51_20220831 23,2091.416259765625
52_20220825 00,1601.9276123046875
52_20220825 01,1600.9910888671875
52_20220825 02,1577.092041015625
52_20220825 03,1605.572509765625
52_20220825 04,1627.4852294921875
52_20220825 05,1718.2359619140625
52_20220825 06,2016.728515625
52_20220825 07,2551.846923828125
52_20220825 08,2975.853271484375
52_20220825 09,3057.580810546875
52_20220825 10,3058.810546875
52_20220825 11,3047.51220703125
52_20220825 12,2938.19580078125
52_20220825 13,3007.99267578125
52_20220825 14,3082.9443359375
52_20220825 15,3064.47900390625
52_20220825 16,3006.864990234375
52_20220825 17,2858.142578125
52_20220825 18,2321.724853515625
52_20220825 19,2083.66552734375
52_20220825 20,1966.300048828125
52_20220825 21,1830.9661865234375
52_20220825 22,1736.102783203125
52_20220825 23,1660.5953369140625
52_20220826 00,1651.367431640625
52_20220826 01,1652.3466796875
52_20220826 02,1642.124267578125
52_20220826 03,1662.568603515625
52_20220826 04,1688.8369140625
52_20220826 05,1830.3187255859375
52_20220826 06,2088.443115234375
52_20220826 07,2571.615966796875
52_20220826 08,2975.3837890625
52_20220826 09,3076.232177734375
52_20220826 10,3016.77001953125
52_20220826 11,3029.46923828125
52_20220826 12,2952.89697265625
52_20220826 13,2979.890869140625
52_20220826 14,3008.22314453125
52_20220826 15,3013.49267578125
52_20220826 16,2931.5068359375
52_20220826 17,2736.753173828125
52_20220826 18,2269.59521484375
52_20220826 19,2005.522705078125
52_20220826 20,1869.595947265625
52_20220826 21,1815.0247802734375
52_20220826 22,1715.381103515625
52_20220826 23,1643.1890869140625
52_20220827 00,1614.253662109375
52_20220827 01,1619.124267578125
52_20220827 02,1630.078369140625
52_20220827 03,1595.883056640625
52_20220827 04,1642.085693359375
52_20220827 05,1674.525634765625
52_20220827 06,1815.410888671875
52_20220827 07,1859.571533203125
52_20220827 08,1895.910400390625
52_20220827 09,2060.85595703125
52_20220827 10,2038.425537109375
52_20220827 11,2010.869873046875
52_20220827 12,2012.7545166015625
52_20220827 13,2005.604736328125
52_20220827 14,2030.931640625
52_20220827 15,2033.422119140625
52_20220827 16,2020.6175537109375
52_20220827 17,1934.0966796875
52_20220827 18,1925.1849365234375
52_20220827 19,1764.8775634765625
52_20220827 20,1737.540283203125
52_20220827 21,1634.964111328125
52_20220827 22,1588.8135986328125
52_20220827 23,1578.2960205078125
52_20220828 00,1554.396240234375
52_20220828 01,1548.710693359375
52_20220828 02,1536.588623046875
52_20220828 03,1528.634521484375
52_20220828 04,1534.32470703125
52_20220828 05,1580.857177734375
52_20220828 06,1627.6944580078125
52_20220828 07,1688.796875
52_20220828 08,1749.418701171875
52_20220828 09,1897.4007568359375
52_20220828 10,1894.442138671875
52_20220828 11,1856.8369140625
52_20220828 12,1869.633056640625
52_20220828 13,1848.7808837890625
52_20220828 14,1839.8140869140625
52_20220828 15,1857.2919921875
52_20220828 16,1900.260009765625
52_20220828 17,1772.7574462890625
52_20220828 18,1834.6890869140625
52_20220828 19,1775.961181640625
52_20220828 20,1747.62109375
52_20220828 21,1626.49560546875
52_20220828 22,1586.0653076171875
52_20220828 23,1573.250244140625
52_20220829 00,1587.4183349609375
52_20220829 01,1593.842529296875
52_20220829 02,1572.389404296875
52_20220829 03,1607.44091796875
52_20220829 04,1617.818115234375
52_20220829 05,1704.1884765625
52_20220829 06,2025.374755859375
52_20220829 07,2513.70166015625
52_20220829 08,2934.979248046875
52_20220829 09,3035.84326171875
52_20220829 10,3019.73681640625
52_20220829 11,3005.05517578125
52_20220829 12,2929.641845703125
52_20220829 13,2959.4833984375
52_20220829 14,3027.79443359375
52_20220829 15,3022.1953125
52_20220829 16,2938.82568359375
52_20220829 17,2708.569580078125
52_20220829 18,2289.08837890625
52_20220829 19,2105.29931640625
52_20220829 20,1925.100341796875
52_20220829 21,1800.229736328125
52_20220829 22,1745.103515625
52_20220829 23,1650.970458984375
52_20220830 00,1628.060302734375
52_20220830 01,1633.9765625
52_20220830 02,1592.004150390625
52_20220830 03,1605.688720703125
52_20220830 04,1622.3055419921875
52_20220830 05,1760.5113525390625
52_20220830 06,2050.538818359375
52_20220830 07,2512.3046875
52_20220830 08,3036.54345703125
52_20220830 09,3125.249267578125
52_20220830 10,3123.756591796875
52_20220830 11,3181.44873046875
52_20220830 12,3116.74365234375
52_20220830 13,3168.75439453125
52_20220830 14,3202.33935546875
52_20220830 15,3199.00390625
52_20220830 16,3041.90576171875
52_20220830 17,2881.63818359375
52_20220830 18,2405.87451171875
52_20220830 19,2132.30029296875
52_20220830 20,1916.602783203125
52_20220830 21,1868.1832275390625
52_20220830 22,1750.4693603515625
52_20220830 23,1682.9306640625
52_20220831 00,1659.7718505859375
52_20220831 01,1678.7750244140625
52_20220831 02,1721.905029296875
52_20220831 03,1778.5863037109375
52_20220831 04,1781.3060302734375
52_20220831 05,1862.70703125
52_20220831 06,2101.55712890625
52_20220831 07,2610.260986328125
52_20220831 08,3012.31005859375
52_20220831 09,3135.03173828125
52_20220831 10,3139.962890625
52_20220831 11,3118.90283203125
52_20220831 12,2979.0966796875
52_20220831 13,3011.07763671875
52_20220831 14,3091.53564453125
52_20220831 15,3088.397216796875
52_20220831 16,2969.55419921875
52_20220831 17,2782.42138671875
52_20220831 18,2325.615966796875
52_20220831 19,2014.6826171875
52_20220831 20,1893.597412109375
52_20220831 21,1825.2005615234375
52_20220831 22,1713.9847412109375
52_20220831 23,1647.544677734375
53_20220825 00,898.9713745117188
53_20220825 01,934.5143432617188
53_20220825 02,962.9991455078125
53_20220825 03,1053.5404052734375
53_20220825 04,1744.370361328125
53_20220825 05,2484.30126953125
53_20220825 06,2909.278564453125
53_20220825 07,3242.500244140625
53_20220825 08,3385.953125
53_20220825 09,3372.024658203125
53_20220825 10,3444.37744140625
53_20220825 11,3372.780029296875
53_20220825 12,3273.09326171875
53_20220825 13,3311.250732421875
53_20220825 14,3346.992919921875
53_20220825 15,3200.4267578125
53_20220825 16,3091.01220703125
53_20220825 17,2946.06982421875
53_20220825 18,2703.51806640625
53_20220825 19,1695.3359375
53_20220825 20,1347.772705078125
53_20220825 21,1097.061767578125
53_20220825 22,1011.34912109375
53_20220825 23,1022.1712646484375
53_20220826 00,1017.6212768554688
53_20220826 01,1046.1630859375
53_20220826 02,1038.967529296875
53_20220826 03,1154.0386962890625
53_20220826 04,1744.458740234375
53_20220826 05,2323.39599609375
53_20220826 06,2829.97900390625
53_20220826 07,3150.28515625
53_20220826 08,3285.744873046875
53_20220826 09,3336.12060546875
53_20220826 10,3429.785888671875
53_20220826 11,3331.220703125
53_20220826 12,3250.08154296875
53_20220826 13,3369.427001953125
53_20220826 14,3366.677001953125
53_20220826 15,3281.39697265625
53_20220826 16,3145.67138671875
53_20220826 17,2977.51904296875
53_20220826 18,2738.67822265625
53_20220826 19,1730.4742431640625
53_20220826 20,1331.0736083984375
53_20220826 21,1081.5909423828125
53_20220826 22,991.0457153320312
53_20220826 23,925.3834228515625
53_20220827 00,781.2213134765625
53_20220827 01,809.012939453125
53_20220827 02,895.9202880859375
53_20220827 03,863.7109375
53_20220827 04,896.3668212890625
53_20220827 05,875.7897338867188
53_20220827 06,911.5291137695312
53_20220827 07,942.0379028320312
53_20220827 08,937.6181640625
53_20220827 09,1014.0633544921875
53_20220827 10,1030.120849609375
53_20220827 11,935.9119262695312
53_20220827 12,868.1490478515625
53_20220827 13,833.6036987304688
53_20220827 14,853.7752075195312
53_20220827 15,787.62060546875
53_20220827 16,770.0695190429688
53_20220827 17,729.8582763671875
53_20220827 18,712.323486328125
53_20220827 19,735.734130859375
53_20220827 20,795.0606689453125
53_20220827 21,735.1105346679688
53_20220827 22,744.4110107421875
53_20220827 23,746.0706787109375
53_20220828 00,743.9761352539062
53_20220828 01,752.0780639648438
53_20220828 02,775.7996826171875
53_20220828 03,775.5759887695312
53_20220828 04,828.0594482421875
53_20220828 05,885.2156982421875
53_20220828 06,889.7102661132812
53_20220828 07,924.0540771484375
53_20220828 08,961.9699096679688
53_20220828 09,975.94189453125
53_20220828 10,935.1325073242188
53_20220828 11,852.5573120117188
53_20220828 12,779.500244140625
53_20220828 13,764.5736083984375
53_20220828 14,757.6451416015625
53_20220828 15,744.5030517578125
53_20220828 16,812.1036376953125
53_20220828 17,780.9161376953125
53_20220828 18,728.7010498046875
53_20220828 19,768.7116088867188
53_20220828 20,819.4230346679688
53_20220828 21,863.3931884765625
53_20220828 22,1061.3052978515625
53_20220828 23,1176.9090576171875
53_20220829 00,1316.143798828125
53_20220829 01,1373.96337890625
53_20220829 02,1450.8955078125
53_20220829 03,1587.088623046875
53_20220829 04,2010.6488037109375
53_20220829 05,2418.44287109375
53_20220829 06,2864.01220703125
53_20220829 07,3206.969970703125
53_20220829 08,3283.77490234375
53_20220829 09,3303.23681640625
53_20220829 10,3306.007080078125
53_20220829 11,3272.423095703125
53_20220829 12,3209.17236328125
53_20220829 13,3225.484130859375
53_20220829 14,3239.239013671875
53_20220829 15,3185.227294921875
53_20220829 16,3080.57958984375
53_20220829 17,2979.13525390625
53_20220829 18,2624.57080078125
53_20220829 19,1697.232421875
53_20220829 20,1268.7733154296875
53_20220829 21,1060.02197265625
53_20220829 22,980.3660278320312
53_20220829 23,1021.3505859375
53_20220830 00,962.2589111328125
53_20220830 01,953.083984375
53_20220830 02,982.0205078125
53_20220830 03,1191.722900390625
53_20220830 04,1838.1214599609375
53_20220830 05,2378.830078125
53_20220830 06,2885.868408203125
53_20220830 07,3204.87890625
53_20220830 08,3337.721923828125
53_20220830 09,3414.36328125
53_20220830 10,3443.453857421875
53_20220830 11,3409.151123046875
53_20220830 12,3272.18798828125
53_20220830 13,3421.671875
53_20220830 14,3371.80126953125
53_20220830 15,3325.329345703125
53_20220830 16,3190.484375
53_20220830 17,3027.682373046875
53_20220830 18,2713.75927734375
53_20220830 19,1700.408447265625
53_20220830 20,1352.6612548828125
53_20220830 21,1119.3040771484375
53_20220830 22,999.7429809570312
53_20220830 23,973.5958251953125
53_20220831 00,966.41064453125
53_20220831 01,1011.3049926757812
53_20220831 02,996.6337890625
53_20220831 03,1159.608154296875
53_20220831 04,1721.26953125
53_20220831 05,2323.501953125
53_20220831 06,2866.216552734375
53_20220831 07,3095.14111328125
53_20220831 08,3221.602783203125
53_20220831 09,3284.63232421875
53_20220831 10,3315.05810546875
53_20220831 11,3269.584228515625
53_20220831 12,3155.244140625
53_20220831 13,3227.2275390625
53_20220831 14,3227.89697265625
53_20220831 15,3198.520263671875
53_20220831 16,3095.754150390625
53_20220831 17,2976.8603515625
53_20220831 18,2690.136474609375
53_20220831 19,1772.032470703125
53_20220831 20,1368.764404296875
53_20220831 21,1090.050048828125
53_20220831 22,952.6182861328125
53_20220831 23,955.7033081054688
54_20220825 00,842.47216796875
54_20220825 01,720.7178344726562
54_20220825 02,680.6422119140625
54_20220825 03,705.6302490234375
54_20220825 04,713.8963623046875
54_20220825 05,1102.947998046875
54_20220825 06,1535.9931640625
54_20220825 07,1981.443115234375
54_20220825 08,2311.013671875
54_20220825 09,2516.56884765625
54_20220825 10,3006.3427734375
54_20220825 11,3245.194580078125
54_20220825 12,3308.64892578125
54_20220825 13,3363.041015625
54_20220825 14,3390.06591796875
54_20220825 15,3382.02294921875
54_20220825 16,3394.67333984375
54_20220825 17,3318.571044921875
54_20220825 18,3298.22509765625
54_20220825 19,3127.281982421875
54_20220825 20,2282.38427734375
54_20220825 21,1110.629638671875
54_20220825 22,948.6643676757812
54_20220825 23,936.3089599609375
54_20220826 00,870.3951416015625
54_20220826 01,736.5277709960938
54_20220826 02,721.0662841796875
54_20220826 03,732.9981689453125
54_20220826 04,736.2130126953125
54_20220826 05,1146.0723876953125
54_20220826 06,1714.1751708984375
54_20220826 07,1986.1546630859375
54_20220826 08,2255.7001953125
54_20220826 09,2384.862548828125
54_20220826 10,2957.682861328125
54_20220826 11,3285.18994140625
54_20220826 12,3313.0390625
54_20220826 13,3314.352294921875
54_20220826 14,3317.62158203125
54_20220826 15,3290.378173828125
54_20220826 16,3252.9697265625
54_20220826 17,3197.7109375
54_20220826 18,3111.388916015625
54_20220826 19,2992.74365234375
54_20220826 20,2128.07763671875
54_20220826 21,1049.6622314453125
54_20220826 22,933.392578125
54_20220826 23,939.3468017578125
54_20220827 00,852.9456787109375
54_20220827 01,729.5849609375
54_20220827 02,706.8936157226562
54_20220827 03,702.2692260742188
54_20220827 04,696.5609130859375
54_20220827 05,1133.2294921875
54_20220827 06,1665.398193359375
54_20220827 07,2057.405029296875
54_20220827 08,2296.06689453125
54_20220827 09,2388.8076171875
54_20220827 10,2943.142822265625
54_20220827 11,3163.43212890625
54_20220827 12,3218.05712890625
54_20220827 13,3287.549560546875
54_20220827 14,3247.889404296875
54_20220827 15,3276.663330078125
54_20220827 16,3244.86376953125
54_20220827 17,3169.783203125
54_20220827 18,3208.88134765625
54_20220827 19,3025.62548828125
54_20220827 20,2131.382568359375
54_20220827 21,995.1279296875
54_20220827 22,911.9822998046875
54_20220827 23,897.5026245117188
54_20220828 00,752.4295654296875
54_20220828 01,613.430419921875
54_20220828 02,593.5507202148438
54_20220828 03,603.7527465820312
54_20220828 04,632.8981323242188
54_20220828 05,1031.962646484375
54_20220828 06,1401.7783203125
54_20220828 07,1667.6292724609375
54_20220828 08,1884.6383056640625
54_20220828 09,2154.44580078125
54_20220828 10,2643.95947265625
54_20220828 11,2991.1083984375
54_20220828 12,3028.041015625
54_20220828 13,2987.75830078125
54_20220828 14,3056.808349609375
54_20220828 15,3025.09326171875
54_20220828 16,2964.924072265625
54_20220828 17,2932.25048828125
54_20220828 18,2893.486328125
54_20220828 19,2671.05322265625
54_20220828 20,1775.2974853515625
54_20220828 21,889.6331176757812
54_20220828 22,803.1292724609375
54_20220828 23,799.0728759765625
54_20220829 00,714.5189208984375
54_20220829 01,661.8106689453125
54_20220829 02,625.5748291015625
54_20220829 03,624.3568115234375
54_20220829 04,643.5427856445312
54_20220829 05,880.9017333984375
54_20220829 06,991.29150390625
54_20220829 07,1029.1014404296875
54_20220829 08,1196.361572265625
54_20220829 09,1440.252685546875
54_20220829 10,1554.4349365234375
54_20220829 11,1560.98828125
54_20220829 12,1554.9783935546875
54_20220829 13,1637.8719482421875
54_20220829 14,1605.795654296875
54_20220829 15,1571.0400390625
54_20220829 16,1570.59716796875
54_20220829 17,1484.7388916015625
54_20220829 18,1471.813720703125
54_20220829 19,1436.212890625
54_20220829 20,1230.813232421875
54_20220829 21,897.0421142578125
54_20220829 22,916.81884765625
54_20220829 23,955.0885620117188
54_20220830 00,889.6568603515625
54_20220830 01,766.6094360351562
54_20220830 02,754.6424560546875
54_20220830 03,743.2438354492188
54_20220830 04,768.4192504882812
54_20220830 05,1172.820556640625
54_20220830 06,1744.190673828125
54_20220830 07,2184.94580078125
54_20220830 08,2486.03369140625
54_20220830 09,2477.158447265625
54_20220830 10,2978.96630859375
54_20220830 11,3272.896240234375
54_20220830 12,3339.641357421875
54_20220830 13,3326.721923828125
54_20220830 14,3339.411376953125
54_20220830 15,3283.07421875
54_20220830 16,3273.286376953125
54_20220830 17,3202.03515625
54_20220830 18,3068.146728515625
54_20220830 19,2955.967041015625
54_20220830 20,2144.747314453125
54_20220830 21,1058.3436279296875
54_20220830 22,943.2618408203125
54_20220830 23,919.7628173828125
54_20220831 00,810.26708984375
54_20220831 01,692.701904296875
54_20220831 02,646.6257934570312
54_20220831 03,644.18994140625
54_20220831 04,666.912841796875
54_20220831 05,1097.9412841796875
54_20220831 06,1694.7841796875
54_20220831 07,2233.077880859375
54_20220831 08,2374.298828125
54_20220831 09,2410.439453125
54_20220831 10,2936.71923828125
54_20220831 11,3128.21923828125
54_20220831 12,3189.563232421875
54_20220831 13,3193.37646484375
54_20220831 14,3128.511962890625
54_20220831 15,3116.399169921875
54_20220831 16,3121.365234375
54_20220831 17,2992.765869140625
54_20220831 18,3000.659423828125
54_20220831 19,2841.537841796875
54_20220831 20,1992.371337890625
54_20220831 21,991.5565185546875
54_20220831 22,890.4376831054688
54_20220831 23,905.7581176757812
55_20220825 00,935.0689697265625
55_20220825 01,931.2064208984375
55_20220825 02,929.12744140625
55_20220825 03,930.2205200195312
55_20220825 04,934.5465087890625
55_20220825 05,963.5908203125
55_20220825 06,1040.504150390625
55_20220825 07,1086.058837890625
55_20220825 08,1130.2855224609375
55_20220825 09,1132.9398193359375
55_20220825 10,1132.7529296875
55_20220825 11,1119.2860107421875
55_20220825 12,1137.719482421875
55_20220825 13,1135.925048828125
55_20220825 14,1080.750732421875
55_20220825 15,1079.5316162109375
55_20220825 16,1083.0870361328125
55_20220825 17,1111.245849609375
55_20220825 18,1028.696533203125
55_20220825 19,950.64404296875
55_20220825 20,941.6188354492188
55_20220825 21,932.8132934570312
55_20220825 22,929.2630004882812
55_20220825 23,924.10302734375
55_20220826 00,918.3603515625
55_20220826 01,916.1720581054688
55_20220826 02,914.6613159179688
55_20220826 03,922.6015625
55_20220826 04,921.9782104492188
55_20220826 05,954.1534423828125
55_20220826 06,1025.771240234375
55_20220826 07,1070.744140625
55_20220826 08,1124.0267333984375
55_20220826 09,1064.73291015625
55_20220826 10,1104.09765625
55_20220826 11,1055.299560546875
55_20220826 12,1100.192138671875
55_20220826 13,1092.470703125
55_20220826 14,1054.514892578125
55_20220826 15,1050.1005859375
55_20220826 16,1053.003662109375
55_20220826 17,1053.2144775390625
55_20220826 18,1017.6935424804688
55_20220826 19,946.6956787109375
55_20220826 20,942.8231201171875
55_20220826 21,931.9865112304688
55_20220826 22,931.7932739257812
55_20220826 23,933.3229370117188
55_20220827 00,931.9603271484375
55_20220827 01,921.9381713867188
55_20220827 02,932.3033447265625
55_20220827 03,936.9041137695312
55_20220827 04,938.1311645507812
55_20220827 05,946.7000732421875
55_20220827 06,959.9403076171875
55_20220827 07,947.5269775390625
55_20220827 08,956.0130004882812
55_20220827 09,952.5643310546875
55_20220827 10,949.38134765625
55_20220827 11,942.2308349609375
55_20220827 12,933.7730712890625
55_20220827 13,915.29296875
55_20220827 14,919.8648681640625
55_20220827 15,912.9972534179688
55_20220827 16,908.4548950195312
55_20220827 17,905.6673583984375
55_20220827 18,907.2086181640625
55_20220827 19,924.4527587890625
55_20220827 20,910.7362060546875
55_20220827 21,917.1004638671875
55_20220827 22,917.3958740234375
55_20220827 23,923.6319580078125
55_20220828 00,911.70458984375
55_20220828 01,914.2850341796875
55_20220828 02,918.7828979492188
55_20220828 03,920.09228515625
55_20220828 04,928.3116455078125
55_20220828 05,934.8282470703125
55_20220828 06,936.47119140625
55_20220828 07,937.2077026367188
55_20220828 08,930.9583129882812
55_20220828 09,922.0411376953125
55_20220828 10,916.6258544921875
55_20220828 11,901.0921020507812
55_20220828 12,889.0738525390625
55_20220828 13,891.9281005859375
55_20220828 14,889.40673828125
55_20220828 15,891.89306640625
55_20220828 16,893.9485473632812
55_20220828 17,908.5791015625
55_20220828 18,905.53662109375
55_20220828 19,910.1945190429688
55_20220828 20,917.1046752929688
55_20220828 21,923.7576293945312
55_20220828 22,918.1516723632812
55_20220828 23,917.2745971679688
55_20220829 00,926.0931396484375
55_20220829 01,920.42138671875
55_20220829 02,926.1466064453125
55_20220829 03,919.0001220703125
55_20220829 04,922.3658447265625
55_20220829 05,959.6784057617188
55_20220829 06,1029.825927734375
55_20220829 07,1077.82568359375
55_20220829 08,1136.897705078125
55_20220829 09,1088.0850830078125
55_20220829 10,1081.163330078125
55_20220829 11,1077.183349609375
55_20220829 12,1129.000244140625
55_20220829 13,1083.5380859375
55_20220829 14,1074.423095703125
55_20220829 15,1079.5458984375
55_20220829 16,1081.1929931640625
55_20220829 17,1075.3931884765625
55_20220829 18,1035.403076171875
55_20220829 19,966.8396606445312
55_20220829 20,957.4586791992188
55_20220829 21,945.74072265625
55_20220829 22,940.7181396484375
55_20220829 23,939.2523193359375
55_20220830 00,924.1808471679688
55_20220830 01,927.4465942382812
55_20220830 02,932.53857421875
55_20220830 03,934.0107421875
55_20220830 04,942.3173828125
55_20220830 05,964.9295654296875
55_20220830 06,1038.647216796875
55_20220830 07,1081.0687255859375
55_20220830 08,1138.95166015625
55_20220830 09,1135.6673583984375
55_20220830 10,1134.5892333984375
55_20220830 11,1128.952880859375
55_20220830 12,1134.0758056640625
55_20220830 13,1146.5673828125
55_20220830 14,1135.7314453125
55_20220830 15,1135.881591796875
55_20220830 16,1132.7279052734375
55_20220830 17,1135.878173828125
55_20220830 18,1046.1197509765625
55_20220830 19,975.1159057617188
55_20220830 20,961.1265869140625
55_20220830 21,950.3167724609375
55_20220830 22,946.2145385742188
55_20220830 23,951.7374877929688
55_20220831 00,940.3192138671875
55_20220831 01,935.2872924804688
55_20220831 02,934.7257690429688
55_20220831 03,936.1237182617188
55_20220831 04,938.9111328125
55_20220831 05,962.1199340820312
55_20220831 06,1051.1661376953125
55_20220831 07,1072.5394287109375
55_20220831 08,1136.4327392578125
55_20220831 09,1085.793212890625
55_20220831 10,1085.577392578125
55_20220831 11,1075.2620849609375
55_20220831 12,1129.655029296875
55_20220831 13,1120.478759765625
55_20220831 14,1077.007568359375
55_20220831 15,1071.096923828125
55_20220831 16,1064.4072265625
55_20220831 17,1068.91943359375
55_20220831 18,1029.1026611328125
55_20220831 19,957.0904541015625
55_20220831 20,944.9722900390625
55_20220831 21,934.7799682617188
55_20220831 22,932.9906005859375
55_20220831 23,938.9146728515625
56_20220825 00,3860.23095703125
56_20220825 01,3843.614501953125
56_20220825 02,3847.169189453125
56_20220825 03,3857.12646484375
56_20220825 04,3872.81005859375
56_20220825 05,3952.83935546875
56_20220825 06,4119.59521484375
56_20220825 07,4262.35009765625
56_20220825 08,4346.859375
56_20220825 09,4356.2001953125
56_20220825 10,4444.3623046875
56_20220825 11,4435.84619140625
56_20220825 12,4438.36572265625
56_20220825 13,4418.14892578125
56_20220825 14,4418.69970703125
56_20220825 15,4404.1494140625
56_20220825 16,4368.572265625
56_20220825 17,4367.208984375
56_20220825 18,4262.7666015625
56_20220825 19,4035.418701171875
56_20220825 20,3934.622314453125
56_20220825 21,3907.93798828125
56_20220825 22,3902.88818359375
56_20220825 23,3854.41845703125
56_20220826 00,3857.54150390625
56_20220826 01,3830.879638671875
56_20220826 02,3855.944091796875
56_20220826 03,3870.727783203125
56_20220826 04,3884.715576171875
56_20220826 05,3986.73828125
56_20220826 06,4131.5224609375
56_20220826 07,4268.7529296875
56_20220826 08,4349.5439453125
56_20220826 09,4336.49462890625
56_20220826 10,4394.5791015625
56_20220826 11,4391.07763671875
56_20220826 12,4390.05712890625
56_20220826 13,4397.89697265625
56_20220826 14,4389.88427734375
56_20220826 15,4383.5751953125
56_20220826 16,4266.11376953125
56_20220826 17,4277.6611328125
56_20220826 18,4201.18017578125
56_20220826 19,4078.791748046875
56_20220826 20,3978.97216796875
56_20220826 21,3953.20166015625
56_20220826 22,3904.798828125
56_20220826 23,3866.955810546875
56_20220827 00,3881.403564453125
56_20220827 01,3865.06884765625
56_20220827 02,3890.85400390625
56_20220827 03,3899.79833984375
56_20220827 04,3907.983642578125
56_20220827 05,3921.942626953125
56_20220827 06,3977.119140625
56_20220827 07,3992.63427734375
56_20220827 08,3993.630859375
56_20220827 09,4010.921875
56_20220827 10,3996.832763671875
56_20220827 11,3982.987548828125
56_20220827 12,3950.319091796875
56_20220827 13,3937.49072265625
56_20220827 14,3988.09912109375
56_20220827 15,3981.24365234375
56_20220827 16,3938.166748046875
56_20220827 17,3966.563232421875
56_20220827 18,3968.397705078125
56_20220827 19,3911.81591796875
56_20220827 20,3905.30224609375
56_20220827 21,3889.18994140625
56_20220827 22,3892.98046875
56_20220827 23,3876.81103515625
56_20220828 00,3866.135986328125
56_20220828 01,3878.377685546875
56_20220828 02,3893.248046875
56_20220828 03,3910.98876953125
56_20220828 04,3912.23974609375
56_20220828 05,3926.413330078125
56_20220828 06,3955.2265625
56_20220828 07,3963.157470703125
56_20220828 08,3965.75048828125
56_20220828 09,3956.32958984375
56_20220828 10,3968.313232421875
56_20220828 11,3950.67138671875
56_20220828 12,3917.71044921875
56_20220828 13,3914.510498046875
56_20220828 14,3928.33203125
56_20220828 15,3985.30224609375
56_20220828 16,3971.030517578125
56_20220828 17,3987.35009765625
56_20220828 18,3898.66650390625
56_20220828 19,3898.48876953125
56_20220828 20,3919.24755859375
56_20220828 21,3876.39892578125
56_20220828 22,3858.342529296875
56_20220828 23,3859.751220703125
56_20220829 00,3877.49365234375
56_20220829 01,3850.1875
56_20220829 02,3886.259033203125
56_20220829 03,3908.20947265625
56_20220829 04,3916.2421875
56_20220829 05,3983.99462890625
56_20220829 06,4140.80224609375
56_20220829 07,4312.99169921875
56_20220829 08,4395.447265625
56_20220829 09,4384.3759765625
56_20220829 10,4400.5234375
56_20220829 11,4398.10791015625
56_20220829 12,4370.69775390625
56_20220829 13,4356.2431640625
56_20220829 14,4355.9375
56_20220829 15,4359.0888671875
56_20220829 16,4284.21630859375
56_20220829 17,4289.1025390625
56_20220829 18,4243.4580078125
56_20220829 19,4064.278564453125
56_20220829 20,3959.14208984375
56_20220829 21,3949.0
56_20220829 22,3901.794921875
56_20220829 23,3903.30029296875
56_20220830 00,3890.684814453125
56_20220830 01,3884.21630859375
56_20220830 02,3902.229248046875
56_20220830 03,3896.438720703125
56_20220830 04,3893.33740234375
56_20220830 05,3975.510986328125
56_20220830 06,4142.83203125
56_20220830 07,4268.9501953125
56_20220830 08,4355.14501953125
56_20220830 09,4345.1357421875
56_20220830 10,4404.4873046875
56_20220830 11,4395.6416015625
56_20220830 12,4393.4755859375
56_20220830 13,4391.67236328125
56_20220830 14,4387.4677734375
56_20220830 15,4389.6181640625
56_20220830 16,4309.52734375
56_20220830 17,4277.87841796875
56_20220830 18,4251.5205078125
56_20220830 19,4070.721435546875
56_20220830 20,4010.833984375
56_20220830 21,3925.33251953125
56_20220830 22,3919.17236328125
56_20220830 23,3876.284423828125
56_20220831 00,3873.30908203125
56_20220831 01,3885.23876953125
56_20220831 02,3873.125732421875
56_20220831 03,3866.666748046875
56_20220831 04,3866.958251953125
56_20220831 05,3936.973388671875
56_20220831 06,4118.6728515625
56_20220831 07,4250.9912109375
56_20220831 08,4326.47900390625
56_20220831 09,4330.91357421875
56_20220831 10,4340.1845703125
56_20220831 11,4335.83984375
56_20220831 12,4339.13720703125
56_20220831 13,4326.9248046875
56_20220831 14,4334.2587890625
56_20220831 15,4339.1494140625
56_20220831 16,4255.51171875
56_20220831 17,4312.45849609375
56_20220831 18,4217.83447265625
56_20220831 19,4039.17822265625
56_20220831 20,3922.18212890625
56_20220831 21,3908.96875
56_20220831 22,3848.065673828125
56_20220831 23,3849.66748046875
57_20220825 00,1040.559326171875
57_20220825 01,965.1599731445312
57_20220825 02,823.6336669921875
57_20220825 03,817.1614990234375
57_20220825 04,794.1649780273438
57_20220825 05,830.39453125
57_20220825 06,1037.5367431640625
57_20220825 07,1531.1405029296875
57_20220825 08,2100.14404296875
57_20220825 09,2432.91162109375
57_20220825 10,2943.51611328125
57_20220825 11,3071.177001953125
57_20220825 12,3093.158447265625
57_20220825 13,3065.259033203125
57_20220825 14,3045.62548828125
57_20220825 15,2873.324462890625
57_20220825 16,2878.18896484375
57_20220825 17,2930.35400390625
57_20220825 18,2601.79345703125
57_20220825 19,2532.25244140625
57_20220825 20,2366.47119140625
57_20220825 21,2061.715087890625
57_20220825 22,1679.279541015625
57_20220825 23,1161.5794677734375
57_20220826 00,1020.5609130859375
57_20220826 01,953.4313354492188
57_20220826 02,811.7728271484375
57_20220826 03,806.5399169921875
57_20220826 04,785.4080200195312
57_20220826 05,814.3770141601562
57_20220826 06,1015.7898559570312
57_20220826 07,1524.6241455078125
57_20220826 08,2064.13134765625
57_20220826 09,2400.28466796875
57_20220826 10,2919.2685546875
57_20220826 11,3055.203125
57_20220826 12,3068.6875
57_20220826 13,3120.89404296875
57_20220826 14,3046.41943359375
57_20220826 15,2955.296875
57_20220826 16,2904.9404296875
57_20220826 17,2937.388916015625
57_20220826 18,2659.06591796875
57_20220826 19,2561.872802734375
57_20220826 20,2493.259765625
57_20220826 21,2207.298095703125
57_20220826 22,1719.4163818359375
57_20220826 23,1192.0723876953125
57_20220827 00,984.1539916992188
57_20220827 01,937.794921875
57_20220827 02,847.8721923828125
57_20220827 03,819.2717895507812
57_20220827 04,818.398193359375
57_20220827 05,835.79638671875
57_20220827 06,951.60009765625
57_20220827 07,1092.863037109375
57_20220827 08,1183.2620849609375
57_20220827 09,1370.6143798828125
57_20220827 10,1897.946044921875
57_20220827 11,2040.7294921875
57_20220827 12,2198.581787109375
57_20220827 13,2254.27099609375
57_20220827 14,2257.3935546875
57_20220827 15,2225.06591796875
57_20220827 16,2202.171875
57_20220827 17,2258.490478515625
57_20220827 18,2295.10595703125
57_20220827 19,2223.04736328125
57_20220827 20,2092.55419921875
57_20220827 21,1812.5570068359375
57_20220827 22,1435.9677734375
57_20220827 23,999.9738159179688
57_20220828 00,893.5623168945312
57_20220828 01,842.6661376953125
57_20220828 02,828.9537963867188
57_20220828 03,826.228515625
57_20220828 04,824.8812255859375
57_20220828 05,836.9288330078125
57_20220828 06,923.07861328125
57_20220828 07,1046.07763671875
57_20220828 08,1149.4921875
57_20220828 09,1343.2393798828125
57_20220828 10,1891.66015625
57_20220828 11,2065.047119140625
57_20220828 12,2220.286376953125
57_20220828 13,2268.26123046875
57_20220828 14,2255.098876953125
57_20220828 15,2250.35205078125
57_20220828 16,2244.551025390625
57_20220828 17,2300.948974609375
57_20220828 18,2291.39794921875
57_20220828 19,2306.794921875
57_20220828 20,2130.32080078125
57_20220828 21,1916.2691650390625
57_20220828 22,1526.994384765625
57_20220828 23,1045.108154296875
57_20220829 00,957.6988525390625
57_20220829 01,899.4069213867188
57_20220829 02,807.1442260742188
57_20220829 03,815.510498046875
57_20220829 04,795.4403076171875
57_20220829 05,825.1580810546875
57_20220829 06,1031.1402587890625
57_20220829 07,1507.3760986328125
57_20220829 08,2036.80859375
57_20220829 09,2295.826171875
57_20220829 10,2914.84765625
57_20220829 11,3039.04833984375
57_20220829 12,3015.96923828125
57_20220829 13,3016.65478515625
57_20220829 14,2974.492431640625
57_20220829 15,2887.150390625
57_20220829 16,2832.48876953125
57_20220829 17,2820.945556640625
57_20220829 18,2513.732666015625
57_20220829 19,2420.43408203125
57_20220829 20,2344.850830078125
57_20220829 21,2024.0728759765625
57_20220829 22,1646.6644287109375
57_20220829 23,1144.156005859375
57_20220830 00,994.3079833984375
57_20220830 01,946.72119140625
57_20220830 02,823.4088134765625
57_20220830 03,828.4622192382812
57_20220830 04,816.6828002929688
57_20220830 05,846.3292236328125
57_20220830 06,1056.842529296875
57_20220830 07,1563.206787109375
57_20220830 08,2117.583984375
57_20220830 09,2387.052001953125
57_20220830 10,2901.934814453125
57_20220830 11,3084.18994140625
57_20220830 12,3098.31298828125
57_20220830 13,3093.456298828125
57_20220830 14,2996.364013671875
57_20220830 15,2903.86474609375
57_20220830 16,2849.625732421875
57_20220830 17,2888.53466796875
57_20220830 18,2590.54541015625
57_20220830 19,2546.663330078125
57_20220830 20,2426.1904296875
57_20220830 21,2099.918212890625
57_20220830 22,1679.030029296875
57_20220830 23,1206.9300537109375
57_20220831 00,1049.5245361328125
57_20220831 01,979.5894775390625
57_20220831 02,837.2439575195312
57_20220831 03,834.0037231445312
57_20220831 04,807.3458862304688
57_20220831 05,839.1143798828125
57_20220831 06,1035.987548828125
57_20220831 07,1540.984130859375
57_20220831 08,2074.60205078125
57_20220831 09,2337.79150390625
57_20220831 10,2881.00048828125
57_20220831 11,3008.82666015625
57_20220831 12,3020.16845703125
57_20220831 13,3036.49658203125
57_20220831 14,3024.17919921875
57_20220831 15,2942.363037109375
57_20220831 16,2911.51123046875
57_20220831 17,2926.655029296875
57_20220831 18,2619.18798828125
57_20220831 19,2569.508544921875
57_20220831 20,2442.024169921875
57_20220831 21,2079.14892578125
57_20220831 22,1676.525146484375
57_20220831 23,1175.593994140625
58_20220825 00,2833.763427734375
58_20220825 01,2850.975830078125
58_20220825 02,2846.01025390625
58_20220825 03,2837.49658203125
58_20220825 04,2842.954833984375
58_20220825 05,2841.59912109375
58_20220825 06,2864.98974609375
58_20220825 07,2928.86083984375
58_20220825 08,2939.13818359375
58_20220825 09,2948.112060546875
58_20220825 10,2974.12548828125
58_20220825 11,2974.28564453125
58_20220825 12,2973.49560546875
58_20220825 13,2967.783935546875
58_20220825 14,2950.02392578125
58_20220825 15,2953.73876953125
58_20220825 16,2991.20654296875
58_20220825 17,2945.4375
58_20220825 18,2867.32177734375
58_20220825 19,2864.776611328125
58_20220825 20,2838.8203125
58_20220825 21,2838.080078125
58_20220825 22,2818.27001953125
58_20220825 23,2815.765625
58_20220826 00,2820.518798828125
58_20220826 01,2835.239013671875
58_20220826 02,2830.79833984375
58_20220826 03,2838.94384765625
58_20220826 04,2830.91064453125
58_20220826 05,2846.02685546875
58_20220826 06,2866.334228515625
58_20220826 07,2899.12060546875
58_20220826 08,2899.016357421875
58_20220826 09,2924.16943359375
58_20220826 10,2940.21142578125
58_20220826 11,2938.23193359375
58_20220826 12,2944.603515625
58_20220826 13,2950.69677734375
58_20220826 14,2935.50390625
58_20220826 15,2937.11962890625
58_20220826 16,3011.763671875
58_20220826 17,2942.63330078125
58_20220826 18,2890.3076171875
58_20220826 19,2888.79541015625
58_20220826 20,2851.026123046875
58_20220826 21,2857.44140625
58_20220826 22,2835.68115234375
58_20220826 23,2838.98974609375
58_20220827 00,2850.27685546875
58_20220827 01,2856.886962890625
58_20220827 02,2839.60888671875
58_20220827 03,2854.00927734375
58_20220827 04,2844.005126953125
58_20220827 05,2842.4853515625
58_20220827 06,2852.940185546875
58_20220827 07,2857.4921875
58_20220827 08,2870.940185546875
58_20220827 09,2829.15234375
58_20220827 10,2826.708740234375
58_20220827 11,2832.2490234375
58_20220827 12,2834.21240234375
58_20220827 13,2817.906982421875
58_20220827 14,2820.48486328125
58_20220827 15,2820.430419921875
58_20220827 16,2817.48095703125
58_20220827 17,2808.945068359375
58_20220827 18,2800.07177734375
58_20220827 19,2784.31689453125
58_20220827 20,2799.350830078125
58_20220827 21,2811.687255859375
58_20220827 22,2807.2041015625
58_20220827 23,2824.610595703125
58_20220828 00,2827.2998046875
58_20220828 01,2840.55712890625
58_20220828 02,2824.06689453125
58_20220828 03,2828.043212890625
58_20220828 04,2803.550537109375
58_20220828 05,2813.914306640625
58_20220828 06,2813.49169921875
58_20220828 07,2817.368896484375
58_20220828 08,2844.243896484375
58_20220828 09,2835.244384765625
58_20220828 10,2834.857177734375
58_20220828 11,2820.951416015625
58_20220828 12,2810.0859375
58_20220828 13,2793.624755859375
58_20220828 14,2805.24658203125
58_20220828 15,2825.689208984375
58_20220828 16,2802.41064453125
58_20220828 17,2827.78955078125
58_20220828 18,2781.834716796875
58_20220828 19,2802.33447265625
58_20220828 20,2808.318359375
58_20220828 21,2808.747314453125
58_20220828 22,2793.18603515625
58_20220828 23,2818.02685546875
58_20220829 00,2817.37353515625
58_20220829 01,2829.34130859375
58_20220829 02,2817.704345703125
58_20220829 03,2807.88525390625
58_20220829 04,2818.89599609375
58_20220829 05,2836.63037109375
58_20220829 06,2862.47705078125
58_20220829 07,2906.646484375
58_20220829 08,2905.322998046875
58_20220829 09,2906.52685546875
58_20220829 10,2911.178955078125
58_20220829 11,2905.327880859375
58_20220829 12,2904.958740234375
58_20220829 13,2904.098388671875
58_20220829 14,2897.23046875
58_20220829 15,2901.9619140625
58_20220829 16,2968.6806640625
58_20220829 17,2896.544921875
58_20220829 18,2851.145751953125
58_20220829 19,2830.7177734375
58_20220829 20,2824.839599609375
58_20220829 21,2825.887939453125
58_20220829 22,2816.702880859375
58_20220829 23,2795.115234375
58_20220830 00,2807.296875
58_20220830 01,2817.87939453125
58_20220830 02,2799.348388671875
58_20220830 03,2806.964111328125
58_20220830 04,2812.88037109375
58_20220830 05,2841.60595703125
58_20220830 06,2854.341064453125
58_20220830 07,2887.867431640625
58_20220830 08,2909.396484375
58_20220830 09,2910.21923828125
58_20220830 10,2930.107666015625
58_20220830 11,2928.15283203125
58_20220830 12,2933.69775390625
58_20220830 13,2932.00732421875
58_20220830 14,2924.205322265625
58_20220830 15,2927.98779296875
58_20220830 16,2984.966064453125
58_20220830 17,2932.360595703125
58_20220830 18,2854.467041015625
58_20220830 19,2841.18115234375
58_20220830 20,2831.58056640625
58_20220830 21,2836.223876953125
58_20220830 22,2826.02685546875
58_20220830 23,2823.477294921875
58_20220831 00,2828.80712890625
58_20220831 01,2845.794189453125
58_20220831 02,2835.085205078125
58_20220831 03,2835.96484375
58_20220831 04,2836.996826171875
58_20220831 05,2851.4345703125
58_20220831 06,2869.76416015625
58_20220831 07,2899.628662109375
58_20220831 08,2915.84326171875
58_20220831 09,2924.961669921875
58_20220831 10,2924.74560546875
58_20220831 11,2946.802001953125
58_20220831 12,2944.403564453125
58_20220831 13,2930.93408203125
58_20220831 14,2916.89111328125
58_20220831 15,2939.369384765625
58_20220831 16,3008.0400390625
58_20220831 17,2947.124755859375
58_20220831 18,2882.88427734375
58_20220831 19,2857.968505859375
58_20220831 20,2844.57080078125
58_20220831 21,2851.46630859375
58_20220831 22,2843.90380859375
58_20220831 23,2846.677978515625
59_20220825 00,695.5748291015625
59_20220825 01,683.7457885742188
59_20220825 02,686.4176025390625
59_20220825 03,688.2998657226562
59_20220825 04,722.4761962890625
59_20220825 05,839.9874267578125
59_20220825 06,1424.0345458984375
59_20220825 07,2656.35986328125
59_20220825 08,2955.50830078125
59_20220825 09,3039.73583984375
59_20220825 10,3141.259033203125
59_20220825 11,3036.35595703125
59_20220825 12,2998.46142578125
59_20220825 13,3061.0498046875
59_20220825 14,3020.23388671875
59_20220825 15,2984.31201171875
59_20220825 16,2973.98095703125
59_20220825 17,2862.447509765625
59_20220825 18,2284.6416015625
59_20220825 19,1829.711669921875
59_20220825 20,1207.7835693359375
59_20220825 21,1012.2037353515625
59_20220825 22,847.4761962890625
59_20220825 23,737.4962768554688
59_20220826 00,683.9139404296875
59_20220826 01,671.4921264648438
59_20220826 02,673.1383056640625
59_20220826 03,680.6292114257812
59_20220826 04,711.9714965820312
59_20220826 05,838.6277465820312
59_20220826 06,1410.362548828125
59_20220826 07,2444.316650390625
59_20220826 08,2765.50927734375
59_20220826 09,2997.63330078125
59_20220826 10,3078.303466796875
59_20220826 11,3103.63916015625
59_20220826 12,2979.9287109375
59_20220826 13,3079.412841796875
59_20220826 14,3002.78564453125
59_20220826 15,2975.85986328125
59_20220826 16,2978.95654296875
59_20220826 17,2867.54638671875
59_20220826 18,2302.961669921875
59_20220826 19,1801.1754150390625
59_20220826 20,1245.491455078125
59_20220826 21,1016.0720825195312
59_20220826 22,818.8630981445312
59_20220826 23,723.5899658203125
59_20220827 00,633.7821044921875
59_20220827 01,643.1774291992188
59_20220827 02,598.4591064453125
59_20220827 03,644.88427734375
59_20220827 04,655.0557861328125
59_20220827 05,690.8453369140625
59_20220827 06,711.6735229492188
59_20220827 07,750.9447021484375
59_20220827 08,927.19091796875
59_20220827 09,1064.3804931640625
59_20220827 10,1134.6298828125
59_20220827 11,1180.6573486328125
59_20220827 12,1211.0570068359375
59_20220827 13,1216.138671875
59_20220827 14,1203.3585205078125
59_20220827 15,1191.244140625
59_20220827 16,1160.102294921875
59_20220827 17,1166.321044921875
59_20220827 18,1135.988525390625
59_20220827 19,1062.666259765625
59_20220827 20,854.59521484375
59_20220827 21,816.70068359375
59_20220827 22,712.5400390625
59_20220827 23,661.876953125
59_20220828 00,586.7181396484375
59_20220828 01,587.3040771484375
59_20220828 02,593.9422607421875
59_20220828 03,593.9735717773438
59_20220828 04,611.2651977539062
59_20220828 05,618.3912963867188
59_20220828 06,654.5869140625
59_20220828 07,679.8427124023438
59_20220828 08,754.5665893554688
59_20220828 09,727.0177001953125
59_20220828 10,770.3651733398438
59_20220828 11,811.7429809570312
59_20220828 12,793.7113037109375
59_20220828 13,774.7595825195312
59_20220828 14,800.5543212890625
59_20220828 15,811.8681640625
59_20220828 16,817.3338012695312
59_20220828 17,832.6849365234375
59_20220828 18,809.5196533203125
59_20220828 19,794.0296630859375
59_20220828 20,761.5244140625
59_20220828 21,732.8319702148438
59_20220828 22,672.3273315429688
59_20220828 23,648.4054565429688
59_20220829 00,687.9000854492188
59_20220829 01,679.8278198242188
59_20220829 02,676.9528198242188
59_20220829 03,672.4189453125
59_20220829 04,718.724609375
59_20220829 05,864.7551879882812
59_20220829 06,1651.225830078125
59_20220829 07,2598.50830078125
59_20220829 08,2904.94091796875
59_20220829 09,3054.896484375
59_20220829 10,3023.980224609375
59_20220829 11,3021.982421875
59_20220829 12,2965.76025390625
59_20220829 13,3001.59912109375
59_20220829 14,2959.4541015625
59_20220829 15,3027.994873046875
59_20220829 16,2931.38623046875
59_20220829 17,2817.087158203125
59_20220829 18,2163.638427734375
59_20220829 19,1767.7978515625
59_20220829 20,1215.509765625
59_20220829 21,1044.1243896484375
59_20220829 22,869.9814453125
59_20220829 23,781.3985595703125
59_20220830 00,700.7902221679688
59_20220830 01,697.540771484375
59_20220830 02,707.3905639648438
59_20220830 03,698.1173095703125
59_20220830 04,729.9432373046875
59_20220830 05,865.6217041015625
59_20220830 06,1566.556640625
59_20220830 07,2613.50830078125
59_20220830 08,2816.14404296875
59_20220830 09,2927.79931640625
59_20220830 10,2884.501953125
59_20220830 11,2906.34716796875
59_20220830 12,2862.54150390625
59_20220830 13,2889.156494140625
59_20220830 14,2900.467529296875
59_20220830 15,2911.922607421875
59_20220830 16,2827.4755859375
59_20220830 17,2714.879150390625
59_20220830 18,2165.51904296875
59_20220830 19,1802.869384765625
59_20220830 20,1220.8614501953125
59_20220830 21,1035.5318603515625
59_20220830 22,861.1427612304688
59_20220830 23,766.9054565429688
59_20220831 00,708.0526123046875
59_20220831 01,693.48681640625
59_20220831 02,703.2638549804688
59_20220831 03,704.93212890625
59_20220831 04,742.1788330078125
59_20220831 05,854.6823120117188
59_20220831 06,1450.021484375
59_20220831 07,2488.714599609375
59_20220831 08,2743.539794921875
59_20220831 09,2870.591064453125
59_20220831 10,2939.075439453125
59_20220831 11,2972.301513671875
59_20220831 12,2940.290283203125
59_20220831 13,2966.43603515625
59_20220831 14,2971.099365234375
59_20220831 15,3012.7783203125
59_20220831 16,2977.311279296875
59_20220831 17,2892.107177734375
59_20220831 18,2293.19677734375
59_20220831 19,1810.5726318359375
59_20220831 20,1252.727294921875
59_20220831 21,1034.6898193359375
59_20220831 22,861.9517822265625
59_20220831 23,751.0858154296875
60_20220825 00,1749.6201171875
60_20220825 01,1713.157958984375
60_20220825 02,1694.858642578125
60_20220825 03,1679.7884521484375
60_20220825 04,1714.7952880859375
60_20220825 05,2752.99169921875
60_20220825 06,3331.080810546875
60_20220825 07,3732.121826171875
60_20220825 08,4123.41650390625
60_20220825 09,4223.18994140625
60_20220825 10,4204.955078125
60_20220825 11,4209.8056640625
60_20220825 12,4190.564453125
60_20220825 13,4212.7353515625
60_20220825 14,4120.12353515625
60_20220825 15,4126.109375
60_20220825 16,4115.9189453125
60_20220825 17,4145.64990234375
60_20220825 18,3904.24072265625
60_20220825 19,3206.437744140625
60_20220825 20,2802.225830078125
60_20220825 21,2408.09765625
60_20220825 22,1862.971923828125
60_20220825 23,1775.419677734375
60_20220826 00,1715.91015625
60_20220826 01,1668.096435546875
60_20220826 02,1657.016357421875
60_20220826 03,1632.7271728515625
60_20220826 04,1657.9693603515625
60_20220826 05,2594.199462890625
60_20220826 06,3250.13818359375
60_20220826 07,3663.300048828125
60_20220826 08,4044.76611328125
60_20220826 09,4219.0869140625
60_20220826 10,4144.2783203125
60_20220826 11,4166.4169921875
60_20220826 12,4042.16796875
60_20220826 13,4153.0556640625
60_20220826 14,4055.536376953125
60_20220826 15,4176.0234375
60_20220826 16,4111.4873046875
60_20220826 17,4136.14990234375
60_20220826 18,3880.295654296875
60_20220826 19,3146.28076171875
60_20220826 20,2824.82177734375
60_20220826 21,2229.93994140625
60_20220826 22,1809.80859375
60_20220826 23,1769.1812744140625
60_20220827 00,1670.9691162109375
60_20220827 01,1669.2467041015625
60_20220827 02,1618.836181640625
60_20220827 03,1623.878662109375
60_20220827 04,1617.302978515625
60_20220827 05,1724.010009765625
60_20220827 06,2076.477783203125
60_20220827 07,2169.567626953125
60_20220827 08,2340.62841796875
60_20220827 09,2604.1865234375
60_20220827 10,2577.91650390625
60_20220827 11,2516.47998046875
60_20220827 12,2541.481689453125
60_20220827 13,2542.168701171875
60_20220827 14,2626.88330078125
60_20220827 15,2674.223876953125
60_20220827 16,2663.40869140625
60_20220827 17,2687.67578125
60_20220827 18,2656.375
60_20220827 19,2333.352783203125
60_20220827 20,2118.982177734375
60_20220827 21,1923.5562744140625
60_20220827 22,1719.9459228515625
60_20220827 23,1641.4576416015625
60_20220828 00,1608.44580078125
60_20220828 01,1614.365478515625
60_20220828 02,1607.3330078125
60_20220828 03,1610.1409912109375
60_20220828 04,1601.9046630859375
60_20220828 05,1685.188720703125
60_20220828 06,1920.8662109375
60_20220828 07,2164.7236328125
60_20220828 08,2326.197021484375
60_20220828 09,2509.201171875
60_20220828 10,2578.902587890625
60_20220828 11,2542.54541015625
60_20220828 12,2529.66259765625
60_20220828 13,2532.720947265625
60_20220828 14,2562.01708984375
60_20220828 15,2617.62451171875
60_20220828 16,2629.103515625
60_20220828 17,2667.477294921875
60_20220828 18,2639.42529296875
60_20220828 19,2329.4326171875
60_20220828 20,2131.40966796875
60_20220828 21,2004.658935546875
60_20220828 22,1749.1917724609375
60_20220828 23,1743.1383056640625
60_20220829 00,1659.3004150390625
60_20220829 01,1624.7847900390625
60_20220829 02,1624.956298828125
60_20220829 03,1599.531005859375
60_20220829 04,1631.8717041015625
60_20220829 05,2548.98876953125
60_20220829 06,3132.35986328125
60_20220829 07,3686.250732421875
60_20220829 08,3944.502685546875
60_20220829 09,4299.8212890625
60_20220829 10,4177.84765625
60_20220829 11,4163.7470703125
60_20220829 12,4137.54345703125
60_20220829 13,4236.08251953125
60_20220829 14,4110.57373046875
60_20220829 15,4162.0693359375
60_20220829 16,4097.97509765625
60_20220829 17,4115.41064453125
60_20220829 18,3839.51708984375
60_20220829 19,3207.27734375
60_20220829 20,2768.93994140625
60_20220829 21,2361.991943359375
60_20220829 22,1811.6802978515625
60_20220829 23,1741.1676025390625
60_20220830 00,1700.077880859375
60_20220830 01,1654.057861328125
60_20220830 02,1640.544189453125
60_20220830 03,1624.083984375
60_20220830 04,1678.6630859375
60_20220830 05,2636.72607421875
60_20220830 06,3398.739501953125
60_20220830 07,3728.264892578125
60_20220830 08,4139.2587890625
60_20220830 09,4308.79443359375
60_20220830 10,4285.3310546875
60_20220830 11,4267.5107421875
60_20220830 12,4166.81396484375
60_20220830 13,4353.6025390625
60_20220830 14,4150.3056640625
60_20220830 15,4212.2021484375
60_20220830 16,4170.5537109375
60_20220830 17,4200.1728515625
60_20220830 18,3917.45166015625
60_20220830 19,3193.279296875
60_20220830 20,2731.3359375
60_20220830 21,2365.78955078125
60_20220830 22,1841.701904296875
60_20220830 23,1743.4691162109375
60_20220831 00,1724.4410400390625
60_20220831 01,1683.233642578125
60_20220831 02,1653.842041015625
60_20220831 03,1640.529052734375
60_20220831 04,1670.144287109375
60_20220831 05,2646.774169921875
60_20220831 06,3224.92626953125
60_20220831 07,3719.382080078125
60_20220831 08,3944.585205078125
60_20220831 09,4232.7685546875
60_20220831 10,4106.4345703125
60_20220831 11,4114.34423828125
60_20220831 12,4089.79443359375
60_20220831 13,4198.9375
60_20220831 14,4076.58837890625
60_20220831 15,4195.33935546875
60_20220831 16,4110.7734375
60_20220831 17,4204.97998046875
60_20220831 18,3913.70556640625
60_20220831 19,3298.39990234375
60_20220831 20,2875.81005859375
60_20220831 21,2391.0703125
60_20220831 22,1857.715576171875
60_20220831 23,1782.0306396484375
61_20220825 00,2523.09521484375
61_20220825 01,2068.60400390625
61_20220825 02,1828.376220703125
61_20220825 03,1691.4310302734375
61_20220825 04,1685.4730224609375
61_20220825 05,1812.963623046875
61_20220825 06,2389.11328125
61_20220825 07,3000.518798828125
61_20220825 08,3085.939208984375
61_20220825 09,2899.02099609375
61_20220825 10,2799.84423828125
61_20220825 11,2707.22314453125
61_20220825 12,2815.03076171875
61_20220825 13,2705.86962890625
61_20220825 14,2617.257080078125
61_20220825 15,2555.075927734375
61_20220825 16,2628.19580078125
61_20220825 17,2872.49462890625
61_20220825 18,3291.07861328125
61_20220825 19,3625.964111328125
61_20220825 20,3778.87353515625
61_20220825 21,3735.003173828125
61_20220825 22,3435.77978515625
61_20220825 23,2907.87841796875
61_20220826 00,2380.494140625
61_20220826 01,1952.6148681640625
61_20220826 02,1755.2740478515625
61_20220826 03,1654.220947265625
61_20220826 04,1658.0
61_20220826 05,1792.4117431640625
61_20220826 06,2352.53662109375
61_20220826 07,2951.92822265625
61_20220826 08,3032.119873046875
61_20220826 09,2840.426513671875
61_20220826 10,2668.53662109375
61_20220826 11,2726.934326171875
61_20220826 12,2619.61279296875
61_20220826 13,2649.256591796875
61_20220826 14,2540.325439453125
61_20220826 15,2679.33935546875
61_20220826 16,2717.732421875
61_20220826 17,2904.637451171875
61_20220826 18,3234.3125
61_20220826 19,3556.819580078125
61_20220826 20,3854.664794921875
61_20220826 21,3796.70166015625
61_20220826 22,3573.66259765625
61_20220826 23,3146.5419921875
61_20220827 00,2593.931640625
61_20220827 01,2156.427001953125
61_20220827 02,1808.8187255859375
61_20220827 03,1722.7867431640625
61_20220827 04,1673.707763671875
61_20220827 05,1712.5074462890625
61_20220827 06,1955.9498291015625
61_20220827 07,2442.339599609375
61_20220827 08,2949.16943359375
61_20220827 09,3106.86181640625
61_20220827 10,3228.441650390625
61_20220827 11,3057.61328125
61_20220827 12,3255.04345703125
61_20220827 13,3066.88330078125
61_20220827 14,2973.190185546875
61_20220827 15,2813.702392578125
61_20220827 16,2810.675537109375
61_20220827 17,3104.61865234375
61_20220827 18,3432.28271484375
61_20220827 19,3584.387939453125
61_20220827 20,3812.78955078125
61_20220827 21,3724.908935546875
61_20220827 22,3456.5390625
61_20220827 23,3014.453857421875
61_20220828 00,2520.08447265625
61_20220828 01,2087.26708984375
61_20220828 02,1865.437744140625
61_20220828 03,1737.326904296875
61_20220828 04,1667.315673828125
61_20220828 05,1722.326171875
61_20220828 06,1908.6929931640625
61_20220828 07,2435.710205078125
61_20220828 08,2846.904296875
61_20220828 09,3058.835693359375
61_20220828 10,3147.807861328125
61_20220828 11,3150.10107421875
61_20220828 12,3200.44287109375
61_20220828 13,3089.974853515625
61_20220828 14,3014.782958984375
61_20220828 15,2923.375732421875
61_20220828 16,3091.60888671875
61_20220828 17,3410.21484375
61_20220828 18,3667.159423828125
61_20220828 19,3812.5703125
61_20220828 20,4014.6015625
61_20220828 21,3913.951904296875
61_20220828 22,3496.05712890625
61_20220828 23,3016.604248046875
61_20220829 00,2470.16748046875
61_20220829 01,1997.9915771484375
61_20220829 02,1788.477783203125
61_20220829 03,1671.2001953125
61_20220829 04,1665.2919921875
61_20220829 05,1824.96484375
61_20220829 06,2397.673583984375
61_20220829 07,2985.8525390625
61_20220829 08,3071.84814453125
61_20220829 09,2903.92333984375
61_20220829 10,2792.40576171875
61_20220829 11,2793.857421875
61_20220829 12,2936.93212890625
61_20220829 13,2888.76416015625
61_20220829 14,2714.16552734375
61_20220829 15,2702.752685546875
61_20220829 16,2814.7587890625
61_20220829 17,3079.25830078125
61_20220829 18,3601.042236328125
61_20220829 19,4054.42822265625
61_20220829 20,4203.1630859375
61_20220829 21,4040.69287109375
61_20220829 22,3698.737548828125
61_20220829 23,3005.181396484375
61_20220830 00,2443.583984375
61_20220830 01,1996.3447265625
61_20220830 02,1782.3785400390625
61_20220830 03,1671.0390625
61_20220830 04,1687.055908203125
61_20220830 05,1853.328857421875
61_20220830 06,2481.299560546875
61_20220830 07,3067.19140625
61_20220830 08,3107.11376953125
61_20220830 09,2873.14111328125
61_20220830 10,2766.102294921875
61_20220830 11,2697.20556640625
61_20220830 12,2854.28173828125
61_20220830 13,2811.48974609375
61_20220830 14,2650.55078125
61_20220830 15,2675.92626953125
61_20220830 16,2726.766845703125
61_20220830 17,3116.593505859375
61_20220830 18,3536.653564453125
61_20220830 19,3931.358642578125
61_20220830 20,4105.99658203125
61_20220830 21,3947.651123046875
61_20220830 22,3622.609375
61_20220830 23,2997.83740234375
61_20220831 00,2347.378173828125
61_20220831 01,1973.6138916015625
61_20220831 02,1790.748046875
61_20220831 03,1676.246337890625
61_20220831 04,1686.171142578125
61_20220831 05,1838.2314453125
61_20220831 06,2385.9990234375
61_20220831 07,2982.15771484375
61_20220831 08,2993.482177734375
61_20220831 09,2805.059814453125
61_20220831 10,2665.77099609375
61_20220831 11,2661.66259765625
61_20220831 12,2763.727294921875
61_20220831 13,2736.780517578125
61_20220831 14,2591.58642578125
61_20220831 15,2657.95263671875
61_20220831 16,2688.17626953125
61_20220831 17,2941.80078125
61_20220831 18,3322.180419921875
61_20220831 19,3735.76123046875
61_20220831 20,3864.481689453125
61_20220831 21,3841.251953125
61_20220831 22,3520.375
61_20220831 23,2910.756103515625
62_20220825 00,909.6109619140625
62_20220825 01,768.1732177734375
62_20220825 02,689.0363159179688
62_20220825 03,646.1151123046875
62_20220825 04,629.7406005859375
62_20220825 05,647.2388916015625
62_20220825 06,771.85693359375
62_20220825 07,945.0774536132812
62_20220825 08,1003.2955322265625
62_20220825 09,991.5235595703125
62_20220825 10,983.09423828125
62_20220825 11,971.1162109375
62_20220825 12,1015.1776123046875
62_20220825 13,952.6177978515625
62_20220825 14,956.4595947265625
62_20220825 15,871.7421875
62_20220825 16,943.8826293945312
62_20220825 17,1028.871337890625
62_20220825 18,1169.239990234375
62_20220825 19,1281.0064697265625
62_20220825 20,1331.9024658203125
62_20220825 21,1301.749267578125
62_20220825 22,1261.9410400390625
62_20220825 23,1054.1624755859375
62_20220826 00,871.3634033203125
62_20220826 01,747.299560546875
62_20220826 02,670.1602783203125
62_20220826 03,626.6202392578125
62_20220826 04,608.1853637695312
62_20220826 05,637.6774291992188
62_20220826 06,760.7249145507812
62_20220826 07,936.31103515625
62_20220826 08,997.6437377929688
62_20220826 09,981.2946166992188
62_20220826 10,969.3857421875
62_20220826 11,1006.7982177734375
62_20220826 12,997.4774169921875
62_20220826 13,1016.4794921875
62_20220826 14,933.5446166992188
62_20220826 15,1009.8553466796875
62_20220826 16,1004.7761840820312
62_20220826 17,999.3284912109375
62_20220826 18,1215.98193359375
62_20220826 19,1274.7708740234375
62_20220826 20,1364.631591796875
62_20220826 21,1362.812744140625
62_20220826 22,1321.305908203125
62_20220826 23,1125.866455078125
62_20220827 00,959.0733642578125
62_20220827 01,825.5850830078125
62_20220827 02,698.9278564453125
62_20220827 03,672.8124389648438
62_20220827 04,643.3448486328125
62_20220827 05,642.9039306640625
62_20220827 06,702.123779296875
62_20220827 07,835.7659301757812
62_20220827 08,955.3472900390625
62_20220827 09,1044.319580078125
62_20220827 10,1060.853759765625
62_20220827 11,1068.6845703125
62_20220827 12,1144.674072265625
62_20220827 13,1085.806884765625
62_20220827 14,1042.579833984375
62_20220827 15,974.2706909179688
62_20220827 16,944.4646606445312
62_20220827 17,1053.651123046875
62_20220827 18,1145.0467529296875
62_20220827 19,1230.458740234375
62_20220827 20,1258.6085205078125
62_20220827 21,1264.7760009765625
62_20220827 22,1222.8763427734375
62_20220827 23,1011.7734375
62_20220828 00,893.6174926757812
62_20220828 01,781.27978515625
62_20220828 02,708.349609375
62_20220828 03,662.7911376953125
62_20220828 04,650.4358520507812
62_20220828 05,662.5934448242188
62_20220828 06,698.390869140625
62_20220828 07,838.0198364257812
62_20220828 08,934.3938598632812
62_20220828 09,1038.875244140625
62_20220828 10,1073.035888671875
62_20220828 11,1117.4490966796875
62_20220828 12,1203.452880859375
62_20220828 13,1178.6781005859375
62_20220828 14,1141.078369140625
62_20220828 15,1101.6884765625
62_20220828 16,1118.7178955078125
62_20220828 17,1223.206298828125
62_20220828 18,1304.7835693359375
62_20220828 19,1331.4288330078125
62_20220828 20,1346.097900390625
62_20220828 21,1397.97119140625
62_20220828 22,1309.982666015625
62_20220828 23,1099.445068359375
62_20220829 00,911.7517700195312
62_20220829 01,780.3441162109375
62_20220829 02,701.3101806640625
62_20220829 03,649.7741088867188
62_20220829 04,654.8203735351562
62_20220829 05,667.3767700195312
62_20220829 06,809.6830444335938
62_20220829 07,970.4161376953125
62_20220829 08,1006.8880004882812
62_20220829 09,994.7882690429688
62_20220829 10,1040.8194580078125
62_20220829 11,1038.3521728515625
62_20220829 12,1069.5621337890625
62_20220829 13,1056.3592529296875
62_20220829 14,1049.338623046875
62_20220829 15,1018.5565185546875
62_20220829 16,1039.801513671875
62_20220829 17,1074.45263671875
62_20220829 18,1284.6881103515625
62_20220829 19,1387.3447265625
62_20220829 20,1416.6064453125
62_20220829 21,1364.41748046875
62_20220829 22,1316.8060302734375
62_20220829 23,1086.045166015625
62_20220830 00,903.3526611328125
62_20220830 01,790.0411376953125
62_20220830 02,710.7852783203125
62_20220830 03,662.1114501953125
62_20220830 04,669.7935180664062
62_20220830 05,683.0673217773438
62_20220830 06,818.4139404296875
62_20220830 07,983.2491455078125
62_20220830 08,1032.721435546875
62_20220830 09,1009.3365478515625
62_20220830 10,1019.87890625
62_20220830 11,1015.8624267578125
62_20220830 12,1044.67041015625
62_20220830 13,1076.994384765625
62_20220830 14,1055.626220703125
62_20220830 15,1043.291015625
62_20220830 16,1064.780029296875
62_20220830 17,1129.2991943359375
62_20220830 18,1313.995361328125
62_20220830 19,1409.96142578125
62_20220830 20,1426.354736328125
62_20220830 21,1392.2196044921875
62_20220830 22,1338.7955322265625
62_20220830 23,1096.8201904296875
62_20220831 00,888.6378173828125
62_20220831 01,766.7141723632812
62_20220831 02,687.6862182617188
62_20220831 03,638.91943359375
62_20220831 04,622.5858764648438
62_20220831 05,658.5452270507812
62_20220831 06,781.8546142578125
62_20220831 07,950.2425537109375
62_20220831 08,1001.9447021484375
62_20220831 09,985.9561767578125
62_20220831 10,953.5939331054688
62_20220831 11,977.0789794921875
62_20220831 12,1003.396484375
62_20220831 13,999.10693359375
62_20220831 14,936.6685791015625
62_20220831 15,976.3826904296875
62_20220831 16,976.0950317382812
62_20220831 17,1032.701904296875
62_20220831 18,1178.4166259765625
62_20220831 19,1333.27685546875
62_20220831 20,1336.034912109375
62_20220831 21,1299.179443359375
62_20220831 22,1256.001220703125
62_20220831 23,1061.9156494140625
63_20220825 00,592.2984008789062
63_20220825 01,464.89886474609375
63_20220825 02,414.9869689941406
63_20220825 03,393.41473388671875
63_20220825 04,375.0710754394531
63_20220825 05,392.51812744140625
63_20220825 06,485.65277099609375
63_20220825 07,654.3255004882812
63_20220825 08,648.1209716796875
63_20220825 09,589.10595703125
63_20220825 10,588.9523315429688
63_20220825 11,620.1373901367188
63_20220825 12,647.6253051757812
63_20220825 13,659.8638305664062
63_20220825 14,662.5999755859375
63_20220825 15,649.9461669921875
63_20220825 16,654.0289306640625
63_20220825 17,714.489990234375
63_20220825 18,748.8048095703125
63_20220825 19,796.021240234375
63_20220825 20,842.8264770507812
63_20220825 21,856.4201049804688
63_20220825 22,801.703125
63_20220825 23,712.30029296875
63_20220826 00,565.2984008789062
63_20220826 01,463.7496032714844
63_20220826 02,412.95574951171875
63_20220826 03,387.77752685546875
63_20220826 04,384.4024963378906
63_20220826 05,392.1499938964844
63_20220826 06,488.6499938964844
63_20220826 07,653.4285278320312
63_20220826 08,611.3775024414062
63_20220826 09,554.9969482421875
63_20220826 10,546.57763671875
63_20220826 11,580.5117797851562
63_20220826 12,601.740966796875
63_20220826 13,614.1256713867188
63_20220826 14,600.1007080078125
63_20220826 15,616.4426879882812
63_20220826 16,606.7501220703125
63_20220826 17,690.70947265625
63_20220826 18,758.5344848632812
63_20220826 19,833.6160278320312
63_20220826 20,826.1905517578125
63_20220826 21,851.9072265625
63_20220826 22,827.1087036132812
63_20220826 23,753.415283203125
63_20220827 00,623.8255615234375
63_20220827 01,510.4595642089844
63_20220827 02,446.3099060058594
63_20220827 03,405.98883056640625
63_20220827 04,395.3709411621094
63_20220827 05,401.59326171875
63_20220827 06,438.9808044433594
63_20220827 07,512.1206665039062
63_20220827 08,604.3538818359375
63_20220827 09,666.5938110351562
63_20220827 10,676.1301879882812
63_20220827 11,691.9295654296875
63_20220827 12,713.5862426757812
63_20220827 13,724.5467529296875
63_20220827 14,709.8106689453125
63_20220827 15,639.5003051757812
63_20220827 16,626.2964477539062
63_20220827 17,673.2664184570312
63_20220827 18,701.4301147460938
63_20220827 19,758.1870727539062
63_20220827 20,791.6892700195312
63_20220827 21,829.00439453125
63_20220827 22,784.1670532226562
63_20220827 23,710.7734985351562
63_20220828 00,621.3203125
63_20220828 01,514.4891357421875
63_20220828 02,457.41522216796875
63_20220828 03,413.66363525390625
63_20220828 04,409.1193542480469
63_20220828 05,405.689208984375
63_20220828 06,450.4988708496094
63_20220828 07,497.77734375
63_20220828 08,601.5997314453125
63_20220828 09,672.3817749023438
63_20220828 10,688.6573486328125
63_20220828 11,716.3316650390625
63_20220828 12,733.3614501953125
63_20220828 13,734.5234985351562
63_20220828 14,768.793701171875
63_20220828 15,735.5938720703125
63_20220828 16,718.0158081054688
63_20220828 17,766.9549560546875
63_20220828 18,811.19580078125
63_20220828 19,836.9127197265625
63_20220828 20,854.498046875
63_20220828 21,851.9938354492188
63_20220828 22,785.1744384765625
63_20220828 23,699.3128662109375
63_20220829 00,578.4493408203125
63_20220829 01,425.8374938964844
63_20220829 02,401.4490661621094
63_20220829 03,384.119140625
63_20220829 04,384.16973876953125
63_20220829 05,401.92523193359375
63_20220829 06,510.3124084472656
63_20220829 07,674.013671875
63_20220829 08,660.0330200195312
63_20220829 09,590.6355590820312
63_20220829 10,576.4810791015625
63_20220829 11,638.2657470703125
63_20220829 12,674.4635009765625
63_20220829 13,682.7670288085938
63_20220829 14,674.8280029296875
63_20220829 15,686.0042114257812
63_20220829 16,685.9672241210938
63_20220829 17,753.7725830078125
63_20220829 18,844.5499267578125
63_20220829 19,860.4376831054688
63_20220829 20,866.4026489257812
63_20220829 21,879.5895385742188
63_20220829 22,837.6510009765625
63_20220829 23,756.923828125
63_20220830 00,617.5577392578125
63_20220830 01,492.3462829589844
63_20220830 02,440.404541015625
63_20220830 03,415.81378173828125
63_20220830 04,406.7354431152344
63_20220830 05,420.7185974121094
63_20220830 06,510.802978515625
63_20220830 07,673.0576782226562
63_20220830 08,658.6007080078125
63_20220830 09,594.5617065429688
63_20220830 10,586.247802734375
63_20220830 11,632.0482177734375
63_20220830 12,654.146728515625
63_20220830 13,680.6685180664062
63_20220830 14,675.9376220703125
63_20220830 15,687.1058349609375
63_20220830 16,708.7557983398438
63_20220830 17,771.1717529296875
63_20220830 18,849.2291259765625
63_20220830 19,868.1936645507812
63_20220830 20,902.6491088867188
63_20220830 21,902.6119995117188
63_20220830 22,908.9783325195312
63_20220830 23,802.1932373046875
63_20220831 00,622.6803588867188
63_20220831 01,497.7044982910156
63_20220831 02,435.91571044921875
63_20220831 03,410.411865234375
63_20220831 04,396.9619140625
63_20220831 05,401.841552734375
63_20220831 06,506.83074951171875
63_20220831 07,672.87451171875
63_20220831 08,637.3707885742188
63_20220831 09,592.573974609375
63_20220831 10,583.3663940429688
63_20220831 11,617.6083374023438
63_20220831 12,644.6946411132812
63_20220831 13,657.5323486328125
63_20220831 14,652.7738647460938
63_20220831 15,650.6845703125
63_20220831 16,660.341796875
63_20220831 17,731.4326171875
63_20220831 18,781.7467041015625
63_20220831 19,831.5303955078125
63_20220831 20,853.576171875
63_20220831 21,872.1725463867188
63_20220831 22,835.5423583984375
63_20220831 23,743.6846923828125
64_20220825 00,983.9358520507812
64_20220825 01,854.9356689453125
64_20220825 02,786.4520263671875
64_20220825 03,747.669677734375
64_20220825 04,755.9185791015625
64_20220825 05,761.9044799804688
64_20220825 06,876.9835205078125
64_20220825 07,1008.6536865234375
64_20220825 08,1000.7477416992188
64_20220825 09,994.6658325195312
64_20220825 10,968.7062377929688
64_20220825 11,979.4827880859375
64_20220825 12,970.8390502929688
64_20220825 13,908.8846435546875
64_20220825 14,917.2434692382812
64_20220825 15,919.3024291992188
64_20220825 16,991.2570190429688
64_20220825 17,1114.9017333984375
64_20220825 18,1269.0703125
64_20220825 19,1382.9774169921875
64_20220825 20,1402.44140625
64_20220825 21,1386.0618896484375
64_20220825 22,1307.019287109375
64_20220825 23,1108.795166015625
64_20220826 00,959.9002075195312
64_20220826 01,842.3826293945312
64_20220826 02,772.9127807617188
64_20220826 03,739.5245361328125
64_20220826 04,746.3777465820312
64_20220826 05,759.4927368164062
64_20220826 06,873.56005859375
64_20220826 07,1002.4041137695312
64_20220826 08,1003.9500122070312
64_20220826 09,991.9827270507812
64_20220826 10,985.2556762695312
64_20220826 11,979.6843872070312
64_20220826 12,1002.2799072265625
64_20220826 13,982.22265625
64_20220826 14,960.8767700195312
64_20220826 15,1017.8665161132812
64_20220826 16,1039.4349365234375
64_20220826 17,1125.6217041015625
64_20220826 18,1289.72021484375
64_20220826 19,1397.404052734375
64_20220826 20,1466.790771484375
64_20220826 21,1442.887451171875
64_20220826 22,1343.666259765625
64_20220826 23,1147.957275390625
64_20220827 00,1051.182373046875
64_20220827 01,884.4969482421875
64_20220827 02,819.4352416992188
64_20220827 03,744.3313598632812
64_20220827 04,742.1014404296875
64_20220827 05,762.4113159179688
64_20220827 06,839.7574462890625
64_20220827 07,881.2708129882812
64_20220827 08,1035.56005859375
64_20220827 09,1073.2950439453125
64_20220827 10,1087.2230224609375
64_20220827 11,1126.4593505859375
64_20220827 12,1144.685302734375
64_20220827 13,1109.4046630859375
64_20220827 14,1085.3280029296875
64_20220827 15,1085.072509765625
64_20220827 16,1124.6436767578125
64_20220827 17,1184.324462890625
64_20220827 18,1339.9102783203125
64_20220827 19,1365.7899169921875
64_20220827 20,1429.073486328125
64_20220827 21,1391.3572998046875
64_20220827 22,1322.434326171875
64_20220827 23,1162.938720703125
64_20220828 00,1014.9921875
64_20220828 01,901.1337890625
64_20220828 02,837.2376708984375
64_20220828 03,785.54052734375
64_20220828 04,765.8699340820312
64_20220828 05,775.4542846679688
64_20220828 06,852.6336669921875
64_20220828 07,907.8428955078125
64_20220828 08,1058.759521484375
64_20220828 09,1110.2198486328125
64_20220828 10,1125.9857177734375
64_20220828 11,1162.359130859375
64_20220828 12,1222.246337890625
64_20220828 13,1219.89111328125
64_20220828 14,1234.3992919921875
64_20220828 15,1199.6217041015625
64_20220828 16,1274.0479736328125
64_20220828 17,1332.5745849609375
64_20220828 18,1434.7244873046875
64_20220828 19,1471.1943359375
64_20220828 20,1544.4091796875
64_20220828 21,1500.631591796875
64_20220828 22,1350.6220703125
64_20220828 23,1175.775146484375
64_20220829 00,1006.2390747070312
64_20220829 01,865.5299682617188
64_20220829 02,808.2081298828125
64_20220829 03,771.6932983398438
64_20220829 04,775.9942016601562
64_20220829 05,785.0042114257812
64_20220829 06,905.47998046875
64_20220829 07,1030.6759033203125
64_20220829 08,1035.721435546875
64_20220829 09,1069.017333984375
64_20220829 10,1053.557861328125
64_20220829 11,1037.170166015625
64_20220829 12,1069.342041015625
64_20220829 13,1067.156982421875
64_20220829 14,1042.7021484375
64_20220829 15,1063.694091796875
64_20220829 16,1063.445068359375
64_20220829 17,1189.614013671875
64_20220829 18,1362.30224609375
64_20220829 19,1476.7935791015625
64_20220829 20,1517.601318359375
64_20220829 21,1467.907470703125
64_20220829 22,1350.4049072265625
64_20220829 23,1124.4456787109375
64_20220830 00,967.43505859375
64_20220830 01,859.970703125
64_20220830 02,810.2650146484375
64_20220830 03,786.8904418945312
64_20220830 04,796.6921997070312
64_20220830 05,799.1990356445312
64_20220830 06,908.2958984375
64_20220830 07,1033.736572265625
64_20220830 08,1023.8330078125
64_20220830 09,1014.3353271484375
64_20220830 10,1005.99609375
64_20220830 11,997.8233642578125
64_20220830 12,1042.599609375
64_20220830 13,1036.0230712890625
64_20220830 14,1040.2017822265625
64_20220830 15,1046.503662109375
64_20220830 16,1076.842529296875
64_20220830 17,1200.202392578125
64_20220830 18,1372.7315673828125
64_20220830 19,1482.493408203125
64_20220830 20,1508.364501953125
64_20220830 21,1457.7242431640625
64_20220830 22,1357.6568603515625
64_20220830 23,1157.053466796875
64_20220831 00,984.0186767578125
64_20220831 01,867.6222534179688
64_20220831 02,798.0140380859375
64_20220831 03,767.3956298828125
64_20220831 04,769.4344482421875
64_20220831 05,780.2359619140625
64_20220831 06,893.57470703125
64_20220831 07,1020.3499145507812
64_20220831 08,1017.8854370117188
64_20220831 09,999.26611328125
64_20220831 10,982.7860107421875
64_20220831 11,976.6282348632812
64_20220831 12,970.7911987304688
64_20220831 13,963.9193115234375
64_20220831 14,957.6414184570312
64_20220831 15,1005.8831787109375
64_20220831 16,998.626953125
64_20220831 17,1109.838623046875
64_20220831 18,1273.41015625
64_20220831 19,1411.472900390625
64_20220831 20,1477.5712890625
64_20220831 21,1433.7926025390625
64_20220831 22,1342.4898681640625
64_20220831 23,1140.120849609375
65_20220825 00,426.5879821777344
65_20220825 01,368.04852294921875
65_20220825 02,322.2535705566406
65_20220825 03,313.39996337890625
65_20220825 04,317.5600280761719
65_20220825 05,327.18927001953125
65_20220825 06,448.48651123046875
65_20220825 07,618.1480712890625
65_20220825 08,612.1427001953125
65_20220825 09,550.3470458984375
65_20220825 10,459.1627502441406
65_20220825 11,469.344482421875
65_20220825 12,473.0777282714844
65_20220825 13,501.20208740234375
65_20220825 14,494.5135192871094
65_20220825 15,487.70196533203125
65_20220825 16,606.3233642578125
65_20220825 17,675.3358764648438
65_20220825 18,752.8368530273438
65_20220825 19,779.416015625
65_20220825 20,778.3429565429688
65_20220825 21,733.599609375
65_20220825 22,694.2454833984375
65_20220825 23,549.6912231445312
65_20220826 00,397.2430725097656
65_20220826 01,354.2596130371094
65_20220826 02,311.3047790527344
65_20220826 03,308.4729919433594
65_20220826 04,303.160400390625
65_20220826 05,307.9076843261719
65_20220826 06,412.94915771484375
65_20220826 07,567.37060546875
65_20220826 08,570.1151123046875
65_20220826 09,499.0947265625
65_20220826 10,440.3809509277344
65_20220826 11,408.5159606933594
65_20220826 12,425.32720947265625
65_20220826 13,455.65899658203125
65_20220826 14,429.4149475097656
65_20220826 15,433.5914611816406
65_20220826 16,546.86181640625
65_20220826 17,644.9659423828125
65_20220826 18,761.0979614257812
65_20220826 19,799.1920776367188
65_20220826 20,791.1358642578125
65_20220826 21,754.5012817382812
65_20220826 22,704.9334716796875
65_20220826 23,576.123779296875
65_20220827 00,463.1141052246094
65_20220827 01,389.46319580078125
65_20220827 02,364.166748046875
65_20220827 03,313.80523681640625
65_20220827 04,318.05157470703125
65_20220827 05,324.72332763671875
65_20220827 06,404.4109191894531
65_20220827 07,561.5003662109375
65_20220827 08,598.660888671875
65_20220827 09,634.253662109375
65_20220827 10,591.6184692382812
65_20220827 11,529.4898681640625
65_20220827 12,558.66064453125
65_20220827 13,510.3427734375
65_20220827 14,520.1581420898438
65_20220827 15,490.0021057128906
65_20220827 16,526.4108276367188
65_20220827 17,592.8922119140625
65_20220827 18,601.9893798828125
65_20220827 19,663.74853515625
65_20220827 20,693.2237548828125
65_20220827 21,697.3331909179688
65_20220827 22,631.0226440429688
65_20220827 23,534.6373291015625
65_20220828 00,429.5065002441406
65_20220828 01,369.9329528808594
65_20220828 02,342.523193359375
65_20220828 03,317.02691650390625
65_20220828 04,319.61163330078125
65_20220828 05,328.5321350097656
65_20220828 06,387.85308837890625
65_20220828 07,523.5682983398438
65_20220828 08,583.0418090820312
65_20220828 09,595.2510986328125
65_20220828 10,563.0732421875
65_20220828 11,487.8606872558594
65_20220828 12,517.8429565429688
65_20220828 13,528.6630859375
65_20220828 14,550.4187622070312
65_20220828 15,542.2093505859375
65_20220828 16,597.5372924804688
65_20220828 17,639.3693237304688
65_20220828 18,669.3680419921875
65_20220828 19,686.0894165039062
65_20220828 20,699.769775390625
65_20220828 21,725.5149536132812
65_20220828 22,660.7315063476562
65_20220828 23,541.5819091796875
65_20220829 00,466.0426330566406
65_20220829 01,432.9627380371094
65_20220829 02,360.0766296386719
65_20220829 03,328.7847595214844
65_20220829 04,326.26751708984375
65_20220829 05,333.56768798828125
65_20220829 06,431.09759521484375
65_20220829 07,588.0746459960938
65_20220829 08,579.2625732421875
65_20220829 09,538.6212768554688
65_20220829 10,511.6761779785156
65_20220829 11,508.97271728515625
65_20220829 12,471.2019958496094
65_20220829 13,492.47802734375
65_20220829 14,472.76025390625
65_20220829 15,490.5718688964844
65_20220829 16,584.7630615234375
65_20220829 17,732.3991088867188
65_20220829 18,820.6728515625
65_20220829 19,840.5427856445312
65_20220829 20,806.8304443359375
65_20220829 21,770.0994262695312
65_20220829 22,702.5157470703125
65_20220829 23,573.6861572265625
65_20220830 00,458.31170654296875
65_20220830 01,396.20782470703125
65_20220830 02,343.60943603515625
65_20220830 03,324.96234130859375
65_20220830 04,322.47357177734375
65_20220830 05,326.9636535644531
65_20220830 06,467.1016540527344
65_20220830 07,626.0640869140625
65_20220830 08,614.3456420898438
65_20220830 09,575.69580078125
65_20220830 10,538.6085815429688
65_20220830 11,537.7547607421875
65_20220830 12,540.4417724609375
65_20220830 13,529.2099609375
65_20220830 14,563.138671875
65_20220830 15,584.515869140625
65_20220830 16,721.8148193359375
65_20220830 17,874.8411254882812
65_20220830 18,1028.912109375
65_20220830 19,1002.1798706054688
65_20220830 20,942.8136596679688
65_20220830 21,886.08642578125
65_20220830 22,781.7093505859375
65_20220830 23,648.0149536132812
65_20220831 00,470.31591796875
65_20220831 01,395.8500061035156
65_20220831 02,344.9186096191406
65_20220831 03,337.55322265625
65_20220831 04,331.688232421875
65_20220831 05,329.15423583984375
65_20220831 06,448.1360778808594
65_20220831 07,618.1737060546875
65_20220831 08,604.23974609375
65_20220831 09,557.0865478515625
65_20220831 10,505.47662353515625
65_20220831 11,452.86431884765625
65_20220831 12,436.7842712402344
65_20220831 13,423.3301696777344
65_20220831 14,412.60540771484375
65_20220831 15,439.84173583984375
65_20220831 16,541.710205078125
65_20220831 17,690.11376953125
65_20220831 18,766.91650390625
65_20220831 19,791.2544555664062
65_20220831 20,786.6533203125
65_20220831 21,748.5863037109375
65_20220831 22,671.1255493164062
65_20220831 23,555.2883911132812
66_20220825 00,357.32293701171875
66_20220825 01,326.1435546875
66_20220825 02,314.9251403808594
66_20220825 03,314.15484619140625
66_20220825 04,312.51129150390625
66_20220825 05,316.5724182128906
66_20220825 06,346.53619384765625
66_20220825 07,380.869140625
66_20220825 08,360.9163513183594
66_20220825 09,372.97772216796875
66_20220825 10,356.51971435546875
66_20220825 11,350.00970458984375
66_20220825 12,368.2267150878906
66_20220825 13,354.0244140625
66_20220825 14,350.82733154296875
66_20220825 15,340.67742919921875
66_20220825 16,327.69989013671875
66_20220825 17,363.1890869140625
66_20220825 18,397.94012451171875
66_20220825 19,414.10821533203125
66_20220825 20,433.32281494140625
66_20220825 21,400.12005615234375
66_20220825 22,362.9242248535156
66_20220825 23,338.09649658203125
66_20220826 00,343.5628967285156
66_20220826 01,321.72308349609375
66_20220826 02,316.31170654296875
66_20220826 03,314.8837890625
66_20220826 04,316.0169982910156
66_20220826 05,322.68743896484375
66_20220826 06,354.2386779785156
66_20220826 07,378.8368835449219
66_20220826 08,358.0154724121094
66_20220826 09,350.759521484375
66_20220826 10,338.6916809082031
66_20220826 11,336.08795166015625
66_20220826 12,345.6914978027344
66_20220826 13,330.64483642578125
66_20220826 14,335.6994323730469
66_20220826 15,353.6902770996094
66_20220826 16,363.1477355957031
66_20220826 17,358.24688720703125
66_20220826 18,396.60528564453125
66_20220826 19,399.6004333496094
66_20220826 20,441.23236083984375
66_20220826 21,408.6402587890625
66_20220826 22,392.49896240234375
66_20220826 23,364.28997802734375
66_20220827 00,364.12066650390625
66_20220827 01,335.8327331542969
66_20220827 02,331.2777099609375
66_20220827 03,322.3038635253906
66_20220827 04,326.051025390625
66_20220827 05,327.4231872558594
66_20220827 06,343.6260681152344
66_20220827 07,376.70465087890625
66_20220827 08,389.1021423339844
66_20220827 09,400.3934631347656
66_20220827 10,377.7153625488281
66_20220827 11,387.8185119628906
66_20220827 12,360.61004638671875
66_20220827 13,339.87286376953125
66_20220827 14,351.4361267089844
66_20220827 15,376.78668212890625
66_20220827 16,344.57391357421875
66_20220827 17,371.2149353027344
66_20220827 18,409.68304443359375
66_20220827 19,413.0664978027344
66_20220827 20,440.28204345703125
66_20220827 21,422.02301025390625
66_20220827 22,399.8204040527344
66_20220827 23,378.1993103027344
66_20220828 00,370.0010681152344
66_20220828 01,343.1544189453125
66_20220828 02,335.0252380371094
66_20220828 03,338.39837646484375
66_20220828 04,337.0605163574219
66_20220828 05,339.40911865234375
66_20220828 06,352.06219482421875
66_20220828 07,389.53826904296875
66_20220828 08,409.5540466308594
66_20220828 09,428.3667907714844
66_20220828 10,382.50311279296875
66_20220828 11,366.9181823730469
66_20220828 12,386.8941955566406
66_20220828 13,376.03179931640625
66_20220828 14,378.9537353515625
66_20220828 15,376.70806884765625
66_20220828 16,385.6074523925781
66_20220828 17,380.1201171875
66_20220828 18,411.51220703125
66_20220828 19,425.64385986328125
66_20220828 20,456.55487060546875
66_20220828 21,422.16839599609375
66_20220828 22,405.99957275390625
66_20220828 23,369.5775451660156
66_20220829 00,365.23858642578125
66_20220829 01,333.7557678222656
66_20220829 02,324.6659240722656
66_20220829 03,326.6747131347656
66_20220829 04,324.11810302734375
66_20220829 05,331.9858093261719
66_20220829 06,369.94293212890625
66_20220829 07,387.1899719238281
66_20220829 08,377.92462158203125
66_20220829 09,378.91217041015625
66_20220829 10,363.295654296875
66_20220829 11,374.8650207519531
66_20220829 12,389.3055725097656
66_20220829 13,367.1609802246094
66_20220829 14,361.5489196777344
66_20220829 15,392.26123046875
66_20220829 16,403.4881286621094
66_20220829 17,402.7703552246094
66_20220829 18,440.2181701660156
66_20220829 19,468.3680725097656
66_20220829 20,484.48260498046875
66_20220829 21,436.03106689453125
66_20220829 22,409.7352600097656
66_20220829 23,384.0428161621094
66_20220830 00,360.0804138183594
66_20220830 01,333.53857421875
66_20220830 02,326.41168212890625
66_20220830 03,324.8701171875
66_20220830 04,322.9974670410156
66_20220830 05,328.18609619140625
66_20220830 06,368.63763427734375
66_20220830 07,384.6788635253906
66_20220830 08,384.76226806640625
66_20220830 09,382.454345703125
66_20220830 10,371.52508544921875
66_20220830 11,379.3134765625
66_20220830 12,373.4404296875
66_20220830 13,370.9311828613281
66_20220830 14,365.1009216308594
66_20220830 15,389.18231201171875
66_20220830 16,401.531494140625
66_20220830 17,428.2548828125
66_20220830 18,446.49725341796875
66_20220830 19,481.0340881347656
66_20220830 20,484.47100830078125
66_20220830 21,432.08172607421875
66_20220830 22,422.5440368652344
66_20220830 23,400.13385009765625
66_20220831 00,367.08380126953125
66_20220831 01,325.8879699707031
66_20220831 02,314.66986083984375
66_20220831 03,312.2765808105469
66_20220831 04,316.3407287597656
66_20220831 05,318.9109191894531
66_20220831 06,354.06842041015625
66_20220831 07,379.0423889160156
66_20220831 08,363.150634765625
66_20220831 09,372.695068359375
66_20220831 10,359.0350646972656
66_20220831 11,356.6862487792969
66_20220831 12,363.87896728515625
66_20220831 13,362.787841796875
66_20220831 14,348.4461364746094
66_20220831 15,368.69061279296875
66_20220831 16,365.8846435546875
66_20220831 17,386.5921325683594
66_20220831 18,424.05938720703125
66_20220831 19,434.970458984375
66_20220831 20,456.62969970703125
66_20220831 21,426.28558349609375
66_20220831 22,381.4133605957031
66_20220831 23,362.3999938964844
67_20220825 00,1002.8526611328125
67_20220825 01,856.9677734375
67_20220825 02,820.7459106445312
67_20220825 03,802.0525512695312
67_20220825 04,811.4136352539062
67_20220825 05,826.6429443359375
67_20220825 06,939.2736206054688
67_20220825 07,1096.709716796875
67_20220825 08,1107.427978515625
67_20220825 09,1070.7205810546875
67_20220825 10,1054.637451171875
67_20220825 11,1047.0572509765625
67_20220825 12,1053.72412109375
67_20220825 13,1038.1053466796875
67_20220825 14,1063.9539794921875
67_20220825 15,1081.2559814453125
67_20220825 16,1123.541748046875
67_20220825 17,1295.6292724609375
67_20220825 18,1434.8243408203125
67_20220825 19,1579.933837890625
67_20220825 20,1700.4781494140625
67_20220825 21,1638.281494140625
67_20220825 22,1445.949462890625
67_20220825 23,1268.0858154296875
67_20220826 00,1026.9937744140625
67_20220826 01,895.5521240234375
67_20220826 02,834.4436645507812
67_20220826 03,813.6130981445312
67_20220826 04,832.0289306640625
67_20220826 05,856.2249145507812
67_20220826 06,969.6160278320312
67_20220826 07,1066.30712890625
67_20220826 08,1042.2933349609375
67_20220826 09,1013.5070190429688
67_20220826 10,1013.2835693359375
67_20220826 11,1033.463134765625
67_20220826 12,1067.2056884765625
67_20220826 13,1041.35986328125
67_20220826 14,1037.552978515625
67_20220826 15,1014.0955200195312
67_20220826 16,1071.574462890625
67_20220826 17,1193.657470703125
67_20220826 18,1312.09765625
67_20220826 19,1531.716064453125
67_20220826 20,1581.4189453125
67_20220826 21,1574.1373291015625
67_20220826 22,1474.1597900390625
67_20220826 23,1305.759765625
67_20220827 00,1069.2369384765625
67_20220827 01,941.6378173828125
67_20220827 02,847.6375122070312
67_20220827 03,832.5546875
67_20220827 04,847.4454345703125
67_20220827 05,840.9205322265625
67_20220827 06,882.6927490234375
67_20220827 07,1006.8546142578125
67_20220827 08,1103.6295166015625
67_20220827 09,1191.3115234375
67_20220827 10,1252.639892578125
67_20220827 11,1229.79833984375
67_20220827 12,1196.432861328125
67_20220827 13,1201.059326171875
67_20220827 14,1219.1070556640625
67_20220827 15,1231.8485107421875
67_20220827 16,1188.427490234375
67_20220827 17,1257.135498046875
67_20220827 18,1372.482177734375
67_20220827 19,1442.337158203125
67_20220827 20,1504.33935546875
67_20220827 21,1440.1396484375
67_20220827 22,1361.41455078125
67_20220827 23,1219.333251953125
67_20220828 00,1029.664306640625
67_20220828 01,913.984375
67_20220828 02,829.1726684570312
67_20220828 03,806.6436767578125
67_20220828 04,821.2337036132812
67_20220828 05,828.2255859375
67_20220828 06,861.24658203125
67_20220828 07,950.3240966796875
67_20220828 08,1043.5771484375
67_20220828 09,1128.4146728515625
67_20220828 10,1172.20361328125
67_20220828 11,1248.445068359375
67_20220828 12,1250.522705078125
67_20220828 13,1211.0465087890625
67_20220828 14,1183.898681640625
67_20220828 15,1122.8349609375
67_20220828 16,1169.767333984375
67_20220828 17,1265.56689453125
67_20220828 18,1377.5111083984375
67_20220828 19,1481.2220458984375
67_20220828 20,1491.424560546875
67_20220828 21,1488.0262451171875
67_20220828 22,1378.7359619140625
67_20220828 23,1208.4169921875
67_20220829 00,1015.2364501953125
67_20220829 01,898.0256958007812
67_20220829 02,821.0740356445312
67_20220829 03,812.3841552734375
67_20220829 04,829.1599731445312
67_20220829 05,860.0081787109375
67_20220829 06,967.8640747070312
67_20220829 07,1111.556884765625
67_20220829 08,1103.419677734375
67_20220829 09,1086.991943359375
67_20220829 10,1111.0128173828125
67_20220829 11,1119.690673828125
67_20220829 12,1106.49462890625
67_20220829 13,1111.0302734375
67_20220829 14,1106.5595703125
67_20220829 15,1095.6324462890625
67_20220829 16,1135.5491943359375
67_20220829 17,1298.7646484375
67_20220829 18,1501.498046875
67_20220829 19,1651.871826171875
67_20220829 20,1713.79296875
67_20220829 21,1645.105224609375
67_20220829 22,1502.1956787109375
67_20220829 23,1285.832275390625
67_20220830 00,1045.0634765625
67_20220830 01,935.7047119140625
67_20220830 02,848.4767456054688
67_20220830 03,833.9808349609375
67_20220830 04,843.3204345703125
67_20220830 05,866.3033447265625
67_20220830 06,972.9937744140625
67_20220830 07,1122.7269287109375
67_20220830 08,1136.6019287109375
67_20220830 09,1145.706298828125
67_20220830 10,1116.2711181640625
67_20220830 11,1131.842041015625
67_20220830 12,1116.5137939453125
67_20220830 13,1099.6324462890625
67_20220830 14,1057.4493408203125
67_20220830 15,1098.588623046875
67_20220830 16,1118.859619140625
67_20220830 17,1413.7821044921875
67_20220830 18,1726.22265625
67_20220830 19,1767.2978515625
67_20220830 20,1810.520263671875
67_20220830 21,1759.578125
67_20220830 22,1618.252685546875
67_20220830 23,1371.957763671875
67_20220831 00,1122.260498046875
67_20220831 01,962.67041015625
67_20220831 02,879.1951293945312
67_20220831 03,862.1942138671875
67_20220831 04,880.6080322265625
67_20220831 05,906.02392578125
67_20220831 06,1045.123779296875
67_20220831 07,1177.2059326171875
67_20220831 08,1247.108154296875
67_20220831 09,1193.926513671875
67_20220831 10,1163.169189453125
67_20220831 11,1179.48388671875
67_20220831 12,1193.1077880859375
67_20220831 13,1151.3770751953125
67_20220831 14,1116.12451171875
67_20220831 15,999.3017578125
67_20220831 16,1040.029052734375
67_20220831 17,1220.2734375
67_20220831 18,1359.4150390625
67_20220831 19,1486.357177734375
67_20220831 20,1526.769775390625
67_20220831 21,1471.836669921875
67_20220831 22,1367.5234375
67_20220831 23,1188.5203857421875
68_20220825 00,1727.1376953125
68_20220825 01,1435.961669921875
68_20220825 02,1282.856201171875
68_20220825 03,1193.575927734375
68_20220825 04,1159.2945556640625
68_20220825 05,1213.157470703125
68_20220825 06,1483.332275390625
68_20220825 07,1801.246337890625
68_20220825 08,1835.19921875
68_20220825 09,1697.528076171875
68_20220825 10,1666.6328125
68_20220825 11,1646.970947265625
68_20220825 12,1671.537841796875
68_20220825 13,1627.213134765625
68_20220825 14,1631.731689453125
68_20220825 15,1612.290771484375
68_20220825 16,1660.629150390625
68_20220825 17,1858.957763671875
68_20220825 18,2100.19921875
68_20220825 19,2345.570556640625
68_20220825 20,2424.614013671875
68_20220825 21,2362.14404296875
68_20220825 22,2232.848876953125
68_20220825 23,1973.4254150390625
68_20220826 00,1583.834716796875
68_20220826 01,1395.2269287109375
68_20220826 02,1262.975830078125
68_20220826 03,1160.828857421875
68_20220826 04,1129.2679443359375
68_20220826 05,1184.2301025390625
68_20220826 06,1475.8502197265625
68_20220826 07,1753.625732421875
68_20220826 08,1830.966796875
68_20220826 09,1688.7056884765625
68_20220826 10,1655.9173583984375
68_20220826 11,1668.399658203125
68_20220826 12,1627.0570068359375
68_20220826 13,1599.427490234375
68_20220826 14,1651.857421875
68_20220826 15,1723.5413818359375
68_20220826 16,1736.0048828125
68_20220826 17,1867.4508056640625
68_20220826 18,2163.923095703125
68_20220826 19,2323.819580078125
68_20220826 20,2469.957275390625
68_20220826 21,2408.36474609375
68_20220826 22,2409.2626953125
68_20220826 23,2115.70654296875
68_20220827 00,1798.7060546875
68_20220827 01,1537.8970947265625
68_20220827 02,1331.152099609375
68_20220827 03,1220.303466796875
68_20220827 04,1163.1025390625
68_20220827 05,1183.9189453125
68_20220827 06,1296.6141357421875
68_20220827 07,1498.7830810546875
68_20220827 08,1724.182373046875
68_20220827 09,1877.0120849609375
68_20220827 10,1896.022705078125
68_20220827 11,1980.4488525390625
68_20220827 12,2045.020751953125
68_20220827 13,1957.8441162109375
68_20220827 14,1868.797119140625
68_20220827 15,1830.9163818359375
68_20220827 16,1823.5513916015625
68_20220827 17,1940.182373046875
68_20220827 18,2130.5634765625
68_20220827 19,2253.14208984375
68_20220827 20,2346.302734375
68_20220827 21,2329.3583984375
68_20220827 22,2235.32080078125
68_20220827 23,1950.1324462890625
68_20220828 00,1690.69140625
68_20220828 01,1447.3477783203125
68_20220828 02,1288.2305908203125
68_20220828 03,1155.46142578125
68_20220828 04,1134.1651611328125
68_20220828 05,1177.3175048828125
68_20220828 06,1263.7137451171875
68_20220828 07,1489.9544677734375
68_20220828 08,1707.2197265625
68_20220828 09,1880.0328369140625
68_20220828 10,1946.469482421875
68_20220828 11,1985.2659912109375
68_20220828 12,2120.168212890625
68_20220828 13,2115.39208984375
68_20220828 14,2013.744873046875
68_20220828 15,2018.042724609375
68_20220828 16,2083.2255859375
68_20220828 17,2275.02587890625
68_20220828 18,2501.183349609375
68_20220828 19,2560.09716796875
68_20220828 20,2548.870361328125
68_20220828 21,2522.423095703125
68_20220828 22,2348.6259765625
68_20220828 23,2019.381103515625
68_20220829 00,1705.8109130859375
68_20220829 01,1430.721435546875
68_20220829 02,1293.1873779296875
68_20220829 03,1184.9755859375
68_20220829 04,1137.3836669921875
68_20220829 05,1203.7918701171875
68_20220829 06,1505.69189453125
68_20220829 07,1787.812255859375
68_20220829 08,1851.189453125
68_20220829 09,1765.626953125
68_20220829 10,1768.8353271484375
68_20220829 11,1763.6529541015625
68_20220829 12,1763.916015625
68_20220829 13,1739.1644287109375
68_20220829 14,1714.4937744140625
68_20220829 15,1755.015625
68_20220829 16,1759.6363525390625
68_20220829 17,1913.6986083984375
68_20220829 18,2221.667236328125
68_20220829 19,2468.9443359375
68_20220829 20,2529.6015625
68_20220829 21,2471.311279296875
68_20220829 22,2321.07275390625
68_20220829 23,2017.1812744140625
68_20220830 00,1705.3607177734375
68_20220830 01,1417.0570068359375
68_20220830 02,1292.520751953125
68_20220830 03,1198.61572265625
68_20220830 04,1196.469970703125
68_20220830 05,1252.715576171875
68_20220830 06,1530.590087890625
68_20220830 07,1897.2191162109375
68_20220830 08,1891.1409912109375
68_20220830 09,1715.4722900390625
68_20220830 10,1731.708251953125
68_20220830 11,1711.418701171875
68_20220830 12,1764.745361328125
68_20220830 13,1769.3031005859375
68_20220830 14,1741.133544921875
68_20220830 15,1787.912109375
68_20220830 16,1813.8489990234375
68_20220830 17,2008.809814453125
68_20220830 18,2285.6865234375
68_20220830 19,2532.8115234375
68_20220830 20,2559.682861328125
68_20220830 21,2524.976806640625
68_20220830 22,2352.064453125
68_20220830 23,2059.05615234375
68_20220831 00,1612.0406494140625
68_20220831 01,1426.0999755859375
68_20220831 02,1284.3109130859375
68_20220831 03,1199.258056640625
68_20220831 04,1165.404052734375
68_20220831 05,1231.2763671875
68_20220831 06,1506.12841796875
68_20220831 07,1837.848876953125
68_20220831 08,1861.7095947265625
68_20220831 09,1704.5745849609375
68_20220831 10,1644.6949462890625
68_20220831 11,1659.139404296875
68_20220831 12,1649.7506103515625
68_20220831 13,1672.5179443359375
68_20220831 14,1666.4947509765625
68_20220831 15,1693.5843505859375
68_20220831 16,1679.0758056640625
68_20220831 17,1940.3509521484375
68_20220831 18,2163.276611328125
68_20220831 19,2434.555908203125
68_20220831 20,2486.10009765625
68_20220831 21,2453.827880859375
68_20220831 22,2292.938232421875
68_20220831 23,2007.7642822265625
69_20220825 00,3531.621826171875
69_20220825 01,3521.697998046875
69_20220825 02,3471.1328125
69_20220825 03,3465.063720703125
69_20220825 04,3438.00244140625
69_20220825 05,3517.289794921875
69_20220825 06,4467.8427734375
69_20220825 07,5136.4521484375
69_20220825 08,5459.8779296875
69_20220825 09,5848.12158203125
69_20220825 10,6146.89111328125
69_20220825 11,6080.19091796875
69_20220825 12,6056.02734375
69_20220825 13,6057.30224609375
69_20220825 14,5941.83251953125
69_20220825 15,6057.8720703125
69_20220825 16,5987.14013671875
69_20220825 17,5384.9091796875
69_20220825 18,4331.86474609375
69_20220825 19,4028.151123046875
69_20220825 20,3822.06494140625
69_20220825 21,3737.13232421875
69_20220825 22,3605.44091796875
69_20220825 23,3589.95166015625
69_20220826 00,3484.33642578125
69_20220826 01,3462.658203125
69_20220826 02,3409.889892578125
69_20220826 03,3412.737548828125
69_20220826 04,3498.68994140625
69_20220826 05,3558.23681640625
69_20220826 06,4368.4716796875
69_20220826 07,5009.7724609375
69_20220826 08,5209.6884765625
69_20220826 09,5649.359375
69_20220826 10,5897.0771484375
69_20220826 11,5887.02880859375
69_20220826 12,5826.9306640625
69_20220826 13,6243.3271484375
69_20220826 14,5982.71533203125
69_20220826 15,6278.86474609375
69_20220826 16,6092.5390625
69_20220826 17,5419.52880859375
69_20220826 18,4409.93408203125
69_20220826 19,3992.64111328125
69_20220826 20,3815.43115234375
69_20220826 21,3659.359375
69_20220826 22,3648.16259765625
69_20220826 23,3599.70166015625
69_20220827 00,3485.583251953125
69_20220827 01,3487.52001953125
69_20220827 02,3424.63330078125
69_20220827 03,3445.783203125
69_20220827 04,3416.844482421875
69_20220827 05,3430.73291015625
69_20220827 06,3409.708984375
69_20220827 07,3415.869873046875
69_20220827 08,3388.36181640625
69_20220827 09,3359.770263671875
69_20220827 10,3424.61376953125
69_20220827 11,3432.408203125
69_20220827 12,3503.184326171875
69_20220827 13,3535.446533203125
69_20220827 14,3559.17236328125
69_20220827 15,3548.61669921875
69_20220827 16,3524.015625
69_20220827 17,3518.743408203125
69_20220827 18,3560.6171875
69_20220827 19,3489.821044921875
69_20220827 20,3453.815185546875
69_20220827 21,3465.952392578125
69_20220827 22,3393.44189453125
69_20220827 23,3350.09814453125
69_20220828 00,3338.06884765625
69_20220828 01,3328.70166015625
69_20220828 02,3351.543701171875
69_20220828 03,3325.37109375
69_20220828 04,3336.996826171875
69_20220828 05,3414.458251953125
69_20220828 06,3378.926513671875
69_20220828 07,3371.62255859375
69_20220828 08,3358.147705078125
69_20220828 09,3322.7421875
69_20220828 10,3425.544921875
69_20220828 11,3427.04541015625
69_20220828 12,3457.620361328125
69_20220828 13,3530.97998046875
69_20220828 14,3548.828125
69_20220828 15,3570.85888671875
69_20220828 16,3738.00634765625
69_20220828 17,3645.83154296875
69_20220828 18,3590.03662109375
69_20220828 19,3522.20849609375
69_20220828 20,3495.76611328125
69_20220828 21,3494.17041015625
69_20220828 22,3451.66796875
69_20220828 23,3441.95458984375
69_20220829 00,3460.626220703125
69_20220829 01,3428.451904296875
69_20220829 02,3437.663330078125
69_20220829 03,3424.43603515625
69_20220829 04,3408.35009765625
69_20220829 05,3554.19189453125
69_20220829 06,4417.20751953125
69_20220829 07,5003.1689453125
69_20220829 08,5183.6279296875
69_20220829 09,5718.8955078125
69_20220829 10,5976.505859375
69_20220829 11,5937.470703125
69_20220829 12,5917.4404296875
69_20220829 13,5923.17529296875
69_20220829 14,5821.85791015625
69_20220829 15,5898.5556640625
69_20220829 16,5853.603515625
69_20220829 17,5258.5830078125
69_20220829 18,4390.41796875
69_20220829 19,4000.848876953125
69_20220829 20,3903.10986328125
69_20220829 21,3729.27490234375
69_20220829 22,3722.852783203125
69_20220829 23,3584.01025390625
69_20220830 00,3507.453857421875
69_20220830 01,3486.575439453125
69_20220830 02,3487.3046875
69_20220830 03,3502.314453125
69_20220830 04,3587.498046875
69_20220830 05,3629.04296875
69_20220830 06,4409.71337890625
69_20220830 07,5044.0830078125
69_20220830 08,5199.3115234375
69_20220830 09,5596.75732421875
69_20220830 10,6019.89208984375
69_20220830 11,5997.3994140625
69_20220830 12,6008.91357421875
69_20220830 13,6030.3701171875
69_20220830 14,5909.9580078125
69_20220830 15,5986.53125
69_20220830 16,5971.1005859375
69_20220830 17,5329.609375
69_20220830 18,4288.6083984375
69_20220830 19,4035.631591796875
69_20220830 20,3897.074951171875
69_20220830 21,3765.23291015625
69_20220830 22,3662.776611328125
69_20220830 23,3635.23193359375
69_20220831 00,3526.696044921875
69_20220831 01,3505.512939453125
69_20220831 02,3439.266845703125
69_20220831 03,3432.852294921875
69_20220831 04,3417.598876953125
69_20220831 05,3482.779296875
69_20220831 06,4308.7333984375
69_20220831 07,4818.6494140625
69_20220831 08,5203.82177734375
69_20220831 09,5609.53173828125
69_20220831 10,5875.8896484375
69_20220831 11,5863.0458984375
69_20220831 12,5868.234375
69_20220831 13,5891.7744140625
69_20220831 14,5711.6962890625
69_20220831 15,5832.37353515625
69_20220831 16,5649.05517578125
69_20220831 17,5363.68359375
69_20220831 18,4261.0927734375
69_20220831 19,3995.33349609375
69_20220831 20,3874.76416015625
69_20220831 21,3766.20068359375
69_20220831 22,3603.298828125
69_20220831 23,3574.97119140625
70_20220825 00,3371.022705078125
70_20220825 01,3369.574951171875
70_20220825 02,3298.753173828125
70_20220825 03,3214.10009765625
70_20220825 04,3154.193603515625
70_20220825 05,3202.06103515625
70_20220825 06,4224.9326171875
70_20220825 07,5436.54541015625
70_20220825 08,6111.3154296875
70_20220825 09,6564.9326171875
70_20220825 10,6590.8818359375
70_20220825 11,6613.9716796875
70_20220825 12,6624.76025390625
70_20220825 13,6602.1455078125
70_20220825 14,6645.4404296875
70_20220825 15,6636.3857421875
70_20220825 16,6613.4072265625
70_20220825 17,6367.61083984375
70_20220825 18,4929.1279296875
70_20220825 19,4165.54833984375
70_20220825 20,3794.710205078125
70_20220825 21,3605.29052734375
70_20220825 22,3485.23388671875
70_20220825 23,3330.704345703125
70_20220826 00,3328.33251953125
70_20220826 01,3314.698486328125
70_20220826 02,3305.75537109375
70_20220826 03,3140.369873046875
70_20220826 04,3123.72900390625
70_20220826 05,3201.3359375
70_20220826 06,4087.830078125
70_20220826 07,5227.23193359375
70_20220826 08,5913.9150390625
70_20220826 09,6358.3837890625
70_20220826 10,6518.5810546875
70_20220826 11,6466.9287109375
70_20220826 12,6459.06494140625
70_20220826 13,6397.7216796875
70_20220826 14,6470.19970703125
70_20220826 15,6518.4853515625
70_20220826 16,6488.67626953125
70_20220826 17,6107.20068359375
70_20220826 18,4599.07666015625
70_20220826 19,4011.742919921875
70_20220826 20,3643.98974609375
70_20220826 21,3563.04833984375
70_20220826 22,3420.747314453125
70_20220826 23,3296.270263671875
70_20220827 00,3349.14404296875
70_20220827 01,3323.71240234375
70_20220827 02,3262.50927734375
70_20220827 03,3226.594482421875
70_20220827 04,3153.456298828125
70_20220827 05,3094.14404296875
70_20220827 06,3095.4501953125
70_20220827 07,3148.66064453125
70_20220827 08,3205.237548828125
70_20220827 09,3217.88720703125
70_20220827 10,3168.229736328125
70_20220827 11,3149.3056640625
70_20220827 12,3168.4287109375
70_20220827 13,3093.91845703125
70_20220827 14,3108.507080078125
70_20220827 15,3216.530517578125
70_20220827 16,3187.823486328125
70_20220827 17,3211.598388671875
70_20220827 18,3196.498779296875
70_20220827 19,3138.668212890625
70_20220827 20,3135.3212890625
70_20220827 21,3142.3525390625
70_20220827 22,3105.64111328125
70_20220827 23,3080.73876953125
70_20220828 00,3142.709716796875
70_20220828 01,3122.763916015625
70_20220828 02,3095.075927734375
70_20220828 03,3044.80126953125
70_20220828 04,3030.385009765625
70_20220828 05,2941.547607421875
70_20220828 06,2949.0322265625
70_20220828 07,3055.03369140625
70_20220828 08,3089.178955078125
70_20220828 09,3152.155517578125
70_20220828 10,3083.06884765625
70_20220828 11,3014.375732421875
70_20220828 12,3049.556640625
70_20220828 13,2938.02099609375
70_20220828 14,3062.69384765625
70_20220828 15,3173.23681640625
70_20220828 16,3246.534912109375
70_20220828 17,3195.59912109375
70_20220828 18,3160.108642578125
70_20220828 19,3199.29638671875
70_20220828 20,3249.419189453125
70_20220828 21,3203.315673828125
70_20220828 22,3178.613525390625
70_20220828 23,3163.834716796875
70_20220829 00,3350.31103515625
70_20220829 01,3324.59521484375
70_20220829 02,3239.66357421875
70_20220829 03,3113.10498046875
70_20220829 04,3087.746337890625
70_20220829 05,3216.745849609375
70_20220829 06,4208.50146484375
70_20220829 07,5513.068359375
70_20220829 08,5905.4990234375
70_20220829 09,6249.484375
70_20220829 10,6444.11279296875
70_20220829 11,6535.013671875
70_20220829 12,6494.44287109375
70_20220829 13,6479.802734375
70_20220829 14,6461.7626953125
70_20220829 15,6490.25927734375
70_20220829 16,6463.3974609375
70_20220829 17,6178.43603515625
70_20220829 18,5081.517578125
70_20220829 19,4242.49609375
70_20220829 20,3846.895751953125
70_20220829 21,3603.54736328125
70_20220829 22,3513.342529296875
70_20220829 23,3389.656982421875
70_20220830 00,3363.45068359375
70_20220830 01,3316.186767578125
70_20220830 02,3266.38623046875
70_20220830 03,3142.137451171875
70_20220830 04,3150.953125
70_20220830 05,3243.72265625
70_20220830 06,4173.9267578125
70_20220830 07,5341.25244140625
70_20220830 08,5902.12109375
70_20220830 09,6370.828125
70_20220830 10,6496.62109375
70_20220830 11,6548.6005859375
70_20220830 12,6479.6552734375
70_20220830 13,6480.28271484375
70_20220830 14,6532.8193359375
70_20220830 15,6471.71875
70_20220830 16,6464.13037109375
70_20220830 17,6101.05712890625
70_20220830 18,5071.53271484375
70_20220830 19,4247.8330078125
70_20220830 20,3807.917236328125
70_20220830 21,3705.520751953125
70_20220830 22,3503.00439453125
70_20220830 23,3388.372314453125
70_20220831 00,3395.896484375
70_20220831 01,3397.401123046875
70_20220831 02,3289.56640625
70_20220831 03,3166.900146484375
70_20220831 04,3139.54736328125
70_20220831 05,3221.072998046875
70_20220831 06,4186.0810546875
70_20220831 07,5176.6220703125
70_20220831 08,5974.6552734375
70_20220831 09,6165.47998046875
70_20220831 10,6272.2509765625
70_20220831 11,6352.35302734375
70_20220831 12,6591.09619140625
70_20220831 13,6577.00390625
70_20220831 14,6583.69384765625
70_20220831 15,6592.31494140625
70_20220831 16,6289.05712890625
70_20220831 17,5981.0693359375
70_20220831 18,4905.1533203125
70_20220831 19,4210.23974609375
70_20220831 20,3768.468017578125
70_20220831 21,3618.83935546875
70_20220831 22,3474.572998046875
70_20220831 23,3359.504638671875
71_20220825 00,2344.112548828125
71_20220825 01,2346.140625
71_20220825 02,2343.649658203125
71_20220825 03,2346.68017578125
71_20220825 04,2333.94287109375
71_20220825 05,1878.421630859375
71_20220825 06,1872.9417724609375
71_20220825 07,1982.1126708984375
71_20220825 08,2307.456787109375
71_20220825 09,2661.94287109375
71_20220825 10,2409.879638671875
71_20220825 11,2390.42919921875
71_20220825 12,2778.86865234375
71_20220825 13,2518.338134765625
71_20220825 14,2605.4306640625
71_20220825 15,2955.39208984375
71_20220825 16,3097.850341796875
71_20220825 17,2773.40380859375
71_20220825 18,2333.934326171875
71_20220825 19,2072.421142578125
71_20220825 20,2004.3433837890625
71_20220825 21,1999.263427734375
71_20220825 22,1938.059326171875
71_20220825 23,1939.988037109375
71_20220826 00,2316.87744140625
71_20220826 01,2301.30419921875
71_20220826 02,2271.822021484375
71_20220826 03,2259.125732421875
71_20220826 04,2253.18115234375
71_20220826 05,1842.313232421875
71_20220826 06,1829.5494384765625
71_20220826 07,1907.962890625
71_20220826 08,2137.970703125
71_20220826 09,2473.659423828125
71_20220826 10,2205.343017578125
71_20220826 11,2199.52001953125
71_20220826 12,2584.02734375
71_20220826 13,2291.639404296875
71_20220826 14,2305.24755859375
71_20220826 15,2621.104736328125
71_20220826 16,2775.35595703125
71_20220826 17,2455.06982421875
71_20220826 18,2127.388671875
71_20220826 19,2039.2437744140625
71_20220826 20,1970.5244140625
71_20220826 21,1890.983154296875
71_20220826 22,1879.683837890625
71_20220826 23,1863.9775390625
71_20220827 00,2152.41455078125
71_20220827 01,2154.72607421875
71_20220827 02,2163.793701171875
71_20220827 03,2171.260986328125
71_20220827 04,2159.5732421875
71_20220827 05,1768.196044921875
71_20220827 06,1722.548095703125
71_20220827 07,1709.711181640625
71_20220827 08,1665.634765625
71_20220827 09,1645.571533203125
71_20220827 10,1223.650634765625
71_20220827 11,1160.9376220703125
71_20220827 12,1531.1239013671875
71_20220827 13,1159.9415283203125
71_20220827 14,1238.434326171875
71_20220827 15,1539.36328125
71_20220827 16,1693.953125
71_20220827 17,1707.748046875
71_20220827 18,1695.487548828125
71_20220827 19,1735.3818359375
71_20220827 20,1795.4368896484375
71_20220827 21,1746.087890625
71_20220827 22,1748.1568603515625
71_20220827 23,1738.9486083984375
71_20220828 00,1742.891845703125
71_20220828 01,1744.59765625
71_20220828 02,1726.0823974609375
71_20220828 03,1705.523681640625
71_20220828 04,1710.0836181640625
71_20220828 05,1667.086669921875
71_20220828 06,1648.7301025390625
71_20220828 07,1647.1343994140625
71_20220828 08,1629.4122314453125
71_20220828 09,1615.495361328125
71_20220828 10,1534.3477783203125
71_20220828 11,1517.755859375
71_20220828 12,1564.439453125
71_20220828 13,1476.063720703125
71_20220828 14,1500.3531494140625
71_20220828 15,1599.813232421875
71_20220828 16,1703.404296875
71_20220828 17,1720.0302734375
71_20220828 18,1689.117919921875
71_20220828 19,1757.1431884765625
71_20220828 20,1804.24609375
71_20220828 21,1780.509765625
71_20220828 22,1806.892578125
71_20220828 23,1773.784423828125
71_20220829 00,2170.79248046875
71_20220829 01,2147.671630859375
71_20220829 02,2160.740966796875
71_20220829 03,2158.3359375
71_20220829 04,2161.12646484375
71_20220829 05,1776.9632568359375
71_20220829 06,1803.2366943359375
71_20220829 07,1908.3170166015625
71_20220829 08,2166.768798828125
71_20220829 09,2545.365966796875
71_20220829 10,2292.800048828125
71_20220829 11,2310.24072265625
71_20220829 12,2672.797607421875
71_20220829 13,2536.0869140625
71_20220829 14,2591.33642578125
71_20220829 15,2885.93994140625
71_20220829 16,2960.509765625
71_20220829 17,2658.17822265625
71_20220829 18,2273.41748046875
71_20220829 19,2090.170654296875
71_20220829 20,1981.6624755859375
71_20220829 21,1958.493896484375
71_20220829 22,1914.512939453125
71_20220829 23,1909.936767578125
71_20220830 00,2220.142578125
71_20220830 01,2242.98974609375
71_20220830 02,2225.2080078125
71_20220830 03,2216.017333984375
71_20220830 04,2219.87744140625
71_20220830 05,1871.4459228515625
71_20220830 06,1857.005615234375
71_20220830 07,1883.9619140625
71_20220830 08,2152.392822265625
71_20220830 09,2506.75634765625
71_20220830 10,2218.86962890625
71_20220830 11,2237.87548828125
71_20220830 12,2647.380126953125
71_20220830 13,2442.86669921875
71_20220830 14,2517.397705078125
71_20220830 15,2780.49658203125
71_20220830 16,2976.2421875
71_20220830 17,2744.282958984375
71_20220830 18,2371.48583984375
71_20220830 19,2185.035400390625
71_20220830 20,2045.389404296875
71_20220830 21,1991.4498291015625
71_20220830 22,1922.7689208984375
71_20220830 23,1915.0413818359375
71_20220831 00,2300.092529296875
71_20220831 01,2284.443359375
71_20220831 02,2263.708251953125
71_20220831 03,2267.861083984375
71_20220831 04,2272.02294921875
71_20220831 05,1858.6533203125
71_20220831 06,1855.1484375
71_20220831 07,1953.865234375
71_20220831 08,2228.768798828125
71_20220831 09,2589.72900390625
71_20220831 10,2335.545654296875
71_20220831 11,2394.69921875
71_20220831 12,2781.783447265625
71_20220831 13,2577.265869140625
71_20220831 14,2677.86767578125
71_20220831 15,2947.01416015625
71_20220831 16,3070.8798828125
71_20220831 17,2800.190185546875
71_20220831 18,2320.1337890625
71_20220831 19,2160.62841796875
71_20220831 20,2042.630859375
71_20220831 21,1995.7607421875
71_20220831 22,1942.7994384765625
71_20220831 23,1866.4097900390625
72_20220825 00,1205.4747314453125
72_20220825 01,1206.100341796875
72_20220825 02,1208.8265380859375
72_20220825 03,1213.202392578125
72_20220825 04,1210.7315673828125
72_20220825 05,1224.059326171875
72_20220825 06,1249.3896484375
72_20220825 07,1333.3739013671875
72_20220825 08,1482.06689453125
72_20220825 09,1571.138916015625
72_20220825 10,1591.943603515625
72_20220825 11,1604.3929443359375
72_20220825 12,1611.138427734375
72_20220825 13,1620.810302734375
72_20220825 14,1585.679931640625
72_20220825 15,1624.9368896484375
72_20220825 16,1583.179443359375
72_20220825 17,1472.3931884765625
72_20220825 18,1329.490478515625
72_20220825 19,1274.409423828125
72_20220825 20,1274.3184814453125
72_20220825 21,1248.01806640625
72_20220825 22,1242.26611328125
72_20220825 23,1206.3133544921875
72_20220826 00,1194.032470703125
72_20220826 01,1193.361083984375
72_20220826 02,1189.2913818359375
72_20220826 03,1195.106201171875
72_20220826 04,1164.609619140625
72_20220826 05,1184.158447265625
72_20220826 06,1205.6998291015625
72_20220826 07,1293.230712890625
72_20220826 08,1423.312255859375
72_20220826 09,1481.343994140625
72_20220826 10,1558.216064453125
72_20220826 11,1554.8885498046875
72_20220826 12,1542.9844970703125
72_20220826 13,1559.5455322265625
72_20220826 14,1573.3258056640625
72_20220826 15,1577.4029541015625
72_20220826 16,1572.807861328125
72_20220826 17,1453.0587158203125
72_20220826 18,1319.0413818359375
72_20220826 19,1260.0284423828125
72_20220826 20,1252.932373046875
72_20220826 21,1245.491455078125
72_20220826 22,1221.6171875
72_20220826 23,1208.8955078125
72_20220827 00,1191.5728759765625
72_20220827 01,1187.04052734375
72_20220827 02,1188.896240234375
72_20220827 03,1195.776611328125
72_20220827 04,1179.6026611328125
72_20220827 05,1188.0308837890625
72_20220827 06,1192.512451171875
72_20220827 07,1207.84423828125
72_20220827 08,1186.5654296875
72_20220827 09,1199.098388671875
72_20220827 10,1190.946044921875
72_20220827 11,1207.403076171875
72_20220827 12,1194.2860107421875
72_20220827 13,1175.4444580078125
72_20220827 14,1178.0946044921875
72_20220827 15,1158.453369140625
72_20220827 16,1175.1497802734375
72_20220827 17,1183.224365234375
72_20220827 18,1173.149169921875
72_20220827 19,1170.411376953125
72_20220827 20,1185.966552734375
72_20220827 21,1191.406982421875
72_20220827 22,1181.9859619140625
72_20220827 23,1169.8779296875
72_20220828 00,1150.8675537109375
72_20220828 01,1150.0797119140625
72_20220828 02,1151.386474609375
72_20220828 03,1161.2081298828125
72_20220828 04,1163.4263916015625
72_20220828 05,1173.10400390625
72_20220828 06,1170.53759765625
72_20220828 07,1172.626708984375
72_20220828 08,1178.1988525390625
72_20220828 09,1157.2125244140625
72_20220828 10,1154.3157958984375
72_20220828 11,1140.511474609375
72_20220828 12,1142.611083984375
72_20220828 13,1158.4775390625
72_20220828 14,1164.212890625
72_20220828 15,1169.430908203125
72_20220828 16,1172.00927734375
72_20220828 17,1181.1634521484375
72_20220828 18,1173.28466796875
72_20220828 19,1172.220947265625
72_20220828 20,1164.763916015625
72_20220828 21,1182.3372802734375
72_20220828 22,1181.45458984375
72_20220828 23,1188.98681640625
72_20220829 00,1208.037109375
72_20220829 01,1199.60693359375
72_20220829 02,1206.1988525390625
72_20220829 03,1187.20361328125
72_20220829 04,1171.9666748046875
72_20220829 05,1199.787353515625
72_20220829 06,1209.4241943359375
72_20220829 07,1297.4171142578125
72_20220829 08,1417.536376953125
72_20220829 09,1491.5294189453125
72_20220829 10,1545.669677734375
72_20220829 11,1552.6705322265625
72_20220829 12,1499.5577392578125
72_20220829 13,1536.117919921875
72_20220829 14,1541.8663330078125
72_20220829 15,1548.1998291015625
72_20220829 16,1534.7666015625
72_20220829 17,1451.6402587890625
72_20220829 18,1327.213623046875
72_20220829 19,1273.6593017578125
72_20220829 20,1266.927001953125
72_20220829 21,1239.8731689453125
72_20220829 22,1232.2105712890625
72_20220829 23,1233.6650390625
72_20220830 00,1201.414306640625
72_20220830 01,1195.9989013671875
72_20220830 02,1198.186767578125
72_20220830 03,1200.2816162109375
72_20220830 04,1187.650146484375
72_20220830 05,1206.8199462890625
72_20220830 06,1265.4420166015625
72_20220830 07,1350.845947265625
72_20220830 08,1478.9356689453125
72_20220830 09,1601.9632568359375
72_20220830 10,1672.186767578125
72_20220830 11,1708.4140625
72_20220830 12,1679.3837890625
72_20220830 13,1699.2822265625
72_20220830 14,1705.494384765625
72_20220830 15,1701.324951171875
72_20220830 16,1688.801025390625
72_20220830 17,1576.372314453125
72_20220830 18,1447.756591796875
72_20220830 19,1372.0911865234375
72_20220830 20,1364.338623046875
72_20220830 21,1353.864501953125
72_20220830 22,1318.8560791015625
72_20220830 23,1313.1494140625
72_20220831 00,1245.178466796875
72_20220831 01,1230.333251953125
72_20220831 02,1229.99072265625
72_20220831 03,1235.286865234375
72_20220831 04,1225.13330078125
72_20220831 05,1234.0870361328125
72_20220831 06,1256.315673828125
72_20220831 07,1345.9246826171875
72_20220831 08,1475.9388427734375
72_20220831 09,1554.955810546875
72_20220831 10,1651.5386962890625
72_20220831 11,1602.867431640625
72_20220831 12,1596.4285888671875
72_20220831 13,1589.8082275390625
72_20220831 14,1589.158935546875
72_20220831 15,1548.617431640625
72_20220831 16,1532.8006591796875
72_20220831 17,1459.128173828125
72_20220831 18,1316.2474365234375
72_20220831 19,1255.4237060546875
72_20220831 20,1259.1533203125
72_20220831 21,1243.231689453125
72_20220831 22,1244.189208984375
72_20220831 23,1222.0821533203125
73_20220825 00,3393.35009765625
73_20220825 01,3388.6484375
73_20220825 02,3394.678466796875
73_20220825 03,3295.487548828125
73_20220825 04,3306.9296875
73_20220825 05,3363.583984375
73_20220825 06,3531.11181640625
73_20220825 07,3754.530517578125
73_20220825 08,3899.936767578125
73_20220825 09,4020.143798828125
73_20220825 10,4101.12255859375
73_20220825 11,4177.9541015625
73_20220825 12,4181.39306640625
73_20220825 13,4162.39453125
73_20220825 14,4132.4677734375
73_20220825 15,4050.953125
73_20220825 16,4038.171875
73_20220825 17,3938.37109375
73_20220825 18,3909.12646484375
73_20220825 19,3742.87109375
73_20220825 20,3627.87548828125
73_20220825 21,3556.76025390625
73_20220825 22,3304.14404296875
73_20220825 23,3274.88037109375
73_20220826 00,3183.26220703125
73_20220826 01,3169.263671875
73_20220826 02,3197.8369140625
73_20220826 03,3199.940673828125
73_20220826 04,3219.34716796875
73_20220826 05,3254.22314453125
73_20220826 06,3405.00244140625
73_20220826 07,3712.712158203125
73_20220826 08,3839.042236328125
73_20220826 09,3989.75732421875
73_20220826 10,4025.122314453125
73_20220826 11,4069.7578125
73_20220826 12,4031.329345703125
73_20220826 13,4011.984375
73_20220826 14,4032.365234375
73_20220826 15,4023.415283203125
73_20220826 16,3969.822265625
73_20220826 17,3916.83056640625
73_20220826 18,3783.335205078125
73_20220826 19,3747.344482421875
73_20220826 20,3669.50537109375
73_20220826 21,3572.49267578125
73_20220826 22,3335.254638671875
73_20220826 23,3325.65869140625
73_20220827 00,3290.928955078125
73_20220827 01,3248.14306640625
73_20220827 02,3218.1103515625
73_20220827 03,3205.100341796875
73_20220827 04,3185.568359375
73_20220827 05,3161.38671875
73_20220827 06,3236.779052734375
73_20220827 07,3335.040283203125
73_20220827 08,3309.319091796875
73_20220827 09,3320.227294921875
73_20220827 10,3298.001220703125
73_20220827 11,3303.80859375
73_20220827 12,3310.151611328125
73_20220827 13,3276.618408203125
73_20220827 14,3399.425048828125
73_20220827 15,3381.096923828125
73_20220827 16,3389.20849609375
73_20220827 17,3375.79638671875
73_20220827 18,3369.23828125
73_20220827 19,3391.66015625
73_20220827 20,3339.089111328125
73_20220827 21,3279.64453125
73_20220827 22,3162.84716796875
73_20220827 23,3096.8369140625
73_20220828 00,3066.395751953125
73_20220828 01,3019.44091796875
73_20220828 02,3103.03564453125
73_20220828 03,3031.33740234375
73_20220828 04,3110.986328125
73_20220828 05,3073.371337890625
73_20220828 06,3162.90087890625
73_20220828 07,3222.736328125
73_20220828 08,3266.532470703125
73_20220828 09,3270.46435546875
73_20220828 10,3295.79150390625
73_20220828 11,3311.078857421875
73_20220828 12,3290.706298828125
73_20220828 13,3263.97509765625
73_20220828 14,3271.85498046875
73_20220828 15,3360.860107421875
73_20220828 16,3356.390625
73_20220828 17,3391.623046875
73_20220828 18,3372.44970703125
73_20220828 19,3402.81982421875
73_20220828 20,3369.03955078125
73_20220828 21,3348.25634765625
73_20220828 22,3329.427734375
73_20220828 23,3327.64208984375
73_20220829 00,3240.26318359375
73_20220829 01,3267.18408203125
73_20220829 02,3230.018798828125
73_20220829 03,3158.228759765625
73_20220829 04,3219.963623046875
73_20220829 05,3207.328369140625
73_20220829 06,3349.298095703125
73_20220829 07,3683.606689453125
73_20220829 08,3806.996826171875
73_20220829 09,3914.42724609375
73_20220829 10,3915.97705078125
73_20220829 11,3977.01416015625
73_20220829 12,3980.379638671875
73_20220829 13,3989.04345703125
73_20220829 14,4055.04443359375
73_20220829 15,4049.447265625
73_20220829 16,3870.709716796875
73_20220829 17,3830.18994140625
73_20220829 18,3759.75048828125
73_20220829 19,3644.76171875
73_20220829 20,3551.038330078125
73_20220829 21,3516.764892578125
73_20220829 22,3387.229248046875
73_20220829 23,3261.78466796875
73_20220830 00,3128.38623046875
73_20220830 01,3132.099365234375
73_20220830 02,3195.35791015625
73_20220830 03,3166.68896484375
73_20220830 04,3268.53857421875
73_20220830 05,3290.201171875
73_20220830 06,3477.05859375
73_20220830 07,3700.858154296875
73_20220830 08,3937.46435546875
73_20220830 09,3983.58203125
73_20220830 10,4048.11279296875
73_20220830 11,4035.53369140625
73_20220830 12,4008.93896484375
73_20220830 13,4114.2998046875
73_20220830 14,4095.11279296875
73_20220830 15,4058.20556640625
73_20220830 16,3981.740966796875
73_20220830 17,3996.107421875
73_20220830 18,3818.78466796875
73_20220830 19,3697.62744140625
73_20220830 20,3597.27099609375
73_20220830 21,3560.13671875
73_20220830 22,3405.37158203125
73_20220830 23,3307.4765625
73_20220831 00,3180.160400390625
73_20220831 01,3188.19189453125
73_20220831 02,3203.096923828125
73_20220831 03,3200.31201171875
73_20220831 04,3228.41064453125
73_20220831 05,3313.594970703125
73_20220831 06,3518.19775390625
73_20220831 07,3728.33984375
73_20220831 08,3849.13427734375
73_20220831 09,3951.77587890625
73_20220831 10,3957.31591796875
73_20220831 11,4015.231201171875
73_20220831 12,3999.25048828125
73_20220831 13,4009.848388671875
73_20220831 14,4025.162841796875
73_20220831 15,4021.5546875
73_20220831 16,3993.26806640625
73_20220831 17,3928.522216796875
73_20220831 18,3775.542236328125
73_20220831 19,3766.964111328125
73_20220831 20,3610.410888671875
73_20220831 21,3600.888671875
73_20220831 22,3442.526123046875
73_20220831 23,3381.714111328125
74_20220825 00,3196.560791015625
74_20220825 01,3140.39306640625
74_20220825 02,3099.401123046875
74_20220825 03,3090.0830078125
74_20220825 04,3428.715576171875
74_20220825 05,5290.0888671875
74_20220825 06,6000.1923828125
74_20220825 07,6257.4326171875
74_20220825 08,6285.6630859375
74_20220825 09,6236.32421875
74_20220825 10,6324.45751953125
74_20220825 11,6439.66259765625
74_20220825 12,6283.00439453125
74_20220825 13,5996.2587890625
74_20220825 14,5927.8427734375
74_20220825 15,5750.54541015625
74_20220825 16,5768.2333984375
74_20220825 17,5773.29638671875
74_20220825 18,4412.2158203125
74_20220825 19,3826.12158203125
74_20220825 20,3145.421630859375
74_20220825 21,2903.366455078125
74_20220825 22,2592.79443359375
74_20220825 23,3053.73095703125
74_20220826 00,2983.448486328125
74_20220826 01,2981.632080078125
74_20220826 02,2936.23828125
74_20220826 03,2950.2744140625
74_20220826 04,3263.140869140625
74_20220826 05,5108.0244140625
74_20220826 06,5567.73291015625
74_20220826 07,5980.68603515625
74_20220826 08,6076.16845703125
74_20220826 09,6015.90380859375
74_20220826 10,6062.98681640625
74_20220826 11,6053.416015625
74_20220826 12,5911.89794921875
74_20220826 13,5737.57421875
74_20220826 14,5763.9296875
74_20220826 15,5676.00341796875
74_20220826 16,5572.7275390625
74_20220826 17,5599.61767578125
74_20220826 18,4275.56298828125
74_20220826 19,3602.555419921875
74_20220826 20,3077.12060546875
74_20220826 21,2875.993408203125
74_20220826 22,2600.316650390625
74_20220826 23,3077.747314453125
74_20220827 00,3066.513916015625
74_20220827 01,3070.035400390625
74_20220827 02,3025.863037109375
74_20220827 03,2935.940185546875
74_20220827 04,2933.985107421875
74_20220827 05,2903.329345703125
74_20220827 06,2817.424560546875
74_20220827 07,2728.46533203125
74_20220827 08,2550.101806640625
74_20220827 09,2553.379150390625
74_20220827 10,2485.34912109375
74_20220827 11,2421.6923828125
74_20220827 12,2424.171142578125
74_20220827 13,2439.93994140625
74_20220827 14,2525.95947265625
74_20220827 15,2532.742919921875
74_20220827 16,2476.88232421875
74_20220827 17,2504.500244140625
74_20220827 18,2512.52392578125
74_20220827 19,2415.630126953125
74_20220827 20,2431.079833984375
74_20220827 21,2433.3291015625
74_20220827 22,2458.615966796875
74_20220827 23,2377.9501953125
74_20220828 00,2369.53759765625
74_20220828 01,2347.35888671875
74_20220828 02,2386.449951171875
74_20220828 03,2342.303955078125
74_20220828 04,2384.07373046875
74_20220828 05,2360.720458984375
74_20220828 06,2371.130126953125
74_20220828 07,2401.7177734375
74_20220828 08,2438.35498046875
74_20220828 09,2438.571044921875
74_20220828 10,2391.25439453125
74_20220828 11,2383.75927734375
74_20220828 12,2366.820068359375
74_20220828 13,2394.42236328125
74_20220828 14,2417.57421875
74_20220828 15,2415.39208984375
74_20220828 16,2418.040283203125
74_20220828 17,2415.58544921875
74_20220828 18,2509.954345703125
74_20220828 19,2649.391845703125
74_20220828 20,2755.778076171875
74_20220828 21,2747.04345703125
74_20220828 22,2700.3271484375
74_20220828 23,2453.927734375
74_20220829 00,2691.12939453125
74_20220829 01,2680.3642578125
74_20220829 02,2542.58837890625
74_20220829 03,2554.59912109375
74_20220829 04,3489.565185546875
74_20220829 05,4857.7373046875
74_20220829 06,5596.3037109375
74_20220829 07,6219.904296875
74_20220829 08,6242.6865234375
74_20220829 09,6192.1025390625
74_20220829 10,6220.35400390625
74_20220829 11,6179.787109375
74_20220829 12,6193.29443359375
74_20220829 13,5900.8447265625
74_20220829 14,5917.7568359375
74_20220829 15,5845.2626953125
74_20220829 16,5819.2333984375
74_20220829 17,5691.67333984375
74_20220829 18,4388.69140625
74_20220829 19,3840.999267578125
74_20220829 20,3183.60400390625
74_20220829 21,2965.923828125
74_20220829 22,2709.611328125
74_20220829 23,2988.7890625
74_20220830 00,2997.01123046875
74_20220830 01,3003.89208984375
74_20220830 02,2903.50830078125
74_20220830 03,2904.06884765625
74_20220830 04,3563.640625
74_20220830 05,5271.44482421875
74_20220830 06,5704.0283203125
74_20220830 07,6008.6103515625
74_20220830 08,6348.8544921875
74_20220830 09,6287.86083984375
74_20220830 10,6310.5439453125
74_20220830 11,6284.97998046875
74_20220830 12,6298.857421875
74_20220830 13,5855.4365234375
74_20220830 14,5874.1337890625
74_20220830 15,5771.2939453125
74_20220830 16,5756.0576171875
74_20220830 17,5730.57373046875
74_20220830 18,4590.20556640625
74_20220830 19,3780.09326171875
74_20220830 20,3078.828125
74_20220830 21,2850.71435546875
74_20220830 22,2551.547119140625
74_20220830 23,2999.537109375
74_20220831 00,2994.88037109375
74_20220831 01,2997.522216796875
74_20220831 02,2894.4296875
74_20220831 03,2903.99072265625
74_20220831 04,3316.41015625
74_20220831 05,5343.37744140625
74_20220831 06,5703.81103515625
74_20220831 07,6038.69970703125
74_20220831 08,6107.2001953125
74_20220831 09,6046.4228515625
74_20220831 10,6103.73046875
74_20220831 11,6095.9853515625
74_20220831 12,6038.88037109375
74_20220831 13,5838.8193359375
74_20220831 14,5880.259765625
74_20220831 15,5762.4765625
74_20220831 16,5691.0283203125
74_20220831 17,5665.3564453125
74_20220831 18,4411.7177734375
74_20220831 19,3783.908203125
74_20220831 20,3098.978759765625
74_20220831 21,2858.132080078125
74_20220831 22,2554.251220703125
74_20220831 23,2987.267822265625
75_20220825 00,1228.7901611328125
75_20220825 01,1247.055419921875
75_20220825 02,1191.7315673828125
75_20220825 03,1277.365478515625
75_20220825 04,1223.3939208984375
75_20220825 05,1199.9063720703125
75_20220825 06,1176.3994140625
75_20220825 07,1519.058349609375
75_20220825 08,1676.728515625
75_20220825 09,1917.1370849609375
75_20220825 10,1834.3724365234375
75_20220825 11,1920.768798828125
75_20220825 12,1909.2965087890625
75_20220825 13,1935.0484619140625
75_20220825 14,1898.362548828125
75_20220825 15,1944.041259765625
75_20220825 16,1808.550048828125
75_20220825 17,1770.704345703125
75_20220825 18,1312.919677734375
75_20220825 19,1316.898193359375
75_20220825 20,1266.466552734375
75_20220825 21,1302.916748046875
75_20220825 22,1227.9007568359375
75_20220825 23,1290.6400146484375
75_20220826 00,1206.23828125
75_20220826 01,1243.099609375
75_20220826 02,1203.6024169921875
75_20220826 03,1292.5689697265625
75_20220826 04,1218.9700927734375
75_20220826 05,1218.35693359375
75_20220826 06,1187.9818115234375
75_20220826 07,1491.695068359375
75_20220826 08,1622.3778076171875
75_20220826 09,1777.025146484375
75_20220826 10,1755.750244140625
75_20220826 11,1848.6263427734375
75_20220826 12,1712.1058349609375
75_20220826 13,1735.415283203125
75_20220826 14,1661.4251708984375
75_20220826 15,1652.700927734375
75_20220826 16,1551.124755859375
75_20220826 17,1532.9547119140625
75_20220826 18,1195.59375
75_20220826 19,1219.44921875
75_20220826 20,1177.637451171875
75_20220826 21,1222.280029296875
75_20220826 22,1169.3551025390625
75_20220826 23,1261.7236328125
75_20220827 00,1172.5667724609375
75_20220827 01,1223.9442138671875
75_20220827 02,1140.673583984375
75_20220827 03,1221.097900390625
75_20220827 04,1158.1793212890625
75_20220827 05,1145.06396484375
75_20220827 06,1043.9774169921875
75_20220827 07,1283.504638671875
75_20220827 08,1375.2940673828125
75_20220827 09,1603.435791015625
75_20220827 10,1605.127197265625
75_20220827 11,1656.4931640625
75_20220827 12,1608.999755859375
75_20220827 13,1747.345458984375
75_20220827 14,1712.8636474609375
75_20220827 15,1700.8291015625
75_20220827 16,1603.1302490234375
75_20220827 17,1447.927978515625
75_20220827 18,1109.017578125
75_20220827 19,1222.6588134765625
75_20220827 20,1238.6717529296875
75_20220827 21,1276.3177490234375
75_20220827 22,1221.901123046875
75_20220827 23,1324.377685546875
75_20220828 00,1206.4119873046875
75_20220828 01,1234.8092041015625
75_20220828 02,1128.113525390625
75_20220828 03,1260.436767578125
75_20220828 04,1205.2393798828125
75_20220828 05,1197.2008056640625
75_20220828 06,1113.59521484375
75_20220828 07,1335.58837890625
75_20220828 08,1387.93798828125
75_20220828 09,1601.643310546875
75_20220828 10,1590.5623779296875
75_20220828 11,1644.689697265625
75_20220828 12,1517.4268798828125
75_20220828 13,1599.9215087890625
75_20220828 14,1593.369384765625
75_20220828 15,1605.6072998046875
75_20220828 16,1491.2906494140625
75_20220828 17,1471.142822265625
75_20220828 18,1109.129150390625
75_20220828 19,1187.288330078125
75_20220828 20,1168.6441650390625
75_20220828 21,1214.4451904296875
75_20220828 22,1148.2845458984375
75_20220828 23,1254.548095703125
75_20220829 00,1141.168701171875
75_20220829 01,1214.265380859375
75_20220829 02,1131.3646240234375
75_20220829 03,1213.169921875
75_20220829 04,1202.6234130859375
75_20220829 05,1217.9039306640625
75_20220829 06,1142.6224365234375
75_20220829 07,1246.7664794921875
75_20220829 08,1357.908935546875
75_20220829 09,1469.1517333984375
75_20220829 10,1361.236083984375
75_20220829 11,1493.319580078125
75_20220829 12,1373.050048828125
75_20220829 13,1472.51171875
75_20220829 14,1434.7589111328125
75_20220829 15,1534.6627197265625
75_20220829 16,1425.4434814453125
75_20220829 17,1492.1290283203125
75_20220829 18,1265.5234375
75_20220829 19,1250.2359619140625
75_20220829 20,1208.4783935546875
75_20220829 21,1240.863037109375
75_20220829 22,1171.8218994140625
75_20220829 23,1252.3050537109375
75_20220830 00,1163.984375
75_20220830 01,1179.2935791015625
75_20220830 02,1130.673095703125
75_20220830 03,1219.0865478515625
75_20220830 04,1159.8336181640625
75_20220830 05,1156.7060546875
75_20220830 06,1096.4044189453125
75_20220830 07,1400.243408203125
75_20220830 08,1563.181640625
75_20220830 09,1710.526611328125
75_20220830 10,1719.780517578125
75_20220830 11,1805.4742431640625
75_20220830 12,1748.6156005859375
75_20220830 13,1779.4310302734375
75_20220830 14,1733.0400390625
75_20220830 15,1798.976806640625
75_20220830 16,1739.290771484375
75_20220830 17,1746.7034912109375
75_20220830 18,1323.845458984375
75_20220830 19,1298.0640869140625
75_20220830 20,1261.2362060546875
75_20220830 21,1298.052978515625
75_20220830 22,1217.572998046875
75_20220830 23,1312.109375
75_20220831 00,1217.4715576171875
75_20220831 01,1251.474365234375
75_20220831 02,1179.8912353515625
75_20220831 03,1285.8619384765625
75_20220831 04,1213.5423583984375
75_20220831 05,1215.411376953125
75_20220831 06,1193.1663818359375
75_20220831 07,1505.861572265625
75_20220831 08,1632.9664306640625
75_20220831 09,1937.410888671875
75_20220831 10,1909.012939453125
75_20220831 11,2001.634033203125
75_20220831 12,1914.3736572265625
75_20220831 13,1971.9912109375
75_20220831 14,1851.699462890625
75_20220831 15,1854.969970703125
75_20220831 16,1745.200927734375
75_20220831 17,1718.2373046875
75_20220831 18,1295.9576416015625
75_20220831 19,1287.37451171875
75_20220831 20,1248.060791015625
75_20220831 21,1305.8160400390625
75_20220831 22,1247.1229248046875
75_20220831 23,1325.98388671875
76_20220825 00,1136.1983642578125
76_20220825 01,1129.8577880859375
76_20220825 02,1133.5120849609375
76_20220825 03,1083.498291015625
76_20220825 04,1091.321533203125
76_20220825 05,1099.8629150390625
76_20220825 06,1110.324951171875
76_20220825 07,1172.4017333984375
76_20220825 08,1256.68212890625
76_20220825 09,1462.1826171875
76_20220825 10,1523.831787109375
76_20220825 11,1521.809814453125
76_20220825 12,1487.060546875
76_20220825 13,1548.376708984375
76_20220825 14,1575.28955078125
76_20220825 15,1575.7733154296875
76_20220825 16,1575.849609375
76_20220825 17,1579.141845703125
76_20220825 18,1393.713134765625
76_20220825 19,1330.904541015625
76_20220825 20,1304.9136962890625
76_20220825 21,1276.272216796875
76_20220825 22,1253.21630859375
76_20220825 23,1220.2646484375
76_20220826 00,1194.341552734375
76_20220826 01,1186.7486572265625
76_20220826 02,1180.8555908203125
76_20220826 03,1102.7470703125
76_20220826 04,1126.956787109375
76_20220826 05,1118.4478759765625
76_20220826 06,1129.405517578125
76_20220826 07,1173.2001953125
76_20220826 08,1275.078369140625
76_20220826 09,1429.6695556640625
76_20220826 10,1502.15771484375
76_20220826 11,1487.155029296875
76_20220826 12,1470.940673828125
76_20220826 13,1521.486572265625
76_20220826 14,1529.99169921875
76_20220826 15,1566.7001953125
76_20220826 16,1501.472412109375
76_20220826 17,1458.086669921875
76_20220826 18,1309.736328125
76_20220826 19,1273.0399169921875
76_20220826 20,1216.1708984375
76_20220826 21,1210.8580322265625
76_20220826 22,1134.580810546875
76_20220826 23,1129.064208984375
76_20220827 00,1103.5716552734375
76_20220827 01,1103.897705078125
76_20220827 02,1084.0382080078125
76_20220827 03,1082.9052734375
76_20220827 04,1084.6875
76_20220827 05,1085.80859375
76_20220827 06,1065.6170654296875
76_20220827 07,1038.862060546875
76_20220827 08,1035.8775634765625
76_20220827 09,1018.4359130859375
76_20220827 10,983.1862182617188
76_20220827 11,989.1143798828125
76_20220827 12,991.7547607421875
76_20220827 13,981.9230346679688
76_20220827 14,1028.4996337890625
76_20220827 15,1037.9097900390625
76_20220827 16,1068.447509765625
76_20220827 17,1088.3209228515625
76_20220827 18,1111.486572265625
76_20220827 19,1125.3409423828125
76_20220827 20,1068.6702880859375
76_20220827 21,1132.701416015625
76_20220827 22,1093.531005859375
76_20220827 23,1080.0926513671875
76_20220828 00,1066.8587646484375
76_20220828 01,1066.734619140625
76_20220828 02,1053.040283203125
76_20220828 03,1005.3338012695312
76_20220828 04,1016.4066162109375
76_20220828 05,1023.8689575195312
76_20220828 06,1014.3479614257812
76_20220828 07,1000.4134521484375
76_20220828 08,991.5187377929688
76_20220828 09,970.7318115234375
76_20220828 10,950.4152221679688
76_20220828 11,947.0250244140625
76_20220828 12,935.3230590820312
76_20220828 13,951.2775268554688
76_20220828 14,969.7535400390625
76_20220828 15,1009.9853515625
76_20220828 16,1030.769775390625
76_20220828 17,1077.3399658203125
76_20220828 18,1097.801025390625
76_20220828 19,1102.1439208984375
76_20220828 20,1069.5146484375
76_20220828 21,1108.987060546875
76_20220828 22,1087.130859375
76_20220828 23,1074.511962890625
76_20220829 00,1079.2371826171875
76_20220829 01,1068.14404296875
76_20220829 02,1070.6820068359375
76_20220829 03,1026.087890625
76_20220829 04,1020.90234375
76_20220829 05,1044.30908203125
76_20220829 06,1061.3406982421875
76_20220829 07,1105.717529296875
76_20220829 08,1209.563720703125
76_20220829 09,1394.007568359375
76_20220829 10,1479.697021484375
76_20220829 11,1487.0728759765625
76_20220829 12,1450.773193359375
76_20220829 13,1509.04296875
76_20220829 14,1556.65625
76_20220829 15,1564.62109375
76_20220829 16,1597.9781494140625
76_20220829 17,1521.48193359375
76_20220829 18,1360.018798828125
76_20220829 19,1305.526123046875
76_20220829 20,1262.1785888671875
76_20220829 21,1257.158447265625
76_20220829 22,1206.267822265625
76_20220829 23,1196.4375
76_20220830 00,1128.31591796875
76_20220830 01,1113.253173828125
76_20220830 02,1111.1158447265625
76_20220830 03,1081.109619140625
76_20220830 04,1097.1951904296875
76_20220830 05,1101.238525390625
76_20220830 06,1120.9586181640625
76_20220830 07,1132.70556640625
76_20220830 08,1285.8585205078125
76_20220830 09,1498.248779296875
76_20220830 10,1563.6737060546875
76_20220830 11,1575.376220703125
76_20220830 12,1510.551025390625
76_20220830 13,1593.153564453125
76_20220830 14,1636.587890625
76_20220830 15,1635.0361328125
76_20220830 16,1624.152099609375
76_20220830 17,1586.0794677734375
76_20220830 18,1415.77490234375
76_20220830 19,1342.863037109375
76_20220830 20,1292.478515625
76_20220830 21,1270.0435791015625
76_20220830 22,1232.3653564453125
76_20220830 23,1197.4132080078125
76_20220831 00,1137.8267822265625
76_20220831 01,1128.56640625
76_20220831 02,1126.3450927734375
76_20220831 03,1090.3260498046875
76_20220831 04,1114.077392578125
76_20220831 05,1109.466064453125
76_20220831 06,1143.247314453125
76_20220831 07,1200.287841796875
76_20220831 08,1299.114501953125
76_20220831 09,1493.3836669921875
76_20220831 10,1572.296142578125
76_20220831 11,1563.876953125
76_20220831 12,1523.567138671875
76_20220831 13,1565.7139892578125
76_20220831 14,1595.204345703125
76_20220831 15,1573.532470703125
76_20220831 16,1566.5677490234375
76_20220831 17,1518.644287109375
76_20220831 18,1361.3447265625
76_20220831 19,1295.5047607421875
76_20220831 20,1268.313720703125
76_20220831 21,1233.100341796875
76_20220831 22,1182.855712890625
76_20220831 23,1172.3734130859375
77_20220825 00,1086.626708984375
77_20220825 01,1052.5799560546875
77_20220825 02,960.9417724609375
77_20220825 03,959.5511474609375
77_20220825 04,978.2737426757812
77_20220825 05,1064.123046875
77_20220825 06,1288.4866943359375
77_20220825 07,1820.488525390625
77_20220825 08,2134.762939453125
77_20220825 09,2137.54833984375
77_20220825 10,2235.875732421875
77_20220825 11,2252.884033203125
77_20220825 12,2240.98095703125
77_20220825 13,2268.61767578125
77_20220825 14,2227.324951171875
77_20220825 15,2205.74267578125
77_20220825 16,2172.2265625
77_20220825 17,2043.0111083984375
77_20220825 18,1542.939697265625
77_20220825 19,1388.721923828125
77_20220825 20,1288.358642578125
77_20220825 21,1230.7403564453125
77_20220825 22,1154.78369140625
77_20220825 23,1131.938232421875
77_20220826 00,1048.2867431640625
77_20220826 01,1010.6849365234375
77_20220826 02,939.03662109375
77_20220826 03,948.9855346679688
77_20220826 04,973.9349365234375
77_20220826 05,1049.081787109375
77_20220826 06,1274.82421875
77_20220826 07,1756.791748046875
77_20220826 08,2014.990478515625
77_20220826 09,2092.10107421875
77_20220826 10,2174.990478515625
77_20220826 11,2187.96044921875
77_20220826 12,2186.22265625
77_20220826 13,2227.02734375
77_20220826 14,2187.10693359375
77_20220826 15,2187.393310546875
77_20220826 16,2158.40673828125
77_20220826 17,2025.942626953125
77_20220826 18,1539.814697265625
77_20220826 19,1380.33740234375
77_20220826 20,1316.156494140625
77_20220826 21,1244.486572265625
77_20220826 22,1169.259033203125
77_20220826 23,1151.6116943359375
77_20220827 00,1053.7635498046875
77_20220827 01,1030.779052734375
77_20220827 02,968.2923583984375
77_20220827 03,966.8004150390625
77_20220827 04,976.52294921875
77_20220827 05,987.9244384765625
77_20220827 06,1053.57080078125
77_20220827 07,1053.00732421875
77_20220827 08,1138.258544921875
77_20220827 09,1132.1741943359375
77_20220827 10,1203.924560546875
77_20220827 11,1185.4730224609375
77_20220827 12,1208.968994140625
77_20220827 13,1223.986083984375
77_20220827 14,1247.1275634765625
77_20220827 15,1233.526123046875
77_20220827 16,1213.0357666015625
77_20220827 17,1222.2591552734375
77_20220827 18,1179.893310546875
77_20220827 19,1159.006591796875
77_20220827 20,1161.083251953125
77_20220827 21,1123.6204833984375
77_20220827 22,1055.259033203125
77_20220827 23,1054.5869140625
77_20220828 00,1005.9880981445312
77_20220828 01,994.7146606445312
77_20220828 02,934.4390869140625
77_20220828 03,934.0751953125
77_20220828 04,950.9647216796875
77_20220828 05,958.9718627929688
77_20220828 06,1032.6878662109375
77_20220828 07,1036.7171630859375
77_20220828 08,1132.5916748046875
77_20220828 09,1155.8245849609375
77_20220828 10,1190.727294921875
77_20220828 11,1182.5601806640625
77_20220828 12,1215.7340087890625
77_20220828 13,1226.726318359375
77_20220828 14,1229.5947265625
77_20220828 15,1242.471923828125
77_20220828 16,1225.220947265625
77_20220828 17,1242.7645263671875
77_20220828 18,1181.1910400390625
77_20220828 19,1154.8447265625
77_20220828 20,1148.767333984375
77_20220828 21,1138.56982421875
77_20220828 22,1074.7716064453125
77_20220828 23,1076.169189453125
77_20220829 00,1065.7945556640625
77_20220829 01,1036.766845703125
77_20220829 02,965.7489013671875
77_20220829 03,969.0427856445312
77_20220829 04,1001.0833740234375
77_20220829 05,1066.730712890625
77_20220829 06,1290.2672119140625
77_20220829 07,1814.1048583984375
77_20220829 08,2056.878173828125
77_20220829 09,2116.96630859375
77_20220829 10,2149.2255859375
77_20220829 11,2166.040283203125
77_20220829 12,2139.20751953125
77_20220829 13,2168.361572265625
77_20220829 14,2154.372314453125
77_20220829 15,2142.222900390625
77_20220829 16,2095.552490234375
77_20220829 17,1971.426513671875
77_20220829 18,1533.215576171875
77_20220829 19,1379.241455078125
77_20220829 20,1293.4019775390625
77_20220829 21,1242.828369140625
77_20220829 22,1185.97314453125
77_20220829 23,1146.904052734375
77_20220830 00,1065.5181884765625
77_20220830 01,1026.511474609375
77_20220830 02,952.5773315429688
77_20220830 03,971.1558837890625
77_20220830 04,986.0775146484375
77_20220830 05,1067.6737060546875
77_20220830 06,1281.993408203125
77_20220830 07,1808.793212890625
77_20220830 08,2090.58984375
77_20220830 09,2148.6259765625
77_20220830 10,2188.978515625
77_20220830 11,2215.89453125
77_20220830 12,2180.641845703125
77_20220830 13,2225.605712890625
77_20220830 14,2200.489013671875
77_20220830 15,2184.26220703125
77_20220830 16,2142.40478515625
77_20220830 17,2008.3179931640625
77_20220830 18,1566.66455078125
77_20220830 19,1395.2689208984375
77_20220830 20,1321.9505615234375
77_20220830 21,1255.0677490234375
77_20220830 22,1194.981689453125
77_20220830 23,1153.9049072265625
77_20220831 00,1076.379638671875
77_20220831 01,1037.5501708984375
77_20220831 02,966.4725341796875
77_20220831 03,961.5548706054688
77_20220831 04,988.7774658203125
77_20220831 05,1066.958984375
77_20220831 06,1285.8387451171875
77_20220831 07,1780.584716796875
77_20220831 08,2050.153564453125
77_20220831 09,2093.560791015625
77_20220831 10,2151.1455078125
77_20220831 11,2168.836181640625
77_20220831 12,2106.933349609375
77_20220831 13,2212.133544921875
77_20220831 14,2161.15673828125
77_20220831 15,2171.63134765625
77_20220831 16,2111.496826171875
77_20220831 17,1998.3424072265625
77_20220831 18,1535.720458984375
77_20220831 19,1395.8306884765625
77_20220831 20,1289.5986328125
77_20220831 21,1247.899169921875
77_20220831 22,1199.4412841796875
77_20220831 23,1153.74560546875
78_20220825 00,964.1273193359375
78_20220825 01,967.6055908203125
78_20220825 02,957.7076416015625
78_20220825 03,952.1727294921875
78_20220825 04,962.0725708007812
78_20220825 05,974.9669799804688
78_20220825 06,1077.8193359375
78_20220825 07,1418.1822509765625
78_20220825 08,2170.903076171875
78_20220825 09,2861.552490234375
78_20220825 10,2979.14013671875
78_20220825 11,3001.541748046875
78_20220825 12,2988.04150390625
78_20220825 13,2974.19091796875
78_20220825 14,2932.729248046875
78_20220825 15,2866.23193359375
78_20220825 16,2825.95458984375
78_20220825 17,2546.773681640625
78_20220825 18,1912.8316650390625
78_20220825 19,1695.1533203125
78_20220825 20,1424.990234375
78_20220825 21,1201.8140869140625
78_20220825 22,1044.676025390625
78_20220825 23,995.1461181640625
78_20220826 00,939.4017333984375
78_20220826 01,931.88671875
78_20220826 02,938.0748291015625
78_20220826 03,941.3443603515625
78_20220826 04,947.3659057617188
78_20220826 05,956.9645385742188
78_20220826 06,1081.00146484375
78_20220826 07,1377.0025634765625
78_20220826 08,2053.01123046875
78_20220826 09,2838.080810546875
78_20220826 10,2948.90869140625
78_20220826 11,2924.921630859375
78_20220826 12,2938.66015625
78_20220826 13,2959.311767578125
78_20220826 14,2912.774658203125
78_20220826 15,2902.427001953125
78_20220826 16,2935.03857421875
78_20220826 17,2521.466552734375
78_20220826 18,1916.2740478515625
78_20220826 19,1674.8931884765625
78_20220826 20,1392.128662109375
78_20220826 21,1199.16845703125
78_20220826 22,1063.438232421875
78_20220826 23,1023.033203125
78_20220827 00,960.5374145507812
78_20220827 01,941.9568481445312
78_20220827 02,924.3013916015625
78_20220827 03,926.1340942382812
78_20220827 04,928.77880859375
78_20220827 05,931.91064453125
78_20220827 06,961.2022705078125
78_20220827 07,987.2273559570312
78_20220827 08,988.6428833007812
78_20220827 09,1071.5218505859375
78_20220827 10,1166.3343505859375
78_20220827 11,1188.971435546875
78_20220827 12,1191.1488037109375
78_20220827 13,1202.154541015625
78_20220827 14,1222.018310546875
78_20220827 15,1193.29296875
78_20220827 16,1161.3958740234375
78_20220827 17,1145.4251708984375
78_20220827 18,1112.4742431640625
78_20220827 19,1055.272216796875
78_20220827 20,1007.5128173828125
78_20220827 21,964.6297607421875
78_20220827 22,898.1005859375
78_20220827 23,906.2112426757812
78_20220828 00,884.2224731445312
78_20220828 01,887.5338745117188
78_20220828 02,891.4173583984375
78_20220828 03,893.0933837890625
78_20220828 04,901.8636474609375
78_20220828 05,897.6507568359375
78_20220828 06,926.6435546875
78_20220828 07,939.6432495117188
78_20220828 08,949.6321411132812
78_20220828 09,990.650390625
78_20220828 10,1129.13671875
78_20220828 11,1136.607177734375
78_20220828 12,1176.038818359375
78_20220828 13,1184.880126953125
78_20220828 14,1183.8170166015625
78_20220828 15,1200.508544921875
78_20220828 16,1184.3509521484375
78_20220828 17,1155.9837646484375
78_20220828 18,1118.5689697265625
78_20220828 19,1103.835693359375
78_20220828 20,1034.0894775390625
78_20220828 21,1003.16552734375
78_20220828 22,929.4729614257812
78_20220828 23,942.5814208984375
78_20220829 00,943.6806640625
78_20220829 01,939.7568359375
78_20220829 02,935.2503051757812
78_20220829 03,938.6531372070312
78_20220829 04,938.1064453125
78_20220829 05,958.8106689453125
78_20220829 06,1061.2110595703125
78_20220829 07,1370.334228515625
78_20220829 08,2088.971923828125
78_20220829 09,2820.027587890625
78_20220829 10,2940.179931640625
78_20220829 11,2922.45166015625
78_20220829 12,2866.26806640625
78_20220829 13,2879.76318359375
78_20220829 14,2867.252685546875
78_20220829 15,2847.161376953125
78_20220829 16,2759.36328125
78_20220829 17,2392.78955078125
78_20220829 18,1819.897216796875
78_20220829 19,1633.078369140625
78_20220829 20,1384.8809814453125
78_20220829 21,1149.267333984375
78_20220829 22,1031.382568359375
78_20220829 23,992.83935546875
78_20220830 00,929.3836669921875
78_20220830 01,930.7130737304688
78_20220830 02,928.8153076171875
78_20220830 03,953.7420654296875
78_20220830 04,958.6654052734375
78_20220830 05,960.7833862304688
78_20220830 06,1077.0697021484375
78_20220830 07,1362.8765869140625
78_20220830 08,2062.377685546875
78_20220830 09,2697.634521484375
78_20220830 10,2794.61083984375
78_20220830 11,2810.263427734375
78_20220830 12,2802.84912109375
78_20220830 13,2893.85205078125
78_20220830 14,2855.82470703125
78_20220830 15,2777.219970703125
78_20220830 16,2750.066650390625
78_20220830 17,2499.01171875
78_20220830 18,1915.1802978515625
78_20220830 19,1715.3583984375
78_20220830 20,1448.892333984375
78_20220830 21,1206.617919921875
78_20220830 22,1071.165771484375
78_20220830 23,1022.9671630859375
78_20220831 00,953.1331787109375
78_20220831 01,948.1275634765625
78_20220831 02,944.7135009765625
78_20220831 03,950.8468627929688
78_20220831 04,960.5924072265625
78_20220831 05,973.5755004882812
78_20220831 06,1089.9906005859375
78_20220831 07,1391.629638671875
78_20220831 08,2028.261962890625
78_20220831 09,2705.85107421875
78_20220831 10,2824.33544921875
78_20220831 11,2895.96435546875
78_20220831 12,2882.256591796875
78_20220831 13,2891.1494140625
78_20220831 14,2852.698486328125
78_20220831 15,2881.449462890625
78_20220831 16,2823.676025390625
78_20220831 17,2524.281005859375
78_20220831 18,1909.982666015625
78_20220831 19,1696.489013671875
78_20220831 20,1412.897216796875
78_20220831 21,1196.17822265625
78_20220831 22,1056.752197265625
78_20220831 23,1021.11865234375
79_20220825 00,2180.9296875
79_20220825 01,2181.611328125
79_20220825 02,2175.8818359375
79_20220825 03,2140.13623046875
79_20220825 04,2180.302734375
79_20220825 05,2199.424560546875
79_20220825 06,2490.260009765625
79_20220825 07,3003.29833984375
79_20220825 08,3732.684326171875
79_20220825 09,4172.185546875
79_20220825 10,4259.6240234375
79_20220825 11,4238.5048828125
79_20220825 12,4231.70849609375
79_20220825 13,4210.61376953125
79_20220825 14,4179.248046875
79_20220825 15,4062.593017578125
79_20220825 16,3896.69189453125
79_20220825 17,3688.739013671875
79_20220825 18,3116.016845703125
79_20220825 19,2743.947021484375
79_20220825 20,2575.501220703125
79_20220825 21,2447.034912109375
79_20220825 22,2367.6552734375
79_20220825 23,2273.49951171875
79_20220826 00,2183.645263671875
79_20220826 01,2153.169921875
79_20220826 02,2172.875
79_20220826 03,2146.811767578125
79_20220826 04,2154.822998046875
79_20220826 05,2199.481689453125
79_20220826 06,2472.434326171875
79_20220826 07,2952.842529296875
79_20220826 08,3666.9375
79_20220826 09,4100.2216796875
79_20220826 10,4257.77734375
79_20220826 11,4246.6396484375
79_20220826 12,4240.4296875
79_20220826 13,4235.7841796875
79_20220826 14,4197.27392578125
79_20220826 15,4129.3251953125
79_20220826 16,3935.080078125
79_20220826 17,3698.19140625
79_20220826 18,3017.9013671875
79_20220826 19,2719.03662109375
79_20220826 20,2553.20458984375
79_20220826 21,2469.45751953125
79_20220826 22,2373.5361328125
79_20220826 23,2291.25732421875
79_20220827 00,2206.11669921875
79_20220827 01,2200.33349609375
79_20220827 02,2217.17919921875
79_20220827 03,2164.978515625
79_20220827 04,2148.55517578125
79_20220827 05,2139.08349609375
79_20220827 06,2203.282470703125
79_20220827 07,2378.656494140625
79_20220827 08,2673.678955078125
79_20220827 09,2738.59912109375
79_20220827 10,2832.35400390625
79_20220827 11,2826.020751953125
79_20220827 12,2829.6279296875
79_20220827 13,2787.510009765625
79_20220827 14,2802.821044921875
79_20220827 15,2750.641357421875
79_20220827 16,2684.762939453125
79_20220827 17,2542.6279296875
79_20220827 18,2411.206787109375
79_20220827 19,2338.692138671875
79_20220827 20,2249.79345703125
79_20220827 21,2128.082275390625
79_20220827 22,2100.282470703125
79_20220827 23,2053.34912109375
79_20220828 00,2005.7337646484375
79_20220828 01,1984.8134765625
79_20220828 02,1970.070068359375
79_20220828 03,1942.1207275390625
79_20220828 04,1931.850830078125
79_20220828 05,1937.542724609375
79_20220828 06,1932.532958984375
79_20220828 07,2013.697021484375
79_20220828 08,2216.5859375
79_20220828 09,2308.61865234375
79_20220828 10,2437.49169921875
79_20220828 11,2391.645751953125
79_20220828 12,2376.03271484375
79_20220828 13,2388.554931640625
79_20220828 14,2387.45068359375
79_20220828 15,2401.52001953125
79_20220828 16,2375.835205078125
79_20220828 17,2312.69775390625
79_20220828 18,2197.265625
79_20220828 19,2146.209228515625
79_20220828 20,2118.22314453125
79_20220828 21,2037.5953369140625
79_20220828 22,1940.0433349609375
79_20220828 23,1914.2132568359375
79_20220829 00,1962.641845703125
79_20220829 01,1911.5484619140625
79_20220829 02,1906.703857421875
79_20220829 03,1918.5599365234375
79_20220829 04,2003.803466796875
79_20220829 05,2046.1705322265625
79_20220829 06,2354.8603515625
79_20220829 07,2951.760498046875
79_20220829 08,3650.97021484375
79_20220829 09,4042.460205078125
79_20220829 10,4136.5986328125
79_20220829 11,4111.16015625
79_20220829 12,4101.47900390625
79_20220829 13,4094.546875
79_20220829 14,4080.81201171875
79_20220829 15,4005.64501953125
79_20220829 16,3803.956298828125
79_20220829 17,3631.97265625
79_20220829 18,2994.510498046875
79_20220829 19,2690.293701171875
79_20220829 20,2461.654296875
79_20220829 21,2403.06982421875
79_20220829 22,2291.95751953125
79_20220829 23,2206.44775390625
79_20220830 00,2076.75634765625
79_20220830 01,2082.775146484375
79_20220830 02,2113.454833984375
79_20220830 03,2143.28564453125
79_20220830 04,2158.6904296875
79_20220830 05,2191.427734375
79_20220830 06,2453.60400390625
79_20220830 07,2907.094482421875
79_20220830 08,3683.01513671875
79_20220830 09,4068.41455078125
79_20220830 10,4167.97021484375
79_20220830 11,4183.658203125
79_20220830 12,4169.7314453125
79_20220830 13,4179.2744140625
79_20220830 14,4142.9287109375
79_20220830 15,4088.68505859375
79_20220830 16,3876.02783203125
79_20220830 17,3653.675048828125
79_20220830 18,3109.229248046875
79_20220830 19,2764.402587890625
79_20220830 20,2578.431396484375
79_20220830 21,2469.14697265625
79_20220830 22,2407.782958984375
79_20220830 23,2295.060546875
79_20220831 00,2209.1103515625
79_20220831 01,2206.14697265625
79_20220831 02,2216.064453125
79_20220831 03,2185.263427734375
79_20220831 04,2226.692138671875
79_20220831 05,2229.16552734375
79_20220831 06,2467.353515625
79_20220831 07,2932.18505859375
79_20220831 08,3648.947998046875
79_20220831 09,4029.72412109375
79_20220831 10,4088.793701171875
79_20220831 11,4154.24267578125
79_20220831 12,4142.9541015625
79_20220831 13,4142.62255859375
79_20220831 14,4094.09912109375
79_20220831 15,4015.96826171875
79_20220831 16,3842.45068359375
79_20220831 17,3729.88427734375
79_20220831 18,3120.118408203125
79_20220831 19,2790.871826171875
79_20220831 20,2592.57666015625
79_20220831 21,2491.1962890625
79_20220831 22,2443.391845703125
79_20220831 23,2328.03857421875
80_20220825 00,1275.909912109375
80_20220825 01,1232.6798095703125
80_20220825 02,1194.0523681640625
80_20220825 03,1195.969970703125
80_20220825 04,1207.5909423828125
80_20220825 05,1277.432373046875
80_20220825 06,1573.423583984375
80_20220825 07,2197.107421875
80_20220825 08,3892.41650390625
80_20220825 09,5087.98046875
80_20220825 10,5356.7333984375
80_20220825 11,5241.14306640625
80_20220825 12,5056.4140625
80_20220825 13,5013.859375
80_20220825 14,5089.1572265625
80_20220825 15,4932.357421875
80_20220825 16,4801.849609375
80_20220825 17,4201.7470703125
80_20220825 18,3063.718017578125
80_20220825 19,2472.144287109375
80_20220825 20,2044.9742431640625
80_20220825 21,1701.6044921875
80_20220825 22,1424.998046875
80_20220825 23,1300.093017578125
80_20220826 00,1222.5126953125
80_20220826 01,1187.5986328125
80_20220826 02,1187.7398681640625
80_20220826 03,1165.0439453125
80_20220826 04,1169.3001708984375
80_20220826 05,1262.254150390625
80_20220826 06,1551.25390625
80_20220826 07,2164.06298828125
80_20220826 08,3811.70556640625
80_20220826 09,5193.4970703125
80_20220826 10,5277.857421875
80_20220826 11,5366.0224609375
80_20220826 12,5031.3369140625
80_20220826 13,5137.708984375
80_20220826 14,5205.578125
80_20220826 15,5280.5859375
80_20220826 16,5109.84716796875
80_20220826 17,4336.83984375
80_20220826 18,3062.35791015625
80_20220826 19,2432.524658203125
80_20220826 20,2090.89697265625
80_20220826 21,1722.5679931640625
80_20220826 22,1433.268310546875
80_20220826 23,1323.475830078125
80_20220827 00,1230.8414306640625
80_20220827 01,1204.37841796875
80_20220827 02,1171.093994140625
80_20220827 03,1193.072265625
80_20220827 04,1176.7593994140625
80_20220827 05,1211.982177734375
80_20220827 06,1263.527587890625
80_20220827 07,1317.353759765625
80_20220827 08,1574.3597412109375
80_20220827 09,1698.1380615234375
80_20220827 10,1657.5238037109375
80_20220827 11,1791.455078125
80_20220827 12,1910.794189453125
80_20220827 13,1863.7337646484375
80_20220827 14,1859.324462890625
80_20220827 15,1739.1197509765625
80_20220827 16,1657.6539306640625
80_20220827 17,1546.9637451171875
80_20220827 18,1449.003662109375
80_20220827 19,1307.435302734375
80_20220827 20,1233.547119140625
80_20220827 21,1197.100830078125
80_20220827 22,1175.2574462890625
80_20220827 23,1113.112060546875
80_20220828 00,1083.7117919921875
80_20220828 01,1028.853515625
80_20220828 02,1033.3551025390625
80_20220828 03,1017.400390625
80_20220828 04,1029.9398193359375
80_20220828 05,1117.55419921875
80_20220828 06,1052.177490234375
80_20220828 07,1145.4713134765625
80_20220828 08,1262.134521484375
80_20220828 09,1350.8638916015625
80_20220828 10,1351.6595458984375
80_20220828 11,1461.2825927734375
80_20220828 12,1544.295166015625
80_20220828 13,1540.9476318359375
80_20220828 14,1545.34423828125
80_20220828 15,1514.1082763671875
80_20220828 16,1493.3477783203125
80_20220828 17,1423.246337890625
80_20220828 18,1329.389892578125
80_20220828 19,1256.944580078125
80_20220828 20,1216.507080078125
80_20220828 21,1206.801513671875
80_20220828 22,1166.096923828125
80_20220828 23,1114.241455078125
80_20220829 00,1138.4749755859375
80_20220829 01,1129.8795166015625
80_20220829 02,1132.609130859375
80_20220829 03,1135.552001953125
80_20220829 04,1135.2174072265625
80_20220829 05,1232.064697265625
80_20220829 06,1538.7255859375
80_20220829 07,2229.75146484375
80_20220829 08,4046.399658203125
80_20220829 09,5313.50390625
80_20220829 10,5367.7412109375
80_20220829 11,5366.0732421875
80_20220829 12,5171.0205078125
80_20220829 13,5214.6201171875
80_20220829 14,5312.78173828125
80_20220829 15,5239.93505859375
80_20220829 16,4920.1337890625
80_20220829 17,4444.62744140625
80_20220829 18,3101.978515625
80_20220829 19,2493.433349609375
80_20220829 20,2058.158203125
80_20220829 21,1684.2373046875
80_20220829 22,1430.5892333984375
80_20220829 23,1299.9234619140625
80_20220830 00,1228.334716796875
80_20220830 01,1203.9615478515625
80_20220830 02,1169.751220703125
80_20220830 03,1166.46875
80_20220830 04,1180.8914794921875
80_20220830 05,1267.8978271484375
80_20220830 06,1553.2545166015625
80_20220830 07,2192.25732421875
80_20220830 08,3871.720703125
80_20220830 09,5018.3623046875
80_20220830 10,5172.5107421875
80_20220830 11,5175.03125
80_20220830 12,4944.8310546875
80_20220830 13,4937.140625
80_20220830 14,5130.9384765625
80_20220830 15,4988.5537109375
80_20220830 16,4842.52978515625
80_20220830 17,4333.4541015625
80_20220830 18,3050.17333984375
80_20220830 19,2503.197509765625
80_20220830 20,2096.95361328125
80_20220830 21,1707.7662353515625
80_20220830 22,1433.20703125
80_20220830 23,1309.0318603515625
80_20220831 00,1240.9287109375
80_20220831 01,1209.1748046875
80_20220831 02,1180.901123046875
80_20220831 03,1186.046142578125
80_20220831 04,1199.335693359375
80_20220831 05,1288.3046875
80_20220831 06,1572.723388671875
80_20220831 07,2172.059814453125
80_20220831 08,3775.776611328125
80_20220831 09,4796.37841796875
80_20220831 10,5135.72509765625
80_20220831 11,5151.578125
80_20220831 12,4830.04541015625
80_20220831 13,4990.7919921875
80_20220831 14,5071.1904296875
80_20220831 15,4961.9013671875
80_20220831 16,4760.26025390625
80_20220831 17,4355.86865234375
80_20220831 18,3036.363037109375
80_20220831 19,2483.57568359375
80_20220831 20,2069.23583984375
80_20220831 21,1682.255615234375
80_20220831 22,1413.955322265625
80_20220831 23,1294.7459716796875
81_20220825 00,539.015625
81_20220825 01,499.0982360839844
81_20220825 02,494.2318420410156
81_20220825 03,493.47210693359375
81_20220825 04,464.1749572753906
81_20220825 05,492.8472595214844
81_20220825 06,544.255859375
81_20220825 07,647.44140625
81_20220825 08,791.1116333007812
81_20220825 09,1379.427978515625
81_20220825 10,1960.7548828125
81_20220825 11,2235.260986328125
81_20220825 12,2241.78369140625
81_20220825 13,2195.485107421875
81_20220825 14,2136.171630859375
81_20220825 15,2048.026123046875
81_20220825 16,2067.572998046875
81_20220825 17,2109.618408203125
81_20220825 18,2124.1103515625
81_20220825 19,2164.34228515625
81_20220825 20,2054.453125
81_20220825 21,1702.3671875
81_20220825 22,837.4459228515625
81_20220825 23,655.6171264648438
81_20220826 00,535.2362670898438
81_20220826 01,506.2237854003906
81_20220826 02,488.60113525390625
81_20220826 03,461.27911376953125
81_20220826 04,460.4070739746094
81_20220826 05,489.253662109375
81_20220826 06,553.0330200195312
81_20220826 07,670.4317016601562
81_20220826 08,846.6270751953125
81_20220826 09,1407.3519287109375
81_20220826 10,1952.7027587890625
81_20220826 11,2248.086669921875
81_20220826 12,2229.58447265625
81_20220826 13,2241.098388671875
81_20220826 14,2192.026123046875
81_20220826 15,2184.159423828125
81_20220826 16,2183.771484375
81_20220826 17,2185.60693359375
81_20220826 18,2241.76123046875
81_20220826 19,2255.92333984375
81_20220826 20,2235.15673828125
81_20220826 21,1850.8804931640625
81_20220826 22,908.4869995117188
81_20220826 23,717.4513549804688
81_20220827 00,649.350341796875
81_20220827 01,563.2694702148438
81_20220827 02,510.62261962890625
81_20220827 03,507.755126953125
81_20220827 04,476.85540771484375
81_20220827 05,504.76336669921875
81_20220827 06,537.2736206054688
81_20220827 07,658.1149291992188
81_20220827 08,825.2013549804688
81_20220827 09,1336.294921875
81_20220827 10,1801.586669921875
81_20220827 11,2174.94384765625
81_20220827 12,2271.001220703125
81_20220827 13,2277.036376953125
81_20220827 14,2269.845458984375
81_20220827 15,2291.80908203125
81_20220827 16,2291.621826171875
81_20220827 17,2319.84765625
81_20220827 18,2275.725341796875
81_20220827 19,2292.297607421875
81_20220827 20,2191.2734375
81_20220827 21,1749.7802734375
81_20220827 22,857.69482421875
81_20220827 23,675.8297119140625
81_20220828 00,601.0220336914062
81_20220828 01,524.3902587890625
81_20220828 02,484.9063415527344
81_20220828 03,481.67803955078125
81_20220828 04,494.7269592285156
81_20220828 05,499.45843505859375
81_20220828 06,514.4178466796875
81_20220828 07,645.8311157226562
81_20220828 08,794.1791381835938
81_20220828 09,1269.7215576171875
81_20220828 10,1867.7939453125
81_20220828 11,2191.770751953125
81_20220828 12,2259.19384765625
81_20220828 13,2314.02099609375
81_20220828 14,2300.803955078125
81_20220828 15,2337.29345703125
81_20220828 16,2334.89501953125
81_20220828 17,2345.716064453125
81_20220828 18,2337.3935546875
81_20220828 19,2340.622802734375
81_20220828 20,2201.277587890625
81_20220828 21,1840.1832275390625
81_20220828 22,843.6788330078125
81_20220828 23,671.8934326171875
81_20220829 00,526.614990234375
81_20220829 01,495.6346130371094
81_20220829 02,482.5663146972656
81_20220829 03,475.2359924316406
81_20220829 04,476.22979736328125
81_20220829 05,481.96331787109375
81_20220829 06,551.9093017578125
81_20220829 07,654.1865234375
81_20220829 08,789.1449584960938
81_20220829 09,1378.8143310546875
81_20220829 10,1871.917724609375
81_20220829 11,2139.828369140625
81_20220829 12,2119.287109375
81_20220829 13,2158.379638671875
81_20220829 14,2130.43505859375
81_20220829 15,2119.82275390625
81_20220829 16,2117.020751953125
81_20220829 17,2074.7373046875
81_20220829 18,2073.82763671875
81_20220829 19,2129.72509765625
81_20220829 20,2044.255615234375
81_20220829 21,1684.435546875
81_20220829 22,834.9693603515625
81_20220829 23,656.5467529296875
81_20220830 00,542.3551635742188
81_20220830 01,508.12939453125
81_20220830 02,489.51776123046875
81_20220830 03,492.942626953125
81_20220830 04,496.1642150878906
81_20220830 05,495.87152099609375
81_20220830 06,553.1188354492188
81_20220830 07,658.7274780273438
81_20220830 08,792.9649658203125
81_20220830 09,1367.25244140625
81_20220830 10,1869.7388916015625
81_20220830 11,2109.723388671875
81_20220830 12,2117.556396484375
81_20220830 13,2153.211669921875
81_20220830 14,2105.88232421875
81_20220830 15,2096.005859375
81_20220830 16,2101.80224609375
81_20220830 17,2098.0615234375
81_20220830 18,2100.21142578125
81_20220830 19,2138.3291015625
81_20220830 20,2079.207275390625
81_20220830 21,1736.9957275390625
81_20220830 22,854.0166015625
81_20220830 23,674.6841430664062
81_20220831 00,539.9774169921875
81_20220831 01,507.37481689453125
81_20220831 02,491.436767578125
81_20220831 03,463.1326599121094
81_20220831 04,467.815673828125
81_20220831 05,494.8604431152344
81_20220831 06,547.7599487304688
81_20220831 07,656.853271484375
81_20220831 08,778.9719848632812
81_20220831 09,1344.592529296875
81_20220831 10,1768.932373046875
81_20220831 11,2170.759765625
81_20220831 12,2141.27392578125
81_20220831 13,2171.191162109375
81_20220831 14,2159.92138671875
81_20220831 15,2115.67431640625
81_20220831 16,2133.916748046875
81_20220831 17,2152.302001953125
81_20220831 18,2139.54248046875
81_20220831 19,2202.2490234375
81_20220831 20,2082.425048828125
81_20220831 21,1736.065185546875
81_20220831 22,833.7657470703125
81_20220831 23,656.1168823242188
82_20220825 00,1409.34326171875
82_20220825 01,1288.0208740234375
82_20220825 02,1231.3267822265625
82_20220825 03,1219.872314453125
82_20220825 04,1225.344970703125
82_20220825 05,1254.13671875
82_20220825 06,1476.5655517578125
82_20220825 07,1889.3804931640625
82_20220825 08,2940.13916015625
82_20220825 09,3900.123046875
82_20220825 10,4297.9501953125
82_20220825 11,4295.56787109375
82_20220825 12,4064.57080078125
82_20220825 13,4091.21728515625
82_20220825 14,4204.29052734375
82_20220825 15,4218.8515625
82_20220825 16,4079.76416015625
82_20220825 17,3482.014892578125
82_20220825 18,2747.41748046875
82_20220825 19,2279.056396484375
82_20220825 20,1975.6568603515625
82_20220825 21,1814.1337890625
82_20220825 22,1642.1097412109375
82_20220825 23,1547.9945068359375
82_20220826 00,1360.3878173828125
82_20220826 01,1255.107666015625
82_20220826 02,1213.98046875
82_20220826 03,1178.5634765625
82_20220826 04,1193.2498779296875
82_20220826 05,1243.666259765625
82_20220826 06,1456.155029296875
82_20220826 07,1917.7066650390625
82_20220826 08,2937.44970703125
82_20220826 09,3900.8828125
82_20220826 10,4292.2021484375
82_20220826 11,4329.291015625
82_20220826 12,4121.0126953125
82_20220826 13,4307.84814453125
82_20220826 14,4395.13720703125
82_20220826 15,4258.875
82_20220826 16,4031.169189453125
82_20220826 17,3578.16064453125
82_20220826 18,2776.951171875
82_20220826 19,2324.24365234375
82_20220826 20,2070.68408203125
82_20220826 21,1934.251953125
82_20220826 22,1759.704345703125
82_20220826 23,1630.8245849609375
82_20220827 00,1435.0537109375
82_20220827 01,1309.383544921875
82_20220827 02,1273.936767578125
82_20220827 03,1179.3204345703125
82_20220827 04,1139.011962890625
82_20220827 05,1149.0166015625
82_20220827 06,1189.9827880859375
82_20220827 07,1250.1920166015625
82_20220827 08,1514.9019775390625
82_20220827 09,1740.685791015625
82_20220827 10,1866.1029052734375
82_20220827 11,1996.5908203125
82_20220827 12,1926.028564453125
82_20220827 13,1938.649169921875
82_20220827 14,1961.888427734375
82_20220827 15,1906.3843994140625
82_20220827 16,1859.3544921875
82_20220827 17,1717.0465087890625
82_20220827 18,1613.037109375
82_20220827 19,1509.4202880859375
82_20220827 20,1464.005615234375
82_20220827 21,1421.06494140625
82_20220827 22,1333.849853515625
82_20220827 23,1269.010986328125
82_20220828 00,1146.7869873046875
82_20220828 01,1066.9466552734375
82_20220828 02,993.8390502929688
82_20220828 03,989.7510986328125
82_20220828 04,982.3019409179688
82_20220828 05,993.0706787109375
82_20220828 06,994.8756103515625
82_20220828 07,1100.0982666015625
82_20220828 08,1228.620361328125
82_20220828 09,1375.527587890625
82_20220828 10,1545.3004150390625
82_20220828 11,1609.2060546875
82_20220828 12,1606.0439453125
82_20220828 13,1664.1923828125
82_20220828 14,1722.041015625
82_20220828 15,1720.908935546875
82_20220828 16,1684.6826171875
82_20220828 17,1599.595703125
82_20220828 18,1510.603759765625
82_20220828 19,1426.4930419921875
82_20220828 20,1444.249755859375
82_20220828 21,1400.3934326171875
82_20220828 22,1308.8150634765625
82_20220828 23,1243.382568359375
82_20220829 00,1249.0684814453125
82_20220829 01,1148.4776611328125
82_20220829 02,1136.93359375
82_20220829 03,1082.55322265625
82_20220829 04,1081.99951171875
82_20220829 05,1169.376220703125
82_20220829 06,1411.4473876953125
82_20220829 07,1834.5234375
82_20220829 08,2846.787353515625
82_20220829 09,3984.411376953125
82_20220829 10,4245.10791015625
82_20220829 11,4321.6259765625
82_20220829 12,4089.04150390625
82_20220829 13,4209.98291015625
82_20220829 14,4303.1279296875
82_20220829 15,4166.67236328125
82_20220829 16,3980.184814453125
82_20220829 17,3569.44140625
82_20220829 18,2711.20166015625
82_20220829 19,2189.74365234375
82_20220829 20,1962.760986328125
82_20220829 21,1839.2838134765625
82_20220829 22,1638.5347900390625
82_20220829 23,1514.511962890625
82_20220830 00,1356.39501953125
82_20220830 01,1231.4688720703125
82_20220830 02,1195.781494140625
82_20220830 03,1152.842041015625
82_20220830 04,1160.6441650390625
82_20220830 05,1205.2720947265625
82_20220830 06,1417.198974609375
82_20220830 07,1882.938232421875
82_20220830 08,2766.15771484375
82_20220830 09,3824.614013671875
82_20220830 10,4118.42431640625
82_20220830 11,4154.27685546875
82_20220830 12,4002.800048828125
82_20220830 13,4137.27099609375
82_20220830 14,4251.49462890625
82_20220830 15,4184.9677734375
82_20220830 16,4013.58056640625
82_20220830 17,3437.651123046875
82_20220830 18,2707.215576171875
82_20220830 19,2300.5615234375
82_20220830 20,2042.172607421875
82_20220830 21,1873.433349609375
82_20220830 22,1668.364013671875
82_20220830 23,1539.508056640625
82_20220831 00,1361.368896484375
82_20220831 01,1249.810302734375
82_20220831 02,1216.175048828125
82_20220831 03,1181.091796875
82_20220831 04,1193.4132080078125
82_20220831 05,1224.5465087890625
82_20220831 06,1436.1861572265625
82_20220831 07,1811.4058837890625
82_20220831 08,2766.33154296875
82_20220831 09,3738.99169921875
82_20220831 10,4001.47900390625
82_20220831 11,4103.13818359375
82_20220831 12,3904.38427734375
82_20220831 13,4095.969970703125
82_20220831 14,4206.2978515625
82_20220831 15,4207.93408203125
82_20220831 16,4038.53662109375
82_20220831 17,3469.77392578125
82_20220831 18,2667.30322265625
82_20220831 19,2248.58251953125
82_20220831 20,2014.089599609375
82_20220831 21,1853.533447265625
82_20220831 22,1669.4417724609375
82_20220831 23,1561.2373046875
83_20220825 00,814.6407470703125
83_20220825 01,794.7122192382812
83_20220825 02,779.5119018554688
83_20220825 03,770.0006103515625
83_20220825 04,774.8004150390625
83_20220825 05,770.5260620117188
83_20220825 06,849.0064697265625
83_20220825 07,1098.0299072265625
83_20220825 08,1874.126953125
83_20220825 09,2729.209716796875
83_20220825 10,2889.986328125
83_20220825 11,2854.11572265625
83_20220825 12,2796.195068359375
83_20220825 13,2817.69140625
83_20220825 14,2787.25146484375
83_20220825 15,2765.95458984375
83_20220825 16,2668.58154296875
83_20220825 17,2364.81982421875
83_20220825 18,1696.9029541015625
83_20220825 19,1284.4586181640625
83_20220825 20,1098.953369140625
83_20220825 21,946.7430419921875
83_20220825 22,897.251953125
83_20220825 23,838.5413208007812
83_20220826 00,799.0198974609375
83_20220826 01,776.8092041015625
83_20220826 02,771.7136840820312
83_20220826 03,780.6067504882812
83_20220826 04,786.5621337890625
83_20220826 05,786.5889282226562
83_20220826 06,857.2147216796875
83_20220826 07,1080.712646484375
83_20220826 08,1786.961669921875
83_20220826 09,2652.05517578125
83_20220826 10,2858.07080078125
83_20220826 11,2823.91845703125
83_20220826 12,2777.14501953125
83_20220826 13,2878.0966796875
83_20220826 14,2841.12841796875
83_20220826 15,2834.996337890625
83_20220826 16,2769.101806640625
83_20220826 17,2305.52490234375
83_20220826 18,1643.7679443359375
83_20220826 19,1230.064453125
83_20220826 20,1042.787353515625
83_20220826 21,956.7265625
83_20220826 22,893.9025268554688
83_20220826 23,843.5807495117188
83_20220827 00,780.3524780273438
83_20220827 01,758.5588989257812
83_20220827 02,768.5316772460938
83_20220827 03,761.2449951171875
83_20220827 04,740.3923950195312
83_20220827 05,731.9871826171875
83_20220827 06,759.4607543945312
83_20220827 07,822.3971557617188
83_20220827 08,821.6807861328125
83_20220827 09,860.4022216796875
83_20220827 10,961.7369995117188
83_20220827 11,931.7930908203125
83_20220827 12,944.6433715820312
83_20220827 13,958.8739013671875
83_20220827 14,989.1350708007812
83_20220827 15,965.2425537109375
83_20220827 16,923.8072509765625
83_20220827 17,875.8043212890625
83_20220827 18,827.8193359375
83_20220827 19,812.9324951171875
83_20220827 20,798.6058349609375
83_20220827 21,787.9127807617188
83_20220827 22,770.3204345703125
83_20220827 23,754.4273681640625
83_20220828 00,727.739501953125
83_20220828 01,714.408935546875
83_20220828 02,721.4107666015625
83_20220828 03,719.1676635742188
83_20220828 04,711.197998046875
83_20220828 05,711.2430419921875
83_20220828 06,726.246337890625
83_20220828 07,752.6749267578125
83_20220828 08,750.9854736328125
83_20220828 09,820.8111572265625
83_20220828 10,869.33984375
83_20220828 11,854.57275390625
83_20220828 12,892.7244873046875
83_20220828 13,917.7738037109375
83_20220828 14,923.1910400390625
83_20220828 15,967.7335815429688
83_20220828 16,932.1740112304688
83_20220828 17,887.9951171875
83_20220828 18,792.9478759765625
83_20220828 19,798.7380981445312
83_20220828 20,782.3787841796875
83_20220828 21,777.666748046875
83_20220828 22,760.849365234375
83_20220828 23,740.2779541015625
83_20220829 00,799.3863525390625
83_20220829 01,786.7003784179688
83_20220829 02,783.8517456054688
83_20220829 03,783.3580932617188
83_20220829 04,785.1578369140625
83_20220829 05,782.2110595703125
83_20220829 06,855.7152099609375
83_20220829 07,1097.8875732421875
83_20220829 08,1962.1790771484375
83_20220829 09,2893.54150390625
83_20220829 10,2937.45458984375
83_20220829 11,2887.302734375
83_20220829 12,2771.875244140625
83_20220829 13,2834.960693359375
83_20220829 14,2838.291748046875
83_20220829 15,2845.418701171875
83_20220829 16,2670.547607421875
83_20220829 17,2361.799072265625
83_20220829 18,1680.152587890625
83_20220829 19,1284.382080078125
83_20220829 20,1109.5245361328125
83_20220829 21,968.0130615234375
83_20220829 22,915.3687744140625
83_20220829 23,860.0618286132812
83_20220830 00,805.8668212890625
83_20220830 01,790.59033203125
83_20220830 02,775.4852294921875
83_20220830 03,800.0369873046875
83_20220830 04,806.56640625
83_20220830 05,806.35693359375
83_20220830 06,866.1505737304688
83_20220830 07,1097.801513671875
83_20220830 08,1874.951416015625
83_20220830 09,2680.216796875
83_20220830 10,2750.98779296875
83_20220830 11,2721.37646484375
83_20220830 12,2676.20068359375
83_20220830 13,2732.322265625
83_20220830 14,2727.676513671875
83_20220830 15,2733.85107421875
83_20220830 16,2662.2607421875
83_20220830 17,2424.97412109375
83_20220830 18,1704.5048828125
83_20220830 19,1340.0048828125
83_20220830 20,1142.4356689453125
83_20220830 21,1023.1180419921875
83_20220830 22,934.8092041015625
83_20220830 23,879.7354736328125
83_20220831 00,827.7001953125
83_20220831 01,812.2744140625
83_20220831 02,795.48095703125
83_20220831 03,802.23486328125
83_20220831 04,804.08837890625
83_20220831 05,806.3956909179688
83_20220831 06,871.7060546875
83_20220831 07,1096.1484375
83_20220831 08,1827.359130859375
83_20220831 09,2610.04052734375
83_20220831 10,2711.521484375
83_20220831 11,2710.14208984375
83_20220831 12,2628.283203125
83_20220831 13,2778.96728515625
83_20220831 14,2718.108642578125
83_20220831 15,2771.22412109375
83_20220831 16,2630.40087890625
83_20220831 17,2348.16162109375
83_20220831 18,1664.418212890625
83_20220831 19,1275.8328857421875
83_20220831 20,1106.8548583984375
83_20220831 21,966.9195556640625
83_20220831 22,927.3553466796875
83_20220831 23,878.61181640625
84_20220825 00,1057.428466796875
84_20220825 01,1002.8078002929688
84_20220825 02,939.4423828125
84_20220825 03,904.5398559570312
84_20220825 04,873.0490112304688
84_20220825 05,884.6231689453125
84_20220825 06,976.4423828125
84_20220825 07,1368.531494140625
84_20220825 08,2155.393310546875
84_20220825 09,2663.82177734375
84_20220825 10,2825.187255859375
84_20220825 11,2923.095458984375
84_20220825 12,2987.50048828125
84_20220825 13,2909.076171875
84_20220825 14,2762.42626953125
84_20220825 15,2653.155029296875
84_20220825 16,2605.008544921875
84_20220825 17,2520.5751953125
84_20220825 18,2278.9453125
84_20220825 19,1808.4954833984375
84_20220825 20,1638.507568359375
84_20220825 21,1405.039306640625
84_20220825 22,1219.268798828125
84_20220825 23,1118.803955078125
84_20220826 00,1027.5228271484375
84_20220826 01,976.5628051757812
84_20220826 02,924.9873046875
84_20220826 03,904.5046997070312
84_20220826 04,886.4656372070312
84_20220826 05,888.2796020507812
84_20220826 06,976.3341674804688
84_20220826 07,1369.830810546875
84_20220826 08,2083.79541015625
84_20220826 09,2613.35791015625
84_20220826 10,2813.400634765625
84_20220826 11,2899.6826171875
84_20220826 12,2987.82861328125
84_20220826 13,2976.65576171875
84_20220826 14,2799.4150390625
84_20220826 15,2743.45068359375
84_20220826 16,2709.407958984375
84_20220826 17,2555.617919921875
84_20220826 18,2289.681884765625
84_20220826 19,1792.3460693359375
84_20220826 20,1643.9996337890625
84_20220826 21,1437.8782958984375
84_20220826 22,1251.935791015625
84_20220826 23,1143.1932373046875
84_20220827 00,1041.236083984375
84_20220827 01,988.7000732421875
84_20220827 02,917.7003173828125
84_20220827 03,903.4110107421875
84_20220827 04,855.54150390625
84_20220827 05,846.9276123046875
84_20220827 06,902.35302734375
84_20220827 07,968.4407958984375
84_20220827 08,1075.4329833984375
84_20220827 09,1247.004638671875
84_20220827 10,1441.214111328125
84_20220827 11,1526.0386962890625
84_20220827 12,1599.316162109375
84_20220827 13,1582.01171875
84_20220827 14,1569.3697509765625
84_20220827 15,1458.7977294921875
84_20220827 16,1439.7359619140625
84_20220827 17,1460.435302734375
84_20220827 18,1407.4248046875
84_20220827 19,1346.2353515625
84_20220827 20,1299.2689208984375
84_20220827 21,1181.39599609375
84_20220827 22,1071.189697265625
84_20220827 23,1019.1603393554688
84_20220828 00,956.7369384765625
84_20220828 01,904.5886840820312
84_20220828 02,871.1351318359375
84_20220828 03,858.6339111328125
84_20220828 04,817.65087890625
84_20220828 05,817.3759155273438
84_20220828 06,842.1767578125
84_20220828 07,880.58740234375
84_20220828 08,957.1072387695312
84_20220828 09,1122.687255859375
84_20220828 10,1361.122314453125
84_20220828 11,1410.0010986328125
84_20220828 12,1484.7210693359375
84_20220828 13,1472.831787109375
84_20220828 14,1474.27978515625
84_20220828 15,1511.524658203125
84_20220828 16,1469.917236328125
84_20220828 17,1475.493408203125
84_20220828 18,1409.1776123046875
84_20220828 19,1382.094482421875
84_20220828 20,1337.3447265625
84_20220828 21,1233.584716796875
84_20220828 22,1104.66015625
84_20220828 23,1036.4957275390625
84_20220829 00,1026.6107177734375
84_20220829 01,965.1511840820312
84_20220829 02,928.9835205078125
84_20220829 03,900.6055908203125
84_20220829 04,887.51708984375
84_20220829 05,891.9904174804688
84_20220829 06,986.3338012695312
84_20220829 07,1359.842529296875
84_20220829 08,2104.615478515625
84_20220829 09,2650.21044921875
84_20220829 10,2769.181884765625
84_20220829 11,2858.62060546875
84_20220829 12,2879.474609375
84_20220829 13,2852.601318359375
84_20220829 14,2714.879638671875
84_20220829 15,2613.2421875
84_20220829 16,2514.368408203125
84_20220829 17,2449.189453125
84_20220829 18,2162.6640625
84_20220829 19,1776.794921875
84_20220829 20,1614.621337890625
84_20220829 21,1408.267333984375
84_20220829 22,1207.93701171875
84_20220829 23,1120.1334228515625
84_20220830 00,1014.8681640625
84_20220830 01,979.53076171875
84_20220830 02,925.8840942382812
84_20220830 03,915.0980224609375
84_20220830 04,896.9562377929688
84_20220830 05,896.79052734375
84_20220830 06,1014.078125
84_20220830 07,1390.706298828125
84_20220830 08,2104.11767578125
84_20220830 09,2581.15869140625
84_20220830 10,2675.012939453125
84_20220830 11,2760.54345703125
84_20220830 12,2899.53369140625
84_20220830 13,2860.70263671875
84_20220830 14,2645.909423828125
84_20220830 15,2599.46875
84_20220830 16,2561.1630859375
84_20220830 17,2541.4921875
84_20220830 18,2250.87158203125
84_20220830 19,1832.6009521484375
84_20220830 20,1665.0386962890625
84_20220830 21,1454.3868408203125
84_20220830 22,1246.7421875
84_20220830 23,1154.3812255859375
84_20220831 00,1052.561767578125
84_20220831 01,1004.654296875
84_20220831 02,941.0125122070312
84_20220831 03,917.4334106445312
84_20220831 04,887.1864013671875
84_20220831 05,885.2821044921875
84_20220831 06,987.2799072265625
84_20220831 07,1357.836669921875
84_20220831 08,2073.165283203125
84_20220831 09,2543.192626953125
84_20220831 10,2711.341552734375
84_20220831 11,2823.261474609375
84_20220831 12,2892.30908203125
84_20220831 13,2879.1123046875
84_20220831 14,2704.0478515625
84_20220831 15,2668.57470703125
84_20220831 16,2580.08203125
84_20220831 17,2550.29345703125
84_20220831 18,2282.04541015625
84_20220831 19,1830.0836181640625
84_20220831 20,1646.1650390625
84_20220831 21,1428.18701171875
84_20220831 22,1240.978759765625
84_20220831 23,1137.9677734375
85_20220825 00,1711.64453125
85_20220825 01,1688.2935791015625
85_20220825 02,1694.817138671875
85_20220825 03,1689.9105224609375
85_20220825 04,1697.7584228515625
85_20220825 05,1703.4664306640625
85_20220825 06,1824.7509765625
85_20220825 07,2254.33642578125
85_20220825 08,2612.37841796875
85_20220825 09,2666.48828125
85_20220825 10,2708.47509765625
85_20220825 11,2729.791748046875
85_20220825 12,2773.19140625
85_20220825 13,2776.065185546875
85_20220825 14,2762.608642578125
85_20220825 15,2625.9873046875
85_20220825 16,2604.950927734375
85_20220825 17,2520.74462890625
85_20220825 18,2396.50927734375
85_20220825 19,2274.96240234375
85_20220825 20,2199.36328125
85_20220825 21,2055.694091796875
85_20220825 22,1888.386962890625
85_20220825 23,1772.614990234375
85_20220826 00,1660.7679443359375
85_20220826 01,1658.5416259765625
85_20220826 02,1659.054443359375
85_20220826 03,1658.408935546875
85_20220826 04,1676.012939453125
85_20220826 05,1674.1015625
85_20220826 06,1794.678955078125
85_20220826 07,2228.550048828125
85_20220826 08,2590.33203125
85_20220826 09,2640.84130859375
85_20220826 10,2699.09130859375
85_20220826 11,2807.872314453125
85_20220826 12,2843.406494140625
85_20220826 13,2838.540283203125
85_20220826 14,2807.64111328125
85_20220826 15,2795.498779296875
85_20220826 16,2769.64892578125
85_20220826 17,2643.887451171875
85_20220826 18,2501.5478515625
85_20220826 19,2381.12158203125
85_20220826 20,2322.857421875
85_20220826 21,2174.381103515625
85_20220826 22,1971.388671875
85_20220826 23,1852.0198974609375
85_20220827 00,1731.030517578125
85_20220827 01,1725.429443359375
85_20220827 02,1703.083984375
85_20220827 03,1692.6724853515625
85_20220827 04,1710.95703125
85_20220827 05,1719.4097900390625
85_20220827 06,1820.4476318359375
85_20220827 07,2208.703125
85_20220827 08,2496.2783203125
85_20220827 09,2525.934814453125
85_20220827 10,2535.429443359375
85_20220827 11,2557.87841796875
85_20220827 12,2664.56396484375
85_20220827 13,2670.36572265625
85_20220827 14,2648.42138671875
85_20220827 15,2588.745849609375
85_20220827 16,2581.61083984375
85_20220827 17,2526.13134765625
85_20220827 18,2383.1025390625
85_20220827 19,2326.533203125
85_20220827 20,2231.760498046875
85_20220827 21,2076.799560546875
85_20220827 22,1908.682861328125
85_20220827 23,1780.715087890625
85_20220828 00,1651.220703125
85_20220828 01,1647.9915771484375
85_20220828 02,1648.7542724609375
85_20220828 03,1656.009033203125
85_20220828 04,1680.4781494140625
85_20220828 05,1685.224609375
85_20220828 06,1787.657958984375
85_20220828 07,2130.650390625
85_20220828 08,2451.49658203125
85_20220828 09,2500.88330078125
85_20220828 10,2552.85400390625
85_20220828 11,2563.0107421875
85_20220828 12,2623.147705078125
85_20220828 13,2652.176513671875
85_20220828 14,2663.35498046875
85_20220828 15,2651.741455078125
85_20220828 16,2651.58642578125
85_20220828 17,2615.313232421875
85_20220828 18,2443.43603515625
85_20220828 19,2399.64990234375
85_20220828 20,2297.740234375
85_20220828 21,2155.92822265625
85_20220828 22,1946.7633056640625
85_20220828 23,1813.3828125
85_20220829 00,1705.229736328125
85_20220829 01,1696.581787109375
85_20220829 02,1681.6907958984375
85_20220829 03,1687.699951171875
85_20220829 04,1709.6728515625
85_20220829 05,1695.4964599609375
85_20220829 06,1887.1722412109375
85_20220829 07,2260.612060546875
85_20220829 08,2646.136962890625
85_20220829 09,2661.829345703125
85_20220829 10,2681.185791015625
85_20220829 11,2693.8857421875
85_20220829 12,2728.55517578125
85_20220829 13,2719.02294921875
85_20220829 14,2678.68115234375
85_20220829 15,2620.768798828125
85_20220829 16,2521.41162109375
85_20220829 17,2488.7587890625
85_20220829 18,2316.599853515625
85_20220829 19,2249.925048828125
85_20220829 20,2152.190185546875
85_20220829 21,1993.673828125
85_20220829 22,1876.333251953125
85_20220829 23,1768.962158203125
85_20220830 00,1659.6060791015625
85_20220830 01,1656.408935546875
85_20220830 02,1652.914306640625
85_20220830 03,1664.7838134765625
85_20220830 04,1701.626953125
85_20220830 05,1692.4476318359375
85_20220830 06,1815.8187255859375
85_20220830 07,2271.72314453125
85_20220830 08,2611.236328125
85_20220830 09,2613.60546875
85_20220830 10,2664.48291015625
85_20220830 11,2691.5185546875
85_20220830 12,2737.93017578125
85_20220830 13,2724.72021484375
85_20220830 14,2702.2724609375
85_20220830 15,2659.15576171875
85_20220830 16,2579.357666015625
85_20220830 17,2513.6025390625
85_20220830 18,2373.06103515625
85_20220830 19,2315.09521484375
85_20220830 20,2239.309326171875
85_20220830 21,2082.4814453125
85_20220830 22,1930.3258056640625
85_20220830 23,1786.840576171875
85_20220831 00,1684.909912109375
85_20220831 01,1687.5833740234375
85_20220831 02,1679.418212890625
85_20220831 03,1678.45703125
85_20220831 04,1720.055908203125
85_20220831 05,1709.605712890625
85_20220831 06,1831.529541015625
85_20220831 07,2230.74072265625
85_20220831 08,2562.6181640625
85_20220831 09,2590.760009765625
85_20220831 10,2633.505126953125
85_20220831 11,2669.45166015625
85_20220831 12,2769.600830078125
85_20220831 13,2750.752197265625
85_20220831 14,2738.60791015625
85_20220831 15,2668.959716796875
85_20220831 16,2634.43115234375
85_20220831 17,2586.687744140625
85_20220831 18,2421.78515625
85_20220831 19,2294.288330078125
85_20220831 20,2235.389892578125
85_20220831 21,2061.548583984375
85_20220831 22,1906.910888671875
85_20220831 23,1789.3988037109375
86_20220825 00,574.3207397460938
86_20220825 01,537.737060546875
86_20220825 02,544.1461791992188
86_20220825 03,539.4720458984375
86_20220825 04,541.16943359375
86_20220825 05,539.9071044921875
86_20220825 06,643.564208984375
86_20220825 07,902.3193359375
86_20220825 08,1164.7178955078125
86_20220825 09,1413.682373046875
86_20220825 10,1595.0302734375
86_20220825 11,1623.5126953125
86_20220825 12,1595.551025390625
86_20220825 13,1592.520751953125
86_20220825 14,1580.67919921875
86_20220825 15,1570.9066162109375
86_20220825 16,1552.341064453125
86_20220825 17,1547.574462890625
86_20220825 18,1544.419189453125
86_20220825 19,1499.7696533203125
86_20220825 20,1416.73095703125
86_20220825 21,1253.3175048828125
86_20220825 22,1108.537841796875
86_20220825 23,792.7612915039062
86_20220826 00,559.4161376953125
86_20220826 01,526.1317138671875
86_20220826 02,532.5940551757812
86_20220826 03,544.0672607421875
86_20220826 04,543.9078369140625
86_20220826 05,552.1224975585938
86_20220826 06,635.33056640625
86_20220826 07,877.8743896484375
86_20220826 08,1156.1314697265625
86_20220826 09,1388.8721923828125
86_20220826 10,1587.7955322265625
86_20220826 11,1620.998046875
86_20220826 12,1575.6732177734375
86_20220826 13,1585.6905517578125
86_20220826 14,1584.0711669921875
86_20220826 15,1578.726318359375
86_20220826 16,1575.4254150390625
86_20220826 17,1551.6905517578125
86_20220826 18,1532.3140869140625
86_20220826 19,1486.8001708984375
86_20220826 20,1436.6077880859375
86_20220826 21,1297.565673828125
86_20220826 22,1089.7359619140625
86_20220826 23,828.7845458984375
86_20220827 00,578.70556640625
86_20220827 01,545.9130249023438
86_20220827 02,544.7640380859375
86_20220827 03,559.2503051757812
86_20220827 04,561.7294311523438
86_20220827 05,561.8318481445312
86_20220827 06,658.6458129882812
86_20220827 07,923.9208984375
86_20220827 08,1179.385986328125
86_20220827 09,1429.0328369140625
86_20220827 10,1634.349365234375
86_20220827 11,1675.623779296875
86_20220827 12,1643.3197021484375
86_20220827 13,1633.138916015625
86_20220827 14,1636.8726806640625
86_20220827 15,1632.389404296875
86_20220827 16,1624.398193359375
86_20220827 17,1601.785888671875
86_20220827 18,1549.189208984375
86_20220827 19,1518.131591796875
86_20220827 20,1432.886962890625
86_20220827 21,1284.9461669921875
86_20220827 22,1120.179931640625
86_20220827 23,817.0753784179688
86_20220828 00,565.9199829101562
86_20220828 01,526.81884765625
86_20220828 02,533.6080932617188
86_20220828 03,533.467529296875
86_20220828 04,535.4990234375
86_20220828 05,528.615966796875
86_20220828 06,543.031005859375
86_20220828 07,611.7628173828125
86_20220828 08,668.5864868164062
86_20220828 09,824.98828125
86_20220828 10,978.7882690429688
86_20220828 11,780.2584838867188
86_20220828 12,814.9918823242188
86_20220828 13,823.9423828125
86_20220828 14,801.052978515625
86_20220828 15,828.4754638671875
86_20220828 16,839.2135009765625
86_20220828 17,765.6474609375
86_20220828 18,705.7838134765625
86_20220828 19,709.0709228515625
86_20220828 20,702.6826782226562
86_20220828 21,687.5720825195312
86_20220828 22,635.275390625
86_20220828 23,643.8181762695312
86_20220829 00,574.0018310546875
86_20220829 01,545.1372680664062
86_20220829 02,544.4442749023438
86_20220829 03,546.7815551757812
86_20220829 04,545.7543334960938
86_20220829 05,555.1770629882812
86_20220829 06,654.1275634765625
86_20220829 07,913.1888427734375
86_20220829 08,1185.880615234375
86_20220829 09,1391.72265625
86_20220829 10,1594.293212890625
86_20220829 11,1617.13037109375
86_20220829 12,1592.0025634765625
86_20220829 13,1592.362548828125
86_20220829 14,1578.46875
86_20220829 15,1573.4989013671875
86_20220829 16,1521.9412841796875
86_20220829 17,1517.0860595703125
86_20220829 18,1510.6309814453125
86_20220829 19,1487.521728515625
86_20220829 20,1409.8004150390625
86_20220829 21,1252.314697265625
86_20220829 22,1106.281982421875
86_20220829 23,807.8993530273438
86_20220830 00,573.2927856445312
86_20220830 01,532.349609375
86_20220830 02,527.0628051757812
86_20220830 03,539.8175659179688
86_20220830 04,545.1605224609375
86_20220830 05,549.0145263671875
86_20220830 06,650.7587280273438
86_20220830 07,907.8006591796875
86_20220830 08,1164.7734375
86_20220830 09,1388.28271484375
86_20220830 10,1587.0521240234375
86_20220830 11,1618.7095947265625
86_20220830 12,1581.1185302734375
86_20220830 13,1580.1783447265625
86_20220830 14,1548.108642578125
86_20220830 15,1563.6265869140625
86_20220830 16,1530.7762451171875
86_20220830 17,1510.8648681640625
86_20220830 18,1518.8109130859375
86_20220830 19,1494.858154296875
86_20220830 20,1418.8021240234375
86_20220830 21,1263.2740478515625
86_20220830 22,1115.911865234375
86_20220830 23,812.1985473632812
86_20220831 00,569.7356567382812
86_20220831 01,538.9847412109375
86_20220831 02,544.6731567382812
86_20220831 03,541.5499267578125
86_20220831 04,550.9949951171875
86_20220831 05,553.2291259765625
86_20220831 06,639.83740234375
86_20220831 07,888.59375
86_20220831 08,1154.683349609375
86_20220831 09,1356.0736083984375
86_20220831 10,1527.540283203125
86_20220831 11,1591.258056640625
86_20220831 12,1556.7205810546875
86_20220831 13,1563.6292724609375
86_20220831 14,1537.6802978515625
86_20220831 15,1560.903076171875
86_20220831 16,1526.15673828125
86_20220831 17,1520.1885986328125
86_20220831 18,1485.9873046875
86_20220831 19,1460.0423583984375
86_20220831 20,1387.700439453125
86_20220831 21,1251.8104248046875
86_20220831 22,1106.968017578125
86_20220831 23,801.7413940429688
87_20220825 00,819.7551879882812
87_20220825 01,732.2781982421875
87_20220825 02,688.3848266601562
87_20220825 03,614.5626220703125
87_20220825 04,667.8956909179688
87_20220825 05,801.701416015625
87_20220825 06,965.3853759765625
87_20220825 07,1192.206787109375
87_20220825 08,1671.3765869140625
87_20220825 09,1857.571044921875
87_20220825 10,1847.6302490234375
87_20220825 11,1853.921142578125
87_20220825 12,1849.1029052734375
87_20220825 13,1868.02734375
87_20220825 14,1872.1129150390625
87_20220825 15,1816.8551025390625
87_20220825 16,1800.6650390625
87_20220825 17,1746.220947265625
87_20220825 18,1745.6409912109375
87_20220825 19,1611.773681640625
87_20220825 20,1493.3414306640625
87_20220825 21,1225.964111328125
87_20220825 22,916.9381103515625
87_20220825 23,912.6456909179688
87_20220826 00,849.0677490234375
87_20220826 01,730.400390625
87_20220826 02,681.0396728515625
87_20220826 03,613.7362670898438
87_20220826 04,660.6834716796875
87_20220826 05,779.8980712890625
87_20220826 06,987.5457763671875
87_20220826 07,1222.426513671875
87_20220826 08,1651.8466796875
87_20220826 09,1938.9390869140625
87_20220826 10,1956.982177734375
87_20220826 11,1944.94140625
87_20220826 12,1905.9306640625
87_20220826 13,1888.200927734375
87_20220826 14,1882.4771728515625
87_20220826 15,1822.4765625
87_20220826 16,1866.497314453125
87_20220826 17,1814.162109375
87_20220826 18,1810.103759765625
87_20220826 19,1677.5533447265625
87_20220826 20,1535.082763671875
87_20220826 21,1197.923828125
87_20220826 22,903.5736083984375
87_20220826 23,911.4110107421875
87_20220827 00,851.9742431640625
87_20220827 01,737.9775390625
87_20220827 02,688.1336669921875
87_20220827 03,618.6361083984375
87_20220827 04,672.07763671875
87_20220827 05,789.5653076171875
87_20220827 06,969.2996826171875
87_20220827 07,1197.2381591796875
87_20220827 08,1630.696044921875
87_20220827 09,1878.123291015625
87_20220827 10,1873.983154296875
87_20220827 11,1893.0777587890625
87_20220827 12,1885.980224609375
87_20220827 13,1863.1558837890625
87_20220827 14,1849.6832275390625
87_20220827 15,1845.016845703125
87_20220827 16,1831.9595947265625
87_20220827 17,1815.467041015625
87_20220827 18,1822.4818115234375
87_20220827 19,1653.2607421875
87_20220827 20,1511.000732421875
87_20220827 21,1221.7376708984375
87_20220827 22,925.3733520507812
87_20220827 23,879.3304443359375
87_20220828 00,593.5172729492188
87_20220828 01,615.1221923828125
87_20220828 02,607.8340454101562
87_20220828 03,587.9720458984375
87_20220828 04,612.0492553710938
87_20220828 05,768.2283935546875
87_20220828 06,775.1121826171875
87_20220828 07,1045.057861328125
87_20220828 08,979.6813354492188
87_20220828 09,1100.8106689453125
87_20220828 10,1149.6005859375
87_20220828 11,1221.2486572265625
87_20220828 12,1116.769287109375
87_20220828 13,1112.276123046875
87_20220828 14,1096.401611328125
87_20220828 15,1063.6734619140625
87_20220828 16,1085.9857177734375
87_20220828 17,855.4730224609375
87_20220828 18,953.6998291015625
87_20220828 19,993.4205322265625
87_20220828 20,950.8641357421875
87_20220828 21,974.3489379882812
87_20220828 22,911.6399536132812
87_20220828 23,705.8997192382812
87_20220829 00,819.2483520507812
87_20220829 01,732.775390625
87_20220829 02,693.27880859375
87_20220829 03,646.4940185546875
87_20220829 04,685.6649169921875
87_20220829 05,830.5153198242188
87_20220829 06,1003.2294921875
87_20220829 07,1246.0830078125
87_20220829 08,1643.229248046875
87_20220829 09,1902.000244140625
87_20220829 10,1876.685546875
87_20220829 11,1875.2054443359375
87_20220829 12,1859.9365234375
87_20220829 13,1857.4693603515625
87_20220829 14,1850.6871337890625
87_20220829 15,1826.9781494140625
87_20220829 16,1846.632568359375
87_20220829 17,1756.855712890625
87_20220829 18,1756.1253662109375
87_20220829 19,1669.233642578125
87_20220829 20,1500.2496337890625
87_20220829 21,1166.9617919921875
87_20220829 22,916.9207153320312
87_20220829 23,900.912109375
87_20220830 00,824.0296630859375
87_20220830 01,731.56201171875
87_20220830 02,684.9996337890625
87_20220830 03,622.022705078125
87_20220830 04,656.0927734375
87_20220830 05,793.2730102539062
87_20220830 06,955.6060791015625
87_20220830 07,1225.61279296875
87_20220830 08,1668.7154541015625
87_20220830 09,1868.9508056640625
87_20220830 10,1870.5667724609375
87_20220830 11,1836.1669921875
87_20220830 12,1819.342529296875
87_20220830 13,1813.193115234375
87_20220830 14,1832.593017578125
87_20220830 15,1758.2001953125
87_20220830 16,1747.0556640625
87_20220830 17,1739.5892333984375
87_20220830 18,1738.7659912109375
87_20220830 19,1633.3177490234375
87_20220830 20,1532.4039306640625
87_20220830 21,1200.0970458984375
87_20220830 22,919.8818359375
87_20220830 23,952.5226440429688
87_20220831 00,864.9400634765625
87_20220831 01,741.5291137695312
87_20220831 02,674.068359375
87_20220831 03,619.358642578125
87_20220831 04,661.2208251953125
87_20220831 05,804.3688354492188
87_20220831 06,983.15966796875
87_20220831 07,1199.627197265625
87_20220831 08,1610.9423828125
87_20220831 09,1792.662353515625
87_20220831 10,1797.1077880859375
87_20220831 11,1779.3173828125
87_20220831 12,1761.063232421875
87_20220831 13,1820.8232421875
87_20220831 14,1794.564453125
87_20220831 15,1819.1715087890625
87_20220831 16,1789.5826416015625
87_20220831 17,1763.567626953125
87_20220831 18,1746.9808349609375
87_20220831 19,1636.1600341796875
87_20220831 20,1498.1243896484375
87_20220831 21,1236.0755615234375
87_20220831 22,911.2078247070312
87_20220831 23,889.8177490234375
88_20220825 00,487.47320556640625
88_20220825 01,441.03094482421875
88_20220825 02,447.96954345703125
88_20220825 03,450.224609375
88_20220825 04,452.03021240234375
88_20220825 05,440.00762939453125
88_20220825 06,491.36273193359375
88_20220825 07,586.3631591796875
88_20220825 08,1083.9189453125
88_20220825 09,1523.4169921875
88_20220825 10,1730.2392578125
88_20220825 11,1791.5120849609375
88_20220825 12,1806.099853515625
88_20220825 13,1701.24609375
88_20220825 14,1739.29296875
88_20220825 15,1735.139404296875
88_20220825 16,1728.633544921875
88_20220825 17,1681.7515869140625
88_20220825 18,1681.225341796875
88_20220825 19,1668.561767578125
88_20220825 20,1584.212646484375
88_20220825 21,1410.322998046875
88_20220825 22,1105.046875
88_20220825 23,659.2147216796875
88_20220826 00,474.22735595703125
88_20220826 01,441.65155029296875
88_20220826 02,440.426025390625
88_20220826 03,452.25958251953125
88_20220826 04,452.94390869140625
88_20220826 05,442.3251037597656
88_20220826 06,501.99005126953125
88_20220826 07,584.6657104492188
88_20220826 08,1090.446533203125
88_20220826 09,1550.054443359375
88_20220826 10,1766.8125
88_20220826 11,1838.5224609375
88_20220826 12,1840.9228515625
88_20220826 13,1815.1282958984375
88_20220826 14,1806.931640625
88_20220826 15,1781.747802734375
88_20220826 16,1772.370361328125
88_20220826 17,1741.6148681640625
88_20220826 18,1724.6234130859375
88_20220826 19,1727.4642333984375
88_20220826 20,1653.3402099609375
88_20220826 21,1520.890869140625
88_20220826 22,1145.7862548828125
88_20220826 23,687.0091552734375
88_20220827 00,479.1443786621094
88_20220827 01,447.113525390625
88_20220827 02,448.04345703125
88_20220827 03,428.945068359375
88_20220827 04,442.1880798339844
88_20220827 05,440.19775390625
88_20220827 06,499.1085510253906
88_20220827 07,585.11767578125
88_20220827 08,1015.9510498046875
88_20220827 09,1449.807861328125
88_20220827 10,1655.393798828125
88_20220827 11,1802.394775390625
88_20220827 12,1834.110595703125
88_20220827 13,1831.1148681640625
88_20220827 14,1829.7025146484375
88_20220827 15,1753.8109130859375
88_20220827 16,1748.228759765625
88_20220827 17,1713.546142578125
88_20220827 18,1710.209716796875
88_20220827 19,1693.850830078125
88_20220827 20,1600.5413818359375
88_20220827 21,1450.6759033203125
88_20220827 22,1096.0032958984375
88_20220827 23,651.2037353515625
88_20220828 00,446.92962646484375
88_20220828 01,425.00665283203125
88_20220828 02,428.462158203125
88_20220828 03,430.7698669433594
88_20220828 04,435.10382080078125
88_20220828 05,429.05670166015625
88_20220828 06,468.2901306152344
88_20220828 07,467.7377014160156
88_20220828 08,487.5398864746094
88_20220828 09,515.4362182617188
88_20220828 10,608.1180419921875
88_20220828 11,706.2177734375
88_20220828 12,601.6952514648438
88_20220828 13,660.3018798828125
88_20220828 14,487.16595458984375
88_20220828 15,475.56646728515625
88_20220828 16,470.74420166015625
88_20220828 17,465.7564392089844
88_20220828 18,473.6602478027344
88_20220828 19,480.9073791503906
88_20220828 20,475.0939025878906
88_20220828 21,462.5552673339844
88_20220828 22,465.977294921875
88_20220828 23,427.05181884765625
88_20220829 00,453.34832763671875
88_20220829 01,424.16290283203125
88_20220829 02,423.7847595214844
88_20220829 03,441.57061767578125
88_20220829 04,446.11773681640625
88_20220829 05,440.9161071777344
88_20220829 06,504.813720703125
88_20220829 07,589.6533203125
88_20220829 08,1039.8463134765625
88_20220829 09,1487.77685546875
88_20220829 10,1683.138671875
88_20220829 11,1726.401611328125
88_20220829 12,1744.2232666015625
88_20220829 13,1731.3929443359375
88_20220829 14,1735.678466796875
88_20220829 15,1733.443115234375
88_20220829 16,1722.0894775390625
88_20220829 17,1670.7525634765625
88_20220829 18,1647.845947265625
88_20220829 19,1650.9554443359375
88_20220829 20,1562.302490234375
88_20220829 21,1403.46044921875
88_20220829 22,1093.2659912109375
88_20220829 23,656.4702758789062
88_20220830 00,478.83209228515625
88_20220830 01,434.01934814453125
88_20220830 02,445.61065673828125
88_20220830 03,448.96710205078125
88_20220830 04,450.65545654296875
88_20220830 05,442.22265625
88_20220830 06,504.61065673828125
88_20220830 07,583.0765991210938
88_20220830 08,1029.514892578125
88_20220830 09,1452.7578125
88_20220830 10,1632.0123291015625
88_20220830 11,1697.8753662109375
88_20220830 12,1709.4359130859375
88_20220830 13,1677.7965087890625
88_20220830 14,1709.551025390625
88_20220830 15,1682.8433837890625
88_20220830 16,1686.3873291015625
88_20220830 17,1633.5389404296875
88_20220830 18,1634.869873046875
88_20220830 19,1643.0540771484375
88_20220830 20,1553.160400390625
88_20220830 21,1389.626953125
88_20220830 22,1097.921630859375
88_20220830 23,665.6556396484375
88_20220831 00,480.1332092285156
88_20220831 01,449.34515380859375
88_20220831 02,454.32952880859375
88_20220831 03,455.22607421875
88_20220831 04,452.46258544921875
88_20220831 05,438.81439208984375
88_20220831 06,498.86883544921875
88_20220831 07,577.3595581054688
88_20220831 08,1032.6656494140625
88_20220831 09,1478.794921875
88_20220831 10,1660.5439453125
88_20220831 11,1774.039794921875
88_20220831 12,1785.7646484375
88_20220831 13,1749.277099609375
88_20220831 14,1754.94140625
88_20220831 15,1747.8603515625
88_20220831 16,1724.911376953125
88_20220831 17,1692.147216796875
88_20220831 18,1689.5914306640625
88_20220831 19,1680.9947509765625
88_20220831 20,1603.640869140625
88_20220831 21,1442.605224609375
88_20220831 22,1128.9368896484375
88_20220831 23,679.1392211914062
89_20220825 00,572.38720703125
89_20220825 01,487.1851501464844
89_20220825 02,491.27044677734375
89_20220825 03,485.195556640625
89_20220825 04,484.2139587402344
89_20220825 05,496.5596618652344
89_20220825 06,634.1514892578125
89_20220825 07,817.5673828125
89_20220825 08,1012.1900634765625
89_20220825 09,1603.501220703125
89_20220825 10,2178.71630859375
89_20220825 11,2206.20751953125
89_20220825 12,2215.189453125
89_20220825 13,2142.42236328125
89_20220825 14,2109.98046875
89_20220825 15,2127.061279296875
89_20220825 16,2128.97705078125
89_20220825 17,2101.356201171875
89_20220825 18,2067.55859375
89_20220825 19,2058.733642578125
89_20220825 20,1954.9671630859375
89_20220825 21,1710.080078125
89_20220825 22,1153.6224365234375
89_20220825 23,898.2263793945312
89_20220826 00,575.8847045898438
89_20220826 01,500.6685485839844
89_20220826 02,497.98907470703125
89_20220826 03,505.8773498535156
89_20220826 04,503.8492736816406
89_20220826 05,500.85736083984375
89_20220826 06,606.534912109375
89_20220826 07,814.8640747070312
89_20220826 08,998.2584838867188
89_20220826 09,1609.24853515625
89_20220826 10,2222.630126953125
89_20220826 11,2247.77294921875
89_20220826 12,2267.625
89_20220826 13,2271.578369140625
89_20220826 14,2265.92626953125
89_20220826 15,2235.65673828125
89_20220826 16,2215.31005859375
89_20220826 17,2209.674072265625
89_20220826 18,2126.533203125
89_20220826 19,2138.27783203125
89_20220826 20,2069.13525390625
89_20220826 21,1807.8773193359375
89_20220826 22,1190.590576171875
89_20220826 23,912.6217651367188
89_20220827 00,583.6848754882812
89_20220827 01,506.6634826660156
89_20220827 02,504.3355407714844
89_20220827 03,484.2247619628906
89_20220827 04,489.1995544433594
89_20220827 05,503.9730529785156
89_20220827 06,605.1588134765625
89_20220827 07,810.3978271484375
89_20220827 08,992.18994140625
89_20220827 09,1549.854248046875
89_20220827 10,2097.7890625
89_20220827 11,2164.96630859375
89_20220827 12,2204.65478515625
89_20220827 13,2259.26171875
89_20220827 14,2231.46337890625
89_20220827 15,2212.28076171875
89_20220827 16,2217.314453125
89_20220827 17,2208.83935546875
89_20220827 18,2165.831298828125
89_20220827 19,2124.36181640625
89_20220827 20,1994.9095458984375
89_20220827 21,1716.644287109375
89_20220827 22,1170.6829833984375
89_20220827 23,906.9354248046875
89_20220828 00,598.3189697265625
89_20220828 01,507.49749755859375
89_20220828 02,484.18115234375
89_20220828 03,482.7935485839844
89_20220828 04,464.8407287597656
89_20220828 05,480.26519775390625
89_20220828 06,469.8314514160156
89_20220828 07,504.1541442871094
89_20220828 08,500.8092346191406
89_20220828 09,625.9068603515625
89_20220828 10,744.3903198242188
89_20220828 11,638.6201171875
89_20220828 12,662.8265380859375
89_20220828 13,645.3685913085938
89_20220828 14,635.5634765625
89_20220828 15,703.7412719726562
89_20220828 16,647.5590209960938
89_20220828 17,602.0377197265625
89_20220828 18,533.1143188476562
89_20220828 19,520.6651611328125
89_20220828 20,525.600341796875
89_20220828 21,486.0341796875
89_20220828 22,493.2090759277344
89_20220828 23,489.10986328125
89_20220829 00,544.7144775390625
89_20220829 01,467.6201171875
89_20220829 02,478.7938537597656
89_20220829 03,475.21209716796875
89_20220829 04,471.9703063964844
89_20220829 05,492.7811584472656
89_20220829 06,615.9778442382812
89_20220829 07,812.3821411132812
89_20220829 08,979.0103759765625
89_20220829 09,1528.294189453125
89_20220829 10,2088.51806640625
89_20220829 11,2090.45654296875
89_20220829 12,2094.158203125
89_20220829 13,2111.734375
89_20220829 14,2108.940673828125
89_20220829 15,2068.26220703125
89_20220829 16,2060.253173828125
89_20220829 17,2050.98291015625
89_20220829 18,1966.055908203125
89_20220829 19,1934.950439453125
89_20220829 20,1896.172119140625
89_20220829 21,1657.80859375
89_20220829 22,1107.9527587890625
89_20220829 23,890.4225463867188
89_20220830 00,547.9743041992188
89_20220830 01,472.14483642578125
89_20220830 02,487.70257568359375
89_20220830 03,490.17486572265625
89_20220830 04,489.9866638183594
89_20220830 05,497.0966796875
89_20220830 06,616.29541015625
89_20220830 07,809.306884765625
89_20220830 08,966.994140625
89_20220830 09,1514.791015625
89_20220830 10,2069.40625
89_20220830 11,2078.49365234375
89_20220830 12,2079.621826171875
89_20220830 13,2102.782470703125
89_20220830 14,2072.0244140625
89_20220830 15,2057.944091796875
89_20220830 16,2064.23291015625
89_20220830 17,2045.7672119140625
89_20220830 18,1988.922607421875
89_20220830 19,2000.9599609375
89_20220830 20,1911.437744140625
89_20220830 21,1677.6490478515625
89_20220830 22,1138.984130859375
89_20220830 23,874.1437377929688
89_20220831 00,563.8009643554688
89_20220831 01,489.47802734375
89_20220831 02,477.569091796875
89_20220831 03,480.9952697753906
89_20220831 04,478.373046875
89_20220831 05,494.43267822265625
89_20220831 06,599.4608154296875
89_20220831 07,799.8948364257812
89_20220831 08,929.2570190429688
89_20220831 09,1494.3353271484375
89_20220831 10,2063.96826171875
89_20220831 11,2161.36083984375
89_20220831 12,2165.97705078125
89_20220831 13,2176.83837890625
89_20220831 14,2177.61865234375
89_20220831 15,2120.853515625
89_20220831 16,2105.415283203125
89_20220831 17,2129.348876953125
89_20220831 18,2050.279541015625
89_20220831 19,2079.20947265625
89_20220831 20,2001.4674072265625
89_20220831 21,1764.302978515625
89_20220831 22,1185.723388671875
89_20220831 23,905.04345703125
90_20220825 00,480.90740966796875
90_20220825 01,438.11016845703125
90_20220825 02,439.3185119628906
90_20220825 03,444.416748046875
90_20220825 04,469.85107421875
90_20220825 05,470.67779541015625
90_20220825 06,537.0445556640625
90_20220825 07,706.0455932617188
90_20220825 08,1275.3629150390625
90_20220825 09,1905.830810546875
90_20220825 10,2134.77587890625
90_20220825 11,2265.26416015625
90_20220825 12,2301.353271484375
90_20220825 13,2329.91748046875
90_20220825 14,2298.6630859375
90_20220825 15,2310.243896484375
90_20220825 16,2265.440673828125
90_20220825 17,2240.21044921875
90_20220825 18,2188.685546875
90_20220825 19,2112.7783203125
90_20220825 20,2048.787353515625
90_20220825 21,1584.7164306640625
90_20220825 22,1139.320556640625
90_20220825 23,817.337890625
90_20220826 00,502.7200622558594
90_20220826 01,433.1852111816406
90_20220826 02,399.3038330078125
90_20220826 03,391.3079833984375
90_20220826 04,435.24951171875
90_20220826 05,445.4391174316406
90_20220826 06,496.7474670410156
90_20220826 07,683.0248413085938
90_20220826 08,1281.5245361328125
90_20220826 09,1889.4759521484375
90_20220826 10,2156.64599609375
90_20220826 11,2277.791015625
90_20220826 12,2298.664794921875
90_20220826 13,2291.49365234375
90_20220826 14,2293.39599609375
90_20220826 15,2309.323486328125
90_20220826 16,2292.08349609375
90_20220826 17,2245.4501953125
90_20220826 18,2146.855712890625
90_20220826 19,2128.60400390625
90_20220826 20,2000.8912353515625
90_20220826 21,1577.465576171875
90_20220826 22,1142.7626953125
90_20220826 23,791.6555786132812
90_20220827 00,492.9873962402344
90_20220827 01,466.2109375
90_20220827 02,467.75579833984375
90_20220827 03,449.3783264160156
90_20220827 04,477.68560791015625
90_20220827 05,482.08575439453125
90_20220827 06,528.3425903320312
90_20220827 07,714.2767944335938
90_20220827 08,1294.66748046875
90_20220827 09,1991.3619384765625
90_20220827 10,2270.852294921875
90_20220827 11,2291.133544921875
90_20220827 12,2357.566162109375
90_20220827 13,2421.266845703125
90_20220827 14,2416.857666015625
90_20220827 15,2403.021240234375
90_20220827 16,2394.4619140625
90_20220827 17,2330.2607421875
90_20220827 18,2245.516845703125
90_20220827 19,2123.59619140625
90_20220827 20,1988.671142578125
90_20220827 21,1568.003173828125
90_20220827 22,1143.8594970703125
90_20220827 23,775.4090576171875
90_20220828 00,444.083984375
90_20220828 01,407.69366455078125
90_20220828 02,426.9115295410156
90_20220828 03,425.86346435546875
90_20220828 04,424.3623046875
90_20220828 05,417.45855712890625
90_20220828 06,452.80059814453125
90_20220828 07,486.47784423828125
90_20220828 08,516.6734619140625
90_20220828 09,557.14306640625
90_20220828 10,550.6405029296875
90_20220828 11,538.1751708984375
90_20220828 12,535.8306884765625
90_20220828 13,572.4674682617188
90_20220828 14,571.5426025390625
90_20220828 15,532.3419189453125
90_20220828 16,534.2952880859375
90_20220828 17,534.1239624023438
90_20220828 18,522.2911376953125
90_20220828 19,508.20904541015625
90_20220828 20,503.9228515625
90_20220828 21,485.92742919921875
90_20220828 22,512.6605834960938
90_20220828 23,487.5791015625
90_20220829 00,454.81182861328125
90_20220829 01,417.83160400390625
90_20220829 02,421.53631591796875
90_20220829 03,427.720947265625
90_20220829 04,451.77215576171875
90_20220829 05,457.3515625
90_20220829 06,477.5419921875
90_20220829 07,682.4724731445312
90_20220829 08,1209.27685546875
90_20220829 09,1687.219970703125
90_20220829 10,2019.8433837890625
90_20220829 11,2073.934814453125
90_20220829 12,2141.505859375
90_20220829 13,2239.98388671875
90_20220829 14,2275.24365234375
90_20220829 15,2268.23974609375
90_20220829 16,2261.68896484375
90_20220829 17,2227.518310546875
90_20220829 18,2109.16650390625
90_20220829 19,2025.9439697265625
90_20220829 20,1935.759521484375
90_20220829 21,1461.1295166015625
90_20220829 22,1050.16943359375
90_20220829 23,773.216796875
90_20220830 00,507.272705078125
90_20220830 01,468.42596435546875
90_20220830 02,470.7579040527344
90_20220830 03,425.7057189941406
90_20220830 04,472.1038513183594
90_20220830 05,471.00390625
90_20220830 06,516.9248657226562
90_20220830 07,712.962158203125
90_20220830 08,1260.7298583984375
90_20220830 09,1863.3837890625
90_20220830 10,2094.41259765625
90_20220830 11,2107.656982421875
90_20220830 12,2158.992919921875
90_20220830 13,2193.98779296875
90_20220830 14,2160.82421875
90_20220830 15,2199.332763671875
90_20220830 16,2118.35888671875
90_20220830 17,2113.518310546875
90_20220830 18,2062.88720703125
90_20220830 19,1990.1324462890625
90_20220830 20,1963.466552734375
90_20220830 21,1480.6536865234375
90_20220830 22,1054.2689208984375
90_20220830 23,791.5131225585938
90_20220831 00,483.4861755371094
90_20220831 01,442.1195373535156
90_20220831 02,442.03125
90_20220831 03,439.97296142578125
90_20220831 04,471.123291015625
90_20220831 05,471.58050537109375
90_20220831 06,528.9016723632812
90_20220831 07,733.2804565429688
90_20220831 08,1308.384765625
90_20220831 09,1861.932861328125
90_20220831 10,2090.288818359375
90_20220831 11,2131.76806640625
90_20220831 12,2145.13818359375
90_20220831 13,2159.276123046875
90_20220831 14,2241.70556640625
90_20220831 15,2220.72607421875
90_20220831 16,2208.85302734375
90_20220831 17,2151.499267578125
90_20220831 18,2069.06787109375
90_20220831 19,1943.348876953125
90_20220831 20,1905.508544921875
90_20220831 21,1478.66015625
90_20220831 22,1074.486572265625
90_20220831 23,784.4596557617188
91_20220825 00,479.3976135253906
91_20220825 01,470.396728515625
91_20220825 02,483.0748596191406
91_20220825 03,489.85662841796875
91_20220825 04,480.4495544433594
91_20220825 05,485.77972412109375
91_20220825 06,501.61932373046875
91_20220825 07,627.5321044921875
91_20220825 08,731.7628173828125
91_20220825 09,1076.7100830078125
91_20220825 10,1883.264892578125
91_20220825 11,2467.4111328125
91_20220825 12,2383.78271484375
91_20220825 13,2387.99072265625
91_20220825 14,2288.79150390625
91_20220825 15,2275.151611328125
91_20220825 16,2260.83642578125
91_20220825 17,2200.58544921875
91_20220825 18,2174.40478515625
91_20220825 19,1944.257568359375
91_20220825 20,1635.800048828125
91_20220825 21,1149.21533203125
91_20220825 22,828.9998779296875
91_20220825 23,490.5299377441406
91_20220826 00,448.6517639160156
91_20220826 01,446.575439453125
91_20220826 02,455.49273681640625
91_20220826 03,459.9424743652344
91_20220826 04,456.6080627441406
91_20220826 05,463.28887939453125
91_20220826 06,478.13751220703125
91_20220826 07,587.4230346679688
91_20220826 08,668.9132690429688
91_20220826 09,986.7374877929688
91_20220826 10,1772.328125
91_20220826 11,2382.85400390625
91_20220826 12,2316.411376953125
91_20220826 13,2290.1484375
91_20220826 14,2265.901611328125
91_20220826 15,2268.783447265625
91_20220826 16,2237.71728515625
91_20220826 17,2181.416015625
91_20220826 18,2225.11328125
91_20220826 19,2001.986572265625
91_20220826 20,1665.157470703125
91_20220826 21,1171.2841796875
91_20220826 22,854.2138671875
91_20220826 23,504.66046142578125
91_20220827 00,474.1957092285156
91_20220827 01,473.45281982421875
91_20220827 02,490.1256408691406
91_20220827 03,488.70611572265625
91_20220827 04,479.71942138671875
91_20220827 05,491.73028564453125
91_20220827 06,528.7789306640625
91_20220827 07,628.042724609375
91_20220827 08,728.3154296875
91_20220827 09,1066.8726806640625
91_20220827 10,1919.1064453125
91_20220827 11,2458.86376953125
91_20220827 12,2371.85107421875
91_20220827 13,2318.011474609375
91_20220827 14,2298.856689453125
91_20220827 15,2280.86279296875
91_20220827 16,2277.318359375
91_20220827 17,2204.226806640625
91_20220827 18,2105.15380859375
91_20220827 19,1944.8648681640625
91_20220827 20,1602.3948974609375
91_20220827 21,1152.4859619140625
91_20220827 22,805.35693359375
91_20220827 23,490.91082763671875
91_20220828 00,423.4267578125
91_20220828 01,430.59259033203125
91_20220828 02,436.0286560058594
91_20220828 03,438.6078186035156
91_20220828 04,429.193359375
91_20220828 05,442.36102294921875
91_20220828 06,455.32073974609375
91_20220828 07,493.88201904296875
91_20220828 08,551.3551635742188
91_20220828 09,675.3372802734375
91_20220828 10,1083.407958984375
91_20220828 11,1634.4051513671875
91_20220828 12,1618.3336181640625
91_20220828 13,1669.770263671875
91_20220828 14,1660.6246337890625
91_20220828 15,1719.1334228515625
91_20220828 16,1643.0140380859375
91_20220828 17,1627.2841796875
91_20220828 18,1638.1590576171875
91_20220828 19,1613.5751953125
91_20220828 20,1139.281982421875
91_20220828 21,608.0772705078125
91_20220828 22,465.68524169921875
91_20220828 23,435.65185546875
91_20220829 00,464.2762756347656
91_20220829 01,468.917724609375
91_20220829 02,479.244140625
91_20220829 03,477.45294189453125
91_20220829 04,474.3173828125
91_20220829 05,494.33294677734375
91_20220829 06,495.353271484375
91_20220829 07,608.5779418945312
91_20220829 08,703.5532836914062
91_20220829 09,979.2752685546875
91_20220829 10,1705.8736572265625
91_20220829 11,2191.807373046875
91_20220829 12,2109.17138671875
91_20220829 13,2132.119140625
91_20220829 14,2071.4619140625
91_20220829 15,2057.826904296875
91_20220829 16,2066.030517578125
91_20220829 17,2022.5142822265625
91_20220829 18,1959.3909912109375
91_20220829 19,1871.291015625
91_20220829 20,1549.718017578125
91_20220829 21,1184.04833984375
91_20220829 22,878.8153076171875
91_20220829 23,537.6791381835938
91_20220830 00,498.12445068359375
91_20220830 01,496.2640075683594
91_20220830 02,503.7379455566406
91_20220830 03,498.7626953125
91_20220830 04,497.8675231933594
91_20220830 05,509.1995544433594
91_20220830 06,545.2330322265625
91_20220830 07,643.6697387695312
91_20220830 08,741.5751342773438
91_20220830 09,1080.6253662109375
91_20220830 10,1903.3316650390625
91_20220830 11,2481.93212890625
91_20220830 12,2403.35400390625
91_20220830 13,2354.613037109375
91_20220830 14,2363.904541015625
91_20220830 15,2350.119140625
91_20220830 16,2350.267822265625
91_20220830 17,2313.53466796875
91_20220830 18,2279.40478515625
91_20220830 19,2113.120361328125
91_20220830 20,1745.0816650390625
91_20220830 21,1235.933837890625
91_20220830 22,893.1385498046875
91_20220830 23,553.2031860351562
91_20220831 00,497.13848876953125
91_20220831 01,484.81884765625
91_20220831 02,483.86212158203125
91_20220831 03,486.995849609375
91_20220831 04,487.5794372558594
91_20220831 05,489.30615234375
91_20220831 06,505.62152099609375
91_20220831 07,633.432373046875
91_20220831 08,725.0439453125
91_20220831 09,1009.7130126953125
91_20220831 10,1866.774169921875
91_20220831 11,2437.158203125
91_20220831 12,2350.82958984375
91_20220831 13,2337.78955078125
91_20220831 14,2302.7724609375
91_20220831 15,2268.820068359375
91_20220831 16,2244.3212890625
91_20220831 17,2150.23583984375
91_20220831 18,2116.43017578125
91_20220831 19,1941.212646484375
91_20220831 20,1637.9136962890625
91_20220831 21,1150.3924560546875
91_20220831 22,858.7269287109375
91_20220831 23,523.9503173828125
92_20220825 00,495.3863220214844
92_20220825 01,477.93023681640625
92_20220825 02,475.76434326171875
92_20220825 03,466.4740295410156
92_20220825 04,472.23248291015625
92_20220825 05,477.89117431640625
92_20220825 06,612.565673828125
92_20220825 07,917.7056884765625
92_20220825 08,1024.8734130859375
92_20220825 09,1447.8380126953125
92_20220825 10,1715.4794921875
92_20220825 11,1725.410888671875
92_20220825 12,1754.8880615234375
92_20220825 13,1753.9609375
92_20220825 14,1728.5244140625
92_20220825 15,1713.865234375
92_20220825 16,1673.0240478515625
92_20220825 17,1671.782470703125
92_20220825 18,1680.2584228515625
92_20220825 19,1650.6976318359375
92_20220825 20,1657.2073974609375
92_20220825 21,1540.410888671875
92_20220825 22,1347.9971923828125
92_20220825 23,772.5377197265625
92_20220826 00,490.8939514160156
92_20220826 01,468.9270935058594
92_20220826 02,465.588623046875
92_20220826 03,471.81591796875
92_20220826 04,466.90960693359375
92_20220826 05,470.8216247558594
92_20220826 06,614.884521484375
92_20220826 07,943.6204223632812
92_20220826 08,1103.137451171875
92_20220826 09,1505.080810546875
92_20220826 10,1752.051513671875
92_20220826 11,1737.3525390625
92_20220826 12,1790.2369384765625
92_20220826 13,1712.0406494140625
92_20220826 14,1734.0361328125
92_20220826 15,1708.514892578125
92_20220826 16,1678.539794921875
92_20220826 17,1666.482666015625
92_20220826 18,1685.4925537109375
92_20220826 19,1716.913818359375
92_20220826 20,1700.920166015625
92_20220826 21,1582.2764892578125
92_20220826 22,1370.513916015625
92_20220826 23,801.58349609375
92_20220827 00,510.1133728027344
92_20220827 01,490.13323974609375
92_20220827 02,484.19708251953125
92_20220827 03,480.9637145996094
92_20220827 04,485.65032958984375
92_20220827 05,491.708251953125
92_20220827 06,637.0943603515625
92_20220827 07,933.3259887695312
92_20220827 08,1079.6295166015625
92_20220827 09,1483.2904052734375
92_20220827 10,1718.180908203125
92_20220827 11,1732.2047119140625
92_20220827 12,1789.9564208984375
92_20220827 13,1793.279296875
92_20220827 14,1796.733154296875
92_20220827 15,1792.263671875
92_20220827 16,1784.1910400390625
92_20220827 17,1749.9105224609375
92_20220827 18,1738.2886962890625
92_20220827 19,1685.6832275390625
92_20220827 20,1652.4329833984375
92_20220827 21,1542.928466796875
92_20220827 22,1330.2406005859375
92_20220827 23,761.7030029296875
92_20220828 00,449.77667236328125
92_20220828 01,458.8001403808594
92_20220828 02,449.3794860839844
92_20220828 03,451.6647033691406
92_20220828 04,458.8517150878906
92_20220828 05,453.23492431640625
92_20220828 06,581.1365966796875
92_20220828 07,739.3818969726562
92_20220828 08,817.2847290039062
92_20220828 09,1006.8568115234375
92_20220828 10,989.6452026367188
92_20220828 11,1009.2392578125
92_20220828 12,916.8199462890625
92_20220828 13,926.5172729492188
92_20220828 14,907.9861450195312
92_20220828 15,897.3357543945312
92_20220828 16,818.7769775390625
92_20220828 17,711.0330810546875
92_20220828 18,702.82373046875
92_20220828 19,738.3958740234375
92_20220828 20,729.6477661132812
92_20220828 21,677.0631713867188
92_20220828 22,649.1976318359375
92_20220828 23,599.1370239257812
92_20220829 00,494.9852600097656
92_20220829 01,474.090087890625
92_20220829 02,462.40008544921875
92_20220829 03,458.6556701660156
92_20220829 04,451.1499938964844
92_20220829 05,468.817138671875
92_20220829 06,592.9503173828125
92_20220829 07,928.5269775390625
92_20220829 08,1093.439697265625
92_20220829 09,1504.135498046875
92_20220829 10,1744.481689453125
92_20220829 11,1743.5452880859375
92_20220829 12,1744.485107421875
92_20220829 13,1732.5257568359375
92_20220829 14,1725.4359130859375
92_20220829 15,1706.791259765625
92_20220829 16,1658.489013671875
92_20220829 17,1642.595458984375
92_20220829 18,1648.900390625
92_20220829 19,1660.29296875
92_20220829 20,1674.729248046875
92_20220829 21,1538.1912841796875
92_20220829 22,1339.560302734375
92_20220829 23,759.7703247070312
92_20220830 00,478.4376525878906
92_20220830 01,458.13287353515625
92_20220830 02,450.5985412597656
92_20220830 03,459.38494873046875
92_20220830 04,462.28118896484375
92_20220830 05,461.76763916015625
92_20220830 06,600.9176025390625
92_20220830 07,927.9368896484375
92_20220830 08,1047.5244140625
92_20220830 09,1511.659912109375
92_20220830 10,1737.4456787109375
92_20220830 11,1735.2724609375
92_20220830 12,1745.246826171875
92_20220830 13,1757.693603515625
92_20220830 14,1755.5660400390625
92_20220830 15,1737.1956787109375
92_20220830 16,1687.9547119140625
92_20220830 17,1672.160888671875
92_20220830 18,1681.750244140625
92_20220830 19,1674.6458740234375
92_20220830 20,1673.3118896484375
92_20220830 21,1552.561279296875
92_20220830 22,1360.33251953125
92_20220830 23,789.966552734375
92_20220831 00,485.9508361816406
92_20220831 01,465.73419189453125
92_20220831 02,458.93353271484375
92_20220831 03,463.240234375
92_20220831 04,467.5347595214844
92_20220831 05,474.7057189941406
92_20220831 06,606.9227905273438
92_20220831 07,935.32861328125
92_20220831 08,1094.227783203125
92_20220831 09,1509.173095703125
92_20220831 10,1730.601318359375
92_20220831 11,1706.024169921875
92_20220831 12,1709.852294921875
92_20220831 13,1701.767822265625
92_20220831 14,1722.425537109375
92_20220831 15,1695.6197509765625
92_20220831 16,1667.478515625
92_20220831 17,1663.448486328125
92_20220831 18,1661.348876953125
92_20220831 19,1682.4105224609375
92_20220831 20,1665.2705078125
92_20220831 21,1546.8526611328125
92_20220831 22,1357.012451171875
92_20220831 23,782.5206298828125
93_20220825 00,785.5051879882812
93_20220825 01,680.4434814453125
93_20220825 02,739.5613403320312
93_20220825 03,778.5909423828125
93_20220825 04,780.2125244140625
93_20220825 05,832.6980590820312
93_20220825 06,1005.5935668945312
93_20220825 07,1100.198486328125
93_20220825 08,1229.3990478515625
93_20220825 09,1279.359130859375
93_20220825 10,1327.544921875
93_20220825 11,1326.639404296875
93_20220825 12,1344.4039306640625
93_20220825 13,1345.0367431640625
93_20220825 14,1331.2672119140625
93_20220825 15,1291.9423828125
93_20220825 16,1288.6751708984375
93_20220825 17,1299.5001220703125
93_20220825 18,1274.821533203125
93_20220825 19,1245.8502197265625
93_20220825 20,1218.213134765625
93_20220825 21,1138.5518798828125
93_20220825 22,905.0755615234375
93_20220825 23,816.0880126953125
93_20220826 00,768.5211791992188
93_20220826 01,662.782470703125
93_20220826 02,717.9283447265625
93_20220826 03,765.3829345703125
93_20220826 04,767.096923828125
93_20220826 05,825.96044921875
93_20220826 06,1022.5037841796875
93_20220826 07,1083.8502197265625
93_20220826 08,1219.31787109375
93_20220826 09,1293.840087890625
93_20220826 10,1354.177978515625
93_20220826 11,1369.322509765625
93_20220826 12,1361.883056640625
93_20220826 13,1382.0584716796875
93_20220826 14,1364.5546875
93_20220826 15,1361.356201171875
93_20220826 16,1349.9989013671875
93_20220826 17,1342.792724609375
93_20220826 18,1328.31591796875
93_20220826 19,1289.7978515625
93_20220826 20,1269.685791015625
93_20220826 21,1212.7076416015625
93_20220826 22,948.0285034179688
93_20220826 23,854.7132568359375
93_20220827 00,818.1245727539062
93_20220827 01,693.1597900390625
93_20220827 02,780.0020751953125
93_20220827 03,781.8279418945312
93_20220827 04,774.2822265625
93_20220827 05,815.24658203125
93_20220827 06,958.5572509765625
93_20220827 07,1071.517333984375
93_20220827 08,1184.8857421875
93_20220827 09,1281.8673095703125
93_20220827 10,1363.0386962890625
93_20220827 11,1329.980712890625
93_20220827 12,1389.9176025390625
93_20220827 13,1388.08251953125
93_20220827 14,1356.185791015625
93_20220827 15,1350.392578125
93_20220827 16,1336.2208251953125
93_20220827 17,1341.932373046875
93_20220827 18,1337.7388916015625
93_20220827 19,1273.4071044921875
93_20220827 20,1262.518310546875
93_20220827 21,1165.5546875
93_20220827 22,890.7344970703125
93_20220827 23,814.2967529296875
93_20220828 00,773.2191162109375
93_20220828 01,656.8082275390625
93_20220828 02,731.7992553710938
93_20220828 03,722.533447265625
93_20220828 04,736.2058715820312
93_20220828 05,818.8277587890625
93_20220828 06,970.3068237304688
93_20220828 07,1094.4464111328125
93_20220828 08,1204.1522216796875
93_20220828 09,1282.0943603515625
93_20220828 10,1382.4439697265625
93_20220828 11,1343.38671875
93_20220828 12,1379.26318359375
93_20220828 13,1373.760986328125
93_20220828 14,1336.349853515625
93_20220828 15,1306.5445556640625
93_20220828 16,1286.6474609375
93_20220828 17,1289.6396484375
93_20220828 18,1281.439453125
93_20220828 19,1243.396728515625
93_20220828 20,1238.142822265625
93_20220828 21,1156.252685546875
93_20220828 22,903.7991943359375
93_20220828 23,821.0980224609375
93_20220829 00,751.0662231445312
93_20220829 01,676.9342651367188
93_20220829 02,710.5950927734375
93_20220829 03,748.3746337890625
93_20220829 04,736.55322265625
93_20220829 05,795.0775146484375
93_20220829 06,999.8444213867188
93_20220829 07,1105.766845703125
93_20220829 08,1142.724853515625
93_20220829 09,1223.314697265625
93_20220829 10,1265.509521484375
93_20220829 11,1278.1087646484375
93_20220829 12,1279.194580078125
93_20220829 13,1286.3076171875
93_20220829 14,1273.796630859375
93_20220829 15,1275.8944091796875
93_20220829 16,1266.796875
93_20220829 17,1265.168212890625
93_20220829 18,1250.708251953125
93_20220829 19,1226.033447265625
93_20220829 20,1181.333251953125
93_20220829 21,1102.8326416015625
93_20220829 22,872.35888671875
93_20220829 23,775.5449829101562
93_20220830 00,730.08984375
93_20220830 01,663.7736206054688
93_20220830 02,671.7056274414062
93_20220830 03,729.5858154296875
93_20220830 04,730.1897583007812
93_20220830 05,793.4385986328125
93_20220830 06,998.3876953125
93_20220830 07,1092.41796875
93_20220830 08,1168.7030029296875
93_20220830 09,1223.1611328125
93_20220830 10,1281.2880859375
93_20220830 11,1284.6915283203125
93_20220830 12,1285.11083984375
93_20220830 13,1294.5244140625
93_20220830 14,1282.281005859375
93_20220830 15,1282.786376953125
93_20220830 16,1265.5240478515625
93_20220830 17,1275.119873046875
93_20220830 18,1269.0003662109375
93_20220830 19,1248.0885009765625
93_20220830 20,1210.788818359375
93_20220830 21,1118.060302734375
93_20220830 22,895.88330078125
93_20220830 23,814.311279296875
93_20220831 00,752.7549438476562
93_20220831 01,687.1161499023438
93_20220831 02,718.5924682617188
93_20220831 03,751.0330200195312
93_20220831 04,766.8218383789062
93_20220831 05,826.3724365234375
93_20220831 06,1026.0321044921875
93_20220831 07,1126.813232421875
93_20220831 08,1190.853759765625
93_20220831 09,1243.816650390625
93_20220831 10,1311.3568115234375
93_20220831 11,1323.7774658203125
93_20220831 12,1322.9312744140625
93_20220831 13,1317.960205078125
93_20220831 14,1313.5843505859375
93_20220831 15,1286.701416015625
93_20220831 16,1276.079345703125
93_20220831 17,1287.708984375
93_20220831 18,1256.8486328125
93_20220831 19,1242.648193359375
93_20220831 20,1196.814697265625
93_20220831 21,1127.0146484375
93_20220831 22,883.9951171875
93_20220831 23,786.7583618164062
94_20220825 00,1716.174072265625
94_20220825 01,1648.2982177734375
94_20220825 02,1618.327880859375
94_20220825 03,1540.086181640625
94_20220825 04,1548.126220703125
94_20220825 05,1654.447998046875
94_20220825 06,1939.415283203125
94_20220825 07,2260.355224609375
94_20220825 08,2491.47705078125
94_20220825 09,2642.677734375
94_20220825 10,2744.2509765625
94_20220825 11,2767.804443359375
94_20220825 12,2739.8984375
94_20220825 13,2815.53271484375
94_20220825 14,2825.068359375
94_20220825 15,2715.737060546875
94_20220825 16,2763.535888671875
94_20220825 17,2785.24365234375
94_20220825 18,2635.10107421875
94_20220825 19,2580.412109375
94_20220825 20,2434.158203125
94_20220825 21,2074.685546875
94_20220825 22,1819.8492431640625
94_20220825 23,1679.719970703125
94_20220826 00,1559.220947265625
94_20220826 01,1517.9990234375
94_20220826 02,1473.188232421875
94_20220826 03,1481.637939453125
94_20220826 04,1494.0185546875
94_20220826 05,1620.7120361328125
94_20220826 06,1921.9000244140625
94_20220826 07,2310.677001953125
94_20220826 08,2510.120849609375
94_20220826 09,2680.477783203125
94_20220826 10,2770.96484375
94_20220826 11,2845.760986328125
94_20220826 12,2809.4091796875
94_20220826 13,2933.24609375
94_20220826 14,2988.904052734375
94_20220826 15,3004.411376953125
94_20220826 16,3066.290283203125
94_20220826 17,2976.33935546875
94_20220826 18,2885.907470703125
94_20220826 19,2833.375
94_20220826 20,2792.01513671875
94_20220826 21,2476.05224609375
94_20220826 22,2133.9716796875
94_20220826 23,1948.412109375
94_20220827 00,1808.641357421875
94_20220827 01,1748.673583984375
94_20220827 02,1605.693115234375
94_20220827 03,1525.3873291015625
94_20220827 04,1500.657470703125
94_20220827 05,1665.315673828125
94_20220827 06,2107.468017578125
94_20220827 07,2374.202392578125
94_20220827 08,2460.40185546875
94_20220827 09,2549.74658203125
94_20220827 10,2580.329345703125
94_20220827 11,2686.517333984375
94_20220827 12,2773.788330078125
94_20220827 13,2827.88037109375
94_20220827 14,2843.986572265625
94_20220827 15,2814.85693359375
94_20220827 16,2770.59716796875
94_20220827 17,2839.045654296875
94_20220827 18,2792.189697265625
94_20220827 19,2677.9208984375
94_20220827 20,2523.915771484375
94_20220827 21,2179.967041015625
94_20220827 22,1844.730224609375
94_20220827 23,1691.421142578125
94_20220828 00,1641.024658203125
94_20220828 01,1514.6126708984375
94_20220828 02,1495.531494140625
94_20220828 03,1404.4339599609375
94_20220828 04,1439.9075927734375
94_20220828 05,1610.12890625
94_20220828 06,1993.230712890625
94_20220828 07,2419.729736328125
94_20220828 08,2526.490966796875
94_20220828 09,2514.41357421875
94_20220828 10,2616.057373046875
94_20220828 11,2648.70751953125
94_20220828 12,2660.97412109375
94_20220828 13,2808.77978515625
94_20220828 14,2773.159912109375
94_20220828 15,2824.23974609375
94_20220828 16,2889.020263671875
94_20220828 17,2933.029541015625
94_20220828 18,2807.83837890625
94_20220828 19,2689.85498046875
94_20220828 20,2543.45703125
94_20220828 21,2218.5888671875
94_20220828 22,1921.1754150390625
94_20220828 23,1804.853515625
94_20220829 00,1596.4173583984375
94_20220829 01,1556.21484375
94_20220829 02,1481.0989990234375
94_20220829 03,1413.113525390625
94_20220829 04,1384.749267578125
94_20220829 05,1497.898681640625
94_20220829 06,1950.7796630859375
94_20220829 07,2253.192138671875
94_20220829 08,2346.888671875
94_20220829 09,2525.9443359375
94_20220829 10,2639.692626953125
94_20220829 11,2613.585205078125
94_20220829 12,2592.70654296875
94_20220829 13,2660.037109375
94_20220829 14,2637.14453125
94_20220829 15,2671.302001953125
94_20220829 16,2618.610595703125
94_20220829 17,2593.982421875
94_20220829 18,2440.330322265625
94_20220829 19,2446.8779296875
94_20220829 20,2299.61962890625
94_20220829 21,1965.3258056640625
94_20220829 22,1688.0465087890625
94_20220829 23,1600.6514892578125
94_20220830 00,1496.242919921875
94_20220830 01,1471.2716064453125
94_20220830 02,1461.44140625
94_20220830 03,1409.607666015625
94_20220830 04,1411.70458984375
94_20220830 05,1551.1944580078125
94_20220830 06,1853.2535400390625
94_20220830 07,2222.6240234375
94_20220830 08,2350.95458984375
94_20220830 09,2419.839599609375
94_20220830 10,2540.130126953125
94_20220830 11,2519.28271484375
94_20220830 12,2492.81005859375
94_20220830 13,2590.98779296875
94_20220830 14,2574.73486328125
94_20220830 15,2573.18701171875
94_20220830 16,2562.82666015625
94_20220830 17,2580.9169921875
94_20220830 18,2410.03369140625
94_20220830 19,2264.362060546875
94_20220830 20,2143.22802734375
94_20220830 21,1902.508544921875
94_20220830 22,1713.1409912109375
94_20220830 23,1627.1058349609375
94_20220831 00,1537.947021484375
94_20220831 01,1509.0096435546875
94_20220831 02,1489.0526123046875
94_20220831 03,1450.3052978515625
94_20220831 04,1464.295166015625
94_20220831 05,1574.4716796875
94_20220831 06,1888.269775390625
94_20220831 07,2226.52978515625
94_20220831 08,2442.12646484375
94_20220831 09,2543.356689453125
94_20220831 10,2622.34521484375
94_20220831 11,2685.698486328125
94_20220831 12,2678.018798828125
94_20220831 13,2777.79150390625
94_20220831 14,2821.09130859375
94_20220831 15,2828.56201171875
94_20220831 16,2830.876953125
94_20220831 17,2830.2421875
94_20220831 18,2682.292724609375
94_20220831 19,2640.7724609375
94_20220831 20,2572.34228515625
94_20220831 21,2180.395263671875
94_20220831 22,1817.7142333984375
94_20220831 23,1671.0631103515625
95_20220825 00,781.0508422851562
95_20220825 01,747.471923828125
95_20220825 02,752.9443359375
95_20220825 03,763.7705078125
95_20220825 04,779.0335083007812
95_20220825 05,885.6273193359375
95_20220825 06,903.5255126953125
95_20220825 07,954.0821533203125
95_20220825 08,981.5993041992188
95_20220825 09,1218.1148681640625
95_20220825 10,1403.1820068359375
95_20220825 11,1331.0711669921875
95_20220825 12,1390.1263427734375
95_20220825 13,1411.980712890625
95_20220825 14,1318.991943359375
95_20220825 15,1317.7540283203125
95_20220825 16,1320.2882080078125
95_20220825 17,1240.96142578125
95_20220825 18,1126.2060546875
95_20220825 19,1192.2786865234375
95_20220825 20,1031.1473388671875
95_20220825 21,932.3741455078125
95_20220825 22,869.0748291015625
95_20220825 23,822.2593994140625
95_20220826 00,783.2633666992188
95_20220826 01,761.139892578125
95_20220826 02,780.4584350585938
95_20220826 03,758.7603149414062
95_20220826 04,791.8870239257812
95_20220826 05,883.1423950195312
95_20220826 06,928.8712158203125
95_20220826 07,1027.299560546875
95_20220826 08,1032.8072509765625
95_20220826 09,1247.1282958984375
95_20220826 10,1381.96630859375
95_20220826 11,1421.0037841796875
95_20220826 12,1418.39697265625
95_20220826 13,1392.8994140625
95_20220826 14,1365.8663330078125
95_20220826 15,1286.586181640625
95_20220826 16,1321.5150146484375
95_20220826 17,1236.849609375
95_20220826 18,1110.58935546875
95_20220826 19,1231.2003173828125
95_20220826 20,1098.1754150390625
95_20220826 21,982.4339599609375
95_20220826 22,865.2097778320312
95_20220826 23,870.3411254882812
95_20220827 00,922.1473388671875
95_20220827 01,880.4498291015625
95_20220827 02,826.6857299804688
95_20220827 03,826.5391845703125
95_20220827 04,821.4137573242188
95_20220827 05,949.00927734375
95_20220827 06,1020.1954345703125
95_20220827 07,1013.3753662109375
95_20220827 08,1173.7086181640625
95_20220827 09,1421.666259765625
95_20220827 10,1487.8760986328125
95_20220827 11,1415.839111328125
95_20220827 12,1322.37841796875
95_20220827 13,1454.025146484375
95_20220827 14,1409.741943359375
95_20220827 15,1294.313720703125
95_20220827 16,1274.360107421875
95_20220827 17,1260.7247314453125
95_20220827 18,1115.09814453125
95_20220827 19,1306.686767578125
95_20220827 20,1217.529052734375
95_20220827 21,1091.977294921875
95_20220827 22,1038.459716796875
95_20220827 23,984.5075073242188
95_20220828 00,973.751953125
95_20220828 01,914.4696044921875
95_20220828 02,864.4578247070312
95_20220828 03,846.2869873046875
95_20220828 04,844.7042846679688
95_20220828 05,958.7669677734375
95_20220828 06,1055.8126220703125
95_20220828 07,1068.9530029296875
95_20220828 08,1184.7506103515625
95_20220828 09,1481.3291015625
95_20220828 10,1496.545166015625
95_20220828 11,1425.831787109375
95_20220828 12,1390.689697265625
95_20220828 13,1353.095458984375
95_20220828 14,1298.59912109375
95_20220828 15,1236.301025390625
95_20220828 16,1152.396484375
95_20220828 17,1088.410400390625
95_20220828 18,1089.563232421875
95_20220828 19,1211.7115478515625
95_20220828 20,1050.49609375
95_20220828 21,950.85595703125
95_20220828 22,926.5099487304688
95_20220828 23,884.86279296875
95_20220829 00,821.3951416015625
95_20220829 01,818.7903442382812
95_20220829 02,807.4541015625
95_20220829 03,771.9866943359375
95_20220829 04,768.1627197265625
95_20220829 05,906.1769409179688
95_20220829 06,949.7132568359375
95_20220829 07,1029.8638916015625
95_20220829 08,1038.682373046875
95_20220829 09,1313.3558349609375
95_20220829 10,1357.991943359375
95_20220829 11,1301.271240234375
95_20220829 12,1331.835693359375
95_20220829 13,1317.469970703125
95_20220829 14,1296.294677734375
95_20220829 15,1255.252685546875
95_20220829 16,1230.9873046875
95_20220829 17,1154.522216796875
95_20220829 18,976.6201171875
95_20220829 19,1032.056396484375
95_20220829 20,1062.0184326171875
95_20220829 21,919.2190551757812
95_20220829 22,840.6306762695312
95_20220829 23,896.1239013671875
95_20220830 00,797.531494140625
95_20220830 01,739.7711791992188
95_20220830 02,784.226318359375
95_20220830 03,793.53857421875
95_20220830 04,784.35693359375
95_20220830 05,902.9595947265625
95_20220830 06,961.5392456054688
95_20220830 07,996.2152099609375
95_20220830 08,1028.611083984375
95_20220830 09,1213.53125
95_20220830 10,1291.5650634765625
95_20220830 11,1365.73828125
95_20220830 12,1332.068359375
95_20220830 13,1262.842041015625
95_20220830 14,1223.213134765625
95_20220830 15,1255.3533935546875
95_20220830 16,1232.484130859375
95_20220830 17,1146.8170166015625
95_20220830 18,972.8406372070312
95_20220830 19,1095.0174560546875
95_20220830 20,946.5149536132812
95_20220830 21,875.240234375
95_20220830 22,801.7305908203125
95_20220830 23,812.8292846679688
95_20220831 00,748.1403198242188
95_20220831 01,715.5050048828125
95_20220831 02,709.7977905273438
95_20220831 03,727.7039794921875
95_20220831 04,746.5665893554688
95_20220831 05,887.3284301757812
95_20220831 06,961.625
95_20220831 07,948.9738159179688
95_20220831 08,1063.201904296875
95_20220831 09,1217.3577880859375
95_20220831 10,1355.4588623046875
95_20220831 11,1286.6171875
95_20220831 12,1335.4263916015625
95_20220831 13,1363.072998046875
95_20220831 14,1238.2545166015625
95_20220831 15,1247.187744140625
95_20220831 16,1202.71923828125
95_20220831 17,1101.0447998046875
95_20220831 18,1056.6282958984375
95_20220831 19,1161.072998046875
95_20220831 20,977.3410034179688
95_20220831 21,897.6638793945312
95_20220831 22,873.3162231445312
95_20220831 23,821.2542724609375
96_20220825 00,1980.143310546875
96_20220825 01,1940.463134765625
96_20220825 02,1914.7916259765625
96_20220825 03,1903.875
96_20220825 04,1917.602783203125
96_20220825 05,1960.15625
96_20220825 06,2205.971923828125
96_20220825 07,2520.16650390625
96_20220825 08,2906.44873046875
96_20220825 09,3170.61669921875
96_20220825 10,3357.798828125
96_20220825 11,3396.74853515625
96_20220825 12,3475.91162109375
96_20220825 13,3549.517578125
96_20220825 14,3533.89599609375
96_20220825 15,3478.39111328125
96_20220825 16,3499.246826171875
96_20220825 17,3536.666748046875
96_20220825 18,3381.42529296875
96_20220825 19,3334.3671875
96_20220825 20,3211.158935546875
96_20220825 21,3113.021728515625
96_20220825 22,2573.47314453125
96_20220825 23,2339.41796875
96_20220826 00,2156.73779296875
96_20220826 01,2098.8525390625
96_20220826 02,2060.710205078125
96_20220826 03,2031.974365234375
96_20220826 04,2027.3623046875
96_20220826 05,2041.8232421875
96_20220826 06,2299.7802734375
96_20220826 07,2572.264892578125
96_20220826 08,2834.92041015625
96_20220826 09,3110.8095703125
96_20220826 10,3277.796875
96_20220826 11,3430.002685546875
96_20220826 12,3482.817626953125
96_20220826 13,3462.409423828125
96_20220826 14,3539.964111328125
96_20220826 15,3519.06396484375
96_20220826 16,3459.415283203125
96_20220826 17,3475.75048828125
96_20220826 18,3360.46630859375
96_20220826 19,3328.098388671875
96_20220826 20,3168.008544921875
96_20220826 21,3083.130126953125
96_20220826 22,2575.6318359375
96_20220826 23,2328.27392578125
96_20220827 00,2135.912353515625
96_20220827 01,2057.39111328125
96_20220827 02,2035.5550537109375
96_20220827 03,2024.601806640625
96_20220827 04,2025.6461181640625
96_20220827 05,2020.2034912109375
96_20220827 06,2237.918212890625
96_20220827 07,2598.47802734375
96_20220827 08,2971.712158203125
96_20220827 09,3284.869140625
96_20220827 10,3500.395263671875
96_20220827 11,3539.353515625
96_20220827 12,3529.478515625
96_20220827 13,3546.143798828125
96_20220827 14,3527.83740234375
96_20220827 15,3619.200439453125
96_20220827 16,3559.45849609375
96_20220827 17,3559.95849609375
96_20220827 18,3532.380126953125
96_20220827 19,3318.4921875
96_20220827 20,3168.26708984375
96_20220827 21,3090.09228515625
96_20220827 22,2521.50146484375
96_20220827 23,2237.119140625
96_20220828 00,2074.940673828125
96_20220828 01,2027.0863037109375
96_20220828 02,1968.6842041015625
96_20220828 03,1948.37109375
96_20220828 04,1925.395751953125
96_20220828 05,2019.503173828125
96_20220828 06,2174.057373046875
96_20220828 07,2540.311279296875
96_20220828 08,2899.51513671875
96_20220828 09,3193.247314453125
96_20220828 10,3354.794189453125
96_20220828 11,3428.54296875
96_20220828 12,3501.56591796875
96_20220828 13,3521.65234375
96_20220828 14,3427.080078125
96_20220828 15,3420.67724609375
96_20220828 16,3380.62109375
96_20220828 17,3319.24072265625
96_20220828 18,3260.4306640625
96_20220828 19,3186.5673828125
96_20220828 20,3065.26953125
96_20220828 21,3016.106201171875
96_20220828 22,2424.32373046875
96_20220828 23,2251.020751953125
96_20220829 00,2026.8480224609375
96_20220829 01,1974.757080078125
96_20220829 02,1949.2406005859375
96_20220829 03,1919.9193115234375
96_20220829 04,1943.4193115234375
96_20220829 05,1951.1077880859375
96_20220829 06,2190.083251953125
96_20220829 07,2509.67333984375
96_20220829 08,2891.167236328125
96_20220829 09,3162.88916015625
96_20220829 10,3382.137451171875
96_20220829 11,3372.49951171875
96_20220829 12,3504.680419921875
96_20220829 13,3532.082763671875
96_20220829 14,3548.073486328125
96_20220829 15,3483.75
96_20220829 16,3445.564453125
96_20220829 17,3481.43408203125
96_20220829 18,3404.903076171875
96_20220829 19,3320.99609375
96_20220829 20,3169.80029296875
96_20220829 21,3085.8740234375
96_20220829 22,2528.715576171875
96_20220829 23,2340.04736328125
96_20220830 00,2130.27880859375
96_20220830 01,2051.99462890625
96_20220830 02,2016.6900634765625
96_20220830 03,2010.0396728515625
96_20220830 04,2008.0260009765625
96_20220830 05,2073.1484375
96_20220830 06,2311.705322265625
96_20220830 07,2663.618896484375
96_20220830 08,2982.15673828125
96_20220830 09,3221.65380859375
96_20220830 10,3418.54150390625
96_20220830 11,3473.79345703125
96_20220830 12,3463.813232421875
96_20220830 13,3453.51171875
96_20220830 14,3464.53466796875
96_20220830 15,3466.28369140625
96_20220830 16,3444.49365234375
96_20220830 17,3476.210205078125
96_20220830 18,3375.78076171875
96_20220830 19,3292.399169921875
96_20220830 20,3139.1748046875
96_20220830 21,3039.443115234375
96_20220830 22,2584.315673828125
96_20220830 23,2345.960693359375
96_20220831 00,2131.982177734375
96_20220831 01,2095.070068359375
96_20220831 02,2022.4564208984375
96_20220831 03,2026.982421875
96_20220831 04,2033.583251953125
96_20220831 05,2127.93798828125
96_20220831 06,2323.364990234375
96_20220831 07,2619.33642578125
96_20220831 08,2926.25048828125
96_20220831 09,3164.96044921875
96_20220831 10,3356.52392578125
96_20220831 11,3356.26416015625
96_20220831 12,3368.37158203125
96_20220831 13,3395.42578125
96_20220831 14,3320.06298828125
96_20220831 15,3237.2392578125
96_20220831 16,3230.18359375
96_20220831 17,3249.53857421875
96_20220831 18,3180.31298828125
96_20220831 19,3047.850830078125
96_20220831 20,2952.486083984375
96_20220831 21,2809.497802734375
96_20220831 22,2376.800537109375
96_20220831 23,2131.70263671875
97_20220825 00,901.2247924804688
97_20220825 01,838.64404296875
97_20220825 02,827.8914184570312
97_20220825 03,817.4002075195312
97_20220825 04,851.1613159179688
97_20220825 05,967.5247192382812
97_20220825 06,987.0383911132812
97_20220825 07,1069.84716796875
97_20220825 08,1283.4705810546875
97_20220825 09,1458.69140625
97_20220825 10,1491.9415283203125
97_20220825 11,1495.0093994140625
97_20220825 12,1510.59521484375
97_20220825 13,1620.624755859375
97_20220825 14,1629.0343017578125
97_20220825 15,1605.94189453125
97_20220825 16,1595.442138671875
97_20220825 17,1588.315673828125
97_20220825 18,1556.455322265625
97_20220825 19,1519.739501953125
97_20220825 20,1493.9146728515625
97_20220825 21,1394.513427734375
97_20220825 22,1201.321044921875
97_20220825 23,1028.71240234375
97_20220826 00,923.4235229492188
97_20220826 01,867.2945556640625
97_20220826 02,841.0143432617188
97_20220826 03,828.9319458007812
97_20220826 04,883.7928466796875
97_20220826 05,1001.8216552734375
97_20220826 06,1064.122802734375
97_20220826 07,1097.85693359375
97_20220826 08,1295.767333984375
97_20220826 09,1481.6983642578125
97_20220826 10,1448.6162109375
97_20220826 11,1479.483154296875
97_20220826 12,1504.170166015625
97_20220826 13,1590.0343017578125
97_20220826 14,1577.757080078125
97_20220826 15,1573.556884765625
97_20220826 16,1546.948486328125
97_20220826 17,1544.0870361328125
97_20220826 18,1551.876953125
97_20220826 19,1532.2906494140625
97_20220826 20,1499.4241943359375
97_20220826 21,1425.127197265625
97_20220826 22,1209.340087890625
97_20220826 23,1055.080810546875
97_20220827 00,942.361328125
97_20220827 01,902.4537963867188
97_20220827 02,890.5855712890625
97_20220827 03,847.9312744140625
97_20220827 04,897.9954833984375
97_20220827 05,1001.9103393554688
97_20220827 06,1050.7198486328125
97_20220827 07,1160.6468505859375
97_20220827 08,1342.3743896484375
97_20220827 09,1507.3348388671875
97_20220827 10,1486.5634765625
97_20220827 11,1488.5643310546875
97_20220827 12,1531.5806884765625
97_20220827 13,1593.3927001953125
97_20220827 14,1681.4228515625
97_20220827 15,1709.3961181640625
97_20220827 16,1684.987060546875
97_20220827 17,1596.9130859375
97_20220827 18,1548.2940673828125
97_20220827 19,1486.117431640625
97_20220827 20,1420.9520263671875
97_20220827 21,1338.974609375
97_20220827 22,1135.5865478515625
97_20220827 23,950.5960083007812
97_20220828 00,903.9619140625
97_20220828 01,852.2355346679688
97_20220828 02,830.3189697265625
97_20220828 03,767.0518798828125
97_20220828 04,801.2476806640625
97_20220828 05,933.3626098632812
97_20220828 06,944.8200073242188
97_20220828 07,1128.3974609375
97_20220828 08,1266.4622802734375
97_20220828 09,1431.114013671875
97_20220828 10,1469.501708984375
97_20220828 11,1437.0506591796875
97_20220828 12,1469.1771240234375
97_20220828 13,1570.358642578125
97_20220828 14,1622.859130859375
97_20220828 15,1624.2318115234375
97_20220828 16,1587.4332275390625
97_20220828 17,1534.4390869140625
97_20220828 18,1491.099365234375
97_20220828 19,1425.552734375
97_20220828 20,1358.870361328125
97_20220828 21,1261.6475830078125
97_20220828 22,1048.1295166015625
97_20220828 23,915.4659423828125
97_20220829 00,873.9490356445312
97_20220829 01,843.7125244140625
97_20220829 02,822.6929931640625
97_20220829 03,817.1881713867188
97_20220829 04,836.4454956054688
97_20220829 05,958.3226318359375
97_20220829 06,969.0476684570312
97_20220829 07,1006.2947998046875
97_20220829 08,1207.374267578125
97_20220829 09,1436.4677734375
97_20220829 10,1489.4765625
97_20220829 11,1472.248046875
97_20220829 12,1491.124755859375
97_20220829 13,1590.029052734375
97_20220829 14,1594.25634765625
97_20220829 15,1560.5435791015625
97_20220829 16,1563.3275146484375
97_20220829 17,1553.2896728515625
97_20220829 18,1525.650634765625
97_20220829 19,1495.849609375
97_20220829 20,1457.3177490234375
97_20220829 21,1329.40087890625
97_20220829 22,1165.31298828125
97_20220829 23,1038.60107421875
97_20220830 00,915.06494140625
97_20220830 01,859.9680786132812
97_20220830 02,818.0374145507812
97_20220830 03,794.5572509765625
97_20220830 04,800.5016479492188
97_20220830 05,930.8473510742188
97_20220830 06,984.0149536132812
97_20220830 07,1042.405029296875
97_20220830 08,1311.9500732421875
97_20220830 09,1521.1353759765625
97_20220830 10,1549.410888671875
97_20220830 11,1606.4703369140625
97_20220830 12,1655.390380859375
97_20220830 13,1762.6900634765625
97_20220830 14,1758.634765625
97_20220830 15,1739.6663818359375
97_20220830 16,1621.77978515625
97_20220830 17,1665.6168212890625
97_20220830 18,1648.619873046875
97_20220830 19,1631.095703125
97_20220830 20,1538.770263671875
97_20220830 21,1441.775634765625
97_20220830 22,1221.9833984375
97_20220830 23,1030.554931640625
97_20220831 00,887.2451171875
97_20220831 01,916.5662231445312
97_20220831 02,899.1365966796875
97_20220831 03,897.2591552734375
97_20220831 04,945.6910400390625
97_20220831 05,1059.137451171875
97_20220831 06,1054.363525390625
97_20220831 07,1117.132568359375
97_20220831 08,1339.6455078125
97_20220831 09,1467.207275390625
97_20220831 10,1507.701416015625
97_20220831 11,1491.009033203125
97_20220831 12,1493.331787109375
97_20220831 13,1577.1007080078125
97_20220831 14,1563.0511474609375
97_20220831 15,1552.728759765625
97_20220831 16,1521.423828125
97_20220831 17,1513.295654296875
97_20220831 18,1507.9544677734375
97_20220831 19,1480.2701416015625
97_20220831 20,1441.022705078125
97_20220831 21,1320.502685546875
97_20220831 22,1094.242431640625
97_20220831 23,971.4363403320312
98_20220825 00,504.21112060546875
98_20220825 01,467.8924865722656
98_20220825 02,479.2969665527344
98_20220825 03,503.66815185546875
98_20220825 04,666.3597412109375
98_20220825 05,810.0422973632812
98_20220825 06,966.4942626953125
98_20220825 07,1108.362060546875
98_20220825 08,1222.6629638671875
98_20220825 09,1360.2001953125
98_20220825 10,1467.845458984375
98_20220825 11,1555.160888671875
98_20220825 12,1569.02099609375
98_20220825 13,1549.298095703125
98_20220825 14,1544.966796875
98_20220825 15,1519.2359619140625
98_20220825 16,1528.0614013671875
98_20220825 17,1546.8900146484375
98_20220825 18,1456.750732421875
98_20220825 19,1364.5338134765625
98_20220825 20,1266.3572998046875
98_20220825 21,1064.700927734375
98_20220825 22,791.82275390625
98_20220825 23,699.3969116210938
98_20220826 00,547.1098022460938
98_20220826 01,513.5634765625
98_20220826 02,509.68701171875
98_20220826 03,495.7945251464844
98_20220826 04,677.3084716796875
98_20220826 05,786.7506713867188
98_20220826 06,941.4767456054688
98_20220826 07,1087.2545166015625
98_20220826 08,1203.2835693359375
98_20220826 09,1346.43994140625
98_20220826 10,1505.323974609375
98_20220826 11,1527.297119140625
98_20220826 12,1560.9461669921875
98_20220826 13,1568.4849853515625
98_20220826 14,1526.9154052734375
98_20220826 15,1517.5921630859375
98_20220826 16,1517.8284912109375
98_20220826 17,1522.0823974609375
98_20220826 18,1450.7340087890625
98_20220826 19,1378.39990234375
98_20220826 20,1303.2755126953125
98_20220826 21,1108.6898193359375
98_20220826 22,744.1282958984375
98_20220826 23,665.078125
98_20220827 00,571.5335693359375
98_20220827 01,509.95416259765625
98_20220827 02,477.68267822265625
98_20220827 03,481.763671875
98_20220827 04,689.3486938476562
98_20220827 05,803.0665283203125
98_20220827 06,957.6980590820312
98_20220827 07,1122.107666015625
98_20220827 08,1223.430908203125
98_20220827 09,1354.811279296875
98_20220827 10,1476.9205322265625
98_20220827 11,1506.1943359375
98_20220827 12,1552.9122314453125
98_20220827 13,1568.4547119140625
98_20220827 14,1542.6453857421875
98_20220827 15,1530.546142578125
98_20220827 16,1544.0772705078125
98_20220827 17,1524.549072265625
98_20220827 18,1398.3521728515625
98_20220827 19,1208.8028564453125
98_20220827 20,1171.379150390625
98_20220827 21,1042.326416015625
98_20220827 22,800.7216186523438
98_20220827 23,693.844482421875
98_20220828 00,545.8294677734375
98_20220828 01,511.2596130371094
98_20220828 02,481.5829162597656
98_20220828 03,483.3330993652344
98_20220828 04,618.28955078125
98_20220828 05,747.9072265625
98_20220828 06,873.5667724609375
98_20220828 07,1004.0478515625
98_20220828 08,1131.693603515625
98_20220828 09,1262.211669921875
98_20220828 10,1400.5867919921875
98_20220828 11,1400.6630859375
98_20220828 12,1436.208740234375
98_20220828 13,1429.915283203125
98_20220828 14,1422.0296630859375
98_20220828 15,1416.534423828125
98_20220828 16,1429.3026123046875
98_20220828 17,1424.802001953125
98_20220828 18,1261.418701171875
98_20220828 19,1135.718505859375
98_20220828 20,1065.4349365234375
98_20220828 21,929.4660034179688
98_20220828 22,779.8626098632812
98_20220828 23,662.5482177734375
98_20220829 00,509.48876953125
98_20220829 01,478.36669921875
98_20220829 02,464.9207458496094
98_20220829 03,458.82269287109375
98_20220829 04,660.8072509765625
98_20220829 05,771.6641845703125
98_20220829 06,901.6273193359375
98_20220829 07,1011.6691284179688
98_20220829 08,1145.2078857421875
98_20220829 09,1277.732421875
98_20220829 10,1449.862548828125
98_20220829 11,1490.3521728515625
98_20220829 12,1490.0875244140625
98_20220829 13,1503.425537109375
98_20220829 14,1480.873291015625
98_20220829 15,1465.6732177734375
98_20220829 16,1473.337158203125
98_20220829 17,1521.712646484375
98_20220829 18,1436.561767578125
98_20220829 19,1335.091552734375
98_20220829 20,1232.242919921875
98_20220829 21,1087.053955078125
98_20220829 22,765.681396484375
98_20220829 23,676.5255737304688
98_20220830 00,536.2522583007812
98_20220830 01,497.3826599121094
98_20220830 02,478.20294189453125
98_20220830 03,451.3121643066406
98_20220830 04,695.2633666992188
98_20220830 05,798.38037109375
98_20220830 06,919.59521484375
98_20220830 07,1034.4281005859375
98_20220830 08,1202.1593017578125
98_20220830 09,1321.2738037109375
98_20220830 10,1429.5081787109375
98_20220830 11,1449.9173583984375
98_20220830 12,1450.034912109375
98_20220830 13,1455.993408203125
98_20220830 14,1474.526611328125
98_20220830 15,1465.72607421875
98_20220830 16,1469.934326171875
98_20220830 17,1492.0584716796875
98_20220830 18,1422.883056640625
98_20220830 19,1333.162841796875
98_20220830 20,1227.8228759765625
98_20220830 21,1024.507080078125
98_20220830 22,754.7073364257812
98_20220830 23,652.2067260742188
98_20220831 00,517.8369140625
98_20220831 01,485.6341857910156
98_20220831 02,487.4330139160156
98_20220831 03,500.86328125
98_20220831 04,709.4053344726562
98_20220831 05,830.1774291992188
98_20220831 06,953.619140625
98_20220831 07,1031.214111328125
98_20220831 08,1156.166748046875
98_20220831 09,1255.4388427734375
98_20220831 10,1366.8055419921875
98_20220831 11,1403.7135009765625
98_20220831 12,1416.0640869140625
98_20220831 13,1421.8170166015625
98_20220831 14,1415.267333984375
98_20220831 15,1389.302978515625
98_20220831 16,1425.996337890625
98_20220831 17,1408.2530517578125
98_20220831 18,1351.5430908203125
98_20220831 19,1280.603271484375
98_20220831 20,1170.19580078125
98_20220831 21,990.0427856445312
98_20220831 22,732.3982543945312
98_20220831 23,631.0484619140625
99_20220825 00,691.9510498046875
99_20220825 01,652.6956176757812
99_20220825 02,600.7318725585938
99_20220825 03,593.5609741210938
99_20220825 04,590.3419189453125
99_20220825 05,631.7252197265625
99_20220825 06,770.4608154296875
99_20220825 07,922.0303955078125
99_20220825 08,1116.892822265625
99_20220825 09,1365.57763671875
99_20220825 10,1440.6497802734375
99_20220825 11,1328.696533203125
99_20220825 12,1300.6087646484375
99_20220825 13,1357.669677734375
99_20220825 14,1422.342041015625
99_20220825 15,1442.5296630859375
99_20220825 16,1475.893310546875
99_20220825 17,1430.42822265625
99_20220825 18,1360.6766357421875
99_20220825 19,1254.313232421875
99_20220825 20,1244.133544921875
99_20220825 21,1109.91748046875
99_20220825 22,912.55078125
99_20220825 23,769.3307495117188
99_20220826 00,686.034912109375
99_20220826 01,647.936767578125
99_20220826 02,595.7283935546875
99_20220826 03,591.406494140625
99_20220826 04,595.35205078125
99_20220826 05,632.2053833007812
99_20220826 06,759.4107666015625
99_20220826 07,959.5137939453125
99_20220826 08,1178.010009765625
99_20220826 09,1486.677490234375
99_20220826 10,1568.0166015625
99_20220826 11,1429.0040283203125
99_20220826 12,1390.2786865234375
99_20220826 13,1423.83203125
99_20220826 14,1473.6051025390625
99_20220826 15,1503.4512939453125
99_20220826 16,1528.1260986328125
99_20220826 17,1542.1319580078125
99_20220826 18,1437.689697265625
99_20220826 19,1356.7977294921875
99_20220826 20,1321.1346435546875
99_20220826 21,1211.2080078125
99_20220826 22,965.3634643554688
99_20220826 23,803.7643432617188
99_20220827 00,735.1773681640625
99_20220827 01,678.5113525390625
99_20220827 02,646.517578125
99_20220827 03,608.783447265625
99_20220827 04,609.2940673828125
99_20220827 05,666.2098388671875
99_20220827 06,802.3475341796875
99_20220827 07,965.28662109375
99_20220827 08,1150.294189453125
99_20220827 09,1473.621826171875
99_20220827 10,1536.363525390625
99_20220827 11,1398.037841796875
99_20220827 12,1399.33984375
99_20220827 13,1440.8310546875
99_20220827 14,1477.3348388671875
99_20220827 15,1487.033203125
99_20220827 16,1553.6656494140625
99_20220827 17,1538.7674560546875
99_20220827 18,1455.9833984375
99_20220827 19,1339.6058349609375
99_20220827 20,1313.2376708984375
99_20220827 21,1163.072265625
99_20220827 22,951.9046020507812
99_20220827 23,843.8947143554688
99_20220828 00,743.9161376953125
99_20220828 01,680.1748046875
99_20220828 02,660.1700439453125
99_20220828 03,629.2319946289062
99_20220828 04,597.7353515625
99_20220828 05,659.0645751953125
99_20220828 06,797.853515625
99_20220828 07,967.0021362304688
99_20220828 08,1148.93115234375
99_20220828 09,1468.05859375
99_20220828 10,1500.7247314453125
99_20220828 11,1358.791748046875
99_20220828 12,1349.964599609375
99_20220828 13,1411.7236328125
99_20220828 14,1462.397705078125
99_20220828 15,1474.39599609375
99_20220828 16,1544.896240234375
99_20220828 17,1560.2421875
99_20220828 18,1460.89453125
99_20220828 19,1352.00732421875
99_20220828 20,1297.5030517578125
99_20220828 21,1152.481201171875
99_20220828 22,941.943359375
99_20220828 23,823.4840698242188
99_20220829 00,701.4480590820312
99_20220829 01,660.1143798828125
99_20220829 02,606.880615234375
99_20220829 03,601.1785888671875
99_20220829 04,600.4548950195312
99_20220829 05,662.3656005859375
99_20220829 06,787.6754760742188
99_20220829 07,932.1373291015625
99_20220829 08,1146.673095703125
99_20220829 09,1406.123046875
99_20220829 10,1454.236572265625
99_20220829 11,1316.006103515625
99_20220829 12,1301.328125
99_20220829 13,1357.7635498046875
99_20220829 14,1390.918701171875
99_20220829 15,1410.942626953125
99_20220829 16,1451.6739501953125
99_20220829 17,1448.2926025390625
99_20220829 18,1377.562255859375
99_20220829 19,1293.618896484375
99_20220829 20,1288.1807861328125
99_20220829 21,1156.3511962890625
99_20220829 22,951.7960815429688
99_20220829 23,789.3894653320312
99_20220830 00,694.8268432617188
99_20220830 01,652.881103515625
99_20220830 02,606.029296875
99_20220830 03,601.35595703125
99_20220830 04,599.8187866210938
99_20220830 05,662.3929443359375
99_20220830 06,776.4179077148438
99_20220830 07,930.0714111328125
99_20220830 08,1138.311767578125
99_20220830 09,1393.1944580078125
99_20220830 10,1413.6007080078125
99_20220830 11,1278.5328369140625
99_20220830 12,1251.6015625
99_20220830 13,1311.167236328125
99_20220830 14,1367.530517578125
99_20220830 15,1402.8099365234375
99_20220830 16,1438.2218017578125
99_20220830 17,1445.9466552734375
99_20220830 18,1364.965576171875
99_20220830 19,1255.0263671875
99_20220830 20,1256.6142578125
99_20220830 21,1114.8572998046875
99_20220830 22,937.8859252929688
99_20220830 23,799.4464111328125
99_20220831 00,695.1842651367188
99_20220831 01,642.2205810546875
99_20220831 02,613.6635131835938
99_20220831 03,609.8483276367188
99_20220831 04,609.6696166992188
99_20220831 05,670.1747436523438
99_20220831 06,779.4710083007812
99_20220831 07,928.4530029296875
99_20220831 08,1107.7613525390625
99_20220831 09,1371.637939453125
99_20220831 10,1389.072265625
99_20220831 11,1260.849365234375
99_20220831 12,1254.52197265625
99_20220831 13,1299.8997802734375
99_20220831 14,1363.9019775390625
99_20220831 15,1404.933349609375
99_20220831 16,1423.7626953125
99_20220831 17,1426.64990234375
99_20220831 18,1349.90869140625
99_20220831 19,1242.2208251953125
99_20220831 20,1236.03125
99_20220831 21,1112.6754150390625
99_20220831 22,892.4461669921875
99_20220831 23,769.8484497070312
100_20220825 00,450.5381774902344
100_20220825 01,396.3019714355469
100_20220825 02,382.75946044921875
100_20220825 03,379.8211669921875
100_20220825 04,380.30706787109375
100_20220825 05,402.6083984375
100_20220825 06,604.8668212890625
100_20220825 07,803.6510620117188
100_20220825 08,912.2662353515625
100_20220825 09,1013.4713134765625
100_20220825 10,1061.8253173828125
100_20220825 11,1082.9232177734375
100_20220825 12,1111.6546630859375
100_20220825 13,1119.2158203125
100_20220825 14,1100.83837890625
100_20220825 15,1140.642822265625
100_20220825 16,1093.226806640625
100_20220825 17,1074.043212890625
100_20220825 18,1023.5780029296875
100_20220825 19,915.4764404296875
100_20220825 20,862.3889770507812
100_20220825 21,763.0604858398438
100_20220825 22,669.3492431640625
100_20220825 23,548.6676635742188
100_20220826 00,437.279052734375
100_20220826 01,403.01898193359375
100_20220826 02,374.058349609375
100_20220826 03,377.83660888671875
100_20220826 04,377.8306579589844
100_20220826 05,416.2608337402344
100_20220826 06,586.2570190429688
100_20220826 07,792.099853515625
100_20220826 08,881.7884521484375
100_20220826 09,990.6267700195312
100_20220826 10,1110.163818359375
100_20220826 11,1048.012451171875
100_20220826 12,1051.8271484375
100_20220826 13,1098.00732421875
100_20220826 14,1137.134521484375
100_20220826 15,1139.769775390625
100_20220826 16,1141.513916015625
100_20220826 17,1149.3519287109375
100_20220826 18,1090.67138671875
100_20220826 19,1013.6033325195312
100_20220826 20,923.5729370117188
100_20220826 21,825.9010009765625
100_20220826 22,733.798583984375
100_20220826 23,582.4581298828125
100_20220827 00,460.9856872558594
100_20220827 01,418.41943359375
100_20220827 02,402.4530944824219
100_20220827 03,394.87030029296875
100_20220827 04,380.18365478515625
100_20220827 05,421.17724609375
100_20220827 06,629.6138305664062
100_20220827 07,821.5833129882812
100_20220827 08,914.7640380859375
100_20220827 09,996.919921875
100_20220827 10,1098.6295166015625
100_20220827 11,1002.6852416992188
100_20220827 12,1018.7169799804688
100_20220827 13,1124.3638916015625
100_20220827 14,1112.156982421875
100_20220827 15,1171.0216064453125
100_20220827 16,1171.2674560546875
100_20220827 17,1123.4051513671875
100_20220827 18,1032.715576171875
100_20220827 19,990.46923828125
100_20220827 20,902.7388916015625
100_20220827 21,831.8800659179688
100_20220827 22,754.5072021484375
100_20220827 23,593.2550048828125
100_20220828 00,442.37969970703125
100_20220828 01,404.0640869140625
100_20220828 02,384.63067626953125
100_20220828 03,383.47076416015625
100_20220828 04,367.0255432128906
100_20220828 05,406.77984619140625
100_20220828 06,593.7845458984375
100_20220828 07,786.623779296875
100_20220828 08,870.1607666015625
100_20220828 09,980.1902465820312
100_20220828 10,1083.377685546875
100_20220828 11,1001.3876953125
100_20220828 12,1004.9114990234375
100_20220828 13,1056.7557373046875
100_20220828 14,1062.8258056640625
100_20220828 15,1170.219482421875
100_20220828 16,1191.865478515625
100_20220828 17,1145.460205078125
100_20220828 18,1119.18310546875
100_20220828 19,999.1624755859375
100_20220828 20,916.96630859375
100_20220828 21,828.7598876953125
100_20220828 22,747.009765625
100_20220828 23,584.067626953125
100_20220829 00,453.1129455566406
100_20220829 01,416.9977111816406
100_20220829 02,401.1731262207031
100_20220829 03,389.83819580078125
100_20220829 04,392.67559814453125
100_20220829 05,427.76629638671875
100_20220829 06,611.5198364257812
100_20220829 07,809.6734619140625
100_20220829 08,901.9761962890625
100_20220829 09,984.5960083007812
100_20220829 10,1078.7464599609375
100_20220829 11,1010.0074462890625
100_20220829 12,1015.5852661132812
100_20220829 13,1011.3759765625
100_20220829 14,1008.7227783203125
100_20220829 15,1059.612060546875
100_20220829 16,1087.7178955078125
100_20220829 17,1078.529296875
100_20220829 18,1019.9349365234375
100_20220829 19,971.5714111328125
100_20220829 20,882.6604614257812
100_20220829 21,801.0494384765625
100_20220829 22,700.7339477539062
100_20220829 23,561.5931396484375
100_20220830 00,433.53668212890625
100_20220830 01,386.45477294921875
100_20220830 02,379.5838317871094
100_20220830 03,380.97613525390625
100_20220830 04,382.10491943359375
100_20220830 05,421.67926025390625
100_20220830 06,603.9328002929688
100_20220830 07,788.9287109375
100_20220830 08,886.7799682617188
100_20220830 09,968.1429443359375
100_20220830 10,1014.8095703125
100_20220830 11,1010.2127075195312
100_20220830 12,1020.53662109375
100_20220830 13,1019.8958129882812
100_20220830 14,1022.7902221679688
100_20220830 15,1015.3646240234375
100_20220830 16,1032.640869140625
100_20220830 17,1023.7896728515625
100_20220830 18,1007.4464721679688
100_20220830 19,932.6749877929688
100_20220830 20,874.7962646484375
100_20220830 21,780.0697021484375
100_20220830 22,698.1878662109375
100_20220830 23,579.1300659179688
100_20220831 00,409.87603759765625
100_20220831 01,389.80889892578125
100_20220831 02,373.97808837890625
100_20220831 03,376.4294738769531
100_20220831 04,377.639892578125
100_20220831 05,403.90252685546875
100_20220831 06,607.9732666015625
100_20220831 07,801.9149780273438
100_20220831 08,891.54345703125
100_20220831 09,978.9611206054688
100_20220831 10,1032.2340087890625
100_20220831 11,1012.2052001953125
100_20220831 12,1035.2049560546875
100_20220831 13,1025.0687255859375
100_20220831 14,1023.0950317382812
100_20220831 15,1025.2562255859375
100_20220831 16,1035.85595703125
100_20220831 17,1027.2003173828125
100_20220831 18,1034.1822509765625
100_20220831 19,949.6851806640625
100_20220831 20,879.3997802734375
100_20220831 21,778.5350341796875
100_20220831 22,665.33935546875
100_20220831 23,564.6317749023438
