num_date_time,answer
1_20220825 00,2042.7515869140625
1_20220825 01,1908.9722900390625
1_20220825 02,1754.0806884765625
1_20220825 03,1679.2568359375
1_20220825 04,1692.7216796875
1_20220825 05,1887.4342041015625
1_20220825 06,2197.6279296875
1_20220825 07,2453.76806640625
1_20220825 08,2928.29248046875
1_20220825 09,3336.87353515625
1_20220825 10,3808.79248046875
1_20220825 11,4009.963623046875
1_20220825 12,4060.61865234375
1_20220825 13,4103.1689453125
1_20220825 14,4302.423828125
1_20220825 15,3907.615234375
1_20220825 16,3851.571044921875
1_20220825 17,3531.2890625
1_20220825 18,2875.3779296875
1_20220825 19,2599.26416015625
1_20220825 20,2468.020263671875
1_20220825 21,2116.80615234375
1_20220825 22,1649.716064453125
1_20220825 23,2171.9404296875
1_20220826 00,2166.34765625
1_20220826 01,2087.09033203125
1_20220826 02,1930.757080078125
1_20220826 03,1824.033203125
1_20220826 04,1825.623291015625
1_20220826 05,2058.13623046875
1_20220826 06,2193.150146484375
1_20220826 07,2458.06103515625
1_20220826 08,2994.485595703125
1_20220826 09,3337.34912109375
1_20220826 10,3839.02880859375
1_20220826 11,4063.76904296875
1_20220826 12,4067.766845703125
1_20220826 13,4268.1123046875
1_20220826 14,4255.91943359375
1_20220826 15,4238.53125
1_20220826 16,4098.1533203125
1_20220826 17,3641.216796875
1_20220826 18,2983.48828125
1_20220826 19,2761.72412109375
1_20220826 20,2507.8359375
1_20220826 21,2177.49267578125
1_20220826 22,1655.5035400390625
1_20220826 23,2126.6748046875
1_20220827 00,2083.99365234375
1_20220827 01,1961.259765625
1_20220827 02,1819.416748046875
1_20220827 03,1716.2705078125
1_20220827 04,1738.094482421875
1_20220827 05,1901.132568359375
1_20220827 06,2139.072021484375
1_20220827 07,2296.41796875
1_20220827 08,2493.71044921875
1_20220827 09,2934.18212890625
1_20220827 10,3554.223876953125
1_20220827 11,3625.540283203125
1_20220827 12,3601.362060546875
1_20220827 13,3650.0546875
1_20220827 14,3677.088623046875
1_20220827 15,3678.745361328125
1_20220827 16,3638.51513671875
1_20220827 17,3513.346435546875
1_20220827 18,2918.12841796875
1_20220827 19,2608.635986328125
1_20220827 20,2459.80322265625
1_20220827 21,2095.8994140625
1_20220827 22,1495.3780517578125
1_20220827 23,1998.618408203125
1_20220828 00,1826.2213134765625
1_20220828 01,1723.9573974609375
1_20220828 02,1579.3209228515625
1_20220828 03,1527.5589599609375
1_20220828 04,1525.754150390625
1_20220828 05,1565.6270751953125
1_20220828 06,1761.6959228515625
1_20220828 07,1822.8291015625
1_20220828 08,2142.462890625
1_20220828 09,2420.75927734375
1_20220828 10,2983.848388671875
1_20220828 11,3228.8203125
1_20220828 12,3291.072265625
1_20220828 13,3351.12744140625
1_20220828 14,3352.013671875
1_20220828 15,3331.517578125
1_20220828 16,3330.77099609375
1_20220828 17,3287.16748046875
1_20220828 18,2939.96240234375
1_20220828 19,2557.07373046875
1_20220828 20,2427.99951171875
1_20220828 21,2091.058349609375
1_20220828 22,1551.091064453125
1_20220828 23,2136.43603515625
1_20220829 00,2175.017333984375
1_20220829 01,2094.26318359375
1_20220829 02,1994.225830078125
1_20220829 03,1856.894775390625
1_20220829 04,1927.096923828125
1_20220829 05,2097.51318359375
1_20220829 06,2199.744873046875
1_20220829 07,2392.20361328125
1_20220829 08,2760.850830078125
1_20220829 09,3294.80029296875
1_20220829 10,3705.58251953125
1_20220829 11,3802.444580078125
1_20220829 12,3814.550048828125
1_20220829 13,3837.783203125
1_20220829 14,3878.34423828125
1_20220829 15,3753.168701171875
1_20220829 16,3728.079345703125
1_20220829 17,3504.45068359375
1_20220829 18,2831.08203125
1_20220829 19,2535.56982421875
1_20220829 20,2382.62548828125
1_20220829 21,2082.950439453125
1_20220829 22,1533.2548828125
1_20220829 23,2089.42431640625
1_20220830 00,2096.283203125
1_20220830 01,1993.243896484375
1_20220830 02,1871.0101318359375
1_20220830 03,1725.045654296875
1_20220830 04,1760.4547119140625
1_20220830 05,1953.8238525390625
1_20220830 06,2163.296875
1_20220830 07,2443.477783203125
1_20220830 08,2994.94921875
1_20220830 09,3357.367919921875
1_20220830 10,3927.23046875
1_20220830 11,4238.8173828125
1_20220830 12,4232.0068359375
1_20220830 13,4246.23486328125
1_20220830 14,4236.39404296875
1_20220830 15,4111.94287109375
1_20220830 16,3934.87060546875
1_20220830 17,3635.964111328125
1_20220830 18,2928.167236328125
1_20220830 19,2710.227294921875
1_20220830 20,2505.62841796875
1_20220830 21,2088.540283203125
1_20220830 22,1646.3160400390625
1_20220830 23,2161.718505859375
1_20220831 00,2149.887939453125
1_20220831 01,2080.544921875
1_20220831 02,1935.730224609375
1_20220831 03,1817.3121337890625
1_20220831 04,1829.571533203125
1_20220831 05,2017.350341796875
1_20220831 06,2170.87744140625
1_20220831 07,2429.605224609375
1_20220831 08,2904.68408203125
1_20220831 09,3305.916748046875
1_20220831 10,3763.270263671875
1_20220831 11,3885.10107421875
1_20220831 12,3947.74658203125
1_20220831 13,3951.91064453125
1_20220831 14,3915.8515625
1_20220831 15,3824.55712890625
1_20220831 16,3788.75830078125
1_20220831 17,3513.82568359375
1_20220831 18,2665.65380859375
1_20220831 19,2575.60595703125
1_20220831 20,2399.931396484375
1_20220831 21,2091.44970703125
1_20220831 22,1497.673828125
1_20220831 23,2066.857421875
2_20220825 00,1308.862548828125
2_20220825 01,1305.574951171875
2_20220825 02,1303.6947021484375
2_20220825 03,1297.68994140625
2_20220825 04,1295.2645263671875
2_20220825 05,1279.88623046875
2_20220825 06,1277.275146484375
2_20220825 07,1273.3131103515625
2_20220825 08,1696.9033203125
2_20220825 09,1970.0150146484375
2_20220825 10,2222.70947265625
2_20220825 11,2187.096435546875
2_20220825 12,2189.012451171875
2_20220825 13,2175.801513671875
2_20220825 14,2278.850830078125
2_20220825 15,2114.21875
2_20220825 16,2220.29541015625
2_20220825 17,2189.87060546875
2_20220825 18,2157.46533203125
2_20220825 19,1985.1917724609375
2_20220825 20,1891.994873046875
2_20220825 21,1616.9068603515625
2_20220825 22,1073.818115234375
2_20220825 23,1341.3265380859375
2_20220826 00,1303.11328125
2_20220826 01,1298.5042724609375
2_20220826 02,1298.3392333984375
2_20220826 03,1289.1915283203125
2_20220826 04,1275.2103271484375
2_20220826 05,1178.5823974609375
2_20220826 06,1170.67822265625
2_20220826 07,1170.3021240234375
2_20220826 08,1717.9954833984375
2_20220826 09,1948.569091796875
2_20220826 10,2187.379150390625
2_20220826 11,2105.63623046875
2_20220826 12,2099.5947265625
2_20220826 13,2112.37548828125
2_20220826 14,2110.766357421875
2_20220826 15,2274.363037109375
2_20220826 16,2138.13818359375
2_20220826 17,2043.096923828125
2_20220826 18,2074.487060546875
2_20220826 19,1887.5374755859375
2_20220826 20,1849.0181884765625
2_20220826 21,1588.178955078125
2_20220826 22,1142.562255859375
2_20220826 23,1344.0474853515625
2_20220827 00,1320.1019287109375
2_20220827 01,1318.562255859375
2_20220827 02,1338.7342529296875
2_20220827 03,1299.1470947265625
2_20220827 04,1276.096435546875
2_20220827 05,1212.811279296875
2_20220827 06,1219.6920166015625
2_20220827 07,1103.192138671875
2_20220827 08,1575.66015625
2_20220827 09,1896.140625
2_20220827 10,2017.268310546875
2_20220827 11,2011.543701171875
2_20220827 12,2091.57080078125
2_20220827 13,2136.094970703125
2_20220827 14,2174.38671875
2_20220827 15,2191.1015625
2_20220827 16,2190.806396484375
2_20220827 17,2147.645751953125
2_20220827 18,2013.7877197265625
2_20220827 19,1763.447265625
2_20220827 20,1574.47216796875
2_20220827 21,1418.549072265625
2_20220827 22,896.9005737304688
2_20220827 23,1326.1041259765625
2_20220828 00,1291.6895751953125
2_20220828 01,1263.7376708984375
2_20220828 02,1266.810791015625
2_20220828 03,1161.5093994140625
2_20220828 04,1138.559326171875
2_20220828 05,1072.897705078125
2_20220828 06,1003.4699096679688
2_20220828 07,1015.1171875
2_20220828 08,1471.8843994140625
2_20220828 09,1718.13671875
2_20220828 10,1950.088134765625
2_20220828 11,1970.192626953125
2_20220828 12,1986.265869140625
2_20220828 13,2031.4918212890625
2_20220828 14,2205.478271484375
2_20220828 15,2224.708740234375
2_20220828 16,2282.854736328125
2_20220828 17,2179.5498046875
2_20220828 18,2049.520263671875
2_20220828 19,1620.714599609375
2_20220828 20,1435.473388671875
2_20220828 21,1310.162109375
2_20220828 22,897.0939331054688
2_20220828 23,1329.5216064453125
2_20220829 00,1284.9664306640625
2_20220829 01,1282.703857421875
2_20220829 02,1281.9273681640625
2_20220829 03,1274.0880126953125
2_20220829 04,1269.6766357421875
2_20220829 05,1198.31787109375
2_20220829 06,1189.882568359375
2_20220829 07,1083.9266357421875
2_20220829 08,1271.4901123046875
2_20220829 09,1277.356689453125
2_20220829 10,1343.9324951171875
2_20220829 11,1325.0242919921875
2_20220829 12,1288.465576171875
2_20220829 13,1398.788818359375
2_20220829 14,1249.9700927734375
2_20220829 15,1410.953369140625
2_20220829 16,1351.1875
2_20220829 17,1248.919677734375
2_20220829 18,1117.8853759765625
2_20220829 19,1168.059326171875
2_20220829 20,1116.077880859375
2_20220829 21,1023.9251098632812
2_20220829 22,871.9884033203125
2_20220829 23,1089.292236328125
2_20220830 00,1164.6827392578125
2_20220830 01,1195.3990478515625
2_20220830 02,1216.071044921875
2_20220830 03,1208.0428466796875
2_20220830 04,1156.6221923828125
2_20220830 05,1074.8685302734375
2_20220830 06,1021.0715942382812
2_20220830 07,1073.5438232421875
2_20220830 08,1690.2890625
2_20220830 09,1962.0908203125
2_20220830 10,2286.057861328125
2_20220830 11,2275.559326171875
2_20220830 12,2053.76708984375
2_20220830 13,2389.80126953125
2_20220830 14,2374.898193359375
2_20220830 15,2406.55810546875
2_20220830 16,2421.105712890625
2_20220830 17,2408.07666015625
2_20220830 18,2352.64892578125
2_20220830 19,2157.642578125
2_20220830 20,2091.1220703125
2_20220830 21,1811.010009765625
2_20220830 22,1066.508056640625
2_20220830 23,1274.0281982421875
2_20220831 00,1248.781005859375
2_20220831 01,1248.964111328125
2_20220831 02,1233.288818359375
2_20220831 03,1210.6068115234375
2_20220831 04,1201.2093505859375
2_20220831 05,1147.0311279296875
2_20220831 06,1132.9306640625
2_20220831 07,1129.80419921875
2_20220831 08,1712.192138671875
2_20220831 09,1928.6839599609375
2_20220831 10,2082.255615234375
2_20220831 11,2033.830810546875
2_20220831 12,2086.81884765625
2_20220831 13,2204.28955078125
2_20220831 14,2229.73291015625
2_20220831 15,2275.804443359375
2_20220831 16,2263.264892578125
2_20220831 17,2221.36669921875
2_20220831 18,2163.223388671875
2_20220831 19,1976.392333984375
2_20220831 20,1878.247314453125
2_20220831 21,1583.871337890625
2_20220831 22,1057.1781005859375
2_20220831 23,1344.7564697265625
3_20220825 00,1059.0447998046875
3_20220825 01,1029.91748046875
3_20220825 02,1007.6636962890625
3_20220825 03,958.9909057617188
3_20220825 04,928.8074340820312
3_20220825 05,945.0070190429688
3_20220825 06,994.41748046875
3_20220825 07,1075.612548828125
3_20220825 08,1192.9923095703125
3_20220825 09,1329.0943603515625
3_20220825 10,1373.2650146484375
3_20220825 11,1407.1513671875
3_20220825 12,1500.53466796875
3_20220825 13,1617.16943359375
3_20220825 14,1733.2496337890625
3_20220825 15,1750.5814208984375
3_20220825 16,1884.1107177734375
3_20220825 17,1915.244140625
3_20220825 18,2337.80322265625
3_20220825 19,2476.310791015625
3_20220825 20,2422.385009765625
3_20220825 21,1924.820068359375
3_20220825 22,1313.285888671875
3_20220825 23,1075.414306640625
3_20220826 00,1025.027099609375
3_20220826 01,982.3841552734375
3_20220826 02,963.6907958984375
3_20220826 03,955.6904296875
3_20220826 04,934.0728759765625
3_20220826 05,952.8043212890625
3_20220826 06,986.2340698242188
3_20220826 07,1065.031494140625
3_20220826 08,1166.318115234375
3_20220826 09,1274.966064453125
3_20220826 10,1329.078369140625
3_20220826 11,1382.3623046875
3_20220826 12,1410.855712890625
3_20220826 13,1569.721435546875
3_20220826 14,1678.6109619140625
3_20220826 15,1766.2103271484375
3_20220826 16,1841.489501953125
3_20220826 17,1930.0546875
3_20220826 18,2413.167724609375
3_20220826 19,2494.0634765625
3_20220826 20,2525.774169921875
3_20220826 21,2206.761474609375
3_20220826 22,1341.188720703125
3_20220826 23,1147.076904296875
3_20220827 00,1092.9342041015625
3_20220827 01,1052.7259521484375
3_20220827 02,998.0270385742188
3_20220827 03,971.55517578125
3_20220827 04,941.080078125
3_20220827 05,929.3712768554688
3_20220827 06,925.9354248046875
3_20220827 07,995.08056640625
3_20220827 08,1097.18359375
3_20220827 09,1239.8265380859375
3_20220827 10,1302.753173828125
3_20220827 11,1347.4349365234375
3_20220827 12,1412.460205078125
3_20220827 13,1509.4324951171875
3_20220827 14,1675.8199462890625
3_20220827 15,1854.005859375
3_20220827 16,2019.5751953125
3_20220827 17,2129.119873046875
3_20220827 18,2302.236572265625
3_20220827 19,2320.709228515625
3_20220827 20,2397.352294921875
3_20220827 21,1776.2835693359375
3_20220827 22,1307.088134765625
3_20220827 23,1123.619384765625
3_20220828 00,1060.635009765625
3_20220828 01,1021.3015747070312
3_20220828 02,1009.6080932617188
3_20220828 03,990.9439697265625
3_20220828 04,958.5084228515625
3_20220828 05,925.9923706054688
3_20220828 06,925.0361328125
3_20220828 07,995.4580078125
3_20220828 08,1096.730712890625
3_20220828 09,1195.9490966796875
3_20220828 10,1258.540771484375
3_20220828 11,1289.102294921875
3_20220828 12,1354.6143798828125
3_20220828 13,1463.2855224609375
3_20220828 14,1608.261474609375
3_20220828 15,1741.7542724609375
3_20220828 16,1812.8206787109375
3_20220828 17,2115.719970703125
3_20220828 18,2205.7529296875
3_20220828 19,2268.89990234375
3_20220828 20,1946.4879150390625
3_20220828 21,1608.056640625
3_20220828 22,1277.1319580078125
3_20220828 23,1129.36767578125
3_20220829 00,1102.0423583984375
3_20220829 01,1053.5137939453125
3_20220829 02,1003.0686645507812
3_20220829 03,988.4500732421875
3_20220829 04,964.5120239257812
3_20220829 05,971.4149169921875
3_20220829 06,958.8489379882812
3_20220829 07,1012.63427734375
3_20220829 08,1083.506591796875
3_20220829 09,1164.5400390625
3_20220829 10,1226.3260498046875
3_20220829 11,1251.5775146484375
3_20220829 12,1246.9964599609375
3_20220829 13,1259.2115478515625
3_20220829 14,1257.452392578125
3_20220829 15,1258.0384521484375
3_20220829 16,1241.9503173828125
3_20220829 17,1237.3746337890625
3_20220829 18,1176.996337890625
3_20220829 19,1188.665283203125
3_20220829 20,1167.1715087890625
3_20220829 21,1062.499755859375
3_20220829 22,1000.41259765625
3_20220829 23,953.07421875
3_20220830 00,955.7264404296875
3_20220830 01,925.70751953125
3_20220830 02,922.4816284179688
3_20220830 03,920.5925903320312
3_20220830 04,920.2127685546875
3_20220830 05,932.7835083007812
3_20220830 06,974.4016723632812
3_20220830 07,1104.385498046875
3_20220830 08,1198.6156005859375
3_20220830 09,1332.1961669921875
3_20220830 10,1409.1502685546875
3_20220830 11,1427.1741943359375
3_20220830 12,1455.6224365234375
3_20220830 13,1539.963134765625
3_20220830 14,1626.10595703125
3_20220830 15,1709.2152099609375
3_20220830 16,1746.086669921875
3_20220830 17,1737.018798828125
3_20220830 18,1723.023193359375
3_20220830 19,1664.986572265625
3_20220830 20,1580.2066650390625
3_20220830 21,1579.947509765625
3_20220830 22,1274.3370361328125
3_20220830 23,1097.898193359375
3_20220831 00,1034.668212890625
3_20220831 01,980.5030517578125
3_20220831 02,963.5700073242188
3_20220831 03,957.18017578125
3_20220831 04,944.5017700195312
3_20220831 05,961.1614990234375
3_20220831 06,962.0494995117188
3_20220831 07,1091.62158203125
3_20220831 08,1163.474609375
3_20220831 09,1271.3079833984375
3_20220831 10,1336.975341796875
3_20220831 11,1341.54638671875
3_20220831 12,1381.8709716796875
3_20220831 13,1491.3013916015625
3_20220831 14,1645.148681640625
3_20220831 15,1754.556396484375
3_20220831 16,1820.767822265625
3_20220831 17,1893.993408203125
3_20220831 18,2303.557373046875
3_20220831 19,2431.69189453125
3_20220831 20,2324.78955078125
3_20220831 21,1881.9700927734375
3_20220831 22,1309.847900390625
3_20220831 23,1093.0731201171875
4_20220825 00,726.1826782226562
4_20220825 01,729.1800537109375
4_20220825 02,731.3538818359375
4_20220825 03,726.6804809570312
4_20220825 04,730.3370361328125
4_20220825 05,726.8995361328125
4_20220825 06,786.8155517578125
4_20220825 07,884.2220458984375
4_20220825 08,1071.3409423828125
4_20220825 09,1241.7568359375
4_20220825 10,1382.734619140625
4_20220825 11,1395.596435546875
4_20220825 12,1385.738037109375
4_20220825 13,1367.234375
4_20220825 14,1328.4581298828125
4_20220825 15,1312.102294921875
4_20220825 16,1283.466552734375
4_20220825 17,1201.0140380859375
4_20220825 18,1052.5111083984375
4_20220825 19,908.90283203125
4_20220825 20,832.7267456054688
4_20220825 21,781.2198486328125
4_20220825 22,771.0953369140625
4_20220825 23,715.663818359375
4_20220826 00,725.4522705078125
4_20220826 01,717.68212890625
4_20220826 02,726.8362426757812
4_20220826 03,715.7496337890625
4_20220826 04,714.9569702148438
4_20220826 05,723.69677734375
4_20220826 06,781.0681762695312
4_20220826 07,879.6556396484375
4_20220826 08,1081.923095703125
4_20220826 09,1246.058349609375
4_20220826 10,1376.38720703125
4_20220826 11,1394.271728515625
4_20220826 12,1385.66455078125
4_20220826 13,1394.8330078125
4_20220826 14,1371.431640625
4_20220826 15,1386.443603515625
4_20220826 16,1361.2554931640625
4_20220826 17,1205.421630859375
4_20220826 18,1076.3140869140625
4_20220826 19,904.3961181640625
4_20220826 20,841.7227783203125
4_20220826 21,790.4188842773438
4_20220826 22,776.3079223632812
4_20220826 23,740.5435791015625
4_20220827 00,735.8070068359375
4_20220827 01,726.7879638671875
4_20220827 02,726.8571166992188
4_20220827 03,708.9732666015625
4_20220827 04,711.1165771484375
4_20220827 05,715.9588623046875
4_20220827 06,768.6995849609375
4_20220827 07,871.8136596679688
4_20220827 08,1076.8372802734375
4_20220827 09,1252.4365234375
4_20220827 10,1365.4658203125
4_20220827 11,1382.854248046875
4_20220827 12,1380.771240234375
4_20220827 13,1376.999267578125
4_20220827 14,1324.0179443359375
4_20220827 15,1323.16650390625
4_20220827 16,1289.0009765625
4_20220827 17,1194.9224853515625
4_20220827 18,1042.2991943359375
4_20220827 19,873.5924682617188
4_20220827 20,821.4139404296875
4_20220827 21,779.1903076171875
4_20220827 22,773.56396484375
4_20220827 23,728.6665649414062
4_20220828 00,712.3243408203125
4_20220828 01,715.9791870117188
4_20220828 02,717.0880126953125
4_20220828 03,714.32177734375
4_20220828 04,713.41064453125
4_20220828 05,722.0968627929688
4_20220828 06,781.5302734375
4_20220828 07,877.1859130859375
4_20220828 08,1066.35986328125
4_20220828 09,1236.447021484375
4_20220828 10,1357.1246337890625
4_20220828 11,1382.977783203125
4_20220828 12,1384.072265625
4_20220828 13,1386.301025390625
4_20220828 14,1338.5057373046875
4_20220828 15,1381.4293212890625
4_20220828 16,1366.6793212890625
4_20220828 17,1251.754638671875
4_20220828 18,1066.806884765625
4_20220828 19,904.408203125
4_20220828 20,824.8004760742188
4_20220828 21,783.3536376953125
4_20220828 22,777.3793334960938
4_20220828 23,732.1005859375
4_20220829 00,727.192626953125
4_20220829 01,723.5333251953125
4_20220829 02,727.1630859375
4_20220829 03,715.0202026367188
4_20220829 04,712.4078979492188
4_20220829 05,717.1513671875
4_20220829 06,778.5543823242188
4_20220829 07,889.4906005859375
4_20220829 08,1091.9251708984375
4_20220829 09,1276.401611328125
4_20220829 10,1397.0931396484375
4_20220829 11,1398.8857421875
4_20220829 12,1396.5831298828125
4_20220829 13,1382.388916015625
4_20220829 14,1336.3348388671875
4_20220829 15,1330.339111328125
4_20220829 16,1296.883056640625
4_20220829 17,1213.318603515625
4_20220829 18,1059.956787109375
4_20220829 19,913.7937622070312
4_20220829 20,845.2119140625
4_20220829 21,784.45947265625
4_20220829 22,750.1680297851562
4_20220829 23,715.7425537109375
4_20220830 00,716.1008911132812
4_20220830 01,713.6505126953125
4_20220830 02,715.3499145507812
4_20220830 03,720.6393432617188
4_20220830 04,726.1486206054688
4_20220830 05,733.4915771484375
4_20220830 06,800.0562744140625
4_20220830 07,904.7462158203125
4_20220830 08,1067.4683837890625
4_20220830 09,1242.145751953125
4_20220830 10,1356.5650634765625
4_20220830 11,1371.285888671875
4_20220830 12,1370.18310546875
4_20220830 13,1349.0445556640625
4_20220830 14,1321.703125
4_20220830 15,1318.139892578125
4_20220830 16,1290.636474609375
4_20220830 17,1220.249267578125
4_20220830 18,1082.558349609375
4_20220830 19,958.5818481445312
4_20220830 20,877.6112060546875
4_20220830 21,806.3722534179688
4_20220830 22,783.1138916015625
4_20220830 23,732.2977294921875
4_20220831 00,734.869140625
4_20220831 01,721.74462890625
4_20220831 02,718.9501953125
4_20220831 03,724.4500122070312
4_20220831 04,722.49462890625
4_20220831 05,727.1439208984375
4_20220831 06,795.5225830078125
4_20220831 07,899.5186767578125
4_20220831 08,1081.261474609375
4_20220831 09,1237.8621826171875
4_20220831 10,1370.5499267578125
4_20220831 11,1384.185791015625
4_20220831 12,1379.656982421875
4_20220831 13,1359.12158203125
4_20220831 14,1316.7476806640625
4_20220831 15,1312.989990234375
4_20220831 16,1281.811767578125
4_20220831 17,1196.8114013671875
4_20220831 18,1054.323486328125
4_20220831 19,908.6017456054688
4_20220831 20,841.6370849609375
4_20220831 21,791.3067626953125
4_20220831 22,768.7870483398438
4_20220831 23,732.3057861328125
5_20220825 00,1883.3193359375
5_20220825 01,1902.841796875
5_20220825 02,1897.9566650390625
5_20220825 03,1899.5562744140625
5_20220825 04,1906.706298828125
5_20220825 05,1976.9927978515625
5_20220825 06,2041.156494140625
5_20220825 07,2253.650390625
5_20220825 08,2706.23095703125
5_20220825 09,3250.954345703125
5_20220825 10,3325.02197265625
5_20220825 11,3289.64306640625
5_20220825 12,3226.930419921875
5_20220825 13,3326.69921875
5_20220825 14,3304.38134765625
5_20220825 15,3163.94384765625
5_20220825 16,2912.968994140625
5_20220825 17,2725.941650390625
5_20220825 18,2160.40966796875
5_20220825 19,1889.7587890625
5_20220825 20,1853.163818359375
5_20220825 21,1744.615234375
5_20220825 22,1696.564453125
5_20220825 23,1697.62109375
5_20220826 00,1945.552001953125
5_20220826 01,1944.9476318359375
5_20220826 02,1904.839111328125
5_20220826 03,1901.6910400390625
5_20220826 04,1926.588134765625
5_20220826 05,2035.0166015625
5_20220826 06,2065.268310546875
5_20220826 07,2296.278564453125
5_20220826 08,3051.25244140625
5_20220826 09,3797.706298828125
5_20220826 10,3947.87548828125
5_20220826 11,5201.6865234375
5_20220826 12,5952.0302734375
5_20220826 13,5842.4169921875
5_20220826 14,5249.22021484375
5_20220826 15,5982.01220703125
5_20220826 16,5315.98681640625
5_20220826 17,5244.13818359375
5_20220826 18,4977.18505859375
5_20220826 19,4977.9150390625
5_20220826 20,5047.51904296875
5_20220826 21,2739.52392578125
5_20220826 22,1864.4052734375
5_20220826 23,1776.738525390625
5_20220827 00,2038.8232421875
5_20220827 01,2002.3033447265625
5_20220827 02,1952.372314453125
5_20220827 03,1945.369873046875
5_20220827 04,1942.3753662109375
5_20220827 05,2053.95166015625
5_20220827 06,2080.993408203125
5_20220827 07,2454.46533203125
5_20220827 08,3329.408203125
5_20220827 09,3711.578125
5_20220827 10,3889.748779296875
5_20220827 11,5902.1923828125
5_20220827 12,6770.4296875
5_20220827 13,6792.69677734375
5_20220827 14,6766.8798828125
5_20220827 15,6787.13037109375
5_20220827 16,6856.8232421875
5_20220827 17,6757.6884765625
5_20220827 18,5942.4267578125
5_20220827 19,5321.30078125
5_20220827 20,5314.19287109375
5_20220827 21,3044.173095703125
5_20220827 22,1817.704833984375
5_20220827 23,1724.8818359375
5_20220828 00,1691.9713134765625
5_20220828 01,1692.2816162109375
5_20220828 02,1707.2122802734375
5_20220828 03,1705.7301025390625
5_20220828 04,1707.4407958984375
5_20220828 05,1854.8902587890625
5_20220828 06,2077.005859375
5_20220828 07,2649.228759765625
5_20220828 08,4918.20068359375
5_20220828 09,6501.19140625
5_20220828 10,6581.36181640625
5_20220828 11,6612.9306640625
5_20220828 12,6817.91650390625
5_20220828 13,6828.58203125
5_20220828 14,6897.6357421875
5_20220828 15,7139.7724609375
5_20220828 16,7075.09375
5_20220828 17,6632.4970703125
5_20220828 18,3104.971435546875
5_20220828 19,2030.4456787109375
5_20220828 20,1812.33984375
5_20220828 21,1893.2474365234375
5_20220828 22,1669.443603515625
5_20220828 23,1653.8193359375
5_20220829 00,1829.8011474609375
5_20220829 01,1822.7965087890625
5_20220829 02,1824.103271484375
5_20220829 03,1815.044921875
5_20220829 04,1811.4547119140625
5_20220829 05,1847.4302978515625
5_20220829 06,1863.804443359375
5_20220829 07,1889.9072265625
5_20220829 08,1929.68359375
5_20220829 09,1951.5501708984375
5_20220829 10,2001.169189453125
5_20220829 11,2028.605712890625
5_20220829 12,1991.752197265625
5_20220829 13,2013.2265625
5_20220829 14,1597.97705078125
5_20220829 15,1564.599365234375
5_20220829 16,1604.2603759765625
5_20220829 17,1951.137939453125
5_20220829 18,1850.708740234375
5_20220829 19,1767.763427734375
5_20220829 20,1723.3316650390625
5_20220829 21,1730.22265625
5_20220829 22,1690.3245849609375
5_20220829 23,1684.481201171875
5_20220830 00,1894.4039306640625
5_20220830 01,1896.261474609375
5_20220830 02,1887.002685546875
5_20220830 03,1858.921630859375
5_20220830 04,1861.1617431640625
5_20220830 05,1875.884033203125
5_20220830 06,1828.9638671875
5_20220830 07,1930.344482421875
5_20220830 08,2075.67138671875
5_20220830 09,2191.19677734375
5_20220830 10,2297.735595703125
5_20220830 11,2261.688232421875
5_20220830 12,2309.50048828125
5_20220830 13,2318.4482421875
5_20220830 14,1769.9642333984375
5_20220830 15,1736.109619140625
5_20220830 16,1763.591796875
5_20220830 17,2084.150390625
5_20220830 18,1923.3157958984375
5_20220830 19,1854.286865234375
5_20220830 20,1789.870361328125
5_20220830 21,1743.846923828125
5_20220830 22,1698.563232421875
5_20220830 23,1696.978271484375
5_20220831 00,1888.190673828125
5_20220831 01,1894.5950927734375
5_20220831 02,1885.0084228515625
5_20220831 03,1865.961669921875
5_20220831 04,1892.9970703125
5_20220831 05,1994.681396484375
5_20220831 06,2061.09375
5_20220831 07,2253.74072265625
5_20220831 08,2559.828125
5_20220831 09,2981.59521484375
5_20220831 10,3010.536865234375
5_20220831 11,2884.803466796875
5_20220831 12,2873.92822265625
5_20220831 13,2985.047607421875
5_20220831 14,2608.06005859375
5_20220831 15,2475.703125
5_20220831 16,2421.70068359375
5_20220831 17,2460.7666015625
5_20220831 18,2068.87353515625
5_20220831 19,1864.1904296875
5_20220831 20,1784.063232421875
5_20220831 21,1746.2884521484375
5_20220831 22,1689.5191650390625
5_20220831 23,1688.3433837890625
6_20220825 00,1169.1600341796875
6_20220825 01,1023.6534423828125
6_20220825 02,1007.5197143554688
6_20220825 03,1002.3546142578125
6_20220825 04,998.90478515625
6_20220825 05,1023.2908325195312
6_20220825 06,1201.87841796875
6_20220825 07,1495.042724609375
6_20220825 08,1675.563720703125
6_20220825 09,2240.47412109375
6_20220825 10,2850.60107421875
6_20220825 11,2869.617431640625
6_20220825 12,2888.686279296875
6_20220825 13,2902.986328125
6_20220825 14,2912.490966796875
6_20220825 15,2888.61767578125
6_20220825 16,2850.419921875
6_20220825 17,2797.46435546875
6_20220825 18,2401.111328125
6_20220825 19,2207.432861328125
6_20220825 20,1972.404052734375
6_20220825 21,1781.2025146484375
6_20220825 22,1602.297607421875
6_20220825 23,1477.109375
6_20220826 00,1160.299560546875
6_20220826 01,1020.5570068359375
6_20220826 02,998.6134033203125
6_20220826 03,1021.9562377929688
6_20220826 04,1015.4998168945312
6_20220826 05,1062.963134765625
6_20220826 06,1225.983642578125
6_20220826 07,1529.5716552734375
6_20220826 08,1658.4222412109375
6_20220826 09,2255.67333984375
6_20220826 10,2808.1025390625
6_20220826 11,2863.39892578125
6_20220826 12,2884.884765625
6_20220826 13,2898.122314453125
6_20220826 14,2941.486328125
6_20220826 15,2955.531982421875
6_20220826 16,2920.68408203125
6_20220826 17,2865.82177734375
6_20220826 18,2455.404541015625
6_20220826 19,2246.149658203125
6_20220826 20,2046.329345703125
6_20220826 21,1866.787109375
6_20220826 22,1724.659423828125
6_20220826 23,1558.685302734375
6_20220827 00,1248.937744140625
6_20220827 01,1061.731689453125
6_20220827 02,1037.0738525390625
6_20220827 03,1036.405517578125
6_20220827 04,1026.483154296875
6_20220827 05,1034.7103271484375
6_20220827 06,1228.913330078125
6_20220827 07,1508.2513427734375
6_20220827 08,1661.887939453125
6_20220827 09,2193.99462890625
6_20220827 10,2655.0576171875
6_20220827 11,2731.958984375
6_20220827 12,2838.67919921875
6_20220827 13,2841.277587890625
6_20220827 14,2860.44970703125
6_20220827 15,2854.65673828125
6_20220827 16,2837.81103515625
6_20220827 17,2863.233642578125
6_20220827 18,2417.95458984375
6_20220827 19,2203.71337890625
6_20220827 20,2038.1751708984375
6_20220827 21,1785.6195068359375
6_20220827 22,1631.890380859375
6_20220827 23,1496.383056640625
6_20220828 00,1224.3304443359375
6_20220828 01,1028.1292724609375
6_20220828 02,1012.3087158203125
6_20220828 03,1011.3865356445312
6_20220828 04,988.5968627929688
6_20220828 05,1026.1748046875
6_20220828 06,1152.4212646484375
6_20220828 07,1422.75390625
6_20220828 08,1595.228759765625
6_20220828 09,2029.723876953125
6_20220828 10,2466.8828125
6_20220828 11,2566.1845703125
6_20220828 12,2583.782958984375
6_20220828 13,2584.44140625
6_20220828 14,2634.744873046875
6_20220828 15,2645.15966796875
6_20220828 16,2759.61083984375
6_20220828 17,2761.521484375
6_20220828 18,2437.481201171875
6_20220828 19,2110.50341796875
6_20220828 20,1887.784423828125
6_20220828 21,1716.5921630859375
6_20220828 22,1597.604248046875
6_20220828 23,1493.2352294921875
6_20220829 00,1166.9761962890625
6_20220829 01,1014.7780151367188
6_20220829 02,993.302734375
6_20220829 03,988.2615356445312
6_20220829 04,984.09228515625
6_20220829 05,1015.7181396484375
6_20220829 06,1191.6156005859375
6_20220829 07,1493.989990234375
6_20220829 08,1696.979736328125
6_20220829 09,2276.37890625
6_20220829 10,2752.117431640625
6_20220829 11,2812.29052734375
6_20220829 12,2815.631591796875
6_20220829 13,2829.08984375
6_20220829 14,2839.694580078125
6_20220829 15,2833.9638671875
6_20220829 16,2761.468017578125
6_20220829 17,2691.3515625
6_20220829 18,2395.843017578125
6_20220829 19,2221.38330078125
6_20220829 20,2021.7972412109375
6_20220829 21,1795.017578125
6_20220829 22,1611.4404296875
6_20220829 23,1490.4588623046875
6_20220830 00,1134.720947265625
6_20220830 01,1013.3221435546875
6_20220830 02,998.6466064453125
6_20220830 03,1018.0252075195312
6_20220830 04,1013.7252807617188
6_20220830 05,1060.6090087890625
6_20220830 06,1238.1273193359375
6_20220830 07,1548.1680908203125
6_20220830 08,1762.086181640625
6_20220830 09,2348.361572265625
6_20220830 10,2755.71337890625
6_20220830 11,2787.7509765625
6_20220830 12,2809.73828125
6_20220830 13,2809.054931640625
6_20220830 14,2811.1865234375
6_20220830 15,2809.67626953125
6_20220830 16,2760.913330078125
6_20220830 17,2717.15478515625
6_20220830 18,2407.84423828125
6_20220830 19,2246.12353515625
6_20220830 20,2018.6331787109375
6_20220830 21,1849.4638671875
6_20220830 22,1697.5703125
6_20220830 23,1544.937255859375
6_20220831 00,1218.9473876953125
6_20220831 01,1063.400634765625
6_20220831 02,1043.570068359375
6_20220831 03,1034.753173828125
6_20220831 04,1026.524169921875
6_20220831 05,1060.0194091796875
6_20220831 06,1243.397216796875
6_20220831 07,1538.697509765625
6_20220831 08,1751.9886474609375
6_20220831 09,2287.400390625
6_20220831 10,2751.222412109375
6_20220831 11,2791.008544921875
6_20220831 12,2814.50830078125
6_20220831 13,2820.331298828125
6_20220831 14,2847.627685546875
6_20220831 15,2852.665283203125
6_20220831 16,2753.812744140625
6_20220831 17,2704.971435546875
6_20220831 18,2391.25537109375
6_20220831 19,2198.053955078125
6_20220831 20,1974.4254150390625
6_20220831 21,1821.4013671875
6_20220831 22,1685.9866943359375
6_20220831 23,1556.992431640625
7_20220825 00,440.2093811035156
7_20220825 01,439.8324279785156
7_20220825 02,440.47137451171875
7_20220825 03,439.7710876464844
7_20220825 04,440.048095703125
7_20220825 05,590.3010864257812
7_20220825 06,779.61572265625
7_20220825 07,839.9287109375
7_20220825 08,932.8447265625
7_20220825 09,972.578125
7_20220825 10,1012.8997802734375
7_20220825 11,997.4469604492188
7_20220825 12,966.4299926757812
7_20220825 13,992.1165161132812
7_20220825 14,994.1661987304688
7_20220825 15,990.2008666992188
7_20220825 16,1005.0656127929688
7_20220825 17,971.2391357421875
7_20220825 18,904.6082153320312
7_20220825 19,922.6676635742188
7_20220825 20,892.2918701171875
7_20220825 21,618.782958984375
7_20220825 22,494.9710388183594
7_20220825 23,462.58233642578125
7_20220826 00,451.5296325683594
7_20220826 01,450.30975341796875
7_20220826 02,450.62615966796875
7_20220826 03,441.2242736816406
7_20220826 04,441.45330810546875
7_20220826 05,579.2357788085938
7_20220826 06,799.8536376953125
7_20220826 07,858.7833251953125
7_20220826 08,934.7484130859375
7_20220826 09,956.4168090820312
7_20220826 10,1019.0862426757812
7_20220826 11,999.4607543945312
7_20220826 12,986.3231201171875
7_20220826 13,1019.06005859375
7_20220826 14,1004.3782958984375
7_20220826 15,1018.1907348632812
7_20220826 16,1024.239501953125
7_20220826 17,978.5880737304688
7_20220826 18,899.7951049804688
7_20220826 19,919.28125
7_20220826 20,897.3004150390625
7_20220826 21,609.7273559570312
7_20220826 22,488.5928649902344
7_20220826 23,381.36907958984375
7_20220827 00,353.94537353515625
7_20220827 01,360.8320617675781
7_20220827 02,353.8177185058594
7_20220827 03,352.51495361328125
7_20220827 04,440.5391540527344
7_20220827 05,453.099853515625
7_20220827 06,454.5204162597656
7_20220827 07,459.8621520996094
7_20220827 08,627.9698486328125
7_20220827 09,805.1185302734375
7_20220827 10,872.77587890625
7_20220827 11,879.8313598632812
7_20220827 12,861.5720825195312
7_20220827 13,860.4176635742188
7_20220827 14,879.4093627929688
7_20220827 15,866.6814575195312
7_20220827 16,894.5302734375
7_20220827 17,856.46484375
7_20220827 18,598.5130615234375
7_20220827 19,582.8405151367188
7_20220827 20,582.2478637695312
7_20220827 21,498.1533203125
7_20220827 22,485.46160888671875
7_20220827 23,465.55133056640625
7_20220828 00,440.86993408203125
7_20220828 01,440.7281799316406
7_20220828 02,442.24884033203125
7_20220828 03,441.57098388671875
7_20220828 04,441.71356201171875
7_20220828 05,445.76544189453125
7_20220828 06,451.4246520996094
7_20220828 07,452.45574951171875
7_20220828 08,627.8822021484375
7_20220828 09,610.2357177734375
7_20220828 10,679.2661743164062
7_20220828 11,629.543212890625
7_20220828 12,582.4802856445312
7_20220828 13,588.2744140625
7_20220828 14,585.1021118164062
7_20220828 15,598.2484741210938
7_20220828 16,585.7615966796875
7_20220828 17,603.4364013671875
7_20220828 18,597.7265014648438
7_20220828 19,576.3548583984375
7_20220828 20,531.1111450195312
7_20220828 21,448.80889892578125
7_20220828 22,436.19329833984375
7_20220828 23,440.22052001953125
7_20220829 00,441.2831115722656
7_20220829 01,440.6983337402344
7_20220829 02,441.1629943847656
7_20220829 03,445.97698974609375
7_20220829 04,502.42620849609375
7_20220829 05,588.28759765625
7_20220829 06,731.6602783203125
7_20220829 07,823.92626953125
7_20220829 08,923.15576171875
7_20220829 09,959.8115234375
7_20220829 10,1010.0965576171875
7_20220829 11,991.0261840820312
7_20220829 12,966.7903442382812
7_20220829 13,975.6871337890625
7_20220829 14,975.6207275390625
7_20220829 15,972.1320190429688
7_20220829 16,973.6637573242188
7_20220829 17,940.1019287109375
7_20220829 18,782.6866455078125
7_20220829 19,818.36865234375
7_20220829 20,819.6346435546875
7_20220829 21,591.2452392578125
7_20220829 22,476.22015380859375
7_20220829 23,441.04168701171875
7_20220830 00,441.80938720703125
7_20220830 01,440.81951904296875
7_20220830 02,441.9832458496094
7_20220830 03,354.58782958984375
7_20220830 04,354.24920654296875
7_20220830 05,571.4595947265625
7_20220830 06,773.0989990234375
7_20220830 07,833.1199340820312
7_20220830 08,934.8333740234375
7_20220830 09,966.3298950195312
7_20220830 10,1007.4832153320312
7_20220830 11,1001.5621337890625
7_20220830 12,986.9766845703125
7_20220830 13,998.5045776367188
7_20220830 14,999.4866333007812
7_20220830 15,1000.2033081054688
7_20220830 16,1004.6779174804688
7_20220830 17,963.9884643554688
7_20220830 18,908.0609130859375
7_20220830 19,926.4620361328125
7_20220830 20,900.9514770507812
7_20220830 21,581.0616455078125
7_20220830 22,471.435546875
7_20220830 23,392.52142333984375
7_20220831 00,358.58648681640625
7_20220831 01,360.2078552246094
7_20220831 02,371.2743835449219
7_20220831 03,354.89312744140625
7_20220831 04,368.6954650878906
7_20220831 05,577.7207641601562
7_20220831 06,773.5494384765625
7_20220831 07,828.06640625
7_20220831 08,928.3134765625
7_20220831 09,960.1360473632812
7_20220831 10,1013.1111450195312
7_20220831 11,1006.7000732421875
7_20220831 12,972.9173583984375
7_20220831 13,994.71630859375
7_20220831 14,995.7144775390625
7_20220831 15,972.4269409179688
7_20220831 16,979.6510009765625
7_20220831 17,959.8312377929688
7_20220831 18,867.8087158203125
7_20220831 19,905.6785888671875
7_20220831 20,856.6676635742188
7_20220831 21,597.2218017578125
7_20220831 22,457.86083984375
7_20220831 23,369.14031982421875
8_20220825 00,1358.404052734375
8_20220825 01,1255.475341796875
8_20220825 02,1225.206298828125
8_20220825 03,1309.11181640625
8_20220825 04,1384.0709228515625
8_20220825 05,1397.0689697265625
8_20220825 06,1242.105712890625
8_20220825 07,1385.381103515625
8_20220825 08,1539.33447265625
8_20220825 09,1556.7750244140625
8_20220825 10,1349.630859375
8_20220825 11,1350.8575439453125
8_20220825 12,1331.06591796875
8_20220825 13,1406.5582275390625
8_20220825 14,1421.5540771484375
8_20220825 15,1500.0498046875
8_20220825 16,1529.719482421875
8_20220825 17,1420.990234375
8_20220825 18,1323.277099609375
8_20220825 19,1329.0550537109375
8_20220825 20,1319.54296875
8_20220825 21,1274.795654296875
8_20220825 22,1191.687744140625
8_20220825 23,1164.7708740234375
8_20220826 00,1324.7945556640625
8_20220826 01,1224.60546875
8_20220826 02,1227.0224609375
8_20220826 03,1340.543701171875
8_20220826 04,1378.8558349609375
8_20220826 05,1400.406005859375
8_20220826 06,1226.683837890625
8_20220826 07,1210.457763671875
8_20220826 08,1551.3961181640625
8_20220826 09,1539.858154296875
8_20220826 10,1336.447021484375
8_20220826 11,1360.7423095703125
8_20220826 12,1331.1524658203125
8_20220826 13,1414.99462890625
8_20220826 14,1427.674560546875
8_20220826 15,1529.252685546875
8_20220826 16,1560.893310546875
8_20220826 17,1464.521484375
8_20220826 18,1376.666748046875
8_20220826 19,1364.2015380859375
8_20220826 20,1349.6671142578125
8_20220826 21,1312.045166015625
8_20220826 22,1267.1939697265625
8_20220826 23,1225.9759521484375
8_20220827 00,1357.723388671875
8_20220827 01,1254.325927734375
8_20220827 02,1343.0418701171875
8_20220827 03,1391.49755859375
8_20220827 04,1451.646728515625
8_20220827 05,1455.770263671875
8_20220827 06,1429.7161865234375
8_20220827 07,1457.53125
8_20220827 08,1490.0277099609375
8_20220827 09,1491.220458984375
8_20220827 10,1310.627685546875
8_20220827 11,1315.20458984375
8_20220827 12,1265.245361328125
8_20220827 13,1378.2442626953125
8_20220827 14,1385.963623046875
8_20220827 15,1438.257080078125
8_20220827 16,1505.5533447265625
8_20220827 17,1449.321044921875
8_20220827 18,1358.971923828125
8_20220827 19,1272.9281005859375
8_20220827 20,1218.0440673828125
8_20220827 21,1179.5711669921875
8_20220827 22,1155.669677734375
8_20220827 23,1138.360107421875
8_20220828 00,1075.326904296875
8_20220828 01,1004.5712890625
8_20220828 02,995.5733642578125
8_20220828 03,984.8678588867188
8_20220828 04,984.0592041015625
8_20220828 05,980.0910034179688
8_20220828 06,970.6524658203125
8_20220828 07,988.0533447265625
8_20220828 08,1050.348876953125
8_20220828 09,1084.88720703125
8_20220828 10,1098.201416015625
8_20220828 11,1081.443115234375
8_20220828 12,1074.8228759765625
8_20220828 13,1110.3001708984375
8_20220828 14,1135.9837646484375
8_20220828 15,1173.901123046875
8_20220828 16,1171.7998046875
8_20220828 17,1133.2412109375
8_20220828 18,1095.4080810546875
8_20220828 19,1099.898681640625
8_20220828 20,1119.697265625
8_20220828 21,1090.669921875
8_20220828 22,1077.2940673828125
8_20220828 23,1069.615478515625
8_20220829 00,1194.897705078125
8_20220829 01,1157.3616943359375
8_20220829 02,1181.766845703125
8_20220829 03,1219.666748046875
8_20220829 04,1342.305419921875
8_20220829 05,1359.594970703125
8_20220829 06,1178.642822265625
8_20220829 07,1307.990234375
8_20220829 08,1513.6767578125
8_20220829 09,1531.7720947265625
8_20220829 10,1334.578125
8_20220829 11,1319.890869140625
8_20220829 12,1323.1470947265625
8_20220829 13,1350.0782470703125
8_20220829 14,1358.478271484375
8_20220829 15,1419.7708740234375
8_20220829 16,1507.179443359375
8_20220829 17,1438.7252197265625
8_20220829 18,1346.5784912109375
8_20220829 19,1350.1922607421875
8_20220829 20,1341.4412841796875
8_20220829 21,1300.3519287109375
8_20220829 22,1271.7374267578125
8_20220829 23,1206.852783203125
8_20220830 00,1290.0107421875
8_20220830 01,1182.8306884765625
8_20220830 02,1195.548828125
8_20220830 03,1303.569091796875
8_20220830 04,1354.6214599609375
8_20220830 05,1371.266357421875
8_20220830 06,1252.872802734375
8_20220830 07,1342.5731201171875
8_20220830 08,1528.0894775390625
8_20220830 09,1547.6614990234375
8_20220830 10,1350.5299072265625
8_20220830 11,1355.517333984375
8_20220830 12,1335.623046875
8_20220830 13,1397.357177734375
8_20220830 14,1405.1007080078125
8_20220830 15,1493.243408203125
8_20220830 16,1536.621337890625
8_20220830 17,1466.6348876953125
8_20220830 18,1370.5689697265625
8_20220830 19,1332.867919921875
8_20220830 20,1317.707275390625
8_20220830 21,1275.421630859375
8_20220830 22,1180.04345703125
8_20220830 23,1140.8031005859375
8_20220831 00,1301.0572509765625
8_20220831 01,1175.650390625
8_20220831 02,1167.7703857421875
8_20220831 03,1233.1060791015625
8_20220831 04,1353.194580078125
8_20220831 05,1376.2457275390625
8_20220831 06,1192.5657958984375
8_20220831 07,1192.756103515625
8_20220831 08,1540.900634765625
8_20220831 09,1556.2464599609375
8_20220831 10,1348.4573974609375
8_20220831 11,1373.076904296875
8_20220831 12,1342.145263671875
8_20220831 13,1354.7574462890625
8_20220831 14,1381.883544921875
8_20220831 15,1464.114501953125
8_20220831 16,1521.302001953125
8_20220831 17,1425.9453125
8_20220831 18,1332.486572265625
8_20220831 19,1326.041015625
8_20220831 20,1323.696533203125
8_20220831 21,1304.2901611328125
8_20220831 22,1255.5113525390625
8_20220831 23,1210.625244140625
9_20220825 00,1454.4603271484375
9_20220825 01,1283.7027587890625
9_20220825 02,1191.60986328125
9_20220825 03,1174.5889892578125
9_20220825 04,1173.3638916015625
9_20220825 05,1284.185791015625
9_20220825 06,1446.1031494140625
9_20220825 07,1632.1790771484375
9_20220825 08,2061.47265625
9_20220825 09,2672.49169921875
9_20220825 10,3100.59326171875
9_20220825 11,3221.7255859375
9_20220825 12,3379.901123046875
9_20220825 13,3350.602294921875
9_20220825 14,3360.82275390625
9_20220825 15,3421.379638671875
9_20220825 16,3421.77099609375
9_20220825 17,3337.647216796875
9_20220825 18,3218.09912109375
9_20220825 19,3112.750732421875
9_20220825 20,2929.9228515625
9_20220825 21,2659.11474609375
9_20220825 22,2200.15478515625
9_20220825 23,1923.3345947265625
9_20220826 00,1540.7427978515625
9_20220826 01,1359.4754638671875
9_20220826 02,1277.1536865234375
9_20220826 03,1250.0780029296875
9_20220826 04,1258.978515625
9_20220826 05,1351.7655029296875
9_20220826 06,1508.8643798828125
9_20220826 07,1724.2152099609375
9_20220826 08,2148.987060546875
9_20220826 09,2732.181884765625
9_20220826 10,3157.32958984375
9_20220826 11,3272.00732421875
9_20220826 12,3387.475830078125
9_20220826 13,3390.349609375
9_20220826 14,3446.90234375
9_20220826 15,3356.108642578125
9_20220826 16,3380.84130859375
9_20220826 17,3378.89794921875
9_20220826 18,3172.42333984375
9_20220826 19,3032.443115234375
9_20220826 20,2877.208251953125
9_20220826 21,2613.404296875
9_20220826 22,2102.92724609375
9_20220826 23,1918.3017578125
9_20220827 00,1502.414794921875
9_20220827 01,1331.790283203125
9_20220827 02,1226.44140625
9_20220827 03,1178.009033203125
9_20220827 04,1172.5516357421875
9_20220827 05,1231.877197265625
9_20220827 06,1367.670166015625
9_20220827 07,1599.853515625
9_20220827 08,1974.326171875
9_20220827 09,2592.41748046875
9_20220827 10,3042.887939453125
9_20220827 11,3144.66650390625
9_20220827 12,3203.418212890625
9_20220827 13,3246.358154296875
9_20220827 14,3254.8271484375
9_20220827 15,3230.62158203125
9_20220827 16,3236.79150390625
9_20220827 17,3228.139892578125
9_20220827 18,3131.794921875
9_20220827 19,2865.996337890625
9_20220827 20,2743.204345703125
9_20220827 21,2487.3974609375
9_20220827 22,2063.1591796875
9_20220827 23,1792.934326171875
9_20220828 00,1467.175537109375
9_20220828 01,1318.2896728515625
9_20220828 02,1222.287841796875
9_20220828 03,1170.09912109375
9_20220828 04,1164.4393310546875
9_20220828 05,1212.7137451171875
9_20220828 06,1316.2745361328125
9_20220828 07,1475.000244140625
9_20220828 08,1762.812255859375
9_20220828 09,2166.307861328125
9_20220828 10,2572.03076171875
9_20220828 11,2734.65283203125
9_20220828 12,2785.11083984375
9_20220828 13,2768.06884765625
9_20220828 14,2745.787841796875
9_20220828 15,2801.15380859375
9_20220828 16,2773.19287109375
9_20220828 17,2755.76025390625
9_20220828 18,2671.103271484375
9_20220828 19,2606.23291015625
9_20220828 20,2494.057861328125
9_20220828 21,2276.185546875
9_20220828 22,1934.042236328125
9_20220828 23,1711.451171875
9_20220829 00,1441.5589599609375
9_20220829 01,1295.197998046875
9_20220829 02,1206.126708984375
9_20220829 03,1166.409423828125
9_20220829 04,1164.369384765625
9_20220829 05,1272.425048828125
9_20220829 06,1419.8408203125
9_20220829 07,1650.704345703125
9_20220829 08,2072.05859375
9_20220829 09,2690.05615234375
9_20220829 10,3122.146484375
9_20220829 11,3251.5458984375
9_20220829 12,3253.544921875
9_20220829 13,3251.433837890625
9_20220829 14,3216.34326171875
9_20220829 15,3169.65380859375
9_20220829 16,3149.401123046875
9_20220829 17,3135.25
9_20220829 18,3099.8681640625
9_20220829 19,2994.765625
9_20220829 20,2867.18798828125
9_20220829 21,2592.24560546875
9_20220829 22,2134.079833984375
9_20220829 23,1896.0777587890625
9_20220830 00,1527.263916015625
9_20220830 01,1333.670166015625
9_20220830 02,1244.754150390625
9_20220830 03,1226.863037109375
9_20220830 04,1222.945068359375
9_20220830 05,1336.417236328125
9_20220830 06,1516.4000244140625
9_20220830 07,1700.9720458984375
9_20220830 08,2100.57958984375
9_20220830 09,2709.35693359375
9_20220830 10,3164.55517578125
9_20220830 11,3263.457275390625
9_20220830 12,3174.17822265625
9_20220830 13,3125.92333984375
9_20220830 14,3168.962158203125
9_20220830 15,3109.030029296875
9_20220830 16,3263.412109375
9_20220830 17,3285.453125
9_20220830 18,3219.124755859375
9_20220830 19,3114.8486328125
9_20220830 20,2972.460205078125
9_20220830 21,2681.58251953125
9_20220830 22,2103.7001953125
9_20220830 23,1897.8951416015625
9_20220831 00,1512.1011962890625
9_20220831 01,1342.6248779296875
9_20220831 02,1300.7923583984375
9_20220831 03,1271.5296630859375
9_20220831 04,1271.618408203125
9_20220831 05,1351.3851318359375
9_20220831 06,1518.6439208984375
9_20220831 07,1719.577880859375
9_20220831 08,2118.81396484375
9_20220831 09,2762.119873046875
9_20220831 10,3211.47802734375
9_20220831 11,3312.62109375
9_20220831 12,3294.255126953125
9_20220831 13,3238.0927734375
9_20220831 14,3193.391357421875
9_20220831 15,3141.8046875
9_20220831 16,3080.20849609375
9_20220831 17,3073.96826171875
9_20220831 18,2974.174560546875
9_20220831 19,2812.838623046875
9_20220831 20,2717.01953125
9_20220831 21,2489.92529296875
9_20220831 22,2031.377685546875
9_20220831 23,1806.2939453125
10_20220825 00,3979.2265625
10_20220825 01,3966.418701171875
10_20220825 02,3942.88720703125
10_20220825 03,3921.362060546875
10_20220825 04,3944.088623046875
10_20220825 05,3827.155029296875
10_20220825 06,3475.28076171875
10_20220825 07,3337.870361328125
10_20220825 08,3594.38037109375
10_20220825 09,3767.365234375
10_20220825 10,4314.1572265625
10_20220825 11,4411.61376953125
10_20220825 12,4259.6201171875
10_20220825 13,4395.32177734375
10_20220825 14,4355.74462890625
10_20220825 15,4351.86181640625
10_20220825 16,4239.74365234375
10_20220825 17,4060.737548828125
10_20220825 18,3848.61962890625
10_20220825 19,4120.53125
10_20220825 20,4510.5458984375
10_20220825 21,4509.32568359375
10_20220825 22,4239.42822265625
10_20220825 23,4288.39013671875
10_20220826 00,4150.51416015625
10_20220826 01,4151.53369140625
10_20220826 02,4160.408203125
10_20220826 03,4210.0029296875
10_20220826 04,4157.49853515625
10_20220826 05,3904.88916015625
10_20220826 06,3493.59912109375
10_20220826 07,3493.44580078125
10_20220826 08,3786.061767578125
10_20220826 09,3939.02392578125
10_20220826 10,4387.00390625
10_20220826 11,4637.0927734375
10_20220826 12,4534.32373046875
10_20220826 13,4556.771484375
10_20220826 14,4418.0634765625
10_20220826 15,4390.8212890625
10_20220826 16,4262.78857421875
10_20220826 17,3980.21875
10_20220826 18,3781.22021484375
10_20220826 19,4083.78662109375
10_20220826 20,4248.54052734375
10_20220826 21,4240.48193359375
10_20220826 22,4227.3173828125
10_20220826 23,4223.18115234375
10_20220827 00,4213.47119140625
10_20220827 01,4155.4111328125
10_20220827 02,4079.78955078125
10_20220827 03,4060.418701171875
10_20220827 04,4061.98046875
10_20220827 05,3835.906982421875
10_20220827 06,3505.242919921875
10_20220827 07,3465.97216796875
10_20220827 08,3703.1953125
10_20220827 09,3774.13037109375
10_20220827 10,3893.55126953125
10_20220827 11,3842.578125
10_20220827 12,3861.36669921875
10_20220827 13,3909.93701171875
10_20220827 14,3925.33935546875
10_20220827 15,3952.815673828125
10_20220827 16,3888.29248046875
10_20220827 17,3795.625
10_20220827 18,3704.155517578125
10_20220827 19,4080.807373046875
10_20220827 20,4237.56396484375
10_20220827 21,4173.54931640625
10_20220827 22,4155.3046875
10_20220827 23,4080.503173828125
10_20220828 00,4042.59814453125
10_20220828 01,4002.92626953125
10_20220828 02,3973.531982421875
10_20220828 03,3948.39013671875
10_20220828 04,3950.5234375
10_20220828 05,3571.303955078125
10_20220828 06,3290.23828125
10_20220828 07,3229.43603515625
10_20220828 08,3424.244140625
10_20220828 09,3487.81103515625
10_20220828 10,3524.46630859375
10_20220828 11,3613.346923828125
10_20220828 12,3599.002685546875
10_20220828 13,3661.341064453125
10_20220828 14,3776.044921875
10_20220828 15,3779.293701171875
10_20220828 16,3727.65673828125
10_20220828 17,3671.546875
10_20220828 18,3577.514404296875
10_20220828 19,3918.171875
10_20220828 20,4035.47216796875
10_20220828 21,3976.97802734375
10_20220828 22,3923.47216796875
10_20220828 23,3918.47509765625
10_20220829 00,3842.57958984375
10_20220829 01,3777.81640625
10_20220829 02,3783.362060546875
10_20220829 03,3634.766357421875
10_20220829 04,3608.26123046875
10_20220829 05,3456.685546875
10_20220829 06,3176.462890625
10_20220829 07,3189.21533203125
10_20220829 08,3447.44921875
10_20220829 09,3684.109375
10_20220829 10,4103.97509765625
10_20220829 11,4288.76806640625
10_20220829 12,4319.30224609375
10_20220829 13,4351.3505859375
10_20220829 14,4198.029296875
10_20220829 15,4118.34375
10_20220829 16,3996.91650390625
10_20220829 17,3789.209716796875
10_20220829 18,3640.450439453125
10_20220829 19,3951.87255859375
10_20220829 20,4232.51220703125
10_20220829 21,4233.80859375
10_20220829 22,4198.76025390625
10_20220829 23,4193.8623046875
10_20220830 00,4073.344482421875
10_20220830 01,4046.610107421875
10_20220830 02,3932.03173828125
10_20220830 03,3900.26171875
10_20220830 04,3959.6015625
10_20220830 05,3848.565673828125
10_20220830 06,3454.677001953125
10_20220830 07,3434.307861328125
10_20220830 08,3778.924560546875
10_20220830 09,4015.912841796875
10_20220830 10,4533.31640625
10_20220830 11,4630.76806640625
10_20220830 12,4390.05126953125
10_20220830 13,4359.7255859375
10_20220830 14,4186.7568359375
10_20220830 15,4145.6513671875
10_20220830 16,4058.008544921875
10_20220830 17,3968.785888671875
10_20220830 18,3895.08203125
10_20220830 19,4194.48681640625
10_20220830 20,4345.00634765625
10_20220830 21,4327.96533203125
10_20220830 22,4238.3896484375
10_20220830 23,4251.6220703125
10_20220831 00,4132.8037109375
10_20220831 01,4147.32275390625
10_20220831 02,4103.07666015625
10_20220831 03,4102.33740234375
10_20220831 04,4093.93359375
10_20220831 05,3927.18310546875
10_20220831 06,3582.868408203125
10_20220831 07,3580.22216796875
10_20220831 08,3873.89501953125
10_20220831 09,4044.73486328125
10_20220831 10,4377.5380859375
10_20220831 11,4465.6044921875
10_20220831 12,4298.4248046875
10_20220831 13,4221.73681640625
10_20220831 14,4085.27490234375
10_20220831 15,4086.844970703125
10_20220831 16,3991.98388671875
10_20220831 17,3874.964111328125
10_20220831 18,3663.81591796875
10_20220831 19,3978.31982421875
10_20220831 20,4098.58740234375
10_20220831 21,3774.24267578125
10_20220831 22,3705.21826171875
10_20220831 23,3702.53662109375
11_20220825 00,1658.218994140625
11_20220825 01,1705.3704833984375
11_20220825 02,1623.5123291015625
11_20220825 03,1609.350830078125
11_20220825 04,1603.517822265625
11_20220825 05,1608.2977294921875
11_20220825 06,1603.592041015625
11_20220825 07,1701.8199462890625
11_20220825 08,2127.63818359375
11_20220825 09,2260.636962890625
11_20220825 10,2268.4462890625
11_20220825 11,2233.06787109375
11_20220825 12,2277.521484375
11_20220825 13,2266.37744140625
11_20220825 14,2188.872802734375
11_20220825 15,2300.851806640625
11_20220825 16,2296.193359375
11_20220825 17,2090.2333984375
11_20220825 18,1938.0146484375
11_20220825 19,1752.9752197265625
11_20220825 20,1716.5445556640625
11_20220825 21,1686.476806640625
11_20220825 22,1647.44140625
11_20220825 23,1621.6156005859375
11_20220826 00,1671.7955322265625
11_20220826 01,1715.0087890625
11_20220826 02,1608.6705322265625
11_20220826 03,1587.641357421875
11_20220826 04,1575.8682861328125
11_20220826 05,1576.484130859375
11_20220826 06,1574.0509033203125
11_20220826 07,1669.6939697265625
11_20220826 08,2140.079345703125
11_20220826 09,2324.168701171875
11_20220826 10,2264.615966796875
11_20220826 11,2220.922119140625
11_20220826 12,2298.95751953125
11_20220826 13,2345.580810546875
11_20220826 14,2194.56591796875
11_20220826 15,2348.900634765625
11_20220826 16,2319.265380859375
11_20220826 17,2110.52099609375
11_20220826 18,1951.2919921875
11_20220826 19,1841.4134521484375
11_20220826 20,1769.1490478515625
11_20220826 21,1733.798583984375
11_20220826 22,1681.7294921875
11_20220826 23,1659.0576171875
11_20220827 00,1697.7034912109375
11_20220827 01,1737.365966796875
11_20220827 02,1607.606201171875
11_20220827 03,1618.3914794921875
11_20220827 04,1583.8148193359375
11_20220827 05,1563.930419921875
11_20220827 06,1561.1162109375
11_20220827 07,1629.649169921875
11_20220827 08,2065.92724609375
11_20220827 09,2163.93896484375
11_20220827 10,2109.00634765625
11_20220827 11,2132.64013671875
11_20220827 12,2164.75
11_20220827 13,2192.542724609375
11_20220827 14,2114.0302734375
11_20220827 15,2247.349365234375
11_20220827 16,2209.486083984375
11_20220827 17,1990.191162109375
11_20220827 18,1827.5087890625
11_20220827 19,1725.224609375
11_20220827 20,1665.6650390625
11_20220827 21,1658.7581787109375
11_20220827 22,1604.6246337890625
11_20220827 23,1578.9217529296875
11_20220828 00,1600.700927734375
11_20220828 01,1602.1669921875
11_20220828 02,1559.968505859375
11_20220828 03,1556.3524169921875
11_20220828 04,1561.6588134765625
11_20220828 05,1557.711669921875
11_20220828 06,1542.8275146484375
11_20220828 07,1606.3798828125
11_20220828 08,1970.733642578125
11_20220828 09,2080.186767578125
11_20220828 10,2060.63720703125
11_20220828 11,2020.440673828125
11_20220828 12,2037.000732421875
11_20220828 13,2091.577880859375
11_20220828 14,2075.64404296875
11_20220828 15,2120.506103515625
11_20220828 16,2054.485107421875
11_20220828 17,1933.210693359375
11_20220828 18,1761.488037109375
11_20220828 19,1691.378173828125
11_20220828 20,1673.203369140625
11_20220828 21,1620.295166015625
11_20220828 22,1579.95947265625
11_20220828 23,1564.7344970703125
11_20220829 00,1604.9593505859375
11_20220829 01,1658.222412109375
11_20220829 02,1551.823486328125
11_20220829 03,1545.8287353515625
11_20220829 04,1539.291259765625
11_20220829 05,1557.7664794921875
11_20220829 06,1562.28515625
11_20220829 07,1664.720947265625
11_20220829 08,2080.50244140625
11_20220829 09,2255.516845703125
11_20220829 10,2224.79150390625
11_20220829 11,2151.045654296875
11_20220829 12,2240.215576171875
11_20220829 13,2205.80810546875
11_20220829 14,2098.648193359375
11_20220829 15,2187.692138671875
11_20220829 16,2227.337158203125
11_20220829 17,2023.2845458984375
11_20220829 18,1732.1051025390625
11_20220829 19,1693.1822509765625
11_20220829 20,1692.554931640625
11_20220829 21,1626.880859375
11_20220829 22,1599.6673583984375
11_20220829 23,1584.3519287109375
11_20220830 00,1630.2235107421875
11_20220830 01,1681.426513671875
11_20220830 02,1569.5537109375
11_20220830 03,1580.102294921875
11_20220830 04,1570.361572265625
11_20220830 05,1562.837158203125
11_20220830 06,1562.912353515625
11_20220830 07,1641.054931640625
11_20220830 08,2102.21240234375
11_20220830 09,2217.6953125
11_20220830 10,2255.11083984375
11_20220830 11,2221.10009765625
11_20220830 12,2252.712646484375
11_20220830 13,2275.488037109375
11_20220830 14,2148.68115234375
11_20220830 15,2251.77734375
11_20220830 16,2258.77099609375
11_20220830 17,2054.772705078125
11_20220830 18,1769.9556884765625
11_20220830 19,1724.895751953125
11_20220830 20,1726.7650146484375
11_20220830 21,1701.014892578125
11_20220830 22,1665.593505859375
11_20220830 23,1635.2769775390625
11_20220831 00,1680.192138671875
11_20220831 01,1730.7379150390625
11_20220831 02,1604.7860107421875
11_20220831 03,1596.9520263671875
11_20220831 04,1597.7236328125
11_20220831 05,1602.279541015625
11_20220831 06,1595.6162109375
11_20220831 07,1675.155029296875
11_20220831 08,2120.608642578125
11_20220831 09,2270.606689453125
11_20220831 10,2243.908203125
11_20220831 11,2186.145751953125
11_20220831 12,2262.92041015625
11_20220831 13,2249.34326171875
11_20220831 14,2114.21044921875
11_20220831 15,2237.414306640625
11_20220831 16,2247.62744140625
11_20220831 17,2053.36328125
11_20220831 18,1892.7503662109375
11_20220831 19,1765.1171875
11_20220831 20,1690.912109375
11_20220831 21,1703.0810546875
11_20220831 22,1663.867431640625
11_20220831 23,1633.663818359375
12_20220825 00,1145.0126953125
12_20220825 01,1151.61572265625
12_20220825 02,1139.8536376953125
12_20220825 03,1165.482177734375
12_20220825 04,1224.8724365234375
12_20220825 05,1312.166259765625
12_20220825 06,1402.8616943359375
12_20220825 07,1438.6995849609375
12_20220825 08,1525.59033203125
12_20220825 09,1546.94482421875
12_20220825 10,1573.032958984375
12_20220825 11,1717.390380859375
12_20220825 12,1719.294921875
12_20220825 13,1714.7904052734375
12_20220825 14,1704.3021240234375
12_20220825 15,1661.6517333984375
12_20220825 16,1676.0093994140625
12_20220825 17,1673.4605712890625
12_20220825 18,1667.268310546875
12_20220825 19,1598.45263671875
12_20220825 20,1479.7918701171875
12_20220825 21,1297.060791015625
12_20220825 22,1171.7222900390625
12_20220825 23,1142.73193359375
12_20220826 00,1135.791748046875
12_20220826 01,1142.513671875
12_20220826 02,1137.228271484375
12_20220826 03,1158.22509765625
12_20220826 04,1233.1060791015625
12_20220826 05,1326.419189453125
12_20220826 06,1412.0625
12_20220826 07,1437.458740234375
12_20220826 08,1466.9873046875
12_20220826 09,1496.690185546875
12_20220826 10,1545.5283203125
12_20220826 11,1654.6806640625
12_20220826 12,1652.373046875
12_20220826 13,1672.2913818359375
12_20220826 14,1672.962646484375
12_20220826 15,1712.227294921875
12_20220826 16,1741.842529296875
12_20220826 17,1724.163818359375
12_20220826 18,1706.484375
12_20220826 19,1682.3287353515625
12_20220826 20,1566.674560546875
12_20220826 21,1383.5975341796875
12_20220826 22,1226.4749755859375
12_20220826 23,1194.5909423828125
12_20220827 00,1169.8311767578125
12_20220827 01,1168.1871337890625
12_20220827 02,1149.385498046875
12_20220827 03,1160.1173095703125
12_20220827 04,1210.1207275390625
12_20220827 05,1274.912841796875
12_20220827 06,1377.4608154296875
12_20220827 07,1397.10986328125
12_20220827 08,1337.694091796875
12_20220827 09,1337.500732421875
12_20220827 10,1417.1363525390625
12_20220827 11,1522.416015625
12_20220827 12,1527.152099609375
12_20220827 13,1530.720458984375
12_20220827 14,1516.4560546875
12_20220827 15,1537.194091796875
12_20220827 16,1578.895751953125
12_20220827 17,1591.891845703125
12_20220827 18,1605.9801025390625
12_20220827 19,1578.061767578125
12_20220827 20,1395.099609375
12_20220827 21,1203.7708740234375
12_20220827 22,1098.606201171875
12_20220827 23,1089.340087890625
12_20220828 00,1036.642333984375
12_20220828 01,1045.335205078125
12_20220828 02,1044.62060546875
12_20220828 03,1047.654296875
12_20220828 04,1054.1627197265625
12_20220828 05,1074.943359375
12_20220828 06,1103.1038818359375
12_20220828 07,1101.5885009765625
12_20220828 08,1052.094482421875
12_20220828 09,1022.5367431640625
12_20220828 10,1027.0584716796875
12_20220828 11,1076.3876953125
12_20220828 12,1073.403076171875
12_20220828 13,1095.4190673828125
12_20220828 14,1090.8851318359375
12_20220828 15,1145.9415283203125
12_20220828 16,1202.92578125
12_20220828 17,1244.9615478515625
12_20220828 18,1202.6129150390625
12_20220828 19,1221.2213134765625
12_20220828 20,1187.8446044921875
12_20220828 21,1115.8743896484375
12_20220828 22,1076.2640380859375
12_20220828 23,1092.3609619140625
12_20220829 00,1119.051025390625
12_20220829 01,1139.808349609375
12_20220829 02,1126.9893798828125
12_20220829 03,1122.343017578125
12_20220829 04,1185.7603759765625
12_20220829 05,1269.637939453125
12_20220829 06,1369.175537109375
12_20220829 07,1447.267333984375
12_20220829 08,1495.2015380859375
12_20220829 09,1515.543701171875
12_20220829 10,1574.9700927734375
12_20220829 11,1665.062744140625
12_20220829 12,1660.0035400390625
12_20220829 13,1673.928955078125
12_20220829 14,1632.7767333984375
12_20220829 15,1636.327392578125
12_20220829 16,1640.750732421875
12_20220829 17,1654.4517822265625
12_20220829 18,1616.2388916015625
12_20220829 19,1563.550537109375
12_20220829 20,1416.2305908203125
12_20220829 21,1273.677001953125
12_20220829 22,1159.3284912109375
12_20220829 23,1147.111328125
12_20220830 00,1116.382080078125
12_20220830 01,1123.719482421875
12_20220830 02,1128.9832763671875
12_20220830 03,1149.503662109375
12_20220830 04,1230.0855712890625
12_20220830 05,1305.7022705078125
12_20220830 06,1405.4312744140625
12_20220830 07,1435.005126953125
12_20220830 08,1459.0732421875
12_20220830 09,1476.4097900390625
12_20220830 10,1502.215576171875
12_20220830 11,1637.084716796875
12_20220830 12,1661.0211181640625
12_20220830 13,1675.3187255859375
12_20220830 14,1646.2640380859375
12_20220830 15,1657.212890625
12_20220830 16,1677.7496337890625
12_20220830 17,1694.756591796875
12_20220830 18,1656.053955078125
12_20220830 19,1552.20556640625
12_20220830 20,1440.36767578125
12_20220830 21,1332.75244140625
12_20220830 22,1174.6822509765625
12_20220830 23,1144.12939453125
12_20220831 00,1129.2427978515625
12_20220831 01,1127.604736328125
12_20220831 02,1125.638916015625
12_20220831 03,1144.5703125
12_20220831 04,1223.779052734375
12_20220831 05,1316.3828125
12_20220831 06,1414.85791015625
12_20220831 07,1426.9007568359375
12_20220831 08,1471.3011474609375
12_20220831 09,1474.745361328125
12_20220831 10,1499.39208984375
12_20220831 11,1601.9080810546875
12_20220831 12,1607.642333984375
12_20220831 13,1644.873291015625
12_20220831 14,1596.5150146484375
12_20220831 15,1633.796630859375
12_20220831 16,1653.650634765625
12_20220831 17,1651.475341796875
12_20220831 18,1624.4434814453125
12_20220831 19,1528.2774658203125
12_20220831 20,1442.0150146484375
12_20220831 21,1310.9669189453125
12_20220831 22,1183.114013671875
12_20220831 23,1159.803466796875
13_20220825 00,2711.80517578125
13_20220825 01,2677.59912109375
13_20220825 02,2703.260009765625
13_20220825 03,2648.720947265625
13_20220825 04,2674.310546875
13_20220825 05,2451.32421875
13_20220825 06,2220.92724609375
13_20220825 07,2136.713623046875
13_20220825 08,2258.561767578125
13_20220825 09,2355.97509765625
13_20220825 10,2543.7412109375
13_20220825 11,2514.1494140625
13_20220825 12,2471.74462890625
13_20220825 13,2554.77001953125
13_20220825 14,2586.9921875
13_20220825 15,2553.7421875
13_20220825 16,2556.315673828125
13_20220825 17,2511.129150390625
13_20220825 18,2438.622314453125
13_20220825 19,2833.33642578125
13_20220825 20,2887.17333984375
13_20220825 21,2860.541748046875
13_20220825 22,2833.05810546875
13_20220825 23,2827.129638671875
13_20220826 00,2720.329833984375
13_20220826 01,2708.7666015625
13_20220826 02,2706.983154296875
13_20220826 03,2671.975341796875
13_20220826 04,2683.66455078125
13_20220826 05,2499.051513671875
13_20220826 06,2225.227783203125
13_20220826 07,2135.760498046875
13_20220826 08,2217.866943359375
13_20220826 09,2348.91455078125
13_20220826 10,2549.939697265625
13_20220826 11,2601.208251953125
13_20220826 12,2595.757568359375
13_20220826 13,2591.576171875
13_20220826 14,2573.59912109375
13_20220826 15,2600.150146484375
13_20220826 16,2512.876953125
13_20220826 17,2486.3173828125
13_20220826 18,2411.409423828125
13_20220826 19,2808.563232421875
13_20220826 20,2869.825439453125
13_20220826 21,2847.897216796875
13_20220826 22,2804.73583984375
13_20220826 23,2740.21435546875
13_20220827 00,2718.49462890625
13_20220827 01,2694.477294921875
13_20220827 02,2681.99072265625
13_20220827 03,2678.518310546875
13_20220827 04,2694.32666015625
13_20220827 05,2436.29345703125
13_20220827 06,2203.563232421875
13_20220827 07,2126.73876953125
13_20220827 08,2258.279541015625
13_20220827 09,2338.849365234375
13_20220827 10,2412.532470703125
13_20220827 11,2467.3720703125
13_20220827 12,2452.6240234375
13_20220827 13,2507.67724609375
13_20220827 14,2534.831298828125
13_20220827 15,2569.220703125
13_20220827 16,2455.232177734375
13_20220827 17,2442.29443359375
13_20220827 18,2405.666748046875
13_20220827 19,2778.90380859375
13_20220827 20,2799.32275390625
13_20220827 21,2829.663330078125
13_20220827 22,2792.289306640625
13_20220827 23,2741.739013671875
13_20220828 00,2693.289794921875
13_20220828 01,2607.3466796875
13_20220828 02,2570.97119140625
13_20220828 03,2497.439208984375
13_20220828 04,2482.553955078125
13_20220828 05,2315.00390625
13_20220828 06,2126.255859375
13_20220828 07,2050.1953125
13_20220828 08,2164.53369140625
13_20220828 09,2189.47705078125
13_20220828 10,2260.829345703125
13_20220828 11,2335.73193359375
13_20220828 12,2363.9404296875
13_20220828 13,2408.657470703125
13_20220828 14,2382.58056640625
13_20220828 15,2430.56689453125
13_20220828 16,2407.20751953125
13_20220828 17,2357.01220703125
13_20220828 18,2283.083984375
13_20220828 19,2758.03466796875
13_20220828 20,2794.19921875
13_20220828 21,2787.11376953125
13_20220828 22,2750.639892578125
13_20220828 23,2722.48388671875
13_20220829 00,2725.2294921875
13_20220829 01,2679.962890625
13_20220829 02,2633.370361328125
13_20220829 03,2616.758056640625
13_20220829 04,2610.923095703125
13_20220829 05,2366.771484375
13_20220829 06,2128.27783203125
13_20220829 07,2120.419189453125
13_20220829 08,2276.008544921875
13_20220829 09,2391.52197265625
13_20220829 10,2499.02880859375
13_20220829 11,2549.445068359375
13_20220829 12,2534.932861328125
13_20220829 13,2661.811767578125
13_20220829 14,2631.1220703125
13_20220829 15,2510.712890625
13_20220829 16,2498.1279296875
13_20220829 17,2471.922607421875
13_20220829 18,2399.307861328125
13_20220829 19,2839.1123046875
13_20220829 20,2895.39013671875
13_20220829 21,2864.536376953125
13_20220829 22,2854.328125
13_20220829 23,2811.3388671875
13_20220830 00,2788.409912109375
13_20220830 01,2765.60595703125
13_20220830 02,2720.231689453125
13_20220830 03,2678.83740234375
13_20220830 04,2686.36328125
13_20220830 05,2435.41259765625
13_20220830 06,2208.76513671875
13_20220830 07,2119.81396484375
13_20220830 08,2261.20556640625
13_20220830 09,2432.322998046875
13_20220830 10,2595.38525390625
13_20220830 11,2542.43701171875
13_20220830 12,2469.80126953125
13_20220830 13,2439.16455078125
13_20220830 14,2449.55615234375
13_20220830 15,2457.52880859375
13_20220830 16,2465.317138671875
13_20220830 17,2383.711669921875
13_20220830 18,2329.77685546875
13_20220830 19,2832.646484375
13_20220830 20,2872.48291015625
13_20220830 21,2863.136474609375
13_20220830 22,2841.365234375
13_20220830 23,2800.317138671875
13_20220831 00,2761.94580078125
13_20220831 01,2708.57763671875
13_20220831 02,2699.42578125
13_20220831 03,2682.9853515625
13_20220831 04,2678.572509765625
13_20220831 05,2471.936279296875
13_20220831 06,2253.330810546875
13_20220831 07,2197.326171875
13_20220831 08,2280.89013671875
13_20220831 09,2448.68310546875
13_20220831 10,2521.06298828125
13_20220831 11,2546.4072265625
13_20220831 12,2482.263916015625
13_20220831 13,2468.197265625
13_20220831 14,2471.31396484375
13_20220831 15,2496.13330078125
13_20220831 16,2483.33740234375
13_20220831 17,2404.4287109375
13_20220831 18,2369.69482421875
13_20220831 19,2768.78076171875
13_20220831 20,2788.16162109375
13_20220831 21,2788.477294921875
13_20220831 22,2716.22412109375
13_20220831 23,2680.787841796875
14_20220825 00,1718.514404296875
14_20220825 01,2014.231201171875
14_20220825 02,2111.30322265625
14_20220825 03,2032.166748046875
14_20220825 04,1996.3980712890625
14_20220825 05,1914.763916015625
14_20220825 06,1704.094482421875
14_20220825 07,1374.387451171875
14_20220825 08,1875.9130859375
14_20220825 09,2105.264892578125
14_20220825 10,2156.209716796875
14_20220825 11,2122.20361328125
14_20220825 12,1928.071533203125
14_20220825 13,2124.58447265625
14_20220825 14,2171.542236328125
14_20220825 15,2185.000732421875
14_20220825 16,2147.469970703125
14_20220825 17,2078.880859375
14_20220825 18,1840.1527099609375
14_20220825 19,2081.44091796875
14_20220825 20,2194.06298828125
14_20220825 21,2124.046875
14_20220825 22,2105.521484375
14_20220825 23,2056.965087890625
14_20220826 00,1708.642578125
14_20220826 01,1949.1826171875
14_20220826 02,1931.7698974609375
14_20220826 03,1901.4241943359375
14_20220826 04,1910.0445556640625
14_20220826 05,1810.8271484375
14_20220826 06,1581.9658203125
14_20220826 07,1363.9320068359375
14_20220826 08,1765.6519775390625
14_20220826 09,2011.061767578125
14_20220826 10,2056.77587890625
14_20220826 11,2037.733642578125
14_20220826 12,1925.3857421875
14_20220826 13,2095.643310546875
14_20220826 14,2120.866455078125
14_20220826 15,2088.47607421875
14_20220826 16,2085.195068359375
14_20220826 17,2022.6607666015625
14_20220826 18,1557.4716796875
14_20220826 19,2039.3099365234375
14_20220826 20,2141.90478515625
14_20220826 21,2129.78564453125
14_20220826 22,2132.437255859375
14_20220826 23,2047.6246337890625
14_20220827 00,1843.708251953125
14_20220827 01,2053.77001953125
14_20220827 02,2014.0830078125
14_20220827 03,1975.001220703125
14_20220827 04,2000.7581787109375
14_20220827 05,1737.6031494140625
14_20220827 06,1412.681396484375
14_20220827 07,1366.6292724609375
14_20220827 08,1775.3812255859375
14_20220827 09,1931.8603515625
14_20220827 10,1947.3402099609375
14_20220827 11,1816.3157958984375
14_20220827 12,1460.045166015625
14_20220827 13,1784.3177490234375
14_20220827 14,1823.518310546875
14_20220827 15,1773.9547119140625
14_20220827 16,1757.102294921875
14_20220827 17,1546.2025146484375
14_20220827 18,1227.6331787109375
14_20220827 19,1781.585693359375
14_20220827 20,1966.7066650390625
14_20220827 21,1979.208251953125
14_20220827 22,2002.6162109375
14_20220827 23,1867.349609375
14_20220828 00,1402.6895751953125
14_20220828 01,1962.804931640625
14_20220828 02,2004.5247802734375
14_20220828 03,1931.6588134765625
14_20220828 04,1813.2421875
14_20220828 05,1476.5504150390625
14_20220828 06,1209.328369140625
14_20220828 07,1175.2904052734375
14_20220828 08,1425.5732421875
14_20220828 09,1551.616943359375
14_20220828 10,1545.504638671875
14_20220828 11,1396.9361572265625
14_20220828 12,1145.078857421875
14_20220828 13,1510.6845703125
14_20220828 14,1585.2718505859375
14_20220828 15,1554.103271484375
14_20220828 16,1567.998779296875
14_20220828 17,1431.621337890625
14_20220828 18,1193.8177490234375
14_20220828 19,1750.292236328125
14_20220828 20,1952.710205078125
14_20220828 21,1919.9683837890625
14_20220828 22,1919.0660400390625
14_20220828 23,1879.316162109375
14_20220829 00,1454.603759765625
14_20220829 01,2005.12890625
14_20220829 02,1970.5380859375
14_20220829 03,1970.8154296875
14_20220829 04,1976.9375
14_20220829 05,1827.968505859375
14_20220829 06,1537.33837890625
14_20220829 07,1368.555419921875
14_20220829 08,1838.839599609375
14_20220829 09,2042.1507568359375
14_20220829 10,2086.520263671875
14_20220829 11,2098.08984375
14_20220829 12,1869.975830078125
14_20220829 13,1998.598876953125
14_20220829 14,2002.3548583984375
14_20220829 15,2037.0943603515625
14_20220829 16,2036.4808349609375
14_20220829 17,1993.638427734375
14_20220829 18,1632.471435546875
14_20220829 19,2003.6519775390625
14_20220829 20,2119.84619140625
14_20220829 21,2065.686279296875
14_20220829 22,2048.2978515625
14_20220829 23,2023.940185546875
14_20220830 00,1578.712646484375
14_20220830 01,1985.10546875
14_20220830 02,1926.2965087890625
14_20220830 03,1844.7523193359375
14_20220830 04,1842.8609619140625
14_20220830 05,1775.2867431640625
14_20220830 06,1507.880126953125
14_20220830 07,1346.5855712890625
14_20220830 08,1768.2919921875
14_20220830 09,2021.0745849609375
14_20220830 10,2109.174072265625
14_20220830 11,2018.423583984375
14_20220830 12,1816.3912353515625
14_20220830 13,2107.16259765625
14_20220830 14,2156.25244140625
14_20220830 15,2165.742919921875
14_20220830 16,2154.47021484375
14_20220830 17,2073.335693359375
14_20220830 18,1763.6722412109375
14_20220830 19,2099.030029296875
14_20220830 20,2179.734375
14_20220830 21,2124.34423828125
14_20220830 22,2113.591064453125
14_20220830 23,2019.572021484375
14_20220831 00,1690.419189453125
14_20220831 01,1981.427490234375
14_20220831 02,1935.1265869140625
14_20220831 03,1912.362548828125
14_20220831 04,1866.186279296875
14_20220831 05,1730.477294921875
14_20220831 06,1528.871826171875
14_20220831 07,1356.525390625
14_20220831 08,1795.0531005859375
14_20220831 09,2012.7808837890625
14_20220831 10,2116.119873046875
14_20220831 11,2088.11279296875
14_20220831 12,1812.5341796875
14_20220831 13,2092.822021484375
14_20220831 14,2136.867431640625
14_20220831 15,2083.762939453125
14_20220831 16,2089.400390625
14_20220831 17,2055.045166015625
14_20220831 18,1685.4052734375
14_20220831 19,2114.31201171875
14_20220831 20,2221.78759765625
14_20220831 21,2139.47021484375
14_20220831 22,2143.021728515625
14_20220831 23,2056.50244140625
15_20220825 00,1900.4779052734375
15_20220825 01,1929.9429931640625
15_20220825 02,2014.8970947265625
15_20220825 03,1948.678955078125
15_20220825 04,1814.7880859375
15_20220825 05,1731.8251953125
15_20220825 06,1493.9473876953125
15_20220825 07,1385.012451171875
15_20220825 08,1502.8507080078125
15_20220825 09,1697.3345947265625
15_20220825 10,1744.6822509765625
15_20220825 11,1784.4398193359375
15_20220825 12,1819.1507568359375
15_20220825 13,1773.035400390625
15_20220825 14,1800.529296875
15_20220825 15,1774.766357421875
15_20220825 16,1793.2388916015625
15_20220825 17,1801.6591796875
15_20220825 18,1837.204345703125
15_20220825 19,1953.2581787109375
15_20220825 20,2048.400634765625
15_20220825 21,2097.90380859375
15_20220825 22,2112.816162109375
15_20220825 23,2082.420654296875
15_20220826 00,1951.5830078125
15_20220826 01,1955.3978271484375
15_20220826 02,1986.7239990234375
15_20220826 03,1933.6962890625
15_20220826 04,1788.424560546875
15_20220826 05,1730.9361572265625
15_20220826 06,1546.47265625
15_20220826 07,1466.4315185546875
15_20220826 08,1576.3480224609375
15_20220826 09,1738.14453125
15_20220826 10,1803.676513671875
15_20220826 11,1835.080810546875
15_20220826 12,1841.2896728515625
15_20220826 13,1797.1175537109375
15_20220826 14,1810.3056640625
15_20220826 15,1802.7308349609375
15_20220826 16,1795.7359619140625
15_20220826 17,1815.448974609375
15_20220826 18,1812.7525634765625
15_20220826 19,1939.2841796875
15_20220826 20,2007.180419921875
15_20220826 21,2055.91943359375
15_20220826 22,2070.645751953125
15_20220826 23,2022.7213134765625
15_20220827 00,1854.732421875
15_20220827 01,1856.373779296875
15_20220827 02,1905.495849609375
15_20220827 03,1903.2001953125
15_20220827 04,1741.784423828125
15_20220827 05,1682.029052734375
15_20220827 06,1437.51904296875
15_20220827 07,1348.1796875
15_20220827 08,1425.512451171875
15_20220827 09,1580.01220703125
15_20220827 10,1629.4466552734375
15_20220827 11,1664.725830078125
15_20220827 12,1661.927490234375
15_20220827 13,1630.62548828125
15_20220827 14,1685.0107421875
15_20220827 15,1633.863037109375
15_20220827 16,1655.815673828125
15_20220827 17,1671.1566162109375
15_20220827 18,1596.90478515625
15_20220827 19,1658.537841796875
15_20220827 20,1723.6298828125
15_20220827 21,1712.1025390625
15_20220827 22,1697.3779296875
15_20220827 23,1650.9302978515625
15_20220828 00,1633.486328125
15_20220828 01,1658.8515625
15_20220828 02,1650.3343505859375
15_20220828 03,1590.1861572265625
15_20220828 04,1393.9078369140625
15_20220828 05,1283.5855712890625
15_20220828 06,1208.641845703125
15_20220828 07,1207.043701171875
15_20220828 08,1238.47509765625
15_20220828 09,1404.0634765625
15_20220828 10,1532.156005859375
15_20220828 11,1597.594482421875
15_20220828 12,1604.574462890625
15_20220828 13,1552.6893310546875
15_20220828 14,1587.691650390625
15_20220828 15,1535.4012451171875
15_20220828 16,1558.8021240234375
15_20220828 17,1576.321533203125
15_20220828 18,1478.456787109375
15_20220828 19,1601.275634765625
15_20220828 20,1706.569580078125
15_20220828 21,1691.0267333984375
15_20220828 22,1689.3424072265625
15_20220828 23,1655.159912109375
15_20220829 00,1631.13037109375
15_20220829 01,1655.1578369140625
15_20220829 02,1695.8662109375
15_20220829 03,1613.123779296875
15_20220829 04,1426.156005859375
15_20220829 05,1356.564208984375
15_20220829 06,1251.9959716796875
15_20220829 07,1241.193603515625
15_20220829 08,1373.9600830078125
15_20220829 09,1592.355712890625
15_20220829 10,1669.5914306640625
15_20220829 11,1738.960693359375
15_20220829 12,1759.728515625
15_20220829 13,1695.5865478515625
15_20220829 14,1698.4508056640625
15_20220829 15,1673.539306640625
15_20220829 16,1689.3726806640625
15_20220829 17,1730.644775390625
15_20220829 18,1773.3802490234375
15_20220829 19,1883.658447265625
15_20220829 20,2005.533447265625
15_20220829 21,2030.9156494140625
15_20220829 22,2026.4443359375
15_20220829 23,2004.368408203125
15_20220830 00,1881.1744384765625
15_20220830 01,1896.5260009765625
15_20220830 02,1958.5966796875
15_20220830 03,1902.147216796875
15_20220830 04,1734.2572021484375
15_20220830 05,1684.155029296875
15_20220830 06,1531.0072021484375
15_20220830 07,1379.792236328125
15_20220830 08,1498.79541015625
15_20220830 09,1659.6533203125
15_20220830 10,1731.487548828125
15_20220830 11,1772.0947265625
15_20220830 12,1771.0924072265625
15_20220830 13,1668.5650634765625
15_20220830 14,1668.2965087890625
15_20220830 15,1659.0830078125
15_20220830 16,1664.2939453125
15_20220830 17,1676.0377197265625
15_20220830 18,1711.95703125
15_20220830 19,1886.4150390625
15_20220830 20,1993.5386962890625
15_20220830 21,2043.7269287109375
15_20220830 22,2063.621826171875
15_20220830 23,2049.4013671875
15_20220831 00,1908.5570068359375
15_20220831 01,1927.444580078125
15_20220831 02,2012.023681640625
15_20220831 03,1952.9534912109375
15_20220831 04,1773.0670166015625
15_20220831 05,1731.2105712890625
15_20220831 06,1527.750244140625
15_20220831 07,1414.057373046875
15_20220831 08,1516.706298828125
15_20220831 09,1684.390869140625
15_20220831 10,1703.1812744140625
15_20220831 11,1726.9918212890625
15_20220831 12,1725.816650390625
15_20220831 13,1676.104248046875
15_20220831 14,1677.734130859375
15_20220831 15,1666.1673583984375
15_20220831 16,1697.255126953125
15_20220831 17,1701.7685546875
15_20220831 18,1685.098388671875
15_20220831 19,1829.5322265625
15_20220831 20,1942.3843994140625
15_20220831 21,2007.6605224609375
15_20220831 22,2033.8095703125
15_20220831 23,2011.923583984375
16_20220825 00,1379.7921142578125
16_20220825 01,1364.196044921875
16_20220825 02,1373.657470703125
16_20220825 03,1385.122314453125
16_20220825 04,1598.065673828125
16_20220825 05,3269.27001953125
16_20220825 06,4211.9912109375
16_20220825 07,4415.1220703125
16_20220825 08,4507.86328125
16_20220825 09,4550.29931640625
16_20220825 10,4551.72216796875
16_20220825 11,4553.02490234375
16_20220825 12,4522.24853515625
16_20220825 13,4526.79443359375
16_20220825 14,4539.04736328125
16_20220825 15,4554.21728515625
16_20220825 16,4571.2705078125
16_20220825 17,4587.9736328125
16_20220825 18,4469.0341796875
16_20220825 19,4432.17578125
16_20220825 20,4323.283203125
16_20220825 21,3400.389892578125
16_20220825 22,2136.86669921875
16_20220825 23,1619.418212890625
16_20220826 00,1463.177734375
16_20220826 01,1440.3795166015625
16_20220826 02,1445.199462890625
16_20220826 03,1435.682861328125
16_20220826 04,1621.0501708984375
16_20220826 05,3515.15869140625
16_20220826 06,4284.79931640625
16_20220826 07,4464.45458984375
16_20220826 08,4563.46484375
16_20220826 09,4587.67041015625
16_20220826 10,4591.1943359375
16_20220826 11,4569.0361328125
16_20220826 12,4532.2626953125
16_20220826 13,4516.3271484375
16_20220826 14,4561.60888671875
16_20220826 15,4610.7626953125
16_20220826 16,4579.2998046875
16_20220826 17,4519.14794921875
16_20220826 18,4319.06494140625
16_20220826 19,4322.7158203125
16_20220826 20,4218.62939453125
16_20220826 21,3111.18603515625
16_20220826 22,2118.8232421875
16_20220826 23,1567.2904052734375
16_20220827 00,1401.669921875
16_20220827 01,1380.2161865234375
16_20220827 02,1387.3343505859375
16_20220827 03,1376.336181640625
16_20220827 04,1537.180908203125
16_20220827 05,3417.34521484375
16_20220827 06,4207.99072265625
16_20220827 07,4281.76416015625
16_20220827 08,4265.2841796875
16_20220827 09,4327.8798828125
16_20220827 10,4310.7314453125
16_20220827 11,4255.5224609375
16_20220827 12,4263.09521484375
16_20220827 13,4332.07666015625
16_20220827 14,4347.92724609375
16_20220827 15,4313.2197265625
16_20220827 16,4332.43701171875
16_20220827 17,4386.6767578125
16_20220827 18,4309.6357421875
16_20220827 19,4287.45166015625
16_20220827 20,4203.8515625
16_20220827 21,2871.5869140625
16_20220827 22,2044.8492431640625
16_20220827 23,1456.7327880859375
16_20220828 00,1355.456298828125
16_20220828 01,1369.688232421875
16_20220828 02,1368.649658203125
16_20220828 03,1366.596923828125
16_20220828 04,1523.3187255859375
16_20220828 05,3397.72607421875
16_20220828 06,4194.6201171875
16_20220828 07,4213.2412109375
16_20220828 08,4150.02099609375
16_20220828 09,4246.658203125
16_20220828 10,4236.583984375
16_20220828 11,4244.8203125
16_20220828 12,4314.3837890625
16_20220828 13,4305.267578125
16_20220828 14,4239.9794921875
16_20220828 15,4239.70068359375
16_20220828 16,4291.37109375
16_20220828 17,4333.80078125
16_20220828 18,4232.0888671875
16_20220828 19,4329.7216796875
16_20220828 20,4160.3447265625
16_20220828 21,3331.089111328125
16_20220828 22,2133.572021484375
16_20220828 23,1515.033447265625
16_20220829 00,1380.625244140625
16_20220829 01,1371.129638671875
16_20220829 02,1371.289306640625
16_20220829 03,1369.4547119140625
16_20220829 04,1604.0435791015625
16_20220829 05,3303.30078125
16_20220829 06,4125.83544921875
16_20220829 07,4329.9580078125
16_20220829 08,4458.72802734375
16_20220829 09,4534.33544921875
16_20220829 10,4539.22607421875
16_20220829 11,4484.27587890625
16_20220829 12,4456.3232421875
16_20220829 13,4358.21923828125
16_20220829 14,4326.4345703125
16_20220829 15,4252.6337890625
16_20220829 16,4248.63720703125
16_20220829 17,4232.0986328125
16_20220829 18,3882.989013671875
16_20220829 19,3745.59423828125
16_20220829 20,3543.645751953125
16_20220829 21,2678.2958984375
16_20220829 22,2058.408447265625
16_20220829 23,1552.965087890625
16_20220830 00,1414.64501953125
16_20220830 01,1407.3157958984375
16_20220830 02,1407.1436767578125
16_20220830 03,1392.3243408203125
16_20220830 04,1605.688232421875
16_20220830 05,3370.12890625
16_20220830 06,4255.48681640625
16_20220830 07,4477.3251953125
16_20220830 08,4549.84619140625
16_20220830 09,4591.31591796875
16_20220830 10,4589.0546875
16_20220830 11,4532.427734375
16_20220830 12,4491.02392578125
16_20220830 13,4478.72802734375
16_20220830 14,4505.35107421875
16_20220830 15,4576.88232421875
16_20220830 16,4588.24267578125
16_20220830 17,4568.3017578125
16_20220830 18,4380.10791015625
16_20220830 19,4303.2529296875
16_20220830 20,3769.640625
16_20220830 21,2703.001953125
16_20220830 22,2073.355224609375
16_20220830 23,1540.950439453125
16_20220831 00,1418.3638916015625
16_20220831 01,1407.407470703125
16_20220831 02,1414.869140625
16_20220831 03,1406.426513671875
16_20220831 04,1605.980224609375
16_20220831 05,3442.483154296875
16_20220831 06,4391.3916015625
16_20220831 07,4426.32275390625
16_20220831 08,4553.78173828125
16_20220831 09,4554.39111328125
16_20220831 10,4546.5029296875
16_20220831 11,4459.8916015625
16_20220831 12,4430.1611328125
16_20220831 13,4403.109375
16_20220831 14,4399.20947265625
16_20220831 15,4465.8876953125
16_20220831 16,4454.79296875
16_20220831 17,4463.5537109375
16_20220831 18,4237.0283203125
16_20220831 19,4276.23193359375
16_20220831 20,3780.24169921875
16_20220831 21,2690.68701171875
16_20220831 22,2050.306640625
16_20220831 23,1539.4859619140625
17_20220825 00,688.1634521484375
17_20220825 01,633.3838500976562
17_20220825 02,629.6028442382812
17_20220825 03,631.6985473632812
17_20220825 04,855.6417846679688
17_20220825 05,1233.1265869140625
17_20220825 06,1223.8560791015625
17_20220825 07,1240.442138671875
17_20220825 08,1479.908447265625
17_20220825 09,1490.8575439453125
17_20220825 10,1488.732177734375
17_20220825 11,1494.8546142578125
17_20220825 12,1436.3486328125
17_20220825 13,1498.960693359375
17_20220825 14,1436.84375
17_20220825 15,1452.5357666015625
17_20220825 16,1444.1881103515625
17_20220825 17,1422.8306884765625
17_20220825 18,1368.7852783203125
17_20220825 19,953.9234619140625
17_20220825 20,819.7019653320312
17_20220825 21,791.0090942382812
17_20220825 22,785.1559448242188
17_20220825 23,770.3660278320312
17_20220826 00,646.58984375
17_20220826 01,608.4671020507812
17_20220826 02,622.5110473632812
17_20220826 03,620.2293701171875
17_20220826 04,850.2244873046875
17_20220826 05,1213.5347900390625
17_20220826 06,1136.862548828125
17_20220826 07,1196.514404296875
17_20220826 08,1464.641357421875
17_20220826 09,1478.5875244140625
17_20220826 10,1481.686279296875
17_20220826 11,1495.5704345703125
17_20220826 12,1435.0379638671875
17_20220826 13,1510.01904296875
17_20220826 14,1450.141357421875
17_20220826 15,1477.838134765625
17_20220826 16,1456.693115234375
17_20220826 17,1427.529541015625
17_20220826 18,1357.307373046875
17_20220826 19,859.572265625
17_20220826 20,826.0809326171875
17_20220826 21,790.7257690429688
17_20220826 22,770.9678955078125
17_20220826 23,706.53759765625
17_20220827 00,576.9525146484375
17_20220827 01,527.5006713867188
17_20220827 02,528.0147094726562
17_20220827 03,532.8779907226562
17_20220827 04,528.550537109375
17_20220827 05,518.380615234375
17_20220827 06,524.1295166015625
17_20220827 07,526.463134765625
17_20220827 08,555.1682739257812
17_20220827 09,597.2880859375
17_20220827 10,594.9573974609375
17_20220827 11,632.2454833984375
17_20220827 12,638.849853515625
17_20220827 13,623.9930419921875
17_20220827 14,634.3570556640625
17_20220827 15,679.3096923828125
17_20220827 16,678.9187622070312
17_20220827 17,654.7149047851562
17_20220827 18,633.9705810546875
17_20220827 19,658.1231689453125
17_20220827 20,629.869140625
17_20220827 21,633.49560546875
17_20220827 22,611.6732177734375
17_20220827 23,605.40234375
17_20220828 00,552.141357421875
17_20220828 01,543.2669067382812
17_20220828 02,520.4921875
17_20220828 03,523.8387451171875
17_20220828 04,522.7435913085938
17_20220828 05,527.6687622070312
17_20220828 06,549.9635009765625
17_20220828 07,551.8626708984375
17_20220828 08,559.6957397460938
17_20220828 09,577.5167236328125
17_20220828 10,579.00537109375
17_20220828 11,586.54541015625
17_20220828 12,603.1803588867188
17_20220828 13,610.3170776367188
17_20220828 14,612.1901245117188
17_20220828 15,623.4039916992188
17_20220828 16,637.8499755859375
17_20220828 17,606.2267456054688
17_20220828 18,615.5423583984375
17_20220828 19,601.01953125
17_20220828 20,618.0596313476562
17_20220828 21,598.25244140625
17_20220828 22,578.16943359375
17_20220828 23,571.162353515625
17_20220829 00,620.4539794921875
17_20220829 01,581.3887329101562
17_20220829 02,586.9580078125
17_20220829 03,582.9520263671875
17_20220829 04,1125.5709228515625
17_20220829 05,1245.1612548828125
17_20220829 06,1168.298583984375
17_20220829 07,1247.7867431640625
17_20220829 08,1522.5191650390625
17_20220829 09,1520.4078369140625
17_20220829 10,1513.524169921875
17_20220829 11,1529.6038818359375
17_20220829 12,1458.5777587890625
17_20220829 13,1532.6966552734375
17_20220829 14,1467.7109375
17_20220829 15,1483.0806884765625
17_20220829 16,1474.5845947265625
17_20220829 17,1450.350341796875
17_20220829 18,1356.2574462890625
17_20220829 19,990.0006713867188
17_20220829 20,917.8772583007812
17_20220829 21,908.5975341796875
17_20220829 22,925.17919921875
17_20220829 23,894.2587890625
17_20220830 00,776.4840698242188
17_20220830 01,690.4270629882812
17_20220830 02,683.3997192382812
17_20220830 03,706.4415893554688
17_20220830 04,990.9713745117188
17_20220830 05,1238.2584228515625
17_20220830 06,1062.2464599609375
17_20220830 07,1238.096923828125
17_20220830 08,1446.929443359375
17_20220830 09,1467.308349609375
17_20220830 10,1465.6146240234375
17_20220830 11,1471.073486328125
17_20220830 12,1394.2864990234375
17_20220830 13,1484.5567626953125
17_20220830 14,1399.279052734375
17_20220830 15,1437.705810546875
17_20220830 16,1439.64697265625
17_20220830 17,1404.7669677734375
17_20220830 18,1334.7401123046875
17_20220830 19,1043.297607421875
17_20220830 20,992.6373901367188
17_20220830 21,927.2799682617188
17_20220830 22,935.7106323242188
17_20220830 23,913.3494873046875
17_20220831 00,671.1505737304688
17_20220831 01,644.8030395507812
17_20220831 02,632.2083129882812
17_20220831 03,630.5838623046875
17_20220831 04,857.4685668945312
17_20220831 05,1234.844970703125
17_20220831 06,1129.843994140625
17_20220831 07,1145.19921875
17_20220831 08,1459.4674072265625
17_20220831 09,1480.3026123046875
17_20220831 10,1473.4521484375
17_20220831 11,1477.8446044921875
17_20220831 12,1428.96875
17_20220831 13,1482.289794921875
17_20220831 14,1433.794921875
17_20220831 15,1452.60693359375
17_20220831 16,1447.727783203125
17_20220831 17,1430.115478515625
17_20220831 18,1380.1722412109375
17_20220831 19,933.0421752929688
17_20220831 20,815.6046752929688
17_20220831 21,785.6448974609375
17_20220831 22,785.2911987304688
17_20220831 23,787.353271484375
18_20220825 00,1001.9146728515625
18_20220825 01,999.1868286132812
18_20220825 02,999.36328125
18_20220825 03,997.2511596679688
18_20220825 04,999.9234619140625
18_20220825 05,1001.326171875
18_20220825 06,1305.2027587890625
18_20220825 07,1824.48828125
18_20220825 08,2149.060302734375
18_20220825 09,2227.50341796875
18_20220825 10,2194.405029296875
18_20220825 11,2220.606689453125
18_20220825 12,2152.44873046875
18_20220825 13,2226.16552734375
18_20220825 14,2159.45556640625
18_20220825 15,2161.656005859375
18_20220825 16,2062.65185546875
18_20220825 17,1997.932861328125
18_20220825 18,1708.9566650390625
18_20220825 19,1655.8082275390625
18_20220825 20,1391.7877197265625
18_20220825 21,1239.3721923828125
18_20220825 22,1062.6533203125
18_20220825 23,1079.7080078125
18_20220826 00,1000.6617431640625
18_20220826 01,998.9222412109375
18_20220826 02,1017.6422729492188
18_20220826 03,1017.0074462890625
18_20220826 04,1020.7960815429688
18_20220826 05,1034.6673583984375
18_20220826 06,1291.395751953125
18_20220826 07,1835.304931640625
18_20220826 08,2127.7470703125
18_20220826 09,2204.09326171875
18_20220826 10,2214.28369140625
18_20220826 11,2319.00341796875
18_20220826 12,2229.33154296875
18_20220826 13,2306.21875
18_20220826 14,2278.565185546875
18_20220826 15,2265.32080078125
18_20220826 16,2195.25341796875
18_20220826 17,2125.66357421875
18_20220826 18,1861.111083984375
18_20220826 19,1707.890625
18_20220826 20,1423.5660400390625
18_20220826 21,1216.4107666015625
18_20220826 22,1110.425537109375
18_20220826 23,1065.61865234375
18_20220827 00,1006.1129150390625
18_20220827 01,1005.8665771484375
18_20220827 02,1030.9796142578125
18_20220827 03,1045.2691650390625
18_20220827 04,1009.0819091796875
18_20220827 05,995.0881958007812
18_20220827 06,1024.299560546875
18_20220827 07,1152.8756103515625
18_20220827 08,1222.2115478515625
18_20220827 09,1288.9188232421875
18_20220827 10,1309.533447265625
18_20220827 11,1355.3868408203125
18_20220827 12,1357.174560546875
18_20220827 13,1380.408935546875
18_20220827 14,1414.0440673828125
18_20220827 15,1412.0992431640625
18_20220827 16,1419.5196533203125
18_20220827 17,1316.4139404296875
18_20220827 18,1217.680419921875
18_20220827 19,1112.2265625
18_20220827 20,1040.335205078125
18_20220827 21,1042.0367431640625
18_20220827 22,1021.4830322265625
18_20220827 23,984.86181640625
18_20220828 00,982.1495361328125
18_20220828 01,984.1748046875
18_20220828 02,981.8759765625
18_20220828 03,978.0670166015625
18_20220828 04,1001.2928466796875
18_20220828 05,999.3429565429688
18_20220828 06,1085.366455078125
18_20220828 07,1178.3267822265625
18_20220828 08,1171.9287109375
18_20220828 09,1200.400390625
18_20220828 10,1261.066162109375
18_20220828 11,1366.5894775390625
18_20220828 12,1403.078369140625
18_20220828 13,1408.488037109375
18_20220828 14,1412.5751953125
18_20220828 15,1416.9556884765625
18_20220828 16,1413.003173828125
18_20220828 17,1351.900390625
18_20220828 18,1223.651611328125
18_20220828 19,1198.896240234375
18_20220828 20,1117.13671875
18_20220828 21,1087.968505859375
18_20220828 22,1053.1805419921875
18_20220828 23,1023.8779296875
18_20220829 00,1014.7354736328125
18_20220829 01,1014.5726318359375
18_20220829 02,998.9363403320312
18_20220829 03,988.35791015625
18_20220829 04,999.1357421875
18_20220829 05,1045.707275390625
18_20220829 06,1364.919189453125
18_20220829 07,1884.799560546875
18_20220829 08,2178.233154296875
18_20220829 09,2232.90185546875
18_20220829 10,2223.923095703125
18_20220829 11,2228.708251953125
18_20220829 12,2150.505126953125
18_20220829 13,2231.595458984375
18_20220829 14,2183.844970703125
18_20220829 15,2169.59912109375
18_20220829 16,2078.86474609375
18_20220829 17,1985.880126953125
18_20220829 18,1656.736083984375
18_20220829 19,1558.20458984375
18_20220829 20,1336.477294921875
18_20220829 21,1155.9932861328125
18_20220829 22,1047.894775390625
18_20220829 23,1051.925537109375
18_20220830 00,1041.0198974609375
18_20220830 01,1055.721435546875
18_20220830 02,1038.825927734375
18_20220830 03,1035.5885009765625
18_20220830 04,1036.5933837890625
18_20220830 05,1071.483642578125
18_20220830 06,1368.967529296875
18_20220830 07,1909.709716796875
18_20220830 08,2182.82275390625
18_20220830 09,2220.350830078125
18_20220830 10,2212.83984375
18_20220830 11,2216.10546875
18_20220830 12,2167.692626953125
18_20220830 13,2217.65625
18_20220830 14,2179.3212890625
18_20220830 15,2171.8408203125
18_20220830 16,2119.94287109375
18_20220830 17,2060.555419921875
18_20220830 18,1787.7490234375
18_20220830 19,1659.313720703125
18_20220830 20,1396.5775146484375
18_20220830 21,1212.599609375
18_20220830 22,1129.2838134765625
18_20220830 23,1132.860107421875
18_20220831 00,1050.2235107421875
18_20220831 01,1044.5994873046875
18_20220831 02,1045.1575927734375
18_20220831 03,1043.867431640625
18_20220831 04,1043.40234375
18_20220831 05,1051.401611328125
18_20220831 06,1252.1292724609375
18_20220831 07,1848.431396484375
18_20220831 08,2135.86865234375
18_20220831 09,2223.397216796875
18_20220831 10,2193.126953125
18_20220831 11,2204.60986328125
18_20220831 12,2112.093017578125
18_20220831 13,2217.83203125
18_20220831 14,2150.85400390625
18_20220831 15,2138.590087890625
18_20220831 16,2050.009033203125
18_20220831 17,1974.8443603515625
18_20220831 18,1648.8521728515625
18_20220831 19,1533.714111328125
18_20220831 20,1196.669677734375
18_20220831 21,1118.011962890625
18_20220831 22,1062.695556640625
18_20220831 23,1077.54150390625
19_20220825 00,861.072265625
19_20220825 01,862.8615112304688
19_20220825 02,859.7218017578125
19_20220825 03,800.976806640625
19_20220825 04,802.4973754882812
19_20220825 05,1175.6556396484375
19_20220825 06,1631.552490234375
19_20220825 07,1954.912353515625
19_20220825 08,2257.36572265625
19_20220825 09,2449.55615234375
19_20220825 10,2470.12939453125
19_20220825 11,2470.25146484375
19_20220825 12,2482.97314453125
19_20220825 13,2528.514404296875
19_20220825 14,2530.462890625
19_20220825 15,2420.462158203125
19_20220825 16,2401.669189453125
19_20220825 17,2386.94482421875
19_20220825 18,2005.465087890625
19_20220825 19,1906.591552734375
19_20220825 20,1737.1451416015625
19_20220825 21,1471.137939453125
19_20220825 22,1256.0789794921875
19_20220825 23,1088.912353515625
19_20220826 00,877.2175903320312
19_20220826 01,869.5553588867188
19_20220826 02,864.7918701171875
19_20220826 03,820.6687622070312
19_20220826 04,825.9437255859375
19_20220826 05,1185.1832275390625
19_20220826 06,1613.1474609375
19_20220826 07,1953.512939453125
19_20220826 08,2217.725830078125
19_20220826 09,2409.27880859375
19_20220826 10,2437.442138671875
19_20220826 11,2435.006591796875
19_20220826 12,2381.3857421875
19_20220826 13,2493.44873046875
19_20220826 14,2478.73388671875
19_20220826 15,2449.10498046875
19_20220826 16,2398.091796875
19_20220826 17,2375.64501953125
19_20220826 18,1798.411376953125
19_20220826 19,1868.896240234375
19_20220826 20,1697.772216796875
19_20220826 21,1462.171630859375
19_20220826 22,1261.5301513671875
19_20220826 23,1090.3494873046875
19_20220827 00,859.0281372070312
19_20220827 01,839.22119140625
19_20220827 02,829.4671630859375
19_20220827 03,796.5218505859375
19_20220827 04,784.9312744140625
19_20220827 05,882.0159912109375
19_20220827 06,954.8283081054688
19_20220827 07,1175.6099853515625
19_20220827 08,1419.6566162109375
19_20220827 09,1656.611572265625
19_20220827 10,1684.0914306640625
19_20220827 11,1687.2916259765625
19_20220827 12,1705.0386962890625
19_20220827 13,1715.8443603515625
19_20220827 14,1760.356689453125
19_20220827 15,1788.1240234375
19_20220827 16,1793.283203125
19_20220827 17,1799.645751953125
19_20220827 18,1534.1920166015625
19_20220827 19,1432.9129638671875
19_20220827 20,1299.5250244140625
19_20220827 21,1169.943359375
19_20220827 22,982.47119140625
19_20220827 23,869.0159301757812
19_20220828 00,772.5308227539062
19_20220828 01,764.0673217773438
19_20220828 02,763.7240600585938
19_20220828 03,766.4378051757812
19_20220828 04,763.2161865234375
19_20220828 05,871.1428833007812
19_20220828 06,951.9986572265625
19_20220828 07,1163.017333984375
19_20220828 08,1385.253662109375
19_20220828 09,1513.7183837890625
19_20220828 10,1530.6783447265625
19_20220828 11,1536.9228515625
19_20220828 12,1583.4090576171875
19_20220828 13,1593.5675048828125
19_20220828 14,1654.237548828125
19_20220828 15,1674.248046875
19_20220828 16,1652.5621337890625
19_20220828 17,1621.23974609375
19_20220828 18,1428.357177734375
19_20220828 19,1393.6080322265625
19_20220828 20,1275.283203125
19_20220828 21,1132.22265625
19_20220828 22,992.32177734375
19_20220828 23,912.2262573242188
19_20220829 00,785.2536010742188
19_20220829 01,777.836181640625
19_20220829 02,782.146728515625
19_20220829 03,771.8733520507812
19_20220829 04,766.861572265625
19_20220829 05,1144.731689453125
19_20220829 06,1593.310302734375
19_20220829 07,1954.138427734375
19_20220829 08,2210.29736328125
19_20220829 09,2365.38134765625
19_20220829 10,2355.88720703125
19_20220829 11,2393.151123046875
19_20220829 12,2363.145263671875
19_20220829 13,2394.746826171875
19_20220829 14,2199.033203125
19_20220829 15,2379.43359375
19_20220829 16,2305.533203125
19_20220829 17,2270.64306640625
19_20220829 18,1994.369384765625
19_20220829 19,1874.732666015625
19_20220829 20,1676.5537109375
19_20220829 21,1456.0084228515625
19_20220829 22,1253.306396484375
19_20220829 23,1105.9222412109375
19_20220830 00,904.0686645507812
19_20220830 01,902.7785034179688
19_20220830 02,890.7673950195312
19_20220830 03,876.1755981445312
19_20220830 04,834.7263793945312
19_20220830 05,1178.6683349609375
19_20220830 06,1660.435302734375
19_20220830 07,1955.826171875
19_20220830 08,2238.215576171875
19_20220830 09,2436.86376953125
19_20220830 10,2454.623291015625
19_20220830 11,2453.515869140625
19_20220830 12,2418.57666015625
19_20220830 13,2456.506591796875
19_20220830 14,2457.448486328125
19_20220830 15,2435.391845703125
19_20220830 16,2392.512939453125
19_20220830 17,2378.22314453125
19_20220830 18,1999.698486328125
19_20220830 19,1891.7301025390625
19_20220830 20,1779.2164306640625
19_20220830 21,1503.695068359375
19_20220830 22,1292.5242919921875
19_20220830 23,1112.3367919921875
19_20220831 00,901.2979736328125
19_20220831 01,888.6353759765625
19_20220831 02,876.8372192382812
19_20220831 03,840.3173828125
19_20220831 04,818.7791137695312
19_20220831 05,1164.218994140625
19_20220831 06,1607.545166015625
19_20220831 07,1950.222900390625
19_20220831 08,2210.740966796875
19_20220831 09,2393.28515625
19_20220831 10,2422.7060546875
19_20220831 11,2423.79443359375
19_20220831 12,2375.42236328125
19_20220831 13,2422.94873046875
19_20220831 14,2428.442138671875
19_20220831 15,2398.38427734375
19_20220831 16,2333.78271484375
19_20220831 17,2368.4140625
19_20220831 18,1846.636962890625
19_20220831 19,1878.4322509765625
19_20220831 20,1691.1748046875
19_20220831 21,1449.3214111328125
19_20220831 22,1283.52880859375
19_20220831 23,1095.9891357421875
20_20220825 00,1007.2088012695312
20_20220825 01,1004.9525146484375
20_20220825 02,1001.4471435546875
20_20220825 03,1006.4435424804688
20_20220825 04,1003.8323974609375
20_20220825 05,1083.2767333984375
20_20220825 06,2497.94921875
20_20220825 07,2757.69873046875
20_20220825 08,2946.349853515625
20_20220825 09,3141.68115234375
20_20220825 10,3180.2578125
20_20220825 11,3123.2841796875
20_20220825 12,3102.205322265625
20_20220825 13,3174.833740234375
20_20220825 14,3171.656494140625
20_20220825 15,3157.251953125
20_20220825 16,3153.51953125
20_20220825 17,2909.70263671875
20_20220825 18,1701.2896728515625
20_20220825 19,1258.5308837890625
20_20220825 20,1179.003662109375
20_20220825 21,1136.522705078125
20_20220825 22,1060.3228759765625
20_20220825 23,1028.4102783203125
20_20220826 00,1003.3387451171875
20_20220826 01,998.4934692382812
20_20220826 02,994.0101318359375
20_20220826 03,1000.1976318359375
20_20220826 04,1005.6431884765625
20_20220826 05,1229.1295166015625
20_20220826 06,2358.5263671875
20_20220826 07,2652.781982421875
20_20220826 08,2837.39892578125
20_20220826 09,3000.0595703125
20_20220826 10,3008.42333984375
20_20220826 11,2972.059326171875
20_20220826 12,2953.065673828125
20_20220826 13,2995.003173828125
20_20220826 14,3008.24951171875
20_20220826 15,3032.70703125
20_20220826 16,3070.4833984375
20_20220826 17,2762.11865234375
20_20220826 18,1528.8846435546875
20_20220826 19,1223.0584716796875
20_20220826 20,1159.5689697265625
20_20220826 21,1093.560302734375
20_20220826 22,1040.206298828125
20_20220826 23,1008.9775390625
20_20220827 00,990.7930908203125
20_20220827 01,981.798828125
20_20220827 02,975.4107666015625
20_20220827 03,973.4459228515625
20_20220827 04,970.8636474609375
20_20220827 05,971.2421875
20_20220827 06,965.57470703125
20_20220827 07,915.7687377929688
20_20220827 08,842.1033325195312
20_20220827 09,814.8524169921875
20_20220827 10,797.1328735351562
20_20220827 11,785.8665161132812
20_20220827 12,772.0364990234375
20_20220827 13,777.178466796875
20_20220827 14,802.6235961914062
20_20220827 15,844.3236083984375
20_20220827 16,886.6170043945312
20_20220827 17,934.3985595703125
20_20220827 18,979.3494873046875
20_20220827 19,998.9166870117188
20_20220827 20,1001.5250854492188
20_20220827 21,1003.0213012695312
20_20220827 22,992.4124755859375
20_20220827 23,979.6800537109375
20_20220828 00,981.8277587890625
20_20220828 01,976.2351684570312
20_20220828 02,975.5926513671875
20_20220828 03,976.1884765625
20_20220828 04,974.0987548828125
20_20220828 05,972.2326049804688
20_20220828 06,966.7672119140625
20_20220828 07,939.6041870117188
20_20220828 08,913.1357421875
20_20220828 09,858.0550537109375
20_20220828 10,820.1400146484375
20_20220828 11,779.2869262695312
20_20220828 12,779.9029541015625
20_20220828 13,791.2996826171875
20_20220828 14,807.9552612304688
20_20220828 15,851.201171875
20_20220828 16,888.80419921875
20_20220828 17,946.654296875
20_20220828 18,1006.9866333007812
20_20220828 19,1020.2468872070312
20_20220828 20,1005.0721435546875
20_20220828 21,1009.36474609375
20_20220828 22,1011.00439453125
20_20220828 23,990.857421875
20_20220829 00,1000.79833984375
20_20220829 01,994.3595581054688
20_20220829 02,987.3327026367188
20_20220829 03,988.3678588867188
20_20220829 04,1021.2214965820312
20_20220829 05,1538.4681396484375
20_20220829 06,2327.51513671875
20_20220829 07,2738.73974609375
20_20220829 08,2948.12060546875
20_20220829 09,3109.41943359375
20_20220829 10,3121.841796875
20_20220829 11,3079.91845703125
20_20220829 12,3050.6328125
20_20220829 13,3089.089599609375
20_20220829 14,3081.91552734375
20_20220829 15,3078.79736328125
20_20220829 16,3102.165283203125
20_20220829 17,2874.819580078125
20_20220829 18,1630.312255859375
20_20220829 19,1280.84033203125
20_20220829 20,1195.9849853515625
20_20220829 21,1152.014892578125
20_20220829 22,1065.085693359375
20_20220829 23,1025.710205078125
20_20220830 00,1005.4691162109375
20_20220830 01,996.0682373046875
20_20220830 02,991.76611328125
20_20220830 03,996.7058715820312
20_20220830 04,999.9021606445312
20_20220830 05,1148.758056640625
20_20220830 06,2458.8564453125
20_20220830 07,2716.0869140625
20_20220830 08,2885.622314453125
20_20220830 09,3101.293701171875
20_20220830 10,3114.064453125
20_20220830 11,3070.655517578125
20_20220830 12,3036.7294921875
20_20220830 13,3111.792724609375
20_20220830 14,3087.1650390625
20_20220830 15,3068.371337890625
20_20220830 16,3113.74365234375
20_20220830 17,2893.556884765625
20_20220830 18,1718.2650146484375
20_20220830 19,1387.549560546875
20_20220830 20,1293.975830078125
20_20220830 21,1188.8746337890625
20_20220830 22,1090.4642333984375
20_20220830 23,1046.6103515625
20_20220831 00,1009.98681640625
20_20220831 01,1003.8977661132812
20_20220831 02,997.0388793945312
20_20220831 03,1003.3367919921875
20_20220831 04,1002.2350463867188
20_20220831 05,1285.4873046875
20_20220831 06,2427.98681640625
20_20220831 07,2703.05810546875
20_20220831 08,2884.840576171875
20_20220831 09,3089.732421875
20_20220831 10,3114.45166015625
20_20220831 11,3039.83740234375
20_20220831 12,3029.80859375
20_20220831 13,3078.672119140625
20_20220831 14,3079.443603515625
20_20220831 15,3095.43017578125
20_20220831 16,3134.78955078125
20_20220831 17,2840.99658203125
20_20220831 18,1721.6058349609375
20_20220831 19,1301.220458984375
20_20220831 20,1190.719970703125
20_20220831 21,1144.5399169921875
20_20220831 22,1067.1741943359375
20_20220831 23,1027.839111328125
21_20220825 00,1663.416259765625
21_20220825 01,1665.7213134765625
21_20220825 02,1665.2978515625
21_20220825 03,1591.5496826171875
21_20220825 04,1456.3221435546875
21_20220825 05,1496.0068359375
21_20220825 06,1918.468994140625
21_20220825 07,2710.56884765625
21_20220825 08,3185.143310546875
21_20220825 09,3241.22265625
21_20220825 10,3195.138916015625
21_20220825 11,3189.75244140625
21_20220825 12,3047.906982421875
21_20220825 13,2922.81005859375
21_20220825 14,3046.05029296875
21_20220825 15,3132.446533203125
21_20220825 16,3033.125732421875
21_20220825 17,2756.46435546875
21_20220825 18,2033.9244384765625
21_20220825 19,1721.1761474609375
21_20220825 20,1642.896240234375
21_20220825 21,1527.623046875
21_20220825 22,1427.0860595703125
21_20220825 23,1665.358642578125
21_20220826 00,1652.7337646484375
21_20220826 01,1636.039794921875
21_20220826 02,1633.844482421875
21_20220826 03,1547.6204833984375
21_20220826 04,1412.4879150390625
21_20220826 05,1449.7041015625
21_20220826 06,1967.993896484375
21_20220826 07,2623.46435546875
21_20220826 08,3024.273681640625
21_20220826 09,3108.650390625
21_20220826 10,3084.45361328125
21_20220826 11,3099.671142578125
21_20220826 12,2938.922119140625
21_20220826 13,2840.58056640625
21_20220826 14,2948.947998046875
21_20220826 15,3030.5419921875
21_20220826 16,2955.071533203125
21_20220826 17,2799.793701171875
21_20220826 18,1899.6064453125
21_20220826 19,1675.3671875
21_20220826 20,1541.0555419921875
21_20220826 21,1487.6953125
21_20220826 22,1405.8135986328125
21_20220826 23,1663.983154296875
21_20220827 00,1660.2183837890625
21_20220827 01,1653.5814208984375
21_20220827 02,1636.906494140625
21_20220827 03,1600.2271728515625
21_20220827 04,1426.95703125
21_20220827 05,1315.966796875
21_20220827 06,1328.4268798828125
21_20220827 07,1328.219970703125
21_20220827 08,1305.0196533203125
21_20220827 09,1366.8802490234375
21_20220827 10,1356.613037109375
21_20220827 11,1338.768310546875
21_20220827 12,1344.1668701171875
21_20220827 13,1342.1162109375
21_20220827 14,1363.2337646484375
21_20220827 15,1363.410888671875
21_20220827 16,1412.7125244140625
21_20220827 17,1428.8414306640625
21_20220827 18,1425.406982421875
21_20220827 19,1436.1571044921875
21_20220827 20,1457.7122802734375
21_20220827 21,1444.2860107421875
21_20220827 22,1418.7115478515625
21_20220827 23,1354.929443359375
21_20220828 00,1460.448974609375
21_20220828 01,1459.6298828125
21_20220828 02,1460.1175537109375
21_20220828 03,1440.886962890625
21_20220828 04,1347.3134765625
21_20220828 05,1334.046142578125
21_20220828 06,1332.9134521484375
21_20220828 07,1337.814697265625
21_20220828 08,1346.0037841796875
21_20220828 09,1404.23828125
21_20220828 10,1420.926025390625
21_20220828 11,1402.9638671875
21_20220828 12,1387.688720703125
21_20220828 13,1379.3101806640625
21_20220828 14,1380.4267578125
21_20220828 15,1382.9769287109375
21_20220828 16,1397.53173828125
21_20220828 17,1417.5286865234375
21_20220828 18,1380.4595947265625
21_20220828 19,1422.2567138671875
21_20220828 20,1427.1669921875
21_20220828 21,1409.2470703125
21_20220828 22,1374.6669921875
21_20220828 23,1335.5570068359375
21_20220829 00,1297.9705810546875
21_20220829 01,1294.9508056640625
21_20220829 02,1297.987548828125
21_20220829 03,1285.048828125
21_20220829 04,1281.2452392578125
21_20220829 05,1428.6324462890625
21_20220829 06,1990.848876953125
21_20220829 07,2655.16357421875
21_20220829 08,3118.972900390625
21_20220829 09,3216.04931640625
21_20220829 10,3159.026123046875
21_20220829 11,3121.27001953125
21_20220829 12,3005.776123046875
21_20220829 13,2846.17236328125
21_20220829 14,2968.878173828125
21_20220829 15,3029.43408203125
21_20220829 16,2923.795654296875
21_20220829 17,2709.32373046875
21_20220829 18,1950.547119140625
21_20220829 19,1762.820556640625
21_20220829 20,1653.821533203125
21_20220829 21,1507.6650390625
21_20220829 22,1422.5130615234375
21_20220829 23,1605.379638671875
21_20220830 00,1609.6141357421875
21_20220830 01,1602.2152099609375
21_20220830 02,1599.0904541015625
21_20220830 03,1560.822021484375
21_20220830 04,1467.366943359375
21_20220830 05,1535.6376953125
21_20220830 06,2055.5810546875
21_20220830 07,2696.46142578125
21_20220830 08,3123.08154296875
21_20220830 09,3167.9921875
21_20220830 10,3144.694580078125
21_20220830 11,3127.46240234375
21_20220830 12,3031.04443359375
21_20220830 13,2906.87841796875
21_20220830 14,2982.40576171875
21_20220830 15,3046.93310546875
21_20220830 16,2956.9765625
21_20220830 17,2830.786865234375
21_20220830 18,1966.095947265625
21_20220830 19,1767.653076171875
21_20220830 20,1654.2210693359375
21_20220830 21,1529.1937255859375
21_20220830 22,1417.920654296875
21_20220830 23,1643.111328125
21_20220831 00,1633.645263671875
21_20220831 01,1629.792236328125
21_20220831 02,1631.5455322265625
21_20220831 03,1596.872314453125
21_20220831 04,1462.5501708984375
21_20220831 05,1448.7525634765625
21_20220831 06,1821.3974609375
21_20220831 07,2627.8837890625
21_20220831 08,3101.584716796875
21_20220831 09,3178.448486328125
21_20220831 10,3121.27685546875
21_20220831 11,3101.514892578125
21_20220831 12,2966.70556640625
21_20220831 13,2803.900390625
21_20220831 14,2949.990478515625
21_20220831 15,3046.205322265625
21_20220831 16,2963.262939453125
21_20220831 17,2743.643798828125
21_20220831 18,2070.24462890625
21_20220831 19,1823.8463134765625
21_20220831 20,1667.680908203125
21_20220831 21,1542.122802734375
21_20220831 22,1429.68798828125
21_20220831 23,1669.5865478515625
22_20220825 00,947.2648315429688
22_20220825 01,933.0440673828125
22_20220825 02,924.1159057617188
22_20220825 03,920.5469970703125
22_20220825 04,923.8704223632812
22_20220825 05,984.8623046875
22_20220825 06,1346.065673828125
22_20220825 07,1412.27099609375
22_20220825 08,1578.21923828125
22_20220825 09,1654.3414306640625
22_20220825 10,1649.7034912109375
22_20220825 11,1668.6448974609375
22_20220825 12,1619.3453369140625
22_20220825 13,1673.307861328125
22_20220825 14,1656.108154296875
22_20220825 15,1641.880126953125
22_20220825 16,1646.1611328125
22_20220825 17,1602.35791015625
22_20220825 18,1356.8148193359375
22_20220825 19,1220.62451171875
22_20220825 20,1156.5501708984375
22_20220825 21,1077.6812744140625
22_20220825 22,999.7164306640625
22_20220825 23,958.1214599609375
22_20220826 00,934.8370971679688
22_20220826 01,930.20458984375
22_20220826 02,927.01318359375
22_20220826 03,922.6767578125
22_20220826 04,923.8507080078125
22_20220826 05,984.96826171875
22_20220826 06,1320.185791015625
22_20220826 07,1383.9874267578125
22_20220826 08,1547.2457275390625
22_20220826 09,1637.544677734375
22_20220826 10,1629.820556640625
22_20220826 11,1650.087158203125
22_20220826 12,1601.2471923828125
22_20220826 13,1660.0921630859375
22_20220826 14,1661.5784912109375
22_20220826 15,1637.6021728515625
22_20220826 16,1648.1392822265625
22_20220826 17,1600.0577392578125
22_20220826 18,1352.8270263671875
22_20220826 19,1227.32568359375
22_20220826 20,1136.5084228515625
22_20220826 21,1063.5364990234375
22_20220826 22,994.1202392578125
22_20220826 23,956.23974609375
22_20220827 00,936.2122192382812
22_20220827 01,933.4578247070312
22_20220827 02,921.30859375
22_20220827 03,910.0426025390625
22_20220827 04,909.1746215820312
22_20220827 05,913.85693359375
22_20220827 06,965.1848754882812
22_20220827 07,1043.327392578125
22_20220827 08,1113.14404296875
22_20220827 09,1161.9151611328125
22_20220827 10,1184.200439453125
22_20220827 11,1188.51904296875
22_20220827 12,1174.335693359375
22_20220827 13,1196.2386474609375
22_20220827 14,1197.8065185546875
22_20220827 15,1207.10546875
22_20220827 16,1197.386962890625
22_20220827 17,1199.9688720703125
22_20220827 18,1080.59423828125
22_20220827 19,996.08544921875
22_20220827 20,984.1729736328125
22_20220827 21,962.5881958007812
22_20220827 22,958.3102416992188
22_20220827 23,938.9910888671875
22_20220828 00,924.51220703125
22_20220828 01,916.3318481445312
22_20220828 02,913.4306640625
22_20220828 03,911.17333984375
22_20220828 04,909.57373046875
22_20220828 05,910.7564697265625
22_20220828 06,950.3493041992188
22_20220828 07,1008.3880004882812
22_20220828 08,1017.3460693359375
22_20220828 09,1020.6478271484375
22_20220828 10,1073.201171875
22_20220828 11,1052.18115234375
22_20220828 12,1057.946044921875
22_20220828 13,1082.16259765625
22_20220828 14,1122.501708984375
22_20220828 15,1122.0963134765625
22_20220828 16,1095.81396484375
22_20220828 17,1056.8699951171875
22_20220828 18,1021.2744140625
22_20220828 19,975.4996948242188
22_20220828 20,966.1199951171875
22_20220828 21,960.8896484375
22_20220828 22,963.8118896484375
22_20220828 23,946.2303466796875
22_20220829 00,926.3421630859375
22_20220829 01,914.0032348632812
22_20220829 02,911.85400390625
22_20220829 03,911.16064453125
22_20220829 04,914.2433471679688
22_20220829 05,1078.0260009765625
22_20220829 06,1340.632080078125
22_20220829 07,1399.365478515625
22_20220829 08,1569.425048828125
22_20220829 09,1674.6226806640625
22_20220829 10,1660.324462890625
22_20220829 11,1675.210205078125
22_20220829 12,1606.4488525390625
22_20220829 13,1676.9222412109375
22_20220829 14,1678.444580078125
22_20220829 15,1661.4515380859375
22_20220829 16,1667.6644287109375
22_20220829 17,1627.15283203125
22_20220829 18,1317.732177734375
22_20220829 19,1242.2982177734375
22_20220829 20,1178.283203125
22_20220829 21,1091.742431640625
22_20220829 22,1000.5476684570312
22_20220829 23,958.171875
22_20220830 00,930.3626098632812
22_20220830 01,926.2174072265625
22_20220830 02,924.7232666015625
22_20220830 03,915.8792114257812
22_20220830 04,920.5471801757812
22_20220830 05,1014.5652465820312
22_20220830 06,1326.8277587890625
22_20220830 07,1385.849365234375
22_20220830 08,1558.849853515625
22_20220830 09,1639.5767822265625
22_20220830 10,1632.975830078125
22_20220830 11,1649.0289306640625
22_20220830 12,1598.6370849609375
22_20220830 13,1655.1829833984375
22_20220830 14,1665.55078125
22_20220830 15,1654.4814453125
22_20220830 16,1670.8646240234375
22_20220830 17,1629.0377197265625
22_20220830 18,1340.61376953125
22_20220830 19,1220.926513671875
22_20220830 20,1167.1490478515625
22_20220830 21,1082.6929931640625
22_20220830 22,1007.4348754882812
22_20220830 23,957.3831176757812
22_20220831 00,931.8167114257812
22_20220831 01,929.6773681640625
22_20220831 02,922.4818115234375
22_20220831 03,917.3854370117188
22_20220831 04,922.5203857421875
22_20220831 05,975.4611206054688
22_20220831 06,1306.151123046875
22_20220831 07,1380.8770751953125
22_20220831 08,1547.587158203125
22_20220831 09,1620.63818359375
22_20220831 10,1630.469482421875
22_20220831 11,1639.000244140625
22_20220831 12,1574.6002197265625
22_20220831 13,1645.620361328125
22_20220831 14,1648.9169921875
22_20220831 15,1627.392333984375
22_20220831 16,1632.9417724609375
22_20220831 17,1583.4825439453125
22_20220831 18,1321.9166259765625
22_20220831 19,1211.6724853515625
22_20220831 20,1153.075927734375
22_20220831 21,1072.6953125
22_20220831 22,1011.3720703125
22_20220831 23,966.4830932617188
23_20220825 00,1061.568603515625
23_20220825 01,1057.482666015625
23_20220825 02,1045.729736328125
23_20220825 03,1046.82666015625
23_20220825 04,1047.27783203125
23_20220825 05,1079.5712890625
23_20220825 06,1465.353759765625
23_20220825 07,1538.441650390625
23_20220825 08,1593.21484375
23_20220825 09,1638.5712890625
23_20220825 10,1647.366455078125
23_20220825 11,1651.4105224609375
23_20220825 12,1599.6629638671875
23_20220825 13,1641.745849609375
23_20220825 14,1627.5419921875
23_20220825 15,1612.800048828125
23_20220825 16,1628.2509765625
23_20220825 17,1589.035888671875
23_20220825 18,1217.3665771484375
23_20220825 19,1165.910400390625
23_20220825 20,1139.890625
23_20220825 21,1101.984619140625
23_20220825 22,1060.970458984375
23_20220825 23,1044.636962890625
23_20220826 00,1035.2200927734375
23_20220826 01,1034.559814453125
23_20220826 02,1031.813720703125
23_20220826 03,1035.781982421875
23_20220826 04,1032.438232421875
23_20220826 05,1056.0333251953125
23_20220826 06,1409.592041015625
23_20220826 07,1475.3614501953125
23_20220826 08,1532.5777587890625
23_20220826 09,1547.6273193359375
23_20220826 10,1594.2379150390625
23_20220826 11,1591.2314453125
23_20220826 12,1567.77490234375
23_20220826 13,1611.663330078125
23_20220826 14,1596.7193603515625
23_20220826 15,1579.6427001953125
23_20220826 16,1582.512451171875
23_20220826 17,1546.0693359375
23_20220826 18,1174.0216064453125
23_20220826 19,1145.81005859375
23_20220826 20,1129.177001953125
23_20220826 21,1104.2005615234375
23_20220826 22,1071.547607421875
23_20220826 23,1058.4075927734375
23_20220827 00,1046.8944091796875
23_20220827 01,1040.2998046875
23_20220827 02,1041.5836181640625
23_20220827 03,1040.552978515625
23_20220827 04,1042.983642578125
23_20220827 05,1040.575927734375
23_20220827 06,1061.4937744140625
23_20220827 07,1066.795654296875
23_20220827 08,1067.0247802734375
23_20220827 09,1065.197509765625
23_20220827 10,1061.2269287109375
23_20220827 11,1057.7205810546875
23_20220827 12,1068.7144775390625
23_20220827 13,1072.556884765625
23_20220827 14,1071.402587890625
23_20220827 15,1074.2738037109375
23_20220827 16,1072.6451416015625
23_20220827 17,1070.973876953125
23_20220827 18,1072.54248046875
23_20220827 19,1063.3763427734375
23_20220827 20,1056.010498046875
23_20220827 21,1048.9920654296875
23_20220827 22,1033.974609375
23_20220827 23,1027.9168701171875
23_20220828 00,1026.859130859375
23_20220828 01,1026.8502197265625
23_20220828 02,1026.54443359375
23_20220828 03,1027.4095458984375
23_20220828 04,1027.114501953125
23_20220828 05,1028.144775390625
23_20220828 06,1043.077880859375
23_20220828 07,1044.353759765625
23_20220828 08,1045.0953369140625
23_20220828 09,1052.6917724609375
23_20220828 10,1063.6888427734375
23_20220828 11,1067.5531005859375
23_20220828 12,1071.70654296875
23_20220828 13,1077.7093505859375
23_20220828 14,1079.673095703125
23_20220828 15,1080.012451171875
23_20220828 16,1079.181396484375
23_20220828 17,1076.926513671875
23_20220828 18,1075.8365478515625
23_20220828 19,1066.9066162109375
23_20220828 20,1072.8951416015625
23_20220828 21,1066.7650146484375
23_20220828 22,1046.3743896484375
23_20220828 23,1035.3262939453125
23_20220829 00,1038.4891357421875
23_20220829 01,1038.91552734375
23_20220829 02,1033.364990234375
23_20220829 03,1030.692138671875
23_20220829 04,1031.784423828125
23_20220829 05,1055.102783203125
23_20220829 06,1435.6966552734375
23_20220829 07,1499.02685546875
23_20220829 08,1551.039794921875
23_20220829 09,1583.5377197265625
23_20220829 10,1581.897705078125
23_20220829 11,1590.59228515625
23_20220829 12,1560.110595703125
23_20220829 13,1600.88037109375
23_20220829 14,1596.244140625
23_20220829 15,1607.2408447265625
23_20220829 16,1615.0443115234375
23_20220829 17,1577.872314453125
23_20220829 18,1228.802978515625
23_20220829 19,1176.107177734375
23_20220829 20,1144.18017578125
23_20220829 21,1106.6826171875
23_20220829 22,1065.6285400390625
23_20220829 23,1052.010009765625
23_20220830 00,1038.32373046875
23_20220830 01,1040.8843994140625
23_20220830 02,1039.5701904296875
23_20220830 03,1038.209716796875
23_20220830 04,1040.439697265625
23_20220830 05,1067.0401611328125
23_20220830 06,1433.603271484375
23_20220830 07,1521.3753662109375
23_20220830 08,1570.302978515625
23_20220830 09,1591.627685546875
23_20220830 10,1590.69189453125
23_20220830 11,1595.839599609375
23_20220830 12,1562.3077392578125
23_20220830 13,1597.3447265625
23_20220830 14,1598.3658447265625
23_20220830 15,1626.1383056640625
23_20220830 16,1628.9993896484375
23_20220830 17,1614.528076171875
23_20220830 18,1279.9639892578125
23_20220830 19,1211.908935546875
23_20220830 20,1178.68408203125
23_20220830 21,1123.852294921875
23_20220830 22,1084.079345703125
23_20220830 23,1068.6280517578125
23_20220831 00,1057.6295166015625
23_20220831 01,1056.6070556640625
23_20220831 02,1055.4501953125
23_20220831 03,1054.0869140625
23_20220831 04,1050.57421875
23_20220831 05,1072.7548828125
23_20220831 06,1468.5654296875
23_20220831 07,1532.378662109375
23_20220831 08,1574.8487548828125
23_20220831 09,1591.2823486328125
23_20220831 10,1587.87744140625
23_20220831 11,1586.5313720703125
23_20220831 12,1540.9630126953125
23_20220831 13,1589.5008544921875
23_20220831 14,1578.43212890625
23_20220831 15,1596.31494140625
23_20220831 16,1599.688720703125
23_20220831 17,1566.519287109375
23_20220831 18,1233.9613037109375
23_20220831 19,1190.565185546875
23_20220831 20,1161.0618896484375
23_20220831 21,1120.509765625
23_20220831 22,1079.151611328125
23_20220831 23,1067.367919921875
24_20220825 00,7852.98291015625
24_20220825 01,7591.8173828125
24_20220825 02,7463.25
24_20220825 03,7419.95947265625
24_20220825 04,7392.7978515625
24_20220825 05,7582.8095703125
24_20220825 06,8127.0732421875
24_20220825 07,9018.8720703125
24_20220825 08,12211.873046875
24_20220825 09,13331.3876953125
24_20220825 10,14022.509765625
24_20220825 11,14211.7138671875
24_20220825 12,14243.78125
24_20220825 13,14224.794921875
24_20220825 14,14292.0048828125
24_20220825 15,13941.7294921875
24_20220825 16,13371.4345703125
24_20220825 17,12316.34375
24_20220825 18,11480.83203125
24_20220825 19,10664.8505859375
24_20220825 20,10029.5849609375
24_20220825 21,9097.1728515625
24_20220825 22,8560.2470703125
24_20220825 23,8150.7890625
24_20220826 00,7686.390625
24_20220826 01,7541.79443359375
24_20220826 02,7446.7158203125
24_20220826 03,7380.25634765625
24_20220826 04,7270.3720703125
24_20220826 05,7519.4169921875
24_20220826 06,8076.95947265625
24_20220826 07,8891.2509765625
24_20220826 08,12079.615234375
24_20220826 09,13271.078125
24_20220826 10,13887.396484375
24_20220826 11,14106.40625
24_20220826 12,14195.544921875
24_20220826 13,14325.912109375
24_20220826 14,14374.275390625
24_20220826 15,14644.8359375
24_20220826 16,14025.505859375
24_20220826 17,12582.783203125
24_20220826 18,11601.6640625
24_20220826 19,10788.021484375
24_20220826 20,9880.6357421875
24_20220826 21,8999.3125
24_20220826 22,8563.8271484375
24_20220826 23,8177.2197265625
24_20220827 00,7611.91552734375
24_20220827 01,7506.8447265625
24_20220827 02,7344.30322265625
24_20220827 03,7286.16259765625
24_20220827 04,7179.20068359375
24_20220827 05,7152.0576171875
24_20220827 06,7207.7822265625
24_20220827 07,7487.23046875
24_20220827 08,9049.123046875
24_20220827 09,9812.169921875
24_20220827 10,9986.2451171875
24_20220827 11,9845.1064453125
24_20220827 12,10001.537109375
24_20220827 13,9916.126953125
24_20220827 14,10082.763671875
24_20220827 15,9835.2626953125
24_20220827 16,9594.2666015625
24_20220827 17,9489.771484375
24_20220827 18,9192.6279296875
24_20220827 19,8864.7763671875
24_20220827 20,8650.7001953125
24_20220827 21,8157.80859375
24_20220827 22,8001.6015625
24_20220827 23,7711.1943359375
24_20220828 00,7469.7744140625
24_20220828 01,7231.8740234375
24_20220828 02,7193.3642578125
24_20220828 03,7119.56494140625
24_20220828 04,7095.28271484375
24_20220828 05,7096.3486328125
24_20220828 06,7082.09130859375
24_20220828 07,7273.8369140625
24_20220828 08,7942.6904296875
24_20220828 09,8139.35791015625
24_20220828 10,8287.025390625
24_20220828 11,8521.296875
24_20220828 12,8642.822265625
24_20220828 13,8848.8916015625
24_20220828 14,8938.912109375
24_20220828 15,9119.9775390625
24_20220828 16,9199.1376953125
24_20220828 17,9078.7607421875
24_20220828 18,8917.5732421875
24_20220828 19,8853.888671875
24_20220828 20,8631.875
24_20220828 21,8327.0185546875
24_20220828 22,8195.2275390625
24_20220828 23,7784.1435546875
24_20220829 00,7565.4912109375
24_20220829 01,7445.2783203125
24_20220829 02,7298.36572265625
24_20220829 03,7213.1953125
24_20220829 04,7172.1162109375
24_20220829 05,7467.5703125
24_20220829 06,8034.9091796875
24_20220829 07,8980.0302734375
24_20220829 08,12053.794921875
24_20220829 09,13071.984375
24_20220829 10,13687.654296875
24_20220829 11,13876.7294921875
24_20220829 12,13797.380859375
24_20220829 13,13948.8623046875
24_20220829 14,13940.890625
24_20220829 15,13963.669921875
24_20220829 16,13194.5546875
24_20220829 17,12158.5458984375
24_20220829 18,11439.6982421875
24_20220829 19,10680.248046875
24_20220829 20,10061.265625
24_20220829 21,9131.0244140625
24_20220829 22,8697.09765625
24_20220829 23,8181.64697265625
24_20220830 00,7647.84765625
24_20220830 01,7524.72021484375
24_20220830 02,7429.0283203125
24_20220830 03,7322.69287109375
24_20220830 04,7251.9296875
24_20220830 05,7457.2353515625
24_20220830 06,8011.16162109375
24_20220830 07,8919.986328125
24_20220830 08,11965.630859375
24_20220830 09,13095.794921875
24_20220830 10,13807.46875
24_20220830 11,13904.953125
24_20220830 12,13877.2890625
24_20220830 13,13917.833984375
24_20220830 14,13983.490234375
24_20220830 15,13941.833984375
24_20220830 16,13423.345703125
24_20220830 17,12375.166015625
24_20220830 18,11496.248046875
24_20220830 19,10733.087890625
24_20220830 20,10079.669921875
24_20220830 21,9131.728515625
24_20220830 22,8744.087890625
24_20220830 23,8129.875
24_20220831 00,7658.6044921875
24_20220831 01,7501.7958984375
24_20220831 02,7414.77880859375
24_20220831 03,7341.0830078125
24_20220831 04,7222.31640625
24_20220831 05,7506.10302734375
24_20220831 06,8019.50390625
24_20220831 07,8863.7587890625
24_20220831 08,12037.646484375
24_20220831 09,13051.353515625
24_20220831 10,13649.8310546875
24_20220831 11,13892.466796875
24_20220831 12,14001.681640625
24_20220831 13,14105.0048828125
24_20220831 14,14155.873046875
24_20220831 15,14111.0830078125
24_20220831 16,13534.9482421875
24_20220831 17,12491.6796875
24_20220831 18,11529.84375
24_20220831 19,10680.5517578125
24_20220831 20,10054.197265625
24_20220831 21,9116.3935546875
24_20220831 22,8712.21484375
24_20220831 23,8215.646484375
25_20220825 00,5401.3671875
25_20220825 01,5281.72998046875
25_20220825 02,5176.5302734375
25_20220825 03,5125.2412109375
25_20220825 04,5085.3408203125
25_20220825 05,5071.44287109375
25_20220825 06,5136.31591796875
25_20220825 07,5538.5400390625
25_20220825 08,8446.46875
25_20220825 09,10035.75390625
25_20220825 10,10655.4326171875
25_20220825 11,10689.978515625
25_20220825 12,10407.638671875
25_20220825 13,10868.333984375
25_20220825 14,10824.693359375
25_20220825 15,10464.01953125
25_20220825 16,10378.9296875
25_20220825 17,9548.896484375
25_20220825 18,9147.8876953125
25_20220825 19,8510.134765625
25_20220825 20,7834.75390625
25_20220825 21,6106.0029296875
25_20220825 22,5710.7841796875
25_20220825 23,5568.36279296875
25_20220826 00,5291.6982421875
25_20220826 01,5186.2705078125
25_20220826 02,5154.92333984375
25_20220826 03,5147.9599609375
25_20220826 04,5080.41796875
25_20220826 05,5048.150390625
25_20220826 06,5157.1728515625
25_20220826 07,5543.06982421875
25_20220826 08,8353.9697265625
25_20220826 09,9978.208984375
25_20220826 10,10529.583984375
25_20220826 11,10845.458984375
25_20220826 12,10299.216796875
25_20220826 13,10971.5654296875
25_20220826 14,10943.802734375
25_20220826 15,11035.775390625
25_20220826 16,10783.2822265625
25_20220826 17,10013.962890625
25_20220826 18,9147.919921875
25_20220826 19,8922.2666015625
25_20220826 20,7625.86083984375
25_20220826 21,6040.94580078125
25_20220826 22,5751.1220703125
25_20220826 23,5622.8701171875
25_20220827 00,5263.7275390625
25_20220827 01,5185.61181640625
25_20220827 02,5084.111328125
25_20220827 03,5049.3466796875
25_20220827 04,4990.85205078125
25_20220827 05,4942.0390625
25_20220827 06,4934.9404296875
25_20220827 07,5053.845703125
25_20220827 08,6658.92578125
25_20220827 09,7034.8720703125
25_20220827 10,7049.11181640625
25_20220827 11,6822.9306640625
25_20220827 12,6946.89453125
25_20220827 13,7095.9921875
25_20220827 14,7188.61083984375
25_20220827 15,7261.8310546875
25_20220827 16,7126.4892578125
25_20220827 17,6757.24462890625
25_20220827 18,6310.69921875
25_20220827 19,5644.33203125
25_20220827 20,5517.94287109375
25_20220827 21,5435.0146484375
25_20220827 22,5382.5263671875
25_20220827 23,5261.86669921875
25_20220828 00,5108.73291015625
25_20220828 01,5022.43603515625
25_20220828 02,4987.7958984375
25_20220828 03,4963.24267578125
25_20220828 04,4947.77587890625
25_20220828 05,4923.9482421875
25_20220828 06,4931.1533203125
25_20220828 07,4939.96728515625
25_20220828 08,5118.5908203125
25_20220828 09,5303.9189453125
25_20220828 10,5263.07763671875
25_20220828 11,5395.8095703125
25_20220828 12,5464.0078125
25_20220828 13,5556.013671875
25_20220828 14,5736.51904296875
25_20220828 15,5878.31689453125
25_20220828 16,5890.36962890625
25_20220828 17,5822.4580078125
25_20220828 18,5780.6279296875
25_20220828 19,5645.4140625
25_20220828 20,5644.35009765625
25_20220828 21,5580.0576171875
25_20220828 22,5533.28173828125
25_20220828 23,5430.84716796875
25_20220829 00,5186.0849609375
25_20220829 01,5108.46240234375
25_20220829 02,5053.6083984375
25_20220829 03,5020.525390625
25_20220829 04,5004.1474609375
25_20220829 05,4955.2451171875
25_20220829 06,5057.12744140625
25_20220829 07,5474.953125
25_20220829 08,8297.029296875
25_20220829 09,9908.9619140625
25_20220829 10,10415.7939453125
25_20220829 11,10475.8994140625
25_20220829 12,10034.994140625
25_20220829 13,10580.6806640625
25_20220829 14,10545.7861328125
25_20220829 15,10466.6845703125
25_20220829 16,10285.6591796875
25_20220829 17,9308.8642578125
25_20220829 18,8661.439453125
25_20220829 19,8405.638671875
25_20220829 20,7490.0126953125
25_20220829 21,6037.82470703125
25_20220829 22,5646.4482421875
25_20220829 23,5470.25146484375
25_20220830 00,5267.12890625
25_20220830 01,5198.48828125
25_20220830 02,5125.0283203125
25_20220830 03,5136.548828125
25_20220830 04,5096.6064453125
25_20220830 05,5004.57958984375
25_20220830 06,5093.5966796875
25_20220830 07,5417.1875
25_20220830 08,8149.4384765625
25_20220830 09,9834.681640625
25_20220830 10,10271.8466796875
25_20220830 11,10352.0693359375
25_20220830 12,9978.884765625
25_20220830 13,10433.6689453125
25_20220830 14,10420.349609375
25_20220830 15,10309.78125
25_20220830 16,10169.234375
25_20220830 17,9574.9921875
25_20220830 18,8900.1044921875
25_20220830 19,8564.642578125
25_20220830 20,7651.30615234375
25_20220830 21,6088.04833984375
25_20220830 22,5672.208984375
25_20220830 23,5567.765625
25_20220831 00,5290.07763671875
25_20220831 01,5187.72509765625
25_20220831 02,5150.4267578125
25_20220831 03,5126.6435546875
25_20220831 04,5074.6611328125
25_20220831 05,5039.3427734375
25_20220831 06,5149.06494140625
25_20220831 07,5501.5048828125
25_20220831 08,8342.3359375
25_20220831 09,9903.98828125
25_20220831 10,10414.072265625
25_20220831 11,10508.9873046875
25_20220831 12,10148.337890625
25_20220831 13,10638.267578125
25_20220831 14,10641.830078125
25_20220831 15,10570.791015625
25_20220831 16,10496.5859375
25_20220831 17,9625.451171875
25_20220831 18,9173.943359375
25_20220831 19,8661.6982421875
25_20220831 20,7861.17431640625
25_20220831 21,6208.99755859375
25_20220831 22,5728.0107421875
25_20220831 23,5576.3740234375
26_20220825 00,2902.5615234375
26_20220825 01,2814.923583984375
26_20220825 02,2739.888916015625
26_20220825 03,2736.419189453125
26_20220825 04,2731.56201171875
26_20220825 05,2741.17919921875
26_20220825 06,2809.854736328125
26_20220825 07,2913.14306640625
26_20220825 08,3387.537109375
26_20220825 09,4464.671875
26_20220825 10,4575.2763671875
26_20220825 11,4604.59375
26_20220825 12,4618.7958984375
26_20220825 13,4775.1337890625
26_20220825 14,4785.4033203125
26_20220825 15,4834.71240234375
26_20220825 16,4758.07763671875
26_20220825 17,4521.58056640625
26_20220825 18,3868.08544921875
26_20220825 19,3505.70947265625
26_20220825 20,3448.294189453125
26_20220825 21,3339.72314453125
26_20220825 22,3140.2744140625
26_20220825 23,2998.151123046875
26_20220826 00,2885.218017578125
26_20220826 01,2802.259765625
26_20220826 02,2743.364501953125
26_20220826 03,2718.065673828125
26_20220826 04,2698.2763671875
26_20220826 05,2699.87109375
26_20220826 06,2756.619384765625
26_20220826 07,2826.0380859375
26_20220826 08,3281.059814453125
26_20220826 09,4186.89208984375
26_20220826 10,4396.11572265625
26_20220826 11,4541.12109375
26_20220826 12,4510.14990234375
26_20220826 13,4812.5244140625
26_20220826 14,4897.34326171875
26_20220826 15,4949.3046875
26_20220826 16,4911.724609375
26_20220826 17,4532.33447265625
26_20220826 18,3745.95654296875
26_20220826 19,3499.57763671875
26_20220826 20,3386.608154296875
26_20220826 21,3289.61376953125
26_20220826 22,3070.95654296875
26_20220826 23,2965.090576171875
26_20220827 00,2788.491455078125
26_20220827 01,2717.67236328125
26_20220827 02,2659.715576171875
26_20220827 03,2646.85302734375
26_20220827 04,2639.48828125
26_20220827 05,2636.98193359375
26_20220827 06,2618.608154296875
26_20220827 07,2620.017578125
26_20220827 08,2600.406982421875
26_20220827 09,2619.8125
26_20220827 10,2671.111083984375
26_20220827 11,2735.41796875
26_20220827 12,2748.4384765625
26_20220827 13,2895.813720703125
26_20220827 14,3009.87255859375
26_20220827 15,3039.8095703125
26_20220827 16,3045.148681640625
26_20220827 17,3064.03662109375
26_20220827 18,3050.591552734375
26_20220827 19,3012.082763671875
26_20220827 20,3012.844970703125
26_20220827 21,2972.1396484375
26_20220827 22,2885.956298828125
26_20220827 23,2818.79541015625
26_20220828 00,2742.3984375
26_20220828 01,2678.93212890625
26_20220828 02,2640.05908203125
26_20220828 03,2622.117919921875
26_20220828 04,2597.17529296875
26_20220828 05,2592.045654296875
26_20220828 06,2582.74755859375
26_20220828 07,2572.94775390625
26_20220828 08,2535.4638671875
26_20220828 09,2543.016845703125
26_20220828 10,2563.10205078125
26_20220828 11,2614.2294921875
26_20220828 12,2661.91845703125
26_20220828 13,2765.91259765625
26_20220828 14,2880.4287109375
26_20220828 15,2983.568603515625
26_20220828 16,3008.841064453125
26_20220828 17,3024.83740234375
26_20220828 18,3037.520263671875
26_20220828 19,3016.365478515625
26_20220828 20,3021.53955078125
26_20220828 21,2982.397705078125
26_20220828 22,2904.55517578125
26_20220828 23,2836.435791015625
26_20220829 00,2835.0595703125
26_20220829 01,2752.6337890625
26_20220829 02,2687.64990234375
26_20220829 03,2671.275390625
26_20220829 04,2661.993896484375
26_20220829 05,2667.86669921875
26_20220829 06,2724.86669921875
26_20220829 07,2806.05224609375
26_20220829 08,3322.638671875
26_20220829 09,4417.2060546875
26_20220829 10,4656.67236328125
26_20220829 11,4659.0615234375
26_20220829 12,4571.58154296875
26_20220829 13,4716.87353515625
26_20220829 14,4630.9375
26_20220829 15,4630.2978515625
26_20220829 16,4591.6630859375
26_20220829 17,4428.36474609375
26_20220829 18,3814.400390625
26_20220829 19,3482.19677734375
26_20220829 20,3432.18505859375
26_20220829 21,3304.229736328125
26_20220829 22,3122.700927734375
26_20220829 23,2968.47021484375
26_20220830 00,2849.76220703125
26_20220830 01,2779.7685546875
26_20220830 02,2714.478759765625
26_20220830 03,2700.946044921875
26_20220830 04,2683.5625
26_20220830 05,2689.118408203125
26_20220830 06,2728.73486328125
26_20220830 07,2813.35595703125
26_20220830 08,3224.69775390625
26_20220830 09,4386.01611328125
26_20220830 10,4600.1328125
26_20220830 11,4631.74560546875
26_20220830 12,4579.94873046875
26_20220830 13,4689.99755859375
26_20220830 14,4733.3251953125
26_20220830 15,4734.6044921875
26_20220830 16,4700.1904296875
26_20220830 17,4503.67578125
26_20220830 18,3839.436279296875
26_20220830 19,3473.530517578125
26_20220830 20,3435.01513671875
26_20220830 21,3328.10791015625
26_20220830 22,3135.417236328125
26_20220830 23,2988.005126953125
26_20220831 00,2853.090087890625
26_20220831 01,2781.1201171875
26_20220831 02,2732.188720703125
26_20220831 03,2708.8740234375
26_20220831 04,2689.13525390625
26_20220831 05,2691.9462890625
26_20220831 06,2736.89599609375
26_20220831 07,2825.112060546875
26_20220831 08,3337.64111328125
26_20220831 09,4386.55126953125
26_20220831 10,4459.06396484375
26_20220831 11,4517.68115234375
26_20220831 12,4463.95849609375
26_20220831 13,4680.0888671875
26_20220831 14,4723.9423828125
26_20220831 15,4734.7451171875
26_20220831 16,4694.9423828125
26_20220831 17,4496.11669921875
26_20220831 18,3877.526611328125
26_20220831 19,3516.25341796875
26_20220831 20,3470.587158203125
26_20220831 21,3359.70947265625
26_20220831 22,3137.857421875
26_20220831 23,2999.853515625
27_20220825 00,15049.0234375
27_20220825 01,14702.7861328125
27_20220825 02,14437.537109375
27_20220825 03,14221.412109375
27_20220825 04,14175.634765625
27_20220825 05,14023.2685546875
27_20220825 06,14642.626953125
27_20220825 07,17103.53125
27_20220825 08,19710.53125
27_20220825 09,19982.81640625
27_20220825 10,21134.794921875
27_20220825 11,21229.72265625
27_20220825 12,21829.90234375
27_20220825 13,21901.5546875
27_20220825 14,22253.62109375
27_20220825 15,22107.126953125
27_20220825 16,21845.791015625
27_20220825 17,19829.453125
27_20220825 18,17205.29296875
27_20220825 19,16339.947265625
27_20220825 20,16005.3984375
27_20220825 21,15859.5625
27_20220825 22,15471.8095703125
27_20220825 23,15098.5517578125
27_20220826 00,14737.1689453125
27_20220826 01,14522.7607421875
27_20220826 02,14263.609375
27_20220826 03,14071.693359375
27_20220826 04,13897.333984375
27_20220826 05,13852.046875
27_20220826 06,14307.9091796875
27_20220826 07,15900.1953125
27_20220826 08,18224.3515625
27_20220826 09,19467.421875
27_20220826 10,20368.13671875
27_20220826 11,20799.93359375
27_20220826 12,20944.35546875
27_20220826 13,21115.8125
27_20220826 14,21423.72265625
27_20220826 15,21655.615234375
27_20220826 16,21326.650390625
27_20220826 17,19895.263671875
27_20220826 18,17670.130859375
27_20220826 19,16828.021484375
27_20220826 20,16570.44921875
27_20220826 21,16350.619140625
27_20220826 22,15928.7373046875
27_20220826 23,15295.091796875
27_20220827 00,14842.3154296875
27_20220827 01,14619.591796875
27_20220827 02,14272.3857421875
27_20220827 03,14072.419921875
27_20220827 04,14034.1484375
27_20220827 05,14096.935546875
27_20220827 06,14099.251953125
27_20220827 07,14039.462890625
27_20220827 08,14272.4892578125
27_20220827 09,14342.173828125
27_20220827 10,14680.6767578125
27_20220827 11,15002.5498046875
27_20220827 12,15280.5751953125
27_20220827 13,15670.109375
27_20220827 14,16010.2138671875
27_20220827 15,16361.9189453125
27_20220827 16,16247.5966796875
27_20220827 17,16086.783203125
27_20220827 18,15598.7626953125
27_20220827 19,15205.6123046875
27_20220827 20,15096.353515625
27_20220827 21,15034.1669921875
27_20220827 22,14827.7861328125
27_20220827 23,14517.0576171875
27_20220828 00,14339.021484375
27_20220828 01,14074.0283203125
27_20220828 02,13847.890625
27_20220828 03,13727.0859375
27_20220828 04,13671.7109375
27_20220828 05,13674.037109375
27_20220828 06,13696.2705078125
27_20220828 07,13755.373046875
27_20220828 08,13858.111328125
27_20220828 09,14128.8720703125
27_20220828 10,14571.541015625
27_20220828 11,14900.314453125
27_20220828 12,15309.1142578125
27_20220828 13,15594.8798828125
27_20220828 14,16064.392578125
27_20220828 15,16443.775390625
27_20220828 16,16498.33203125
27_20220828 17,16573.451171875
27_20220828 18,16226.15625
27_20220828 19,15846.6484375
27_20220828 20,15666.556640625
27_20220828 21,15631.908203125
27_20220828 22,15422.357421875
27_20220828 23,15091.9921875
27_20220829 00,14981.833984375
27_20220829 01,14825.166015625
27_20220829 02,14459.0830078125
27_20220829 03,14225.3125
27_20220829 04,14067.3828125
27_20220829 05,14046.7314453125
27_20220829 06,14361.060546875
27_20220829 07,16494.080078125
27_20220829 08,18437.310546875
27_20220829 09,18848.134765625
27_20220829 10,19611.33984375
27_20220829 11,19756.814453125
27_20220829 12,19785.3359375
27_20220829 13,19681.3515625
27_20220829 14,19666.58203125
27_20220829 15,19635.708984375
27_20220829 16,19515.4375
27_20220829 17,17949.99609375
27_20220829 18,16667.890625
27_20220829 19,16014.2314453125
27_20220829 20,16001.814453125
27_20220829 21,15848.1826171875
27_20220829 22,15431.771484375
27_20220829 23,15031.703125
27_20220830 00,14715.7158203125
27_20220830 01,14484.318359375
27_20220830 02,14261.669921875
27_20220830 03,14092.0703125
27_20220830 04,13924.537109375
27_20220830 05,13918.658203125
27_20220830 06,14338.869140625
27_20220830 07,15922.443359375
27_20220830 08,17903.6875
27_20220830 09,18962.6015625
27_20220830 10,19786.1015625
27_20220830 11,19865.96875
27_20220830 12,19905.39453125
27_20220830 13,19869.259765625
27_20220830 14,20235.119140625
27_20220830 15,20284.185546875
27_20220830 16,20223.017578125
27_20220830 17,18412.53125
27_20220830 18,17249.197265625
27_20220830 19,16132.236328125
27_20220830 20,16546.81640625
27_20220830 21,16511.21484375
27_20220830 22,16178.4716796875
27_20220830 23,15665.3330078125
27_20220831 00,15268.6220703125
27_20220831 01,15023.8955078125
27_20220831 02,14671.576171875
27_20220831 03,14447.220703125
27_20220831 04,14182.390625
27_20220831 05,14199.4501953125
27_20220831 06,14598.3125
27_20220831 07,16818.712890625
27_20220831 08,18574.748046875
27_20220831 09,19169.501953125
27_20220831 10,19881.00390625
27_20220831 11,20242.25390625
27_20220831 12,19941.01171875
27_20220831 13,20142.140625
27_20220831 14,20187.2578125
27_20220831 15,20406.59765625
27_20220831 16,20419.708984375
27_20220831 17,18635.41796875
27_20220831 18,17048.603515625
27_20220831 19,16500.421875
27_20220831 20,16728.17578125
27_20220831 21,16249.802734375
27_20220831 22,15970.8251953125
27_20220831 23,15507.3017578125
28_20220825 00,1308.142822265625
28_20220825 01,1270.19921875
28_20220825 02,1214.083984375
28_20220825 03,1208.8453369140625
28_20220825 04,1184.711669921875
28_20220825 05,1147.609619140625
28_20220825 06,1147.2503662109375
28_20220825 07,1215.448486328125
28_20220825 08,1561.661376953125
28_20220825 09,2299.41845703125
28_20220825 10,2484.509765625
28_20220825 11,2636.256103515625
28_20220825 12,2441.08154296875
28_20220825 13,2737.602783203125
28_20220825 14,2671.85302734375
28_20220825 15,2681.783447265625
28_20220825 16,2423.690185546875
28_20220825 17,2152.948486328125
28_20220825 18,1814.021484375
28_20220825 19,1813.749267578125
28_20220825 20,1631.1849365234375
28_20220825 21,1588.799072265625
28_20220825 22,1470.583984375
28_20220825 23,1435.552001953125
28_20220826 00,1330.9649658203125
28_20220826 01,1301.619873046875
28_20220826 02,1253.9300537109375
28_20220826 03,1238.053955078125
28_20220826 04,1222.599365234375
28_20220826 05,1177.4295654296875
28_20220826 06,1172.5377197265625
28_20220826 07,1242.4384765625
28_20220826 08,1680.7535400390625
28_20220826 09,2408.57373046875
28_20220826 10,2566.08642578125
28_20220826 11,2707.650390625
28_20220826 12,2468.879638671875
28_20220826 13,2710.699462890625
28_20220826 14,2657.870849609375
28_20220826 15,2687.3544921875
28_20220826 16,2409.43994140625
28_20220826 17,2147.733154296875
28_20220826 18,1787.3284912109375
28_20220826 19,1777.123046875
28_20220826 20,1590.897216796875
28_20220826 21,1509.2027587890625
28_20220826 22,1415.458251953125
28_20220826 23,1357.3861083984375
28_20220827 00,1269.1187744140625
28_20220827 01,1258.521240234375
28_20220827 02,1229.087646484375
28_20220827 03,1209.30810546875
28_20220827 04,1181.5498046875
28_20220827 05,1140.366455078125
28_20220827 06,1139.3043212890625
28_20220827 07,1154.2562255859375
28_20220827 08,1181.848876953125
28_20220827 09,1261.2103271484375
28_20220827 10,1291.4510498046875
28_20220827 11,1363.457763671875
28_20220827 12,1361.971435546875
28_20220827 13,1473.68701171875
28_20220827 14,1477.94384765625
28_20220827 15,1574.005126953125
28_20220827 16,1513.684814453125
28_20220827 17,1549.8402099609375
28_20220827 18,1441.7218017578125
28_20220827 19,1478.2906494140625
28_20220827 20,1420.8248291015625
28_20220827 21,1422.657958984375
28_20220827 22,1342.068603515625
28_20220827 23,1321.8065185546875
28_20220828 00,1265.0484619140625
28_20220828 01,1253.6234130859375
28_20220828 02,1211.0323486328125
28_20220828 03,1205.887939453125
28_20220828 04,1167.5931396484375
28_20220828 05,1135.9505615234375
28_20220828 06,1133.1483154296875
28_20220828 07,1131.817626953125
28_20220828 08,1129.9697265625
28_20220828 09,1148.4893798828125
28_20220828 10,1191.767822265625
28_20220828 11,1236.25244140625
28_20220828 12,1232.68359375
28_20220828 13,1348.3450927734375
28_20220828 14,1353.504150390625
28_20220828 15,1469.5533447265625
28_20220828 16,1446.865478515625
28_20220828 17,1507.4327392578125
28_20220828 18,1432.2691650390625
28_20220828 19,1477.346923828125
28_20220828 20,1422.4222412109375
28_20220828 21,1445.519775390625
28_20220828 22,1375.537353515625
28_20220828 23,1321.1263427734375
28_20220829 00,1293.0601806640625
28_20220829 01,1276.243408203125
28_20220829 02,1233.3375244140625
28_20220829 03,1223.266845703125
28_20220829 04,1200.81689453125
28_20220829 05,1153.5045166015625
28_20220829 06,1148.271240234375
28_20220829 07,1230.1845703125
28_20220829 08,1586.38671875
28_20220829 09,2176.24462890625
28_20220829 10,2412.23046875
28_20220829 11,2629.88623046875
28_20220829 12,2437.046142578125
28_20220829 13,2735.598876953125
28_20220829 14,2658.11767578125
28_20220829 15,2694.453125
28_20220829 16,2339.779296875
28_20220829 17,2105.20361328125
28_20220829 18,1643.3433837890625
28_20220829 19,1623.660888671875
28_20220829 20,1564.174072265625
28_20220829 21,1538.7071533203125
28_20220829 22,1454.90234375
28_20220829 23,1417.5062255859375
28_20220830 00,1301.7330322265625
28_20220830 01,1281.659912109375
28_20220830 02,1237.64453125
28_20220830 03,1228.364501953125
28_20220830 04,1207.602294921875
28_20220830 05,1169.662353515625
28_20220830 06,1159.8751220703125
28_20220830 07,1233.67578125
28_20220830 08,1559.927734375
28_20220830 09,2238.490478515625
28_20220830 10,2272.42138671875
28_20220830 11,2544.766845703125
28_20220830 12,2254.72998046875
28_20220830 13,2350.9208984375
28_20220830 14,2303.12158203125
28_20220830 15,2323.526611328125
28_20220830 16,2225.05908203125
28_20220830 17,1998.0439453125
28_20220830 18,1600.071044921875
28_20220830 19,1584.9422607421875
28_20220830 20,1533.5206298828125
28_20220830 21,1502.51171875
28_20220830 22,1422.5364990234375
28_20220830 23,1399.664306640625
28_20220831 00,1286.479248046875
28_20220831 01,1264.9674072265625
28_20220831 02,1221.654296875
28_20220831 03,1208.0609130859375
28_20220831 04,1187.2379150390625
28_20220831 05,1153.3238525390625
28_20220831 06,1151.0169677734375
28_20220831 07,1214.885498046875
28_20220831 08,1543.359130859375
28_20220831 09,2183.90771484375
28_20220831 10,2223.447998046875
28_20220831 11,2263.82177734375
28_20220831 12,2149.326171875
28_20220831 13,2285.746826171875
28_20220831 14,2263.938720703125
28_20220831 15,2291.821533203125
28_20220831 16,2130.802001953125
28_20220831 17,1986.221435546875
28_20220831 18,1580.245361328125
28_20220831 19,1575.1546630859375
28_20220831 20,1507.8375244140625
28_20220831 21,1475.3712158203125
28_20220831 22,1405.80126953125
28_20220831 23,1358.664306640625
29_20220825 00,1190.0206298828125
29_20220825 01,1155.7220458984375
29_20220825 02,1136.80712890625
29_20220825 03,1133.245361328125
29_20220825 04,1123.159912109375
29_20220825 05,1107.274169921875
29_20220825 06,1130.259033203125
29_20220825 07,1146.047607421875
29_20220825 08,1311.9130859375
29_20220825 09,1763.736328125
29_20220825 10,1929.0269775390625
29_20220825 11,1948.676025390625
29_20220825 12,1881.6259765625
29_20220825 13,1898.3209228515625
29_20220825 14,1846.392822265625
29_20220825 15,1858.745361328125
29_20220825 16,1865.9205322265625
29_20220825 17,1840.431396484375
29_20220825 18,1552.297119140625
29_20220825 19,1489.491943359375
29_20220825 20,1465.97021484375
29_20220825 21,1398.105712890625
29_20220825 22,1364.2354736328125
29_20220825 23,1286.765869140625
29_20220826 00,1204.454345703125
29_20220826 01,1165.4149169921875
29_20220826 02,1141.275390625
29_20220826 03,1135.1947021484375
29_20220826 04,1118.3018798828125
29_20220826 05,1099.844970703125
29_20220826 06,1124.3433837890625
29_20220826 07,1148.421875
29_20220826 08,1240.6387939453125
29_20220826 09,1611.9951171875
29_20220826 10,1672.672119140625
29_20220826 11,1677.90234375
29_20220826 12,1627.24755859375
29_20220826 13,1730.6373291015625
29_20220826 14,1750.833740234375
29_20220826 15,1775.1019287109375
29_20220826 16,1781.4345703125
29_20220826 17,1692.948486328125
29_20220826 18,1463.961181640625
29_20220826 19,1384.8779296875
29_20220826 20,1375.619384765625
29_20220826 21,1345.682373046875
29_20220826 22,1301.3631591796875
29_20220826 23,1246.124267578125
29_20220827 00,1141.825439453125
29_20220827 01,1121.929443359375
29_20220827 02,1108.2811279296875
29_20220827 03,1105.845947265625
29_20220827 04,1089.4595947265625
29_20220827 05,1077.9085693359375
29_20220827 06,1073.704833984375
29_20220827 07,1052.7093505859375
29_20220827 08,1048.1497802734375
29_20220827 09,1055.2347412109375
29_20220827 10,1062.8675537109375
29_20220827 11,1092.2259521484375
29_20220827 12,1078.101806640625
29_20220827 13,1093.0968017578125
29_20220827 14,1141.4705810546875
29_20220827 15,1172.3232421875
29_20220827 16,1261.005126953125
29_20220827 17,1283.93505859375
29_20220827 18,1283.8922119140625
29_20220827 19,1274.1171875
29_20220827 20,1276.4517822265625
29_20220827 21,1267.8360595703125
29_20220827 22,1248.3074951171875
29_20220827 23,1193.1533203125
29_20220828 00,1143.10791015625
29_20220828 01,1123.4033203125
29_20220828 02,1100.745849609375
29_20220828 03,1097.431640625
29_20220828 04,1087.8414306640625
29_20220828 05,1063.7200927734375
29_20220828 06,1071.137939453125
29_20220828 07,1044.037841796875
29_20220828 08,1027.669189453125
29_20220828 09,1023.1759033203125
29_20220828 10,1016.2298583984375
29_20220828 11,1062.70361328125
29_20220828 12,1052.8082275390625
29_20220828 13,1080.048583984375
29_20220828 14,1114.317626953125
29_20220828 15,1172.6181640625
29_20220828 16,1242.0284423828125
29_20220828 17,1281.9478759765625
29_20220828 18,1284.4652099609375
29_20220828 19,1275.3935546875
29_20220828 20,1285.392578125
29_20220828 21,1273.31396484375
29_20220828 22,1265.045654296875
29_20220828 23,1200.3519287109375
29_20220829 00,1199.8284912109375
29_20220829 01,1157.702392578125
29_20220829 02,1139.3040771484375
29_20220829 03,1129.1517333984375
29_20220829 04,1109.6585693359375
29_20220829 05,1090.7347412109375
29_20220829 06,1118.37939453125
29_20220829 07,1143.288330078125
29_20220829 08,1293.240234375
29_20220829 09,1675.5657958984375
29_20220829 10,1770.483642578125
29_20220829 11,1787.252685546875
29_20220829 12,1721.63671875
29_20220829 13,1829.2926025390625
29_20220829 14,1858.9205322265625
29_20220829 15,1868.7666015625
29_20220829 16,1865.7398681640625
29_20220829 17,1786.581298828125
29_20220829 18,1556.83349609375
29_20220829 19,1474.1348876953125
29_20220829 20,1448.5240478515625
29_20220829 21,1413.4423828125
29_20220829 22,1343.231201171875
29_20220829 23,1279.369873046875
29_20220830 00,1210.4332275390625
29_20220830 01,1168.6431884765625
29_20220830 02,1148.5146484375
29_20220830 03,1146.6434326171875
29_20220830 04,1132.0611572265625
29_20220830 05,1101.140625
29_20220830 06,1139.958251953125
29_20220830 07,1150.4029541015625
29_20220830 08,1324.5867919921875
29_20220830 09,1701.8724365234375
29_20220830 10,1788.0833740234375
29_20220830 11,1801.99609375
29_20220830 12,1771.201416015625
29_20220830 13,1921.6572265625
29_20220830 14,1946.966064453125
29_20220830 15,1987.21875
29_20220830 16,1983.6832275390625
29_20220830 17,1908.8095703125
29_20220830 18,1550.47802734375
29_20220830 19,1479.4364013671875
29_20220830 20,1458.054931640625
29_20220830 21,1402.0650634765625
29_20220830 22,1331.5604248046875
29_20220830 23,1251.165771484375
29_20220831 00,1184.5936279296875
29_20220831 01,1150.8331298828125
29_20220831 02,1133.249755859375
29_20220831 03,1130.22265625
29_20220831 04,1108.2496337890625
29_20220831 05,1089.9879150390625
29_20220831 06,1116.9237060546875
29_20220831 07,1139.616455078125
29_20220831 08,1306.959716796875
29_20220831 09,1813.8675537109375
29_20220831 10,1918.138916015625
29_20220831 11,1873.1129150390625
29_20220831 12,1718.8173828125
29_20220831 13,1875.053955078125
29_20220831 14,1835.614501953125
29_20220831 15,1850.910400390625
29_20220831 16,1913.7974853515625
29_20220831 17,1853.716064453125
29_20220831 18,1534.901123046875
29_20220831 19,1466.688720703125
29_20220831 20,1435.832763671875
29_20220831 21,1369.65234375
29_20220831 22,1321.4969482421875
29_20220831 23,1257.431884765625
30_20220825 00,775.4127197265625
30_20220825 01,753.1849365234375
30_20220825 02,746.1204223632812
30_20220825 03,737.71826171875
30_20220825 04,734.10302734375
30_20220825 05,717.2315673828125
30_20220825 06,693.7411499023438
30_20220825 07,675.2567138671875
30_20220825 08,782.5253295898438
30_20220825 09,1042.9471435546875
30_20220825 10,1113.587890625
30_20220825 11,1039.8212890625
30_20220825 12,1050.120849609375
30_20220825 13,1189.798828125
30_20220825 14,1217.627685546875
30_20220825 15,1204.9752197265625
30_20220825 16,1211.080810546875
30_20220825 17,1132.6416015625
30_20220825 18,951.4097900390625
30_20220825 19,943.8328857421875
30_20220825 20,943.9601440429688
30_20220825 21,922.8693237304688
30_20220825 22,884.8435668945312
30_20220825 23,815.3682861328125
30_20220826 00,770.5892333984375
30_20220826 01,748.9972534179688
30_20220826 02,746.8930053710938
30_20220826 03,736.6434326171875
30_20220826 04,732.4932250976562
30_20220826 05,714.2171630859375
30_20220826 06,690.3848876953125
30_20220826 07,651.7567138671875
30_20220826 08,729.3184814453125
30_20220826 09,931.3967895507812
30_20220826 10,1012.9864501953125
30_20220826 11,964.9996948242188
30_20220826 12,844.8717651367188
30_20220826 13,973.4171142578125
30_20220826 14,1044.233642578125
30_20220826 15,1066.0528564453125
30_20220826 16,1121.8695068359375
30_20220826 17,1050.402587890625
30_20220826 18,870.2365112304688
30_20220826 19,888.1539306640625
30_20220826 20,901.7278442382812
30_20220826 21,872.5070190429688
30_20220826 22,848.0231323242188
30_20220826 23,799.6630249023438
30_20220827 00,750.5843505859375
30_20220827 01,741.3590087890625
30_20220827 02,724.8319702148438
30_20220827 03,725.5377197265625
30_20220827 04,720.4832763671875
30_20220827 05,698.2742309570312
30_20220827 06,649.816162109375
30_20220827 07,573.0979614257812
30_20220827 08,469.46710205078125
30_20220827 09,417.44964599609375
30_20220827 10,408.8001403808594
30_20220827 11,396.05084228515625
30_20220827 12,393.711181640625
30_20220827 13,394.29547119140625
30_20220827 14,460.299072265625
30_20220827 15,568.9180908203125
30_20220827 16,678.8514404296875
30_20220827 17,738.9676513671875
30_20220827 18,766.3792114257812
30_20220827 19,803.57666015625
30_20220827 20,826.7708129882812
30_20220827 21,816.6284790039062
30_20220827 22,806.8572387695312
30_20220827 23,774.8938598632812
30_20220828 00,755.4473266601562
30_20220828 01,746.3357543945312
30_20220828 02,736.4202270507812
30_20220828 03,727.1378173828125
30_20220828 04,719.2413940429688
30_20220828 05,706.9395751953125
30_20220828 06,666.2943115234375
30_20220828 07,589.9246826171875
30_20220828 08,548.2081298828125
30_20220828 09,442.21923828125
30_20220828 10,327.6678161621094
30_20220828 11,257.96319580078125
30_20220828 12,245.3096923828125
30_20220828 13,242.5970001220703
30_20220828 14,338.690185546875
30_20220828 15,505.9112243652344
30_20220828 16,676.6263427734375
30_20220828 17,741.5943603515625
30_20220828 18,786.7554321289062
30_20220828 19,812.4703369140625
30_20220828 20,836.8709106445312
30_20220828 21,830.1951293945312
30_20220828 22,820.974609375
30_20220828 23,793.5780639648438
30_20220829 00,775.9298095703125
30_20220829 01,765.9481201171875
30_20220829 02,757.2894287109375
30_20220829 03,746.6907958984375
30_20220829 04,741.9252319335938
30_20220829 05,730.3351440429688
30_20220829 06,712.8378295898438
30_20220829 07,677.29248046875
30_20220829 08,806.6860961914062
30_20220829 09,1106.95751953125
30_20220829 10,1116.5330810546875
30_20220829 11,1108.36328125
30_20220829 12,1077.498779296875
30_20220829 13,1236.628662109375
30_20220829 14,1252.915771484375
30_20220829 15,1238.86865234375
30_20220829 16,1234.634033203125
30_20220829 17,1118.2791748046875
30_20220829 18,984.5682373046875
30_20220829 19,982.9219970703125
30_20220829 20,980.4343872070312
30_20220829 21,972.55078125
30_20220829 22,917.2156982421875
30_20220829 23,821.7326049804688
30_20220830 00,771.1126708984375
30_20220830 01,755.3719482421875
30_20220830 02,749.4530029296875
30_20220830 03,740.7379760742188
30_20220830 04,739.2464599609375
30_20220830 05,729.2791137695312
30_20220830 06,699.3368530273438
30_20220830 07,683.07568359375
30_20220830 08,796.8533325195312
30_20220830 09,1099.02880859375
30_20220830 10,1146.749267578125
30_20220830 11,1120.9566650390625
30_20220830 12,1063.0032958984375
30_20220830 13,1236.902099609375
30_20220830 14,1245.0958251953125
30_20220830 15,1224.3419189453125
30_20220830 16,1213.6785888671875
30_20220830 17,1130.4447021484375
30_20220830 18,956.6966552734375
30_20220830 19,961.775390625
30_20220830 20,959.4904174804688
30_20220830 21,969.1748046875
30_20220830 22,909.7512817382812
30_20220830 23,816.7941284179688
30_20220831 00,776.8204956054688
30_20220831 01,753.0621948242188
30_20220831 02,745.2181396484375
30_20220831 03,735.7593994140625
30_20220831 04,732.3406982421875
30_20220831 05,716.8455810546875
30_20220831 06,702.9827880859375
30_20220831 07,692.38818359375
30_20220831 08,821.4338989257812
30_20220831 09,1153.33740234375
30_20220831 10,1171.6982421875
30_20220831 11,1082.889892578125
30_20220831 12,1063.3607177734375
30_20220831 13,1166.446533203125
30_20220831 14,1213.455078125
30_20220831 15,1168.540283203125
30_20220831 16,1200.3001708984375
30_20220831 17,1098.9906005859375
30_20220831 18,955.3763427734375
30_20220831 19,954.8740234375
30_20220831 20,953.1276245117188
30_20220831 21,950.8909912109375
30_20220831 22,887.38720703125
30_20220831 23,809.5798950195312
31_20220825 00,1067.141845703125
31_20220825 01,1059.8350830078125
31_20220825 02,1056.6292724609375
31_20220825 03,1036.7113037109375
31_20220825 04,980.9837036132812
31_20220825 05,973.8981323242188
31_20220825 06,1018.3265380859375
31_20220825 07,1072.8131103515625
31_20220825 08,1280.21728515625
31_20220825 09,1649.043701171875
31_20220825 10,1673.5679931640625
31_20220825 11,1685.399169921875
31_20220825 12,1706.048095703125
31_20220825 13,1793.149658203125
31_20220825 14,1801.2490234375
31_20220825 15,1802.675048828125
31_20220825 16,1840.5902099609375
31_20220825 17,1736.6480712890625
31_20220825 18,1442.6341552734375
31_20220825 19,1357.734619140625
31_20220825 20,1429.3189697265625
31_20220825 21,1291.4345703125
31_20220825 22,1179.201904296875
31_20220825 23,1174.7978515625
31_20220826 00,1066.227783203125
31_20220826 01,1053.5621337890625
31_20220826 02,1050.4661865234375
31_20220826 03,1020.4640502929688
31_20220826 04,969.7478637695312
31_20220826 05,974.08642578125
31_20220826 06,1007.6701049804688
31_20220826 07,1064.0740966796875
31_20220826 08,1224.4580078125
31_20220826 09,1558.82958984375
31_20220826 10,1658.5052490234375
31_20220826 11,1660.566650390625
31_20220826 12,1696.9912109375
31_20220826 13,1789.2340087890625
31_20220826 14,1786.712890625
31_20220826 15,1805.344482421875
31_20220826 16,1834.212890625
31_20220826 17,1647.61328125
31_20220826 18,1385.69140625
31_20220826 19,1329.986083984375
31_20220826 20,1366.7900390625
31_20220826 21,1237.622802734375
31_20220826 22,1114.9908447265625
31_20220826 23,1105.4549560546875
31_20220827 00,1038.4300537109375
31_20220827 01,1028.5433349609375
31_20220827 02,1026.5234375
31_20220827 03,993.24658203125
31_20220827 04,949.6061401367188
31_20220827 05,944.0109252929688
31_20220827 06,944.296875
31_20220827 07,947.1868896484375
31_20220827 08,958.5275268554688
31_20220827 09,1014.8283081054688
31_20220827 10,1044.9593505859375
31_20220827 11,1076.072998046875
31_20220827 12,1122.0611572265625
31_20220827 13,1124.4193115234375
31_20220827 14,1148.735595703125
31_20220827 15,1191.3935546875
31_20220827 16,1209.3502197265625
31_20220827 17,1189.7081298828125
31_20220827 18,1133.399658203125
31_20220827 19,1132.6083984375
31_20220827 20,1232.5286865234375
31_20220827 21,1116.175048828125
31_20220827 22,1091.06396484375
31_20220827 23,1082.16259765625
31_20220828 00,1025.27783203125
31_20220828 01,1017.1364135742188
31_20220828 02,1020.5439453125
31_20220828 03,997.0051879882812
31_20220828 04,951.4368896484375
31_20220828 05,942.1444091796875
31_20220828 06,942.5386962890625
31_20220828 07,942.7932739257812
31_20220828 08,944.6959838867188
31_20220828 09,949.7196044921875
31_20220828 10,928.3536987304688
31_20220828 11,947.0582885742188
31_20220828 12,1034.1881103515625
31_20220828 13,1050.2314453125
31_20220828 14,1063.083251953125
31_20220828 15,1105.9239501953125
31_20220828 16,1136.0338134765625
31_20220828 17,1130.3707275390625
31_20220828 18,1151.7225341796875
31_20220828 19,1171.756103515625
31_20220828 20,1255.4693603515625
31_20220828 21,1148.387451171875
31_20220828 22,1117.209228515625
31_20220828 23,1124.6817626953125
31_20220829 00,1057.0198974609375
31_20220829 01,1049.2384033203125
31_20220829 02,1047.6878662109375
31_20220829 03,1013.8483276367188
31_20220829 04,974.5055541992188
31_20220829 05,968.966796875
31_20220829 06,999.6198120117188
31_20220829 07,1064.6922607421875
31_20220829 08,1191.983154296875
31_20220829 09,1606.6190185546875
31_20220829 10,1629.942626953125
31_20220829 11,1622.892578125
31_20220829 12,1632.343994140625
31_20220829 13,1687.5992431640625
31_20220829 14,1694.9683837890625
31_20220829 15,1692.908203125
31_20220829 16,1670.1204833984375
31_20220829 17,1592.653564453125
31_20220829 18,1379.814697265625
31_20220829 19,1364.3258056640625
31_20220829 20,1403.0718994140625
31_20220829 21,1253.981201171875
31_20220829 22,1166.775634765625
31_20220829 23,1161.03173828125
31_20220830 00,1063.095703125
31_20220830 01,1053.5528564453125
31_20220830 02,1052.822509765625
31_20220830 03,1027.59375
31_20220830 04,983.3709716796875
31_20220830 05,980.4485473632812
31_20220830 06,1029.976318359375
31_20220830 07,1083.5325927734375
31_20220830 08,1219.978759765625
31_20220830 09,1618.0130615234375
31_20220830 10,1671.123779296875
31_20220830 11,1666.6279296875
31_20220830 12,1675.792724609375
31_20220830 13,1715.6956787109375
31_20220830 14,1707.803466796875
31_20220830 15,1710.4029541015625
31_20220830 16,1695.724365234375
31_20220830 17,1616.589599609375
31_20220830 18,1409.6531982421875
31_20220830 19,1366.020263671875
31_20220830 20,1422.0147705078125
31_20220830 21,1264.1346435546875
31_20220830 22,1169.1881103515625
31_20220830 23,1159.184814453125
31_20220831 00,1065.05078125
31_20220831 01,1055.1141357421875
31_20220831 02,1055.800048828125
31_20220831 03,1033.458740234375
31_20220831 04,978.7962036132812
31_20220831 05,974.8936767578125
31_20220831 06,1022.4654541015625
31_20220831 07,1071.020263671875
31_20220831 08,1253.3175048828125
31_20220831 09,1667.8961181640625
31_20220831 10,1689.6334228515625
31_20220831 11,1679.708251953125
31_20220831 12,1685.9742431640625
31_20220831 13,1729.2142333984375
31_20220831 14,1709.474853515625
31_20220831 15,1713.656494140625
31_20220831 16,1681.0523681640625
31_20220831 17,1615.362548828125
31_20220831 18,1386.829345703125
31_20220831 19,1353.205078125
31_20220831 20,1411.3980712890625
31_20220831 21,1272.361572265625
31_20220831 22,1160.3157958984375
31_20220831 23,1140.778564453125
32_20220825 00,9723.6689453125
32_20220825 01,9689.7041015625
32_20220825 02,9679.154296875
32_20220825 03,9654.525390625
32_20220825 04,9623.357421875
32_20220825 05,9625.3994140625
32_20220825 06,9622.7275390625
32_20220825 07,9629.3486328125
32_20220825 08,9661.1982421875
32_20220825 09,9703.138671875
32_20220825 10,9749.517578125
32_20220825 11,9784.294921875
32_20220825 12,9816.822265625
32_20220825 13,9799.427734375
32_20220825 14,9840.61328125
32_20220825 15,9662.298828125
32_20220825 16,9681.2939453125
32_20220825 17,9743.89453125
32_20220825 18,9727.041015625
32_20220825 19,9707.4189453125
32_20220825 20,9693.953125
32_20220825 21,9679.83203125
32_20220825 22,9676.6845703125
32_20220825 23,9666.224609375
32_20220826 00,9660.970703125
32_20220826 01,9648.9169921875
32_20220826 02,9641.154296875
32_20220826 03,9625.724609375
32_20220826 04,9605.384765625
32_20220826 05,9589.0048828125
32_20220826 06,9591.98828125
32_20220826 07,9601.576171875
32_20220826 08,9631.779296875
32_20220826 09,9721.0205078125
32_20220826 10,9760.263671875
32_20220826 11,9798.220703125
32_20220826 12,9804.6298828125
32_20220826 13,9829.6796875
32_20220826 14,9840.818359375
32_20220826 15,9917.8466796875
32_20220826 16,9922.3681640625
32_20220826 17,9838.560546875
32_20220826 18,9800.4052734375
32_20220826 19,9759.140625
32_20220826 20,9816.2158203125
32_20220826 21,9812.80078125
32_20220826 22,9808.9755859375
32_20220826 23,9795.119140625
32_20220827 00,9795.462890625
32_20220827 01,9775.880859375
32_20220827 02,9669.599609375
32_20220827 03,9666.25
32_20220827 04,9597.095703125
32_20220827 05,9582.7265625
32_20220827 06,9569.896484375
32_20220827 07,9569.2744140625
32_20220827 08,9559.65625
32_20220827 09,9553.5517578125
32_20220827 10,9550.333984375
32_20220827 11,9536.810546875
32_20220827 12,9569.255859375
32_20220827 13,9591.1669921875
32_20220827 14,9639.5078125
32_20220827 15,9644.5361328125
32_20220827 16,9664.203125
32_20220827 17,9639.125
32_20220827 18,9644.470703125
32_20220827 19,9604.4296875
32_20220827 20,9580.1201171875
32_20220827 21,9580.728515625
32_20220827 22,9586.0986328125
32_20220827 23,9569.302734375
32_20220828 00,9575.0068359375
32_20220828 01,9576.1328125
32_20220828 02,9579.984375
32_20220828 03,9580.1982421875
32_20220828 04,9580.55078125
32_20220828 05,9561.9990234375
32_20220828 06,9544.056640625
32_20220828 07,9545.982421875
32_20220828 08,9543.3388671875
32_20220828 09,9549.5654296875
32_20220828 10,9579.353515625
32_20220828 11,9640.197265625
32_20220828 12,9628.50390625
32_20220828 13,9688.0078125
32_20220828 14,9767.87890625
32_20220828 15,9785.783203125
32_20220828 16,9799.2890625
32_20220828 17,9805.4375
32_20220828 18,9785.951171875
32_20220828 19,9681.1435546875
32_20220828 20,9693.7490234375
32_20220828 21,9659.6611328125
32_20220828 22,9654.8125
32_20220828 23,9653.8232421875
32_20220829 00,9644.9296875
32_20220829 01,9635.9794921875
32_20220829 02,9641.4453125
32_20220829 03,9617.8046875
32_20220829 04,9578.6962890625
32_20220829 05,9550.919921875
32_20220829 06,9559.2470703125
32_20220829 07,9574.7802734375
32_20220829 08,9609.1220703125
32_20220829 09,9633.3701171875
32_20220829 10,9637.17578125
32_20220829 11,9661.220703125
32_20220829 12,9660.69921875
32_20220829 13,9686.2822265625
32_20220829 14,9656.3662109375
32_20220829 15,9671.2646484375
32_20220829 16,9655.65625
32_20220829 17,9640.1220703125
32_20220829 18,9620.4443359375
32_20220829 19,9630.9765625
32_20220829 20,9631.6201171875
32_20220829 21,9627.3349609375
32_20220829 22,9637.8779296875
32_20220829 23,9627.1005859375
32_20220830 00,9616.3486328125
32_20220830 01,9609.076171875
32_20220830 02,9601.904296875
32_20220830 03,9604.408203125
32_20220830 04,9576.2939453125
32_20220830 05,9577.171875
32_20220830 06,9551.3701171875
32_20220830 07,9586.2509765625
32_20220830 08,9649.8310546875
32_20220830 09,9725.359375
32_20220830 10,9744.2177734375
32_20220830 11,9747.9892578125
32_20220830 12,9750.3271484375
32_20220830 13,9768.740234375
32_20220830 14,9782.4326171875
32_20220830 15,9778.634765625
32_20220830 16,9784.9794921875
32_20220830 17,9773.76171875
32_20220830 18,9762.958984375
32_20220830 19,9757.9765625
32_20220830 20,9767.9326171875
32_20220830 21,9763.0078125
32_20220830 22,9763.2353515625
32_20220830 23,9685.384765625
32_20220831 00,9669.509765625
32_20220831 01,9651.8515625
32_20220831 02,9631.1455078125
32_20220831 03,9598.796875
32_20220831 04,9615.712890625
32_20220831 05,9634.900390625
32_20220831 06,9599.2451171875
32_20220831 07,9581.3720703125
32_20220831 08,9588.7314453125
32_20220831 09,9631.279296875
32_20220831 10,9656.6318359375
32_20220831 11,9713.32421875
32_20220831 12,9725.216796875
32_20220831 13,9743.353515625
32_20220831 14,9761.119140625
32_20220831 15,9768.7646484375
32_20220831 16,9786.146484375
32_20220831 17,9769.7646484375
32_20220831 18,9747.208984375
32_20220831 19,9736.9384765625
32_20220831 20,9715.03125
32_20220831 21,9687.806640625
32_20220831 22,9677.9736328125
32_20220831 23,9683.7021484375
33_20220825 00,8698.5732421875
33_20220825 01,8674.140625
33_20220825 02,8643.6435546875
33_20220825 03,8627.8984375
33_20220825 04,8608.2705078125
33_20220825 05,8608.2373046875
33_20220825 06,8613.2548828125
33_20220825 07,8635.3515625
33_20220825 08,8667.54296875
33_20220825 09,8714.376953125
33_20220825 10,8723.9453125
33_20220825 11,8751.09765625
33_20220825 12,8738.3701171875
33_20220825 13,8742.37109375
33_20220825 14,8763.45703125
33_20220825 15,8713.021484375
33_20220825 16,8724.58203125
33_20220825 17,8734.6904296875
33_20220825 18,8711.134765625
33_20220825 19,8702.74609375
33_20220825 20,8697.5205078125
33_20220825 21,8695.36328125
33_20220825 22,8693.677734375
33_20220825 23,8688.69921875
33_20220826 00,8686.5888671875
33_20220826 01,8664.107421875
33_20220826 02,8640.185546875
33_20220826 03,8627.1279296875
33_20220826 04,8615.0458984375
33_20220826 05,8611.1240234375
33_20220826 06,8617.396484375
33_20220826 07,8634.720703125
33_20220826 08,8668.0283203125
33_20220826 09,8715.962890625
33_20220826 10,8737.181640625
33_20220826 11,8772.4111328125
33_20220826 12,8774.677734375
33_20220826 13,8783.158203125
33_20220826 14,8807.4130859375
33_20220826 15,8833.4248046875
33_20220826 16,8820.041015625
33_20220826 17,8790.6376953125
33_20220826 18,8754.197265625
33_20220826 19,8723.6796875
33_20220826 20,8725.931640625
33_20220826 21,8716.9990234375
33_20220826 22,8715.8662109375
33_20220826 23,8709.1787109375
33_20220827 00,8694.7822265625
33_20220827 01,8670.1005859375
33_20220827 02,8650.7236328125
33_20220827 03,8638.287109375
33_20220827 04,8606.548828125
33_20220827 05,8596.060546875
33_20220827 06,8594.3759765625
33_20220827 07,8597.9033203125
33_20220827 08,8609.060546875
33_20220827 09,8627.3505859375
33_20220827 10,8636.3359375
33_20220827 11,8643.078125
33_20220827 12,8653.201171875
33_20220827 13,8662.552734375
33_20220827 14,8691.376953125
33_20220827 15,8698.806640625
33_20220827 16,8704.572265625
33_20220827 17,8700.337890625
33_20220827 18,8693.1259765625
33_20220827 19,8656.7138671875
33_20220827 20,8660.9951171875
33_20220827 21,8660.9765625
33_20220827 22,8660.423828125
33_20220827 23,8658.763671875
33_20220828 00,8656.5458984375
33_20220828 01,8633.3798828125
33_20220828 02,8628.9189453125
33_20220828 03,8612.3583984375
33_20220828 04,8595.533203125
33_20220828 05,8587.3603515625
33_20220828 06,8588.7783203125
33_20220828 07,8594.2001953125
33_20220828 08,8608.7744140625
33_20220828 09,8631.693359375
33_20220828 10,8641.560546875
33_20220828 11,8668.974609375
33_20220828 12,8690.8818359375
33_20220828 13,8686.53515625
33_20220828 14,8705.7265625
33_20220828 15,8712.0673828125
33_20220828 16,8736.513671875
33_20220828 17,8738.0849609375
33_20220828 18,8708.90625
33_20220828 19,8702.6904296875
33_20220828 20,8693.552734375
33_20220828 21,8668.927734375
33_20220828 22,8667.443359375
33_20220828 23,8667.158203125
33_20220829 00,8665.998046875
33_20220829 01,8645.4384765625
33_20220829 02,8624.732421875
33_20220829 03,8604.2470703125
33_20220829 04,8585.1904296875
33_20220829 05,8583.462890625
33_20220829 06,8593.607421875
33_20220829 07,8622.9794921875
33_20220829 08,8664.7861328125
33_20220829 09,8713.30078125
33_20220829 10,8734.5380859375
33_20220829 11,8743.6025390625
33_20220829 12,8733.056640625
33_20220829 13,8731.9169921875
33_20220829 14,8737.69140625
33_20220829 15,8738.1796875
33_20220829 16,8734.416015625
33_20220829 17,8728.6826171875
33_20220829 18,8687.123046875
33_20220829 19,8685.28515625
33_20220829 20,8678.888671875
33_20220829 21,8676.447265625
33_20220829 22,8683.955078125
33_20220829 23,8672.470703125
33_20220830 00,8675.734375
33_20220830 01,8657.060546875
33_20220830 02,8638.8515625
33_20220830 03,8632.349609375
33_20220830 04,8611.0205078125
33_20220830 05,8607.029296875
33_20220830 06,8613.4111328125
33_20220830 07,8632.888671875
33_20220830 08,8672.505859375
33_20220830 09,8722.361328125
33_20220830 10,8748.251953125
33_20220830 11,8743.1953125
33_20220830 12,8745.251953125
33_20220830 13,8767.7705078125
33_20220830 14,8769.951171875
33_20220830 15,8765.6416015625
33_20220830 16,8768.9169921875
33_20220830 17,8763.8408203125
33_20220830 18,8728.4501953125
33_20220830 19,8726.8359375
33_20220830 20,8722.1337890625
33_20220830 21,8716.02734375
33_20220830 22,8713.4111328125
33_20220830 23,8682.498046875
33_20220831 00,8680.134765625
33_20220831 01,8657.619140625
33_20220831 02,8637.2841796875
33_20220831 03,8624.568359375
33_20220831 04,8608.630859375
33_20220831 05,8607.544921875
33_20220831 06,8613.060546875
33_20220831 07,8630.50390625
33_20220831 08,8665.5478515625
33_20220831 09,8704.630859375
33_20220831 10,8724.3154296875
33_20220831 11,8737.33203125
33_20220831 12,8738.4306640625
33_20220831 13,8741.533203125
33_20220831 14,8747.2314453125
33_20220831 15,8746.7802734375
33_20220831 16,8743.5439453125
33_20220831 17,8756.5322265625
33_20220831 18,8731.509765625
33_20220831 19,8707.2099609375
33_20220831 20,8699.986328125
33_20220831 21,8698.384765625
33_20220831 22,8693.626953125
33_20220831 23,8688.4921875
34_20220825 00,3262.697998046875
34_20220825 01,3250.5888671875
34_20220825 02,3248.0
34_20220825 03,3239.868408203125
34_20220825 04,3227.58837890625
34_20220825 05,3228.738525390625
34_20220825 06,3242.40087890625
34_20220825 07,3243.65380859375
34_20220825 08,3266.767578125
34_20220825 09,3277.6015625
34_20220825 10,3288.989501953125
34_20220825 11,3305.72021484375
34_20220825 12,3313.500732421875
34_20220825 13,3317.71875
34_20220825 14,3321.140625
34_20220825 15,3260.69287109375
34_20220825 16,3277.64306640625
34_20220825 17,3287.822265625
34_20220825 18,3280.33349609375
34_20220825 19,3269.37353515625
34_20220825 20,3261.334228515625
34_20220825 21,3256.68603515625
34_20220825 22,3254.88623046875
34_20220825 23,3251.788330078125
34_20220826 00,3245.19287109375
34_20220826 01,3240.28955078125
34_20220826 02,3236.724365234375
34_20220826 03,3232.56103515625
34_20220826 04,3230.08642578125
34_20220826 05,3229.065673828125
34_20220826 06,3240.45751953125
34_20220826 07,3244.71630859375
34_20220826 08,3259.012939453125
34_20220826 09,3285.27001953125
34_20220826 10,3299.272216796875
34_20220826 11,3323.86572265625
34_20220826 12,3329.909423828125
34_20220826 13,3350.702392578125
34_20220826 14,3348.998779296875
34_20220826 15,3366.647705078125
34_20220826 16,3380.24072265625
34_20220826 17,3335.964111328125
34_20220826 18,3324.69091796875
34_20220826 19,3300.999267578125
34_20220826 20,3308.10302734375
34_20220826 21,3287.205078125
34_20220826 22,3291.90771484375
34_20220826 23,3286.599609375
34_20220827 00,3272.524169921875
34_20220827 01,3265.135009765625
34_20220827 02,3238.43115234375
34_20220827 03,3243.748779296875
34_20220827 04,3218.321044921875
34_20220827 05,3211.079833984375
34_20220827 06,3227.757080078125
34_20220827 07,3227.91162109375
34_20220827 08,3233.1328125
34_20220827 09,3236.66064453125
34_20220827 10,3246.891845703125
34_20220827 11,3246.475341796875
34_20220827 12,3261.377685546875
34_20220827 13,3263.444580078125
34_20220827 14,3280.2265625
34_20220827 15,3279.66796875
34_20220827 16,3279.903076171875
34_20220827 17,3283.73779296875
34_20220827 18,3279.45166015625
34_20220827 19,3254.80224609375
34_20220827 20,3239.9609375
34_20220827 21,3241.93994140625
34_20220827 22,3240.636962890625
34_20220827 23,3235.62255859375
34_20220828 00,3220.706298828125
34_20220828 01,3210.564453125
34_20220828 02,3213.1640625
34_20220828 03,3206.487060546875
34_20220828 04,3206.191650390625
34_20220828 05,3203.48291015625
34_20220828 06,3218.50830078125
34_20220828 07,3220.30029296875
34_20220828 08,3234.03369140625
34_20220828 09,3244.86474609375
34_20220828 10,3257.95849609375
34_20220828 11,3278.696044921875
34_20220828 12,3280.09130859375
34_20220828 13,3304.817138671875
34_20220828 14,3319.443359375
34_20220828 15,3338.79345703125
34_20220828 16,3352.809814453125
34_20220828 17,3356.036376953125
34_20220828 18,3325.25439453125
34_20220828 19,3286.346435546875
34_20220828 20,3279.110107421875
34_20220828 21,3258.67041015625
34_20220828 22,3253.866943359375
34_20220828 23,3255.6201171875
34_20220829 00,3247.507080078125
34_20220829 01,3239.15869140625
34_20220829 02,3240.758544921875
34_20220829 03,3233.349365234375
34_20220829 04,3219.404296875
34_20220829 05,3217.98828125
34_20220829 06,3239.51416015625
34_20220829 07,3241.07763671875
34_20220829 08,3257.941162109375
34_20220829 09,3271.247314453125
34_20220829 10,3272.10693359375
34_20220829 11,3278.6484375
34_20220829 12,3278.79052734375
34_20220829 13,3283.57666015625
34_20220829 14,3277.74072265625
34_20220829 15,3289.319091796875
34_20220829 16,3280.76611328125
34_20220829 17,3268.5048828125
34_20220829 18,3263.180419921875
34_20220829 19,3261.016845703125
34_20220829 20,3262.655517578125
34_20220829 21,3224.67724609375
34_20220829 22,3263.79248046875
34_20220829 23,3258.25439453125
34_20220830 00,3240.922607421875
34_20220830 01,3237.01318359375
34_20220830 02,3229.34326171875
34_20220830 03,3225.335205078125
34_20220830 04,3217.224853515625
34_20220830 05,3222.70556640625
34_20220830 06,3240.5380859375
34_20220830 07,3249.173828125
34_20220830 08,3272.591552734375
34_20220830 09,3303.62646484375
34_20220830 10,3308.681640625
34_20220830 11,3308.59619140625
34_20220830 12,3308.71728515625
34_20220830 13,3309.880859375
34_20220830 14,3314.09521484375
34_20220830 15,3314.399658203125
34_20220830 16,3308.403076171875
34_20220830 17,3306.798095703125
34_20220830 18,3301.348876953125
34_20220830 19,3295.350341796875
34_20220830 20,3295.346923828125
34_20220830 21,3288.805908203125
34_20220830 22,3298.81787109375
34_20220830 23,3268.2509765625
34_20220831 00,3245.453369140625
34_20220831 01,3239.41162109375
34_20220831 02,3236.180908203125
34_20220831 03,3230.953125
34_20220831 04,3227.193603515625
34_20220831 05,3228.270263671875
34_20220831 06,3242.992919921875
34_20220831 07,3243.8154296875
34_20220831 08,3255.107421875
34_20220831 09,3270.358642578125
34_20220831 10,3265.442138671875
34_20220831 11,3289.53369140625
34_20220831 12,3294.36572265625
34_20220831 13,3295.62548828125
34_20220831 14,3298.61474609375
34_20220831 15,3297.05078125
34_20220831 16,3303.62646484375
34_20220831 17,3319.067138671875
34_20220831 18,3309.668701171875
34_20220831 19,3279.02392578125
34_20220831 20,3271.350830078125
34_20220831 21,3251.385986328125
34_20220831 22,3253.76513671875
34_20220831 23,3250.36376953125
35_20220825 00,2129.244873046875
35_20220825 01,2130.61181640625
35_20220825 02,2124.40087890625
35_20220825 03,2121.02294921875
35_20220825 04,2115.46337890625
35_20220825 05,2115.99853515625
35_20220825 06,2119.21533203125
35_20220825 07,2123.35986328125
35_20220825 08,2135.34326171875
35_20220825 09,2145.358154296875
35_20220825 10,2151.431640625
35_20220825 11,2153.31591796875
35_20220825 12,2159.604248046875
35_20220825 13,2157.596923828125
35_20220825 14,2158.36181640625
35_20220825 15,2133.51708984375
35_20220825 16,2134.14794921875
35_20220825 17,2147.21826171875
35_20220825 18,2140.929443359375
35_20220825 19,2133.96142578125
35_20220825 20,2126.04736328125
35_20220825 21,2122.52490234375
35_20220825 22,2120.063720703125
35_20220825 23,2117.788818359375
35_20220826 00,2118.2978515625
35_20220826 01,2120.35986328125
35_20220826 02,2114.766845703125
35_20220826 03,2114.20361328125
35_20220826 04,2111.143310546875
35_20220826 05,2116.10400390625
35_20220826 06,2113.693603515625
35_20220826 07,2117.204833984375
35_20220826 08,2129.935302734375
35_20220826 09,2151.7548828125
35_20220826 10,2157.33154296875
35_20220826 11,2170.98291015625
35_20220826 12,2164.93310546875
35_20220826 13,2178.83056640625
35_20220826 14,2177.19287109375
35_20220826 15,2189.83251953125
35_20220826 16,2191.275390625
35_20220826 17,2169.671875
35_20220826 18,2166.904541015625
35_20220826 19,2145.926513671875
35_20220826 20,2148.35400390625
35_20220826 21,2147.382080078125
35_20220826 22,2145.85986328125
35_20220826 23,2143.41748046875
35_20220827 00,2138.65869140625
35_20220827 01,2136.258544921875
35_20220827 02,2117.421630859375
35_20220827 03,2122.45166015625
35_20220827 04,2109.9931640625
35_20220827 05,2106.98828125
35_20220827 06,2110.43212890625
35_20220827 07,2111.32080078125
35_20220827 08,2108.580810546875
35_20220827 09,2106.01025390625
35_20220827 10,2104.46923828125
35_20220827 11,2102.106689453125
35_20220827 12,2105.014892578125
35_20220827 13,2105.22998046875
35_20220827 14,2113.5693359375
35_20220827 15,2121.37060546875
35_20220827 16,2129.25341796875
35_20220827 17,2115.148193359375
35_20220827 18,2114.126708984375
35_20220827 19,2104.21435546875
35_20220827 20,2099.2783203125
35_20220827 21,2101.6875
35_20220827 22,2100.57568359375
35_20220827 23,2097.697021484375
35_20220828 00,2096.94677734375
35_20220828 01,2099.786865234375
35_20220828 02,2106.839111328125
35_20220828 03,2104.00390625
35_20220828 04,2104.01171875
35_20220828 05,2101.935546875
35_20220828 06,2105.947509765625
35_20220828 07,2106.62744140625
35_20220828 08,2107.564453125
35_20220828 09,2108.64697265625
35_20220828 10,2109.20703125
35_20220828 11,2118.843017578125
35_20220828 12,2121.52197265625
35_20220828 13,2131.980224609375
35_20220828 14,2151.091552734375
35_20220828 15,2163.182373046875
35_20220828 16,2166.742431640625
35_20220828 17,2169.75341796875
35_20220828 18,2152.6328125
35_20220828 19,2126.058837890625
35_20220828 20,2113.96142578125
35_20220828 21,2112.07080078125
35_20220828 22,2111.9951171875
35_20220828 23,2112.458740234375
35_20220829 00,2106.403564453125
35_20220829 01,2110.993408203125
35_20220829 02,2110.18798828125
35_20220829 03,2109.744873046875
35_20220829 04,2104.526611328125
35_20220829 05,2101.860107421875
35_20220829 06,2102.10595703125
35_20220829 07,2104.113525390625
35_20220829 08,2117.011474609375
35_20220829 09,2125.240966796875
35_20220829 10,2125.3115234375
35_20220829 11,2131.32080078125
35_20220829 12,2128.934326171875
35_20220829 13,2136.49267578125
35_20220829 14,2132.29541015625
35_20220829 15,2134.6220703125
35_20220829 16,2122.362548828125
35_20220829 17,2119.378173828125
35_20220829 18,2115.41064453125
35_20220829 19,2119.73291015625
35_20220829 20,2110.404052734375
35_20220829 21,2105.218994140625
35_20220829 22,2106.833251953125
35_20220829 23,2102.54345703125
35_20220830 00,2097.18896484375
35_20220830 01,2101.61767578125
35_20220830 02,2102.51123046875
35_20220830 03,2107.984130859375
35_20220830 04,2102.546630859375
35_20220830 05,2105.1171875
35_20220830 06,2106.514404296875
35_20220830 07,2114.7509765625
35_20220830 08,2125.067138671875
35_20220830 09,2140.452392578125
35_20220830 10,2144.381591796875
35_20220830 11,2140.45849609375
35_20220830 12,2135.930419921875
35_20220830 13,2142.269775390625
35_20220830 14,2142.3359375
35_20220830 15,2140.267822265625
35_20220830 16,2136.8203125
35_20220830 17,2137.40869140625
35_20220830 18,2135.926025390625
35_20220830 19,2136.592041015625
35_20220830 20,2133.6025390625
35_20220830 21,2129.339111328125
35_20220830 22,2129.50732421875
35_20220830 23,2116.565673828125
35_20220831 00,2111.60205078125
35_20220831 01,2112.006103515625
35_20220831 02,2110.50146484375
35_20220831 03,2110.805419921875
35_20220831 04,2113.769287109375
35_20220831 05,2114.611572265625
35_20220831 06,2111.137451171875
35_20220831 07,2113.65966796875
35_20220831 08,2119.641845703125
35_20220831 09,2132.703369140625
35_20220831 10,2140.29443359375
35_20220831 11,2149.48291015625
35_20220831 12,2146.581787109375
35_20220831 13,2148.531982421875
35_20220831 14,2152.53173828125
35_20220831 15,2149.900146484375
35_20220831 16,2148.212158203125
35_20220831 17,2155.32958984375
35_20220831 18,2147.01220703125
35_20220831 19,2141.818359375
35_20220831 20,2132.35107421875
35_20220831 21,2123.196533203125
35_20220831 22,2117.57373046875
35_20220831 23,2118.477783203125
36_20220825 00,2857.90185546875
36_20220825 01,2856.43212890625
36_20220825 02,2849.11279296875
36_20220825 03,2847.44482421875
36_20220825 04,2843.938720703125
36_20220825 05,2832.163330078125
36_20220825 06,2836.16748046875
36_20220825 07,2847.32666015625
36_20220825 08,2873.37060546875
36_20220825 09,2894.38818359375
36_20220825 10,2904.002685546875
36_20220825 11,2911.996826171875
36_20220825 12,2913.870849609375
36_20220825 13,2913.39306640625
36_20220825 14,2908.91162109375
36_20220825 15,2908.848388671875
36_20220825 16,2905.741455078125
36_20220825 17,2904.56689453125
36_20220825 18,2898.68896484375
36_20220825 19,2877.802734375
36_20220825 20,2887.57568359375
36_20220825 21,2874.833740234375
36_20220825 22,2868.352783203125
36_20220825 23,2857.53076171875
36_20220826 00,2852.77001953125
36_20220826 01,2848.28759765625
36_20220826 02,2840.881103515625
36_20220826 03,2840.26220703125
36_20220826 04,2835.46923828125
36_20220826 05,2826.70068359375
36_20220826 06,2832.011962890625
36_20220826 07,2849.99560546875
36_20220826 08,2870.71337890625
36_20220826 09,2892.970703125
36_20220826 10,2913.43310546875
36_20220826 11,2918.518310546875
36_20220826 12,2929.32373046875
36_20220826 13,2928.8154296875
36_20220826 14,2928.30810546875
36_20220826 15,2929.521240234375
36_20220826 16,2934.305908203125
36_20220826 17,2925.516357421875
36_20220826 18,2917.970458984375
36_20220826 19,2897.54541015625
36_20220826 20,2894.987060546875
36_20220826 21,2884.19189453125
36_20220826 22,2884.94091796875
36_20220826 23,2870.306396484375
36_20220827 00,2864.074951171875
36_20220827 01,2862.112060546875
36_20220827 02,2855.82470703125
36_20220827 03,2848.77880859375
36_20220827 04,2850.155029296875
36_20220827 05,2842.89453125
36_20220827 06,2842.174072265625
36_20220827 07,2856.279052734375
36_20220827 08,2863.3251953125
36_20220827 09,2880.08740234375
36_20220827 10,2886.856201171875
36_20220827 11,2887.98388671875
36_20220827 12,2888.27001953125
36_20220827 13,2891.500244140625
36_20220827 14,2892.13525390625
36_20220827 15,2893.13720703125
36_20220827 16,2883.326171875
36_20220827 17,2890.03857421875
36_20220827 18,2882.79736328125
36_20220827 19,2864.145263671875
36_20220827 20,2863.434814453125
36_20220827 21,2857.892822265625
36_20220827 22,2857.17626953125
36_20220827 23,2855.114501953125
36_20220828 00,2855.953857421875
36_20220828 01,2854.86767578125
36_20220828 02,2851.0859375
36_20220828 03,2850.998291015625
36_20220828 04,2849.4228515625
36_20220828 05,2837.084716796875
36_20220828 06,2837.84521484375
36_20220828 07,2848.19189453125
36_20220828 08,2857.97998046875
36_20220828 09,2866.30322265625
36_20220828 10,2873.37646484375
36_20220828 11,2890.013427734375
36_20220828 12,2902.25537109375
36_20220828 13,2904.50634765625
36_20220828 14,2906.12060546875
36_20220828 15,2940.563232421875
36_20220828 16,2924.56396484375
36_20220828 17,2932.52880859375
36_20220828 18,2889.64306640625
36_20220828 19,2878.312255859375
36_20220828 20,2872.2294921875
36_20220828 21,2869.305908203125
36_20220828 22,2867.02587890625
36_20220828 23,2863.923095703125
36_20220829 00,2858.688720703125
36_20220829 01,2855.567138671875
36_20220829 02,2852.9599609375
36_20220829 03,2845.7216796875
36_20220829 04,2840.20751953125
36_20220829 05,2834.322265625
36_20220829 06,2841.391357421875
36_20220829 07,2854.800537109375
36_20220829 08,2873.39892578125
36_20220829 09,2882.610107421875
36_20220829 10,2896.88232421875
36_20220829 11,2903.3720703125
36_20220829 12,2904.134033203125
36_20220829 13,2905.260986328125
36_20220829 14,2887.131591796875
36_20220829 15,2907.716064453125
36_20220829 16,2902.962890625
36_20220829 17,2898.59423828125
36_20220829 18,2891.84423828125
36_20220829 19,2879.156494140625
36_20220829 20,2879.256591796875
36_20220829 21,2876.0107421875
36_20220829 22,2873.033203125
36_20220829 23,2864.769287109375
36_20220830 00,2858.5654296875
36_20220830 01,2850.567626953125
36_20220830 02,2843.73388671875
36_20220830 03,2841.49755859375
36_20220830 04,2841.652587890625
36_20220830 05,2829.73046875
36_20220830 06,2835.097900390625
36_20220830 07,2847.590576171875
36_20220830 08,2861.937744140625
36_20220830 09,2872.69287109375
36_20220830 10,2875.93115234375
36_20220830 11,2878.576904296875
36_20220830 12,2880.81787109375
36_20220830 13,2881.224365234375
36_20220830 14,2883.072265625
36_20220830 15,2885.376220703125
36_20220830 16,2882.451904296875
36_20220830 17,2880.96923828125
36_20220830 18,2874.646240234375
36_20220830 19,2866.89013671875
36_20220830 20,2864.795654296875
36_20220830 21,2863.90869140625
36_20220830 22,2859.24072265625
36_20220830 23,2854.030517578125
36_20220831 00,2848.571533203125
36_20220831 01,2843.0439453125
36_20220831 02,2825.80419921875
36_20220831 03,2838.30908203125
36_20220831 04,2823.749267578125
36_20220831 05,2818.792236328125
36_20220831 06,2824.09521484375
36_20220831 07,2832.60546875
36_20220831 08,2868.977783203125
36_20220831 09,2879.277099609375
36_20220831 10,2882.56982421875
36_20220831 11,2903.11279296875
36_20220831 12,2906.18212890625
36_20220831 13,2906.243408203125
36_20220831 14,2908.56494140625
36_20220831 15,2909.02978515625
36_20220831 16,2892.289306640625
36_20220831 17,2908.29833984375
36_20220831 18,2897.374755859375
36_20220831 19,2880.8779296875
36_20220831 20,2877.47021484375
36_20220831 21,2873.642333984375
36_20220831 22,2861.73974609375
36_20220831 23,2851.34716796875
37_20220825 00,1200.285888671875
37_20220825 01,1161.4349365234375
37_20220825 02,1149.131591796875
37_20220825 03,1121.5887451171875
37_20220825 04,1068.735595703125
37_20220825 05,1028.6741943359375
37_20220825 06,1412.6622314453125
37_20220825 07,3037.765625
37_20220825 08,4142.2314453125
37_20220825 09,4798.9951171875
37_20220825 10,5371.42041015625
37_20220825 11,5443.44482421875
37_20220825 12,5506.5283203125
37_20220825 13,5497.259765625
37_20220825 14,5493.3330078125
37_20220825 15,5263.7939453125
37_20220825 16,5294.06591796875
37_20220825 17,5265.46484375
37_20220825 18,4635.564453125
37_20220825 19,4374.2158203125
37_20220825 20,2623.81005859375
37_20220825 21,2114.61083984375
37_20220825 22,1476.997802734375
37_20220825 23,1170.015869140625
37_20220826 00,1200.504150390625
37_20220826 01,1167.464599609375
37_20220826 02,1152.9228515625
37_20220826 03,1142.604248046875
37_20220826 04,1067.0411376953125
37_20220826 05,1028.679931640625
37_20220826 06,1411.8642578125
37_20220826 07,2970.16259765625
37_20220826 08,4122.68212890625
37_20220826 09,4794.0029296875
37_20220826 10,5300.79150390625
37_20220826 11,5402.6416015625
37_20220826 12,5440.46630859375
37_20220826 13,5474.2216796875
37_20220826 14,5451.8056640625
37_20220826 15,5407.3349609375
37_20220826 16,5397.63427734375
37_20220826 17,5339.1552734375
37_20220826 18,4775.77587890625
37_20220826 19,4511.1591796875
37_20220826 20,3604.427734375
37_20220826 21,2153.76416015625
37_20220826 22,1554.2021484375
37_20220826 23,1152.5172119140625
37_20220827 00,1171.042724609375
37_20220827 01,1140.572998046875
37_20220827 02,1114.24462890625
37_20220827 03,1097.9647216796875
37_20220827 04,1064.3414306640625
37_20220827 05,1024.955078125
37_20220827 06,1371.7099609375
37_20220827 07,2800.585205078125
37_20220827 08,3853.34619140625
37_20220827 09,4566.6884765625
37_20220827 10,5197.82861328125
37_20220827 11,5211.72705078125
37_20220827 12,5241.1220703125
37_20220827 13,5245.94140625
37_20220827 14,5264.255859375
37_20220827 15,5249.7763671875
37_20220827 16,5248.349609375
37_20220827 17,5202.60009765625
37_20220827 18,4642.63330078125
37_20220827 19,4355.5087890625
37_20220827 20,3290.869873046875
37_20220827 21,2105.719482421875
37_20220827 22,1474.2193603515625
37_20220827 23,1102.5767822265625
37_20220828 00,1122.7608642578125
37_20220828 01,1086.21484375
37_20220828 02,1099.802001953125
37_20220828 03,1085.580322265625
37_20220828 04,1050.0631103515625
37_20220828 05,1017.2859497070312
37_20220828 06,1349.4769287109375
37_20220828 07,2792.274658203125
37_20220828 08,3717.740234375
37_20220828 09,4576.4990234375
37_20220828 10,5178.76611328125
37_20220828 11,5260.2197265625
37_20220828 12,5302.2392578125
37_20220828 13,5297.16015625
37_20220828 14,5306.29345703125
37_20220828 15,5295.16748046875
37_20220828 16,5314.0322265625
37_20220828 17,5288.3291015625
37_20220828 18,4824.7744140625
37_20220828 19,4498.73681640625
37_20220828 20,3597.100341796875
37_20220828 21,2137.45263671875
37_20220828 22,1520.1708984375
37_20220828 23,1120.730712890625
37_20220829 00,1162.287353515625
37_20220829 01,1109.1119384765625
37_20220829 02,1110.2080078125
37_20220829 03,1102.2078857421875
37_20220829 04,1060.17626953125
37_20220829 05,1024.149169921875
37_20220829 06,1383.6829833984375
37_20220829 07,2789.54931640625
37_20220829 08,3950.55322265625
37_20220829 09,4621.1806640625
37_20220829 10,5140.24267578125
37_20220829 11,5211.6748046875
37_20220829 12,5211.51513671875
37_20220829 13,5238.53369140625
37_20220829 14,5177.7841796875
37_20220829 15,5164.6787109375
37_20220829 16,5152.0224609375
37_20220829 17,5098.59765625
37_20220829 18,4547.76953125
37_20220829 19,4286.078125
37_20220829 20,2590.91845703125
37_20220829 21,2083.64501953125
37_20220829 22,1438.544677734375
37_20220829 23,1121.717041015625
37_20220830 00,1150.562744140625
37_20220830 01,1138.4913330078125
37_20220830 02,1120.1158447265625
37_20220830 03,1106.957275390625
37_20220830 04,1057.0611572265625
37_20220830 05,1023.8582153320312
37_20220830 06,1371.0723876953125
37_20220830 07,3038.14404296875
37_20220830 08,3983.069580078125
37_20220830 09,4815.90380859375
37_20220830 10,5351.0732421875
37_20220830 11,5371.56689453125
37_20220830 12,5382.9912109375
37_20220830 13,5394.97119140625
37_20220830 14,5384.18896484375
37_20220830 15,5318.1025390625
37_20220830 16,5339.17431640625
37_20220830 17,5290.3837890625
37_20220830 18,4746.9560546875
37_20220830 19,4335.08544921875
37_20220830 20,2679.054443359375
37_20220830 21,2140.8251953125
37_20220830 22,1417.203369140625
37_20220830 23,1109.978271484375
37_20220831 00,1139.0709228515625
37_20220831 01,1121.08935546875
37_20220831 02,1116.1068115234375
37_20220831 03,1101.8623046875
37_20220831 04,1058.043701171875
37_20220831 05,1022.0345458984375
37_20220831 06,1363.216796875
37_20220831 07,2959.83154296875
37_20220831 08,3911.5390625
37_20220831 09,4787.38525390625
37_20220831 10,5274.75927734375
37_20220831 11,5300.5751953125
37_20220831 12,5322.61376953125
37_20220831 13,5307.2001953125
37_20220831 14,5326.95654296875
37_20220831 15,5277.82080078125
37_20220831 16,5301.01611328125
37_20220831 17,5266.4990234375
37_20220831 18,4732.4052734375
37_20220831 19,4425.1044921875
37_20220831 20,2615.82080078125
37_20220831 21,2117.731689453125
37_20220831 22,1460.2596435546875
37_20220831 23,1143.0655517578125
38_20220825 00,583.2623291015625
38_20220825 01,582.2745361328125
38_20220825 02,581.18212890625
38_20220825 03,547.5784912109375
38_20220825 04,534.5376586914062
38_20220825 05,541.6094970703125
38_20220825 06,703.515869140625
38_20220825 07,871.2479248046875
38_20220825 08,1496.50390625
38_20220825 09,2698.364501953125
38_20220825 10,3085.4755859375
38_20220825 11,3091.196533203125
38_20220825 12,3087.86767578125
38_20220825 13,3113.86474609375
38_20220825 14,3128.976806640625
38_20220825 15,2914.721435546875
38_20220825 16,2944.87060546875
38_20220825 17,2946.06298828125
38_20220825 18,2897.69677734375
38_20220825 19,2667.532470703125
38_20220825 20,1396.6552734375
38_20220825 21,887.8812255859375
38_20220825 22,668.4373168945312
38_20220825 23,585.0675659179688
38_20220826 00,584.9096069335938
38_20220826 01,585.0562744140625
38_20220826 02,584.2093505859375
38_20220826 03,547.1988525390625
38_20220826 04,532.9344482421875
38_20220826 05,545.1854858398438
38_20220826 06,704.9364624023438
38_20220826 07,872.3187255859375
38_20220826 08,1477.356689453125
38_20220826 09,2724.835205078125
38_20220826 10,3101.97314453125
38_20220826 11,3127.4912109375
38_20220826 12,3127.750244140625
38_20220826 13,3151.41162109375
38_20220826 14,3109.876953125
38_20220826 15,3092.35888671875
38_20220826 16,3061.006103515625
38_20220826 17,3003.094970703125
38_20220826 18,2962.245361328125
38_20220826 19,2788.94921875
38_20220826 20,2152.318115234375
38_20220826 21,937.2957763671875
38_20220826 22,667.8643188476562
38_20220826 23,600.4421997070312
38_20220827 00,601.5368041992188
38_20220827 01,603.6861572265625
38_20220827 02,598.709228515625
38_20220827 03,562.9723510742188
38_20220827 04,530.1925048828125
38_20220827 05,540.6946411132812
38_20220827 06,699.0505981445312
38_20220827 07,870.0324096679688
38_20220827 08,1458.682373046875
38_20220827 09,2575.03955078125
38_20220827 10,3093.12548828125
38_20220827 11,3077.93408203125
38_20220827 12,3095.27197265625
38_20220827 13,3078.11767578125
38_20220827 14,3074.0263671875
38_20220827 15,3042.39013671875
38_20220827 16,2954.59912109375
38_20220827 17,3010.842529296875
38_20220827 18,2970.83642578125
38_20220827 19,2652.826171875
38_20220827 20,1993.2451171875
38_20220827 21,886.6318359375
38_20220827 22,641.5811767578125
38_20220827 23,572.9920654296875
38_20220828 00,573.7415771484375
38_20220828 01,577.1441650390625
38_20220828 02,571.8390502929688
38_20220828 03,537.55224609375
38_20220828 04,529.0802612304688
38_20220828 05,533.5582275390625
38_20220828 06,677.3262329101562
38_20220828 07,873.6251831054688
38_20220828 08,1406.574951171875
38_20220828 09,2595.426513671875
38_20220828 10,3071.90478515625
38_20220828 11,3067.945556640625
38_20220828 12,3079.7001953125
38_20220828 13,3080.949951171875
38_20220828 14,3080.539306640625
38_20220828 15,3062.45166015625
38_20220828 16,3050.85302734375
38_20220828 17,3043.43408203125
38_20220828 18,2986.363037109375
38_20220828 19,2775.56982421875
38_20220828 20,2105.939208984375
38_20220828 21,927.9324951171875
38_20220828 22,648.5197143554688
38_20220828 23,589.1751708984375
38_20220829 00,584.590087890625
38_20220829 01,581.9849853515625
38_20220829 02,578.2540893554688
38_20220829 03,543.517578125
38_20220829 04,531.4862060546875
38_20220829 05,534.468505859375
38_20220829 06,679.7452392578125
38_20220829 07,863.4046020507812
38_20220829 08,1438.046630859375
38_20220829 09,2562.788818359375
38_20220829 10,2985.6865234375
38_20220829 11,2989.710205078125
38_20220829 12,3004.960693359375
38_20220829 13,2990.15869140625
38_20220829 14,2978.2421875
38_20220829 15,2929.317138671875
38_20220829 16,2934.882080078125
38_20220829 17,2886.94140625
38_20220829 18,2882.298583984375
38_20220829 19,2598.60107421875
38_20220829 20,1400.896484375
38_20220829 21,869.5661010742188
38_20220829 22,645.6701049804688
38_20220829 23,582.3707275390625
38_20220830 00,581.7516479492188
38_20220830 01,584.2257690429688
38_20220830 02,579.8745727539062
38_20220830 03,546.607421875
38_20220830 04,540.1851196289062
38_20220830 05,609.21142578125
38_20220830 06,737.9544677734375
38_20220830 07,893.7127075195312
38_20220830 08,1475.755126953125
38_20220830 09,2792.654296875
38_20220830 10,3167.177001953125
38_20220830 11,3168.546875
38_20220830 12,3125.29736328125
38_20220830 13,3161.063720703125
38_20220830 14,3141.01318359375
38_20220830 15,3080.015869140625
38_20220830 16,3003.170166015625
38_20220830 17,3007.551025390625
38_20220830 18,2944.815673828125
38_20220830 19,2811.47509765625
38_20220830 20,1386.134765625
38_20220830 21,886.1624755859375
38_20220830 22,673.6029663085938
38_20220830 23,599.940673828125
38_20220831 00,600.8089599609375
38_20220831 01,601.0557861328125
38_20220831 02,590.4173583984375
38_20220831 03,558.15087890625
38_20220831 04,541.1980590820312
38_20220831 05,560.2965698242188
38_20220831 06,708.8240966796875
38_20220831 07,872.7161254882812
38_20220831 08,1444.9000244140625
38_20220831 09,2710.55126953125
38_20220831 10,3080.796142578125
38_20220831 11,3089.3623046875
38_20220831 12,3087.19189453125
38_20220831 13,3085.26611328125
38_20220831 14,3067.293701171875
38_20220831 15,3001.24072265625
38_20220831 16,2935.8037109375
38_20220831 17,2962.979248046875
38_20220831 18,2908.787841796875
38_20220831 19,2690.40234375
38_20220831 20,1397.954833984375
38_20220831 21,872.92236328125
38_20220831 22,645.0387573242188
38_20220831 23,576.3765869140625
39_20220825 00,645.8502197265625
39_20220825 01,650.17724609375
39_20220825 02,613.8742065429688
39_20220825 03,612.5392456054688
39_20220825 04,621.4759521484375
39_20220825 05,614.1842041015625
39_20220825 06,689.131103515625
39_20220825 07,1584.2647705078125
39_20220825 08,1986.9339599609375
39_20220825 09,2741.55078125
39_20220825 10,3524.231201171875
39_20220825 11,3686.68115234375
39_20220825 12,3718.936279296875
39_20220825 13,3721.950439453125
39_20220825 14,3709.96435546875
39_20220825 15,3685.07275390625
39_20220825 16,3637.86181640625
39_20220825 17,3604.22802734375
39_20220825 18,3556.34521484375
39_20220825 19,3469.23193359375
39_20220825 20,2021.4625244140625
39_20220825 21,1427.08984375
39_20220825 22,1151.041259765625
39_20220825 23,787.685302734375
39_20220826 00,647.7950439453125
39_20220826 01,659.9468383789062
39_20220826 02,605.12255859375
39_20220826 03,609.0582275390625
39_20220826 04,626.8599853515625
39_20220826 05,622.0889282226562
39_20220826 06,682.2943115234375
39_20220826 07,1512.1939697265625
39_20220826 08,1923.55859375
39_20220826 09,2668.78515625
39_20220826 10,3521.29736328125
39_20220826 11,3715.43603515625
39_20220826 12,3714.873046875
39_20220826 13,3746.20068359375
39_20220826 14,3730.74609375
39_20220826 15,3712.539794921875
39_20220826 16,3684.794921875
39_20220826 17,3691.36865234375
39_20220826 18,3625.88232421875
39_20220826 19,3554.500732421875
39_20220826 20,2681.83642578125
39_20220826 21,1406.3712158203125
39_20220826 22,1119.885986328125
39_20220826 23,750.4390869140625
39_20220827 00,651.1546630859375
39_20220827 01,655.6995849609375
39_20220827 02,613.8973388671875
39_20220827 03,613.1753540039062
39_20220827 04,626.31591796875
39_20220827 05,615.0313720703125
39_20220827 06,688.1305541992188
39_20220827 07,1479.3033447265625
39_20220827 08,1886.046142578125
39_20220827 09,2668.217041015625
39_20220827 10,3478.59716796875
39_20220827 11,3727.657470703125
39_20220827 12,3755.83935546875
39_20220827 13,3756.649658203125
39_20220827 14,3766.158935546875
39_20220827 15,3766.89697265625
39_20220827 16,3708.27734375
39_20220827 17,3666.01953125
39_20220827 18,3575.35986328125
39_20220827 19,3492.227783203125
39_20220827 20,2658.841796875
39_20220827 21,1379.029296875
39_20220827 22,1117.21923828125
39_20220827 23,765.8781127929688
39_20220828 00,648.6258544921875
39_20220828 01,645.0596923828125
39_20220828 02,606.1293334960938
39_20220828 03,598.6840209960938
39_20220828 04,615.9744873046875
39_20220828 05,611.1524658203125
39_20220828 06,681.8756103515625
39_20220828 07,1519.25
39_20220828 08,1880.802001953125
39_20220828 09,2621.046875
39_20220828 10,3488.3203125
39_20220828 11,3671.690673828125
39_20220828 12,3698.90673828125
39_20220828 13,3738.366455078125
39_20220828 14,3730.86865234375
39_20220828 15,3720.389892578125
39_20220828 16,3686.61328125
39_20220828 17,3674.408935546875
39_20220828 18,3618.870361328125
39_20220828 19,3553.20556640625
39_20220828 20,2678.461669921875
39_20220828 21,1389.668701171875
39_20220828 22,1104.394775390625
39_20220828 23,749.5911254882812
39_20220829 00,644.4552001953125
39_20220829 01,653.3430786132812
39_20220829 02,613.7291259765625
39_20220829 03,606.903564453125
39_20220829 04,618.5914306640625
39_20220829 05,615.216552734375
39_20220829 06,685.5560913085938
39_20220829 07,1419.0396728515625
39_20220829 08,1877.489990234375
39_20220829 09,2618.65771484375
39_20220829 10,3429.884765625
39_20220829 11,3584.479248046875
39_20220829 12,3557.07958984375
39_20220829 13,3556.665283203125
39_20220829 14,3560.58251953125
39_20220829 15,3536.994140625
39_20220829 16,3473.059326171875
39_20220829 17,3462.03515625
39_20220829 18,3436.50390625
39_20220829 19,3378.051513671875
39_20220829 20,2163.870361328125
39_20220829 21,1381.9447021484375
39_20220829 22,1100.646240234375
39_20220829 23,765.0743408203125
39_20220830 00,621.7599487304688
39_20220830 01,636.6873779296875
39_20220830 02,599.3233032226562
39_20220830 03,600.4358520507812
39_20220830 04,613.0223388671875
39_20220830 05,602.6824951171875
39_20220830 06,680.7083740234375
39_20220830 07,1445.1591796875
39_20220830 08,1870.578857421875
39_20220830 09,2569.8642578125
39_20220830 10,3422.856201171875
39_20220830 11,3621.66552734375
39_20220830 12,3623.901611328125
39_20220830 13,3621.03125
39_20220830 14,3590.20849609375
39_20220830 15,3596.307861328125
39_20220830 16,3545.446533203125
39_20220830 17,3512.46875
39_20220830 18,3484.09619140625
39_20220830 19,3423.30029296875
39_20220830 20,2130.60400390625
39_20220830 21,1409.396728515625
39_20220830 22,1116.600341796875
39_20220830 23,748.967529296875
39_20220831 00,637.5921630859375
39_20220831 01,638.4441528320312
39_20220831 02,610.1585693359375
39_20220831 03,609.890625
39_20220831 04,615.2438354492188
39_20220831 05,611.7979125976562
39_20220831 06,687.5579223632812
39_20220831 07,1468.857177734375
39_20220831 08,1896.1636962890625
39_20220831 09,2701.561279296875
39_20220831 10,3472.690673828125
39_20220831 11,3628.08642578125
39_20220831 12,3603.134033203125
39_20220831 13,3611.54833984375
39_20220831 14,3586.82080078125
39_20220831 15,3581.044921875
39_20220831 16,3554.594970703125
39_20220831 17,3531.102783203125
39_20220831 18,3493.23046875
39_20220831 19,3427.104248046875
39_20220831 20,2134.64404296875
39_20220831 21,1419.3072509765625
39_20220831 22,1143.597412109375
39_20220831 23,803.8489379882812
40_20220825 00,638.0224609375
40_20220825 01,625.2803955078125
40_20220825 02,637.84814453125
40_20220825 03,622.3536376953125
40_20220825 04,585.9231567382812
40_20220825 05,586.0966796875
40_20220825 06,621.860107421875
40_20220825 07,769.9175415039062
40_20220825 08,1037.2908935546875
40_20220825 09,2704.385009765625
40_20220825 10,3311.10791015625
40_20220825 11,3323.684814453125
40_20220825 12,3332.19775390625
40_20220825 13,3331.27734375
40_20220825 14,3365.861328125
40_20220825 15,3338.856689453125
40_20220825 16,3312.4765625
40_20220825 17,3284.76416015625
40_20220825 18,3240.705078125
40_20220825 19,2767.9560546875
40_20220825 20,1080.661865234375
40_20220825 21,850.7297973632812
40_20220825 22,846.3406982421875
40_20220825 23,729.3628540039062
40_20220826 00,645.01904296875
40_20220826 01,632.0480346679688
40_20220826 02,639.556884765625
40_20220826 03,626.4309692382812
40_20220826 04,606.2913818359375
40_20220826 05,606.06640625
40_20220826 06,624.7301025390625
40_20220826 07,774.9122924804688
40_20220826 08,1126.448974609375
40_20220826 09,2600.102783203125
40_20220826 10,3283.971435546875
40_20220826 11,3288.95068359375
40_20220826 12,3310.712158203125
40_20220826 13,3309.706298828125
40_20220826 14,3328.961669921875
40_20220826 15,3322.150390625
40_20220826 16,3304.032470703125
40_20220826 17,3288.921142578125
40_20220826 18,3253.143798828125
40_20220826 19,3129.69873046875
40_20220826 20,1530.4002685546875
40_20220826 21,792.182861328125
40_20220826 22,780.0584106445312
40_20220826 23,725.1876220703125
40_20220827 00,648.505615234375
40_20220827 01,641.1681518554688
40_20220827 02,648.6151123046875
40_20220827 03,639.97509765625
40_20220827 04,590.4674072265625
40_20220827 05,589.0849609375
40_20220827 06,620.9557495117188
40_20220827 07,767.3846435546875
40_20220827 08,1088.968994140625
40_20220827 09,2420.992431640625
40_20220827 10,3434.473876953125
40_20220827 11,3496.80810546875
40_20220827 12,3499.6328125
40_20220827 13,3519.524169921875
40_20220827 14,3521.604736328125
40_20220827 15,3483.98583984375
40_20220827 16,3474.93994140625
40_20220827 17,3465.876953125
40_20220827 18,3362.767578125
40_20220827 19,3171.651611328125
40_20220827 20,1544.9896240234375
40_20220827 21,793.386962890625
40_20220827 22,750.9183959960938
40_20220827 23,668.8436889648438
40_20220828 00,597.595458984375
40_20220828 01,585.1051025390625
40_20220828 02,586.8238525390625
40_20220828 03,581.79345703125
40_20220828 04,572.2866821289062
40_20220828 05,575.0338134765625
40_20220828 06,583.2930908203125
40_20220828 07,728.6002197265625
40_20220828 08,898.8328247070312
40_20220828 09,2028.3988037109375
40_20220828 10,3370.923095703125
40_20220828 11,3476.369873046875
40_20220828 12,3507.61474609375
40_20220828 13,3524.44140625
40_20220828 14,3536.40234375
40_20220828 15,3513.116455078125
40_20220828 16,3495.767578125
40_20220828 17,3437.8046875
40_20220828 18,3371.11865234375
40_20220828 19,3256.18701171875
40_20220828 20,1555.0908203125
40_20220828 21,834.46435546875
40_20220828 22,784.2784423828125
40_20220828 23,724.0030517578125
40_20220829 00,654.7205200195312
40_20220829 01,642.9378662109375
40_20220829 02,633.3082275390625
40_20220829 03,624.1995239257812
40_20220829 04,604.2434692382812
40_20220829 05,599.7882690429688
40_20220829 06,618.6454467773438
40_20220829 07,748.2251586914062
40_20220829 08,910.3366088867188
40_20220829 09,2303.003173828125
40_20220829 10,3255.93017578125
40_20220829 11,3262.166748046875
40_20220829 12,3243.02392578125
40_20220829 13,3274.24267578125
40_20220829 14,3258.287109375
40_20220829 15,3246.21435546875
40_20220829 16,3224.51611328125
40_20220829 17,3225.72314453125
40_20220829 18,2825.24560546875
40_20220829 19,2496.740234375
40_20220829 20,1009.4786987304688
40_20220829 21,790.2965087890625
40_20220829 22,783.4019165039062
40_20220829 23,730.1160278320312
40_20220830 00,649.52978515625
40_20220830 01,644.4227294921875
40_20220830 02,639.6705932617188
40_20220830 03,631.15576171875
40_20220830 04,591.6738891601562
40_20220830 05,591.1973876953125
40_20220830 06,624.2310791015625
40_20220830 07,770.14501953125
40_20220830 08,1015.1477661132812
40_20220830 09,2652.461669921875
40_20220830 10,3405.08056640625
40_20220830 11,3527.98388671875
40_20220830 12,3554.12158203125
40_20220830 13,3523.77880859375
40_20220830 14,3558.571044921875
40_20220830 15,3574.698486328125
40_20220830 16,3534.458251953125
40_20220830 17,3529.099609375
40_20220830 18,3491.395263671875
40_20220830 19,2851.595947265625
40_20220830 20,1052.3968505859375
40_20220830 21,799.273681640625
40_20220830 22,788.3047485351562
40_20220830 23,732.1066284179688
40_20220831 00,655.6448364257812
40_20220831 01,649.9661865234375
40_20220831 02,653.5635986328125
40_20220831 03,646.8157958984375
40_20220831 04,590.3670654296875
40_20220831 05,591.3326416015625
40_20220831 06,643.4082641601562
40_20220831 07,779.8473510742188
40_20220831 08,1009.6705322265625
40_20220831 09,2376.925048828125
40_20220831 10,3384.22314453125
40_20220831 11,3385.785888671875
40_20220831 12,3305.864013671875
40_20220831 13,3313.192138671875
40_20220831 14,3317.62451171875
40_20220831 15,3292.57958984375
40_20220831 16,3276.139404296875
40_20220831 17,3273.836181640625
40_20220831 18,3233.874755859375
40_20220831 19,2607.125732421875
40_20220831 20,1050.766357421875
40_20220831 21,798.0701904296875
40_20220831 22,784.0133666992188
40_20220831 23,714.4623413085938
41_20220825 00,1652.889892578125
41_20220825 01,1422.4117431640625
41_20220825 02,1207.3046875
41_20220825 03,1178.239013671875
41_20220825 04,1148.313720703125
41_20220825 05,1186.056884765625
41_20220825 06,1372.786865234375
41_20220825 07,1727.6741943359375
41_20220825 08,3557.87255859375
41_20220825 09,4750.71435546875
41_20220825 10,5124.95068359375
41_20220825 11,5187.98974609375
41_20220825 12,5214.06298828125
41_20220825 13,5226.2119140625
41_20220825 14,5189.55126953125
41_20220825 15,5101.8017578125
41_20220825 16,5079.3974609375
41_20220825 17,5041.306640625
41_20220825 18,5032.4208984375
41_20220825 19,4958.4599609375
41_20220825 20,3642.75439453125
41_20220825 21,2993.390625
41_20220825 22,2014.6640625
41_20220825 23,1744.6158447265625
41_20220826 00,1592.3104248046875
41_20220826 01,1393.3271484375
41_20220826 02,1208.778076171875
41_20220826 03,1183.303466796875
41_20220826 04,1146.167236328125
41_20220826 05,1172.35546875
41_20220826 06,1336.3929443359375
41_20220826 07,1712.453369140625
41_20220826 08,3656.46435546875
41_20220826 09,4870.12451171875
41_20220826 10,5176.04345703125
41_20220826 11,5208.9853515625
41_20220826 12,5200.8544921875
41_20220826 13,5217.05859375
41_20220826 14,5185.22705078125
41_20220826 15,5172.04345703125
41_20220826 16,5148.82568359375
41_20220826 17,5091.0341796875
41_20220826 18,5051.3857421875
41_20220826 19,5015.47021484375
41_20220826 20,3903.55908203125
41_20220826 21,3056.442138671875
41_20220826 22,2059.54541015625
41_20220826 23,1768.7896728515625
41_20220827 00,1566.285888671875
41_20220827 01,1339.6998291015625
41_20220827 02,1223.430419921875
41_20220827 03,1158.615966796875
41_20220827 04,1133.1224365234375
41_20220827 05,1165.160888671875
41_20220827 06,1420.21435546875
41_20220827 07,1796.2193603515625
41_20220827 08,3626.901611328125
41_20220827 09,4789.80517578125
41_20220827 10,5166.8427734375
41_20220827 11,5120.90771484375
41_20220827 12,5166.66259765625
41_20220827 13,5127.0966796875
41_20220827 14,5124.5654296875
41_20220827 15,5087.9052734375
41_20220827 16,5078.19482421875
41_20220827 17,5018.2919921875
41_20220827 18,5019.7236328125
41_20220827 19,4941.79931640625
41_20220827 20,3915.299560546875
41_20220827 21,2977.291748046875
41_20220827 22,2010.16015625
41_20220827 23,1741.4644775390625
41_20220828 00,1569.559326171875
41_20220828 01,1336.318603515625
41_20220828 02,1188.5361328125
41_20220828 03,1137.5234375
41_20220828 04,1131.6842041015625
41_20220828 05,1132.49169921875
41_20220828 06,1261.374755859375
41_20220828 07,1716.238525390625
41_20220828 08,3500.15625
41_20220828 09,4745.32275390625
41_20220828 10,5399.2783203125
41_20220828 11,5408.275390625
41_20220828 12,5461.17578125
41_20220828 13,5485.5517578125
41_20220828 14,5483.78173828125
41_20220828 15,5535.5439453125
41_20220828 16,5567.48681640625
41_20220828 17,5539.861328125
41_20220828 18,5462.181640625
41_20220828 19,5363.68896484375
41_20220828 20,3984.737548828125
41_20220828 21,3099.33642578125
41_20220828 22,2054.048583984375
41_20220828 23,1766.2757568359375
41_20220829 00,1569.0361328125
41_20220829 01,1397.115966796875
41_20220829 02,1199.9423828125
41_20220829 03,1174.537353515625
41_20220829 04,1144.053955078125
41_20220829 05,1144.9771728515625
41_20220829 06,1268.7568359375
41_20220829 07,1661.662841796875
41_20220829 08,3464.971923828125
41_20220829 09,4655.99609375
41_20220829 10,5146.4580078125
41_20220829 11,5160.27734375
41_20220829 12,5195.2099609375
41_20220829 13,5155.07666015625
41_20220829 14,5151.6064453125
41_20220829 15,5134.6455078125
41_20220829 16,5146.16162109375
41_20220829 17,5083.1962890625
41_20220829 18,5074.111328125
41_20220829 19,5002.25244140625
41_20220829 20,3619.35205078125
41_20220829 21,2926.477294921875
41_20220829 22,1966.519775390625
41_20220829 23,1690.597412109375
41_20220830 00,1548.958251953125
41_20220830 01,1387.9219970703125
41_20220830 02,1194.021240234375
41_20220830 03,1162.674560546875
41_20220830 04,1149.2086181640625
41_20220830 05,1186.752685546875
41_20220830 06,1385.607421875
41_20220830 07,1787.5843505859375
41_20220830 08,3656.07763671875
41_20220830 09,4944.47802734375
41_20220830 10,5206.04638671875
41_20220830 11,5213.990234375
41_20220830 12,5206.84375
41_20220830 13,5164.93359375
41_20220830 14,5138.75244140625
41_20220830 15,5118.0390625
41_20220830 16,5150.5107421875
41_20220830 17,5109.0927734375
41_20220830 18,5100.0751953125
41_20220830 19,5063.93798828125
41_20220830 20,3655.526123046875
41_20220830 21,2984.60009765625
41_20220830 22,2010.557373046875
41_20220830 23,1722.623779296875
41_20220831 00,1575.3883056640625
41_20220831 01,1333.6961669921875
41_20220831 02,1191.8515625
41_20220831 03,1168.688720703125
41_20220831 04,1152.9613037109375
41_20220831 05,1182.305908203125
41_20220831 06,1385.615966796875
41_20220831 07,1711.431396484375
41_20220831 08,3576.596923828125
41_20220831 09,4819.28515625
41_20220831 10,5120.45166015625
41_20220831 11,5185.5615234375
41_20220831 12,5178.0595703125
41_20220831 13,5174.74609375
41_20220831 14,5148.0908203125
41_20220831 15,5114.62744140625
41_20220831 16,5091.6474609375
41_20220831 17,5039.53515625
41_20220831 18,5011.8115234375
41_20220831 19,4966.0830078125
41_20220831 20,3628.184814453125
41_20220831 21,3000.036865234375
41_20220831 22,2016.555908203125
41_20220831 23,1775.303955078125
42_20220825 00,394.9971923828125
42_20220825 01,389.98272705078125
42_20220825 02,386.384033203125
42_20220825 03,384.9436340332031
42_20220825 04,421.549072265625
42_20220825 05,435.52093505859375
42_20220825 06,509.18255615234375
42_20220825 07,566.9179077148438
42_20220825 08,715.7756958007812
42_20220825 09,1675.0234375
42_20220825 10,3113.36328125
42_20220825 11,3233.36767578125
42_20220825 12,3231.24169921875
42_20220825 13,3233.49853515625
42_20220825 14,3236.7607421875
42_20220825 15,3229.877197265625
42_20220825 16,3204.1884765625
42_20220825 17,3179.668212890625
42_20220825 18,3017.050537109375
42_20220825 19,2674.489501953125
42_20220825 20,1050.4864501953125
42_20220825 21,534.2925415039062
42_20220825 22,450.75140380859375
42_20220825 23,418.3125
42_20220826 00,397.3073425292969
42_20220826 01,389.7808532714844
42_20220826 02,388.4176330566406
42_20220826 03,387.00860595703125
42_20220826 04,421.7261657714844
42_20220826 05,433.1739807128906
42_20220826 06,507.1048278808594
42_20220826 07,560.547119140625
42_20220826 08,715.8357543945312
42_20220826 09,2004.6187744140625
42_20220826 10,3116.66943359375
42_20220826 11,3201.62939453125
42_20220826 12,3204.0615234375
42_20220826 13,3224.703125
42_20220826 14,3197.7744140625
42_20220826 15,3197.794677734375
42_20220826 16,3175.809326171875
42_20220826 17,3157.78955078125
42_20220826 18,2994.229736328125
42_20220826 19,2815.23388671875
42_20220826 20,1776.678955078125
42_20220826 21,551.2030029296875
42_20220826 22,457.0957946777344
42_20220826 23,413.99920654296875
42_20220827 00,391.2469482421875
42_20220827 01,388.9945373535156
42_20220827 02,387.67413330078125
42_20220827 03,387.0953063964844
42_20220827 04,420.13751220703125
42_20220827 05,434.6493225097656
42_20220827 06,504.5308532714844
42_20220827 07,550.77734375
42_20220827 08,659.1809692382812
42_20220827 09,1623.478759765625
42_20220827 10,2977.14111328125
42_20220827 11,3089.646484375
42_20220827 12,3103.29638671875
42_20220827 13,3089.01025390625
42_20220827 14,3061.088134765625
42_20220827 15,3044.148193359375
42_20220827 16,3016.30078125
42_20220827 17,3016.31640625
42_20220827 18,2926.29833984375
42_20220827 19,2802.00146484375
42_20220827 20,1735.6640625
42_20220827 21,505.18463134765625
42_20220827 22,414.549560546875
42_20220827 23,381.0672607421875
42_20220828 00,375.16619873046875
42_20220828 01,375.4725646972656
42_20220828 02,376.7821960449219
42_20220828 03,377.0621337890625
42_20220828 04,401.6502685546875
42_20220828 05,417.25860595703125
42_20220828 06,490.305908203125
42_20220828 07,538.9159545898438
42_20220828 08,631.8746948242188
42_20220828 09,1550.60498046875
42_20220828 10,2864.6572265625
42_20220828 11,2923.27978515625
42_20220828 12,2956.95263671875
42_20220828 13,3027.931640625
42_20220828 14,3022.269775390625
42_20220828 15,3023.304931640625
42_20220828 16,2969.91650390625
42_20220828 17,2981.890380859375
42_20220828 18,2906.77685546875
42_20220828 19,2747.8828125
42_20220828 20,1679.2711181640625
42_20220828 21,515.9989013671875
42_20220828 22,428.0242614746094
42_20220828 23,395.10736083984375
42_20220829 00,375.1018371582031
42_20220829 01,376.4148254394531
42_20220829 02,375.76190185546875
42_20220829 03,375.0704345703125
42_20220829 04,372.9897766113281
42_20220829 05,377.75250244140625
42_20220829 06,402.3498229980469
42_20220829 07,454.49664306640625
42_20220829 08,605.3327026367188
42_20220829 09,1587.8509521484375
42_20220829 10,2809.642333984375
42_20220829 11,2955.625732421875
42_20220829 12,2969.95654296875
42_20220829 13,2984.199951171875
42_20220829 14,2986.8740234375
42_20220829 15,2992.37451171875
42_20220829 16,2948.477294921875
42_20220829 17,2938.51806640625
42_20220829 18,2844.516357421875
42_20220829 19,2540.319091796875
42_20220829 20,1001.0096435546875
42_20220829 21,483.4239196777344
42_20220829 22,439.2157287597656
42_20220829 23,404.8954162597656
42_20220830 00,392.044189453125
42_20220830 01,388.7708435058594
42_20220830 02,388.347900390625
42_20220830 03,387.06634521484375
42_20220830 04,425.0587463378906
42_20220830 05,441.1732482910156
42_20220830 06,515.6098022460938
42_20220830 07,571.192138671875
42_20220830 08,715.7562866210938
42_20220830 09,1673.26171875
42_20220830 10,2965.763427734375
42_20220830 11,3160.98681640625
42_20220830 12,3193.36962890625
42_20220830 13,3193.188720703125
42_20220830 14,3141.66064453125
42_20220830 15,3129.99365234375
42_20220830 16,3118.14892578125
42_20220830 17,3083.883056640625
42_20220830 18,2970.280517578125
42_20220830 19,2615.90625
42_20220830 20,1052.4981689453125
42_20220830 21,508.4732971191406
42_20220830 22,446.77923583984375
42_20220830 23,417.5469665527344
42_20220831 00,394.1822509765625
42_20220831 01,387.45538330078125
42_20220831 02,386.53875732421875
42_20220831 03,384.98431396484375
42_20220831 04,423.7457580566406
42_20220831 05,438.2377014160156
42_20220831 06,516.9205322265625
42_20220831 07,581.9781494140625
42_20220831 08,737.3035888671875
42_20220831 09,1675.61328125
42_20220831 10,3030.994873046875
42_20220831 11,3158.23046875
42_20220831 12,3144.70361328125
42_20220831 13,3179.803955078125
42_20220831 14,3209.76513671875
42_20220831 15,3144.51953125
42_20220831 16,3081.67431640625
42_20220831 17,3031.203369140625
42_20220831 18,2949.13525390625
42_20220831 19,2662.03662109375
42_20220831 20,1074.479736328125
42_20220831 21,530.8518676757812
42_20220831 22,445.5337829589844
42_20220831 23,415.14910888671875
43_20220825 00,460.333984375
43_20220825 01,446.73126220703125
43_20220825 02,442.40399169921875
43_20220825 03,434.32904052734375
43_20220825 04,440.8832092285156
43_20220825 05,439.61688232421875
43_20220825 06,454.79974365234375
43_20220825 07,544.6121826171875
43_20220825 08,726.8074951171875
43_20220825 09,1486.485107421875
43_20220825 10,3355.37548828125
43_20220825 11,3380.854248046875
43_20220825 12,3368.86376953125
43_20220825 13,3400.098876953125
43_20220825 14,3231.187255859375
43_20220825 15,3184.803466796875
43_20220825 16,3254.67822265625
43_20220825 17,3187.17919921875
43_20220825 18,3142.27197265625
43_20220825 19,2965.041015625
43_20220825 20,2817.984375
43_20220825 21,825.0382690429688
43_20220825 22,463.3875427246094
43_20220825 23,445.12384033203125
43_20220826 00,458.9657287597656
43_20220826 01,453.01934814453125
43_20220826 02,445.9637145996094
43_20220826 03,441.8639221191406
43_20220826 04,439.53045654296875
43_20220826 05,435.8844299316406
43_20220826 06,454.7503967285156
43_20220826 07,581.8593139648438
43_20220826 08,728.529052734375
43_20220826 09,1468.89453125
43_20220826 10,3352.52001953125
43_20220826 11,3405.422607421875
43_20220826 12,3386.677734375
43_20220826 13,3417.70751953125
43_20220826 14,3427.39990234375
43_20220826 15,3371.24951171875
43_20220826 16,3341.53759765625
43_20220826 17,3278.66796875
43_20220826 18,3241.25048828125
43_20220826 19,3202.390625
43_20220826 20,2845.15380859375
43_20220826 21,875.8810424804688
43_20220826 22,490.953369140625
43_20220826 23,466.9913635253906
43_20220827 00,488.45623779296875
43_20220827 01,479.963134765625
43_20220827 02,463.98638916015625
43_20220827 03,463.43951416015625
43_20220827 04,451.4461364746094
43_20220827 05,441.5044860839844
43_20220827 06,454.0018615722656
43_20220827 07,570.0523681640625
43_20220827 08,718.6041870117188
43_20220827 09,1577.71337890625
43_20220827 10,3228.509765625
43_20220827 11,3344.18701171875
43_20220827 12,3498.876953125
43_20220827 13,3547.07861328125
43_20220827 14,3585.32958984375
43_20220827 15,3568.375
43_20220827 16,3555.57177734375
43_20220827 17,3552.57177734375
43_20220827 18,3492.76708984375
43_20220827 19,3385.628173828125
43_20220827 20,3053.469970703125
43_20220827 21,846.7404174804688
43_20220827 22,474.33343505859375
43_20220827 23,445.4822692871094
43_20220828 00,449.0888671875
43_20220828 01,436.1681213378906
43_20220828 02,431.78778076171875
43_20220828 03,432.13134765625
43_20220828 04,431.339111328125
43_20220828 05,433.32861328125
43_20220828 06,448.66015625
43_20220828 07,479.3619689941406
43_20220828 08,587.25439453125
43_20220828 09,1404.4139404296875
43_20220828 10,3173.739013671875
43_20220828 11,3378.674560546875
43_20220828 12,3561.018798828125
43_20220828 13,3640.341064453125
43_20220828 14,3693.675048828125
43_20220828 15,3695.169921875
43_20220828 16,3710.395263671875
43_20220828 17,3686.41650390625
43_20220828 18,3522.767578125
43_20220828 19,3381.28759765625
43_20220828 20,3071.742919921875
43_20220828 21,849.5040283203125
43_20220828 22,457.0169982910156
43_20220828 23,432.89862060546875
43_20220829 00,441.6504821777344
43_20220829 01,433.8143615722656
43_20220829 02,436.1248474121094
43_20220829 03,431.8053283691406
43_20220829 04,432.21148681640625
43_20220829 05,429.8545837402344
43_20220829 06,456.2708435058594
43_20220829 07,571.2434692382812
43_20220829 08,669.9461669921875
43_20220829 09,1347.6982421875
43_20220829 10,3247.925048828125
43_20220829 11,3183.708251953125
43_20220829 12,3202.108642578125
43_20220829 13,3202.056640625
43_20220829 14,3221.77587890625
43_20220829 15,3172.20947265625
43_20220829 16,3137.82470703125
43_20220829 17,3114.19384765625
43_20220829 18,3047.5029296875
43_20220829 19,2980.03466796875
43_20220829 20,2756.63623046875
43_20220829 21,804.5755004882812
43_20220829 22,472.74163818359375
43_20220829 23,465.4923400878906
43_20220830 00,465.27044677734375
43_20220830 01,449.10186767578125
43_20220830 02,438.96124267578125
43_20220830 03,433.50738525390625
43_20220830 04,433.0096130371094
43_20220830 05,427.5477600097656
43_20220830 06,428.0621032714844
43_20220830 07,482.59161376953125
43_20220830 08,638.6972045898438
43_20220830 09,1358.5899658203125
43_20220830 10,3114.46240234375
43_20220830 11,3173.95751953125
43_20220830 12,3147.84033203125
43_20220830 13,3233.94677734375
43_20220830 14,3327.37646484375
43_20220830 15,3226.64404296875
43_20220830 16,3228.494384765625
43_20220830 17,3219.2421875
43_20220830 18,3171.44287109375
43_20220830 19,3091.615966796875
43_20220830 20,2882.003662109375
43_20220830 21,785.5928344726562
43_20220830 22,467.42236328125
43_20220830 23,451.96533203125
43_20220831 00,454.29986572265625
43_20220831 01,439.1558532714844
43_20220831 02,434.2720642089844
43_20220831 03,433.64044189453125
43_20220831 04,431.0367736816406
43_20220831 05,431.1026916503906
43_20220831 06,447.5283203125
43_20220831 07,555.9866333007812
43_20220831 08,684.540283203125
43_20220831 09,1439.601806640625
43_20220831 10,3166.216796875
43_20220831 11,3204.938232421875
43_20220831 12,3298.25537109375
43_20220831 13,3302.395263671875
43_20220831 14,3330.133544921875
43_20220831 15,3335.73974609375
43_20220831 16,3309.051513671875
43_20220831 17,3298.46630859375
43_20220831 18,3252.84716796875
43_20220831 19,3029.70556640625
43_20220831 20,2862.041015625
43_20220831 21,822.6135864257812
43_20220831 22,462.76873779296875
43_20220831 23,442.8973693847656
44_20220825 00,574.0458984375
44_20220825 01,571.3827514648438
44_20220825 02,570.2930908203125
44_20220825 03,571.1624145507812
44_20220825 04,569.3450927734375
44_20220825 05,569.234375
44_20220825 06,569.026123046875
44_20220825 07,589.2400512695312
44_20220825 08,1086.044677734375
44_20220825 09,2197.41650390625
44_20220825 10,3479.6015625
44_20220825 11,3466.673095703125
44_20220825 12,3486.250732421875
44_20220825 13,3538.61181640625
44_20220825 14,3311.427001953125
44_20220825 15,3309.673828125
44_20220825 16,3336.909423828125
44_20220825 17,3246.19970703125
44_20220825 18,3064.35302734375
44_20220825 19,2928.27392578125
44_20220825 20,2729.30908203125
44_20220825 21,1134.742919921875
44_20220825 22,617.4017333984375
44_20220825 23,587.7318115234375
44_20220826 00,578.8770751953125
44_20220826 01,570.5827026367188
44_20220826 02,570.818603515625
44_20220826 03,573.261962890625
44_20220826 04,572.109130859375
44_20220826 05,570.6651000976562
44_20220826 06,570.4622802734375
44_20220826 07,596.480224609375
44_20220826 08,1030.5670166015625
44_20220826 09,2291.33251953125
44_20220826 10,3540.1953125
44_20220826 11,3547.07666015625
44_20220826 12,3583.14306640625
44_20220826 13,3675.5703125
44_20220826 14,3654.942138671875
44_20220826 15,3673.772705078125
44_20220826 16,3642.639404296875
44_20220826 17,3328.507080078125
44_20220826 18,3363.96337890625
44_20220826 19,3270.31103515625
44_20220826 20,2903.6318359375
44_20220826 21,1165.618896484375
44_20220826 22,630.391845703125
44_20220826 23,588.9058227539062
44_20220827 00,575.7172241210938
44_20220827 01,571.8530883789062
44_20220827 02,572.7970581054688
44_20220827 03,571.1425170898438
44_20220827 04,570.974853515625
44_20220827 05,570.6986083984375
44_20220827 06,569.3544311523438
44_20220827 07,598.748779296875
44_20220827 08,1039.4825439453125
44_20220827 09,2247.327392578125
44_20220827 10,3398.332763671875
44_20220827 11,3468.33349609375
44_20220827 12,3520.34716796875
44_20220827 13,3613.811767578125
44_20220827 14,3624.53955078125
44_20220827 15,3643.48095703125
44_20220827 16,3645.127685546875
44_20220827 17,3648.2265625
44_20220827 18,3557.127685546875
44_20220827 19,3368.891845703125
44_20220827 20,2931.1630859375
44_20220827 21,1199.6834716796875
44_20220827 22,592.1986083984375
44_20220827 23,579.8578491210938
44_20220828 00,578.7532348632812
44_20220828 01,571.1832885742188
44_20220828 02,577.8389282226562
44_20220828 03,577.6098022460938
44_20220828 04,578.0831298828125
44_20220828 05,573.7305297851562
44_20220828 06,569.4717407226562
44_20220828 07,602.2086181640625
44_20220828 08,1032.21240234375
44_20220828 09,2216.279541015625
44_20220828 10,3293.573486328125
44_20220828 11,3443.639892578125
44_20220828 12,3616.45703125
44_20220828 13,3654.64404296875
44_20220828 14,3817.61376953125
44_20220828 15,3839.45849609375
44_20220828 16,3875.82177734375
44_20220828 17,3782.05859375
44_20220828 18,3498.964111328125
44_20220828 19,3346.986328125
44_20220828 20,2924.15576171875
44_20220828 21,1223.154541015625
44_20220828 22,585.3450927734375
44_20220828 23,578.34375
44_20220829 00,571.3250732421875
44_20220829 01,568.7854614257812
44_20220829 02,570.2310180664062
44_20220829 03,570.2640380859375
44_20220829 04,570.0701904296875
44_20220829 05,569.7886962890625
44_20220829 06,569.8458251953125
44_20220829 07,611.677734375
44_20220829 08,1040.5811767578125
44_20220829 09,2158.097900390625
44_20220829 10,3201.06787109375
44_20220829 11,3209.92626953125
44_20220829 12,3259.14306640625
44_20220829 13,3282.684814453125
44_20220829 14,3312.37646484375
44_20220829 15,3327.157470703125
44_20220829 16,3239.669677734375
44_20220829 17,3112.02978515625
44_20220829 18,3044.1083984375
44_20220829 19,2876.584716796875
44_20220829 20,2601.678955078125
44_20220829 21,1112.3612060546875
44_20220829 22,646.3280029296875
44_20220829 23,609.6920166015625
44_20220830 00,592.2708740234375
44_20220830 01,579.9845581054688
44_20220830 02,579.9192504882812
44_20220830 03,579.3988037109375
44_20220830 04,579.1143798828125
44_20220830 05,579.7835083007812
44_20220830 06,572.951171875
44_20220830 07,608.2784423828125
44_20220830 08,1020.9435424804688
44_20220830 09,2155.41796875
44_20220830 10,3148.209228515625
44_20220830 11,3157.236328125
44_20220830 12,3143.936279296875
44_20220830 13,3148.368408203125
44_20220830 14,3166.3095703125
44_20220830 15,3148.51220703125
44_20220830 16,3137.25732421875
44_20220830 17,3045.379150390625
44_20220830 18,2985.276123046875
44_20220830 19,2879.439453125
44_20220830 20,2625.150146484375
44_20220830 21,1085.0157470703125
44_20220830 22,611.0006713867188
44_20220830 23,582.9423828125
44_20220831 00,571.1551513671875
44_20220831 01,569.3399658203125
44_20220831 02,569.2742919921875
44_20220831 03,570.4700927734375
44_20220831 04,570.4269409179688
44_20220831 05,569.2742919921875
44_20220831 06,569.0521240234375
44_20220831 07,587.296630859375
44_20220831 08,1025.822998046875
44_20220831 09,2177.57763671875
44_20220831 10,3237.12255859375
44_20220831 11,3305.014892578125
44_20220831 12,3345.32763671875
44_20220831 13,3341.58203125
44_20220831 14,3374.42041015625
44_20220831 15,3493.249267578125
44_20220831 16,3520.887451171875
44_20220831 17,3466.66796875
44_20220831 18,3210.511474609375
44_20220831 19,3030.38037109375
44_20220831 20,2767.41455078125
44_20220831 21,1121.1005859375
44_20220831 22,612.9000854492188
44_20220831 23,584.8645629882812
45_20220825 00,2475.86767578125
45_20220825 01,2492.7802734375
45_20220825 02,2433.78369140625
45_20220825 03,2333.44140625
45_20220825 04,2436.376220703125
45_20220825 05,2541.158447265625
45_20220825 06,3002.89306640625
45_20220825 07,3271.697021484375
45_20220825 08,3589.81591796875
45_20220825 09,3657.7421875
45_20220825 10,3676.306640625
45_20220825 11,3672.66845703125
45_20220825 12,3611.06494140625
45_20220825 13,3553.7265625
45_20220825 14,3601.739013671875
45_20220825 15,3541.240234375
45_20220825 16,3474.478515625
45_20220825 17,3209.47705078125
45_20220825 18,3027.62939453125
45_20220825 19,2991.86474609375
45_20220825 20,2863.1171875
45_20220825 21,2655.91162109375
45_20220825 22,2503.756591796875
45_20220825 23,2440.8662109375
45_20220826 00,2323.903564453125
45_20220826 01,2374.380615234375
45_20220826 02,2354.89208984375
45_20220826 03,2315.97900390625
45_20220826 04,2440.7099609375
45_20220826 05,2542.2373046875
45_20220826 06,3021.80419921875
45_20220826 07,3246.923828125
45_20220826 08,3531.37548828125
45_20220826 09,3640.61376953125
45_20220826 10,3641.653076171875
45_20220826 11,3678.249267578125
45_20220826 12,3605.328857421875
45_20220826 13,3610.54833984375
45_20220826 14,3654.7578125
45_20220826 15,3629.791015625
45_20220826 16,3525.65869140625
45_20220826 17,3232.56787109375
45_20220826 18,3071.45458984375
45_20220826 19,3007.57177734375
45_20220826 20,2885.697265625
45_20220826 21,2743.333984375
45_20220826 22,2603.26171875
45_20220826 23,2564.358154296875
45_20220827 00,2456.37451171875
45_20220827 01,2503.3349609375
45_20220827 02,2352.94140625
45_20220827 03,2309.03076171875
45_20220827 04,2315.87158203125
45_20220827 05,2350.47509765625
45_20220827 06,2705.96337890625
45_20220827 07,2992.04443359375
45_20220827 08,3167.577880859375
45_20220827 09,3193.11572265625
45_20220827 10,3210.68798828125
45_20220827 11,3201.382080078125
45_20220827 12,3141.72705078125
45_20220827 13,3032.563232421875
45_20220827 14,3005.153076171875
45_20220827 15,3004.9697265625
45_20220827 16,2975.9892578125
45_20220827 17,2936.64501953125
45_20220827 18,2887.70703125
45_20220827 19,2859.47607421875
45_20220827 20,2604.444580078125
45_20220827 21,2471.5595703125
45_20220827 22,2426.424072265625
45_20220827 23,2360.80615234375
45_20220828 00,2259.0390625
45_20220828 01,2265.204345703125
45_20220828 02,2247.45458984375
45_20220828 03,2211.68359375
45_20220828 04,2262.214111328125
45_20220828 05,2223.691162109375
45_20220828 06,2415.40478515625
45_20220828 07,2631.72900390625
45_20220828 08,2869.52490234375
45_20220828 09,2891.5556640625
45_20220828 10,2926.9306640625
45_20220828 11,2933.08447265625
45_20220828 12,2948.81005859375
45_20220828 13,2973.371826171875
45_20220828 14,2989.154296875
45_20220828 15,2985.17138671875
45_20220828 16,2971.03857421875
45_20220828 17,2956.41015625
45_20220828 18,2928.35009765625
45_20220828 19,2914.78173828125
45_20220828 20,2701.66455078125
45_20220828 21,2603.875732421875
45_20220828 22,2559.4814453125
45_20220828 23,2501.51220703125
45_20220829 00,2422.245849609375
45_20220829 01,2415.4599609375
45_20220829 02,2401.52197265625
45_20220829 03,2324.154296875
45_20220829 04,2432.326416015625
45_20220829 05,2529.70556640625
45_20220829 06,2995.471923828125
45_20220829 07,3191.56689453125
45_20220829 08,3539.089111328125
45_20220829 09,3575.709716796875
45_20220829 10,3591.731201171875
45_20220829 11,3599.216064453125
45_20220829 12,3507.70361328125
45_20220829 13,3523.92431640625
45_20220829 14,3540.912109375
45_20220829 15,3517.568359375
45_20220829 16,3455.63671875
45_20220829 17,3149.154052734375
45_20220829 18,3003.751220703125
45_20220829 19,2998.15869140625
45_20220829 20,2850.673095703125
45_20220829 21,2657.5703125
45_20220829 22,2491.9326171875
45_20220829 23,2426.751220703125
45_20220830 00,2324.466796875
45_20220830 01,2372.69091796875
45_20220830 02,2324.853271484375
45_20220830 03,2332.943115234375
45_20220830 04,2439.378662109375
45_20220830 05,2530.23583984375
45_20220830 06,3004.17138671875
45_20220830 07,3199.200439453125
45_20220830 08,3530.09033203125
45_20220830 09,3592.64794921875
45_20220830 10,3589.538330078125
45_20220830 11,3582.785888671875
45_20220830 12,3540.93408203125
45_20220830 13,3561.32958984375
45_20220830 14,3565.55859375
45_20220830 15,3540.22265625
45_20220830 16,3506.328125
45_20220830 17,3191.421142578125
45_20220830 18,3064.363037109375
45_20220830 19,3015.782958984375
45_20220830 20,2882.219482421875
45_20220830 21,2709.962890625
45_20220830 22,2504.96826171875
45_20220830 23,2450.96826171875
45_20220831 00,2342.76025390625
45_20220831 01,2392.768310546875
45_20220831 02,2359.77685546875
45_20220831 03,2340.529052734375
45_20220831 04,2432.7529296875
45_20220831 05,2537.02197265625
45_20220831 06,3004.642578125
45_20220831 07,3243.45361328125
45_20220831 08,3537.29052734375
45_20220831 09,3602.56201171875
45_20220831 10,3618.649169921875
45_20220831 11,3602.168701171875
45_20220831 12,3550.276123046875
45_20220831 13,3545.3515625
45_20220831 14,3591.030517578125
45_20220831 15,3529.998046875
45_20220831 16,3507.73193359375
45_20220831 17,3203.682373046875
45_20220831 18,3039.11474609375
45_20220831 19,3013.20166015625
45_20220831 20,2862.42333984375
45_20220831 21,2673.0029296875
45_20220831 22,2502.63134765625
45_20220831 23,2455.6728515625
46_20220825 00,1520.0950927734375
46_20220825 01,1510.949462890625
46_20220825 02,1664.323486328125
46_20220825 03,1632.138427734375
46_20220825 04,1510.00341796875
46_20220825 05,1534.037841796875
46_20220825 06,1918.6302490234375
46_20220825 07,2367.845458984375
46_20220825 08,2705.092529296875
46_20220825 09,2931.629150390625
46_20220825 10,2947.44091796875
46_20220825 11,3027.31494140625
46_20220825 12,3022.83447265625
46_20220825 13,3096.033203125
46_20220825 14,3112.98486328125
46_20220825 15,3169.208251953125
46_20220825 16,3135.055419921875
46_20220825 17,2829.3349609375
46_20220825 18,2374.591064453125
46_20220825 19,2211.34228515625
46_20220825 20,1989.4212646484375
46_20220825 21,1918.26953125
46_20220825 22,1774.1236572265625
46_20220825 23,1688.224853515625
46_20220826 00,1510.9844970703125
46_20220826 01,1503.489013671875
46_20220826 02,1654.385986328125
46_20220826 03,1634.059326171875
46_20220826 04,1503.2325439453125
46_20220826 05,1522.8492431640625
46_20220826 06,1786.3994140625
46_20220826 07,2176.581298828125
46_20220826 08,2616.6376953125
46_20220826 09,2871.41796875
46_20220826 10,2888.45068359375
46_20220826 11,2860.48681640625
46_20220826 12,2807.60595703125
46_20220826 13,2967.3349609375
46_20220826 14,2990.521240234375
46_20220826 15,3007.60498046875
46_20220826 16,2994.433349609375
46_20220826 17,2902.25390625
46_20220826 18,2360.803466796875
46_20220826 19,2150.265625
46_20220826 20,1997.571044921875
46_20220826 21,1911.3681640625
46_20220826 22,1771.2099609375
46_20220826 23,1692.588134765625
46_20220827 00,1569.544921875
46_20220827 01,1535.6390380859375
46_20220827 02,1659.724609375
46_20220827 03,1631.7822265625
46_20220827 04,1513.5205078125
46_20220827 05,1544.598388671875
46_20220827 06,1977.930908203125
46_20220827 07,2001.6165771484375
46_20220827 08,2073.408447265625
46_20220827 09,2162.49267578125
46_20220827 10,2172.66015625
46_20220827 11,2185.795654296875
46_20220827 12,2193.35498046875
46_20220827 13,2205.61572265625
46_20220827 14,2300.84228515625
46_20220827 15,2308.27978515625
46_20220827 16,2230.42333984375
46_20220827 17,2199.164794921875
46_20220827 18,2128.205810546875
46_20220827 19,2054.65625
46_20220827 20,1917.9342041015625
46_20220827 21,1876.8433837890625
46_20220827 22,1741.682373046875
46_20220827 23,1657.0087890625
46_20220828 00,1540.8936767578125
46_20220828 01,1518.1380615234375
46_20220828 02,1634.9466552734375
46_20220828 03,1614.266357421875
46_20220828 04,1489.4957275390625
46_20220828 05,1501.929443359375
46_20220828 06,1810.2523193359375
46_20220828 07,1929.62890625
46_20220828 08,2053.15478515625
46_20220828 09,2076.66748046875
46_20220828 10,2095.68115234375
46_20220828 11,2140.61767578125
46_20220828 12,2115.96240234375
46_20220828 13,2211.126953125
46_20220828 14,2279.337890625
46_20220828 15,2286.732177734375
46_20220828 16,2295.69189453125
46_20220828 17,2295.12255859375
46_20220828 18,2282.62451171875
46_20220828 19,2146.543701171875
46_20220828 20,1947.3404541015625
46_20220828 21,1892.4407958984375
46_20220828 22,1788.467041015625
46_20220828 23,1673.5943603515625
46_20220829 00,1500.330322265625
46_20220829 01,1484.9005126953125
46_20220829 02,1604.839111328125
46_20220829 03,1584.505126953125
46_20220829 04,1471.9560546875
46_20220829 05,1494.1129150390625
46_20220829 06,1774.1943359375
46_20220829 07,2170.21435546875
46_20220829 08,2587.80810546875
46_20220829 09,2834.585205078125
46_20220829 10,2895.07421875
46_20220829 11,2916.23388671875
46_20220829 12,2839.214111328125
46_20220829 13,2916.404296875
46_20220829 14,2832.447998046875
46_20220829 15,2827.76025390625
46_20220829 16,2862.06982421875
46_20220829 17,2658.44482421875
46_20220829 18,2258.91259765625
46_20220829 19,2085.21044921875
46_20220829 20,1941.6849365234375
46_20220829 21,1858.115966796875
46_20220829 22,1747.0322265625
46_20220829 23,1645.507568359375
46_20220830 00,1499.842529296875
46_20220830 01,1513.25048828125
46_20220830 02,1656.7408447265625
46_20220830 03,1628.6513671875
46_20220830 04,1498.2933349609375
46_20220830 05,1538.0911865234375
46_20220830 06,1888.6343994140625
46_20220830 07,2311.64794921875
46_20220830 08,2740.560302734375
46_20220830 09,2911.96337890625
46_20220830 10,2951.59130859375
46_20220830 11,2931.473876953125
46_20220830 12,2880.604736328125
46_20220830 13,2948.441650390625
46_20220830 14,2922.076171875
46_20220830 15,2928.57568359375
46_20220830 16,2943.012939453125
46_20220830 17,2865.743408203125
46_20220830 18,2332.746826171875
46_20220830 19,2227.23046875
46_20220830 20,2027.697998046875
46_20220830 21,1964.2435302734375
46_20220830 22,1845.535400390625
46_20220830 23,1774.7896728515625
46_20220831 00,1565.509033203125
46_20220831 01,1560.80078125
46_20220831 02,1770.2054443359375
46_20220831 03,1742.1878662109375
46_20220831 04,1552.7296142578125
46_20220831 05,1580.3350830078125
46_20220831 06,1931.1640625
46_20220831 07,2358.707763671875
46_20220831 08,2757.552734375
46_20220831 09,2926.284912109375
46_20220831 10,3026.0234375
46_20220831 11,3058.13623046875
46_20220831 12,3011.77197265625
46_20220831 13,2897.854736328125
46_20220831 14,3040.168701171875
46_20220831 15,3083.72509765625
46_20220831 16,3014.15576171875
46_20220831 17,2793.56591796875
46_20220831 18,2298.65234375
46_20220831 19,2158.880126953125
46_20220831 20,2001.769775390625
46_20220831 21,1953.8687744140625
46_20220831 22,1820.3646240234375
46_20220831 23,1764.604248046875
47_20220825 00,4177.57470703125
47_20220825 01,4147.90771484375
47_20220825 02,4104.1484375
47_20220825 03,4143.0888671875
47_20220825 04,4153.2763671875
47_20220825 05,4225.86376953125
47_20220825 06,5138.07177734375
47_20220825 07,6010.7734375
47_20220825 08,6552.07666015625
47_20220825 09,6671.546875
47_20220825 10,6768.79931640625
47_20220825 11,6779.07958984375
47_20220825 12,6771.6142578125
47_20220825 13,6778.17822265625
47_20220825 14,6695.06787109375
47_20220825 15,6630.97509765625
47_20220825 16,6480.55224609375
47_20220825 17,5930.61767578125
47_20220825 18,5405.9619140625
47_20220825 19,5152.2744140625
47_20220825 20,4658.11474609375
47_20220825 21,4527.45703125
47_20220825 22,4380.8193359375
47_20220825 23,4282.6318359375
47_20220826 00,4237.09375
47_20220826 01,4189.6025390625
47_20220826 02,4205.3779296875
47_20220826 03,4228.18115234375
47_20220826 04,4240.9384765625
47_20220826 05,4330.828125
47_20220826 06,5178.11328125
47_20220826 07,5945.1923828125
47_20220826 08,6409.8583984375
47_20220826 09,6614.4140625
47_20220826 10,6751.22802734375
47_20220826 11,6756.7138671875
47_20220826 12,6677.58740234375
47_20220826 13,6728.4892578125
47_20220826 14,6790.5537109375
47_20220826 15,6762.60400390625
47_20220826 16,6597.9208984375
47_20220826 17,6047.27294921875
47_20220826 18,5655.4794921875
47_20220826 19,5327.0068359375
47_20220826 20,4839.67822265625
47_20220826 21,4602.93603515625
47_20220826 22,4532.123046875
47_20220826 23,4373.857421875
47_20220827 00,4198.59375
47_20220827 01,4193.75146484375
47_20220827 02,4172.7470703125
47_20220827 03,4196.15185546875
47_20220827 04,4189.478515625
47_20220827 05,4114.55224609375
47_20220827 06,4600.92724609375
47_20220827 07,4815.78076171875
47_20220827 08,5063.18359375
47_20220827 09,5069.28515625
47_20220827 10,5118.95751953125
47_20220827 11,5111.7958984375
47_20220827 12,5045.54052734375
47_20220827 13,5052.7763671875
47_20220827 14,5189.86279296875
47_20220827 15,5139.4072265625
47_20220827 16,5143.6533203125
47_20220827 17,5040.298828125
47_20220827 18,4807.9609375
47_20220827 19,4488.6845703125
47_20220827 20,4417.83056640625
47_20220827 21,4314.1240234375
47_20220827 22,4236.33251953125
47_20220827 23,4119.0107421875
47_20220828 00,4001.403076171875
47_20220828 01,3987.38232421875
47_20220828 02,3992.68505859375
47_20220828 03,3998.89501953125
47_20220828 04,4052.641357421875
47_20220828 05,4065.57275390625
47_20220828 06,4403.681640625
47_20220828 07,4408.5615234375
47_20220828 08,4419.9365234375
47_20220828 09,4407.8369140625
47_20220828 10,4453.76611328125
47_20220828 11,4644.23779296875
47_20220828 12,4745.7255859375
47_20220828 13,4884.7021484375
47_20220828 14,4902.63720703125
47_20220828 15,4995.60009765625
47_20220828 16,5050.2578125
47_20220828 17,4980.806640625
47_20220828 18,4876.78125
47_20220828 19,4704.8671875
47_20220828 20,4433.24658203125
47_20220828 21,4338.11279296875
47_20220828 22,4254.39404296875
47_20220828 23,4156.50146484375
47_20220829 00,4215.21630859375
47_20220829 01,4210.8525390625
47_20220829 02,4172.40771484375
47_20220829 03,4176.8642578125
47_20220829 04,4190.0302734375
47_20220829 05,4235.10107421875
47_20220829 06,5051.0224609375
47_20220829 07,5849.22412109375
47_20220829 08,6438.728515625
47_20220829 09,6638.45849609375
47_20220829 10,6675.68115234375
47_20220829 11,6648.63427734375
47_20220829 12,6612.7685546875
47_20220829 13,6654.453125
47_20220829 14,6648.1650390625
47_20220829 15,6615.4716796875
47_20220829 16,6438.27880859375
47_20220829 17,5894.05419921875
47_20220829 18,5366.98486328125
47_20220829 19,5036.66015625
47_20220829 20,4733.697265625
47_20220829 21,4490.0654296875
47_20220829 22,4385.732421875
47_20220829 23,4251.47412109375
47_20220830 00,4163.18017578125
47_20220830 01,4166.99462890625
47_20220830 02,4182.3427734375
47_20220830 03,4216.44287109375
47_20220830 04,4238.046875
47_20220830 05,4311.10498046875
47_20220830 06,5187.916015625
47_20220830 07,5948.37744140625
47_20220830 08,6541.57666015625
47_20220830 09,6755.39453125
47_20220830 10,6792.0234375
47_20220830 11,6774.4716796875
47_20220830 12,6763.7802734375
47_20220830 13,6823.9873046875
47_20220830 14,6827.0439453125
47_20220830 15,6791.17431640625
47_20220830 16,6608.12255859375
47_20220830 17,6146.39697265625
47_20220830 18,5625.41259765625
47_20220830 19,5284.76123046875
47_20220830 20,4955.501953125
47_20220830 21,4621.7685546875
47_20220830 22,4532.4267578125
47_20220830 23,4367.60302734375
47_20220831 00,4251.5478515625
47_20220831 01,4240.42431640625
47_20220831 02,4232.77294921875
47_20220831 03,4236.259765625
47_20220831 04,4248.2548828125
47_20220831 05,4306.4248046875
47_20220831 06,5230.32373046875
47_20220831 07,6016.68994140625
47_20220831 08,6486.1533203125
47_20220831 09,6699.61083984375
47_20220831 10,6717.90869140625
47_20220831 11,6690.9560546875
47_20220831 12,6634.8642578125
47_20220831 13,6688.50146484375
47_20220831 14,6674.9892578125
47_20220831 15,6687.515625
47_20220831 16,6505.4638671875
47_20220831 17,5976.0380859375
47_20220831 18,5393.93603515625
47_20220831 19,5146.10302734375
47_20220831 20,4724.2666015625
47_20220831 21,4574.3740234375
47_20220831 22,4495.10302734375
47_20220831 23,4311.75732421875
48_20220825 00,1465.6904296875
48_20220825 01,1451.514892578125
48_20220825 02,1430.129150390625
48_20220825 03,1425.4503173828125
48_20220825 04,1439.744384765625
48_20220825 05,1508.349853515625
48_20220825 06,1686.6734619140625
48_20220825 07,2137.82861328125
48_20220825 08,2466.64892578125
48_20220825 09,2457.63916015625
48_20220825 10,2455.842041015625
48_20220825 11,2479.25
48_20220825 12,2502.46630859375
48_20220825 13,2495.05517578125
48_20220825 14,2499.409423828125
48_20220825 15,2500.922607421875
48_20220825 16,2460.277099609375
48_20220825 17,2137.495361328125
48_20220825 18,1826.287109375
48_20220825 19,1724.340576171875
48_20220825 20,1647.585693359375
48_20220825 21,1561.9935302734375
48_20220825 22,1466.423095703125
48_20220825 23,1443.28662109375
48_20220826 00,1409.625244140625
48_20220826 01,1395.8778076171875
48_20220826 02,1380.8857421875
48_20220826 03,1373.8680419921875
48_20220826 04,1383.636474609375
48_20220826 05,1450.0631103515625
48_20220826 06,1643.6148681640625
48_20220826 07,2007.3948974609375
48_20220826 08,2355.636474609375
48_20220826 09,2378.79736328125
48_20220826 10,2384.90576171875
48_20220826 11,2398.544921875
48_20220826 12,2400.167724609375
48_20220826 13,2403.012451171875
48_20220826 14,2477.788330078125
48_20220826 15,2438.99267578125
48_20220826 16,2418.369384765625
48_20220826 17,2083.255126953125
48_20220826 18,1907.147216796875
48_20220826 19,1747.6458740234375
48_20220826 20,1652.299560546875
48_20220826 21,1567.85498046875
48_20220826 22,1471.074462890625
48_20220826 23,1432.6390380859375
48_20220827 00,1410.917236328125
48_20220827 01,1421.144287109375
48_20220827 02,1416.0570068359375
48_20220827 03,1410.748291015625
48_20220827 04,1421.833984375
48_20220827 05,1449.1524658203125
48_20220827 06,1542.955322265625
48_20220827 07,1684.2017822265625
48_20220827 08,1771.3548583984375
48_20220827 09,1783.3355712890625
48_20220827 10,1795.266357421875
48_20220827 11,1812.1650390625
48_20220827 12,1815.977294921875
48_20220827 13,1857.9525146484375
48_20220827 14,1865.217529296875
48_20220827 15,1773.826171875
48_20220827 16,1821.622802734375
48_20220827 17,1787.8345947265625
48_20220827 18,1648.4677734375
48_20220827 19,1520.542724609375
48_20220827 20,1478.233642578125
48_20220827 21,1437.1048583984375
48_20220827 22,1410.4356689453125
48_20220827 23,1368.3209228515625
48_20220828 00,1349.9931640625
48_20220828 01,1339.8514404296875
48_20220828 02,1333.952880859375
48_20220828 03,1332.600341796875
48_20220828 04,1336.3333740234375
48_20220828 05,1359.345947265625
48_20220828 06,1430.4627685546875
48_20220828 07,1599.9957275390625
48_20220828 08,1687.4615478515625
48_20220828 09,1727.505126953125
48_20220828 10,1745.815185546875
48_20220828 11,1759.0826416015625
48_20220828 12,1846.647705078125
48_20220828 13,1872.2073974609375
48_20220828 14,1872.345947265625
48_20220828 15,1848.4697265625
48_20220828 16,1897.942138671875
48_20220828 17,1799.5826416015625
48_20220828 18,1663.181640625
48_20220828 19,1564.3895263671875
48_20220828 20,1519.193115234375
48_20220828 21,1484.5697021484375
48_20220828 22,1459.026611328125
48_20220828 23,1403.5322265625
48_20220829 00,1400.0963134765625
48_20220829 01,1384.2235107421875
48_20220829 02,1368.0208740234375
48_20220829 03,1335.051025390625
48_20220829 04,1333.184326171875
48_20220829 05,1381.759521484375
48_20220829 06,1613.46142578125
48_20220829 07,1995.299072265625
48_20220829 08,2337.946044921875
48_20220829 09,2346.589111328125
48_20220829 10,2366.04150390625
48_20220829 11,2369.102783203125
48_20220829 12,2306.18896484375
48_20220829 13,2350.819091796875
48_20220829 14,2318.529052734375
48_20220829 15,2304.173828125
48_20220829 16,2286.37255859375
48_20220829 17,2022.2301025390625
48_20220829 18,1807.586181640625
48_20220829 19,1725.231689453125
48_20220829 20,1628.171142578125
48_20220829 21,1577.6724853515625
48_20220829 22,1476.6689453125
48_20220829 23,1454.093017578125
48_20220830 00,1448.2999267578125
48_20220830 01,1420.3709716796875
48_20220830 02,1427.147216796875
48_20220830 03,1421.9849853515625
48_20220830 04,1450.0576171875
48_20220830 05,1503.2269287109375
48_20220830 06,1662.5325927734375
48_20220830 07,2124.16015625
48_20220830 08,2430.870361328125
48_20220830 09,2438.30224609375
48_20220830 10,2459.826904296875
48_20220830 11,2468.634521484375
48_20220830 12,2467.35302734375
48_20220830 13,2504.033203125
48_20220830 14,2467.233642578125
48_20220830 15,2426.416015625
48_20220830 16,2461.04443359375
48_20220830 17,2228.580810546875
48_20220830 18,2005.5621337890625
48_20220830 19,1900.0833740234375
48_20220830 20,1740.0316162109375
48_20220830 21,1693.3994140625
48_20220830 22,1598.617919921875
48_20220830 23,1562.521728515625
48_20220831 00,1496.031005859375
48_20220831 01,1457.5120849609375
48_20220831 02,1439.970947265625
48_20220831 03,1432.951904296875
48_20220831 04,1441.814453125
48_20220831 05,1489.498046875
48_20220831 06,1672.2415771484375
48_20220831 07,2125.501953125
48_20220831 08,2438.86669921875
48_20220831 09,2437.05712890625
48_20220831 10,2433.239501953125
48_20220831 11,2433.068359375
48_20220831 12,2375.155517578125
48_20220831 13,2368.203369140625
48_20220831 14,2397.90478515625
48_20220831 15,2335.04443359375
48_20220831 16,2270.62255859375
48_20220831 17,1993.7845458984375
48_20220831 18,1806.9169921875
48_20220831 19,1742.9730224609375
48_20220831 20,1652.8974609375
48_20220831 21,1580.1658935546875
48_20220831 22,1507.513916015625
48_20220831 23,1492.080810546875
49_20220825 00,2691.590576171875
49_20220825 01,2675.65673828125
49_20220825 02,2678.09716796875
49_20220825 03,2652.11865234375
49_20220825 04,2720.025390625
49_20220825 05,2740.392578125
49_20220825 06,2829.40478515625
49_20220825 07,3048.313232421875
49_20220825 08,3603.50927734375
49_20220825 09,3752.591064453125
49_20220825 10,3794.603515625
49_20220825 11,3810.92626953125
49_20220825 12,3740.587890625
49_20220825 13,3738.33642578125
49_20220825 14,3843.39013671875
49_20220825 15,3838.52490234375
49_20220825 16,3836.90087890625
49_20220825 17,3398.41162109375
49_20220825 18,3221.474609375
49_20220825 19,3071.31103515625
49_20220825 20,2853.515869140625
49_20220825 21,2776.99658203125
49_20220825 22,2738.2666015625
49_20220825 23,2689.63525390625
49_20220826 00,2637.418701171875
49_20220826 01,2602.65576171875
49_20220826 02,2604.7822265625
49_20220826 03,2532.338623046875
49_20220826 04,2558.34228515625
49_20220826 05,2644.28466796875
49_20220826 06,2732.38427734375
49_20220826 07,2948.827880859375
49_20220826 08,3450.208251953125
49_20220826 09,3662.06005859375
49_20220826 10,3706.431640625
49_20220826 11,3708.3828125
49_20220826 12,3610.425048828125
49_20220826 13,3633.075439453125
49_20220826 14,3795.408935546875
49_20220826 15,3758.50732421875
49_20220826 16,3751.839111328125
49_20220826 17,3414.228515625
49_20220826 18,3225.35986328125
49_20220826 19,3072.306884765625
49_20220826 20,2840.104248046875
49_20220826 21,2793.924560546875
49_20220826 22,2739.270751953125
49_20220826 23,2726.15576171875
49_20220827 00,2639.74267578125
49_20220827 01,2671.84521484375
49_20220827 02,2644.971923828125
49_20220827 03,2595.074951171875
49_20220827 04,2622.81787109375
49_20220827 05,2639.09033203125
49_20220827 06,2697.1181640625
49_20220827 07,2767.700439453125
49_20220827 08,2790.45654296875
49_20220827 09,2840.870361328125
49_20220827 10,2857.95068359375
49_20220827 11,3085.48876953125
49_20220827 12,3141.38720703125
49_20220827 13,3105.76611328125
49_20220827 14,3129.826904296875
49_20220827 15,3108.411865234375
49_20220827 16,3127.167236328125
49_20220827 17,3094.112548828125
49_20220827 18,2962.60400390625
49_20220827 19,2778.4580078125
49_20220827 20,2726.85498046875
49_20220827 21,2652.17724609375
49_20220827 22,2544.695556640625
49_20220827 23,2505.894287109375
49_20220828 00,2478.140869140625
49_20220828 01,2449.326904296875
49_20220828 02,2444.689453125
49_20220828 03,2439.40283203125
49_20220828 04,2465.16650390625
49_20220828 05,2505.53125
49_20220828 06,2560.38037109375
49_20220828 07,2582.4619140625
49_20220828 08,2660.513427734375
49_20220828 09,2754.237060546875
49_20220828 10,2775.76904296875
49_20220828 11,3003.76904296875
49_20220828 12,3100.494873046875
49_20220828 13,3130.415771484375
49_20220828 14,3144.720458984375
49_20220828 15,3144.372802734375
49_20220828 16,3180.41455078125
49_20220828 17,3107.01513671875
49_20220828 18,3072.42041015625
49_20220828 19,2953.99853515625
49_20220828 20,2860.971435546875
49_20220828 21,2766.07275390625
49_20220828 22,2722.76611328125
49_20220828 23,2650.181884765625
49_20220829 00,2643.14013671875
49_20220829 01,2616.64990234375
49_20220829 02,2582.59130859375
49_20220829 03,2463.06591796875
49_20220829 04,2464.611328125
49_20220829 05,2544.130126953125
49_20220829 06,2631.20703125
49_20220829 07,2893.779541015625
49_20220829 08,3445.451171875
49_20220829 09,3646.36572265625
49_20220829 10,3694.233642578125
49_20220829 11,3694.326171875
49_20220829 12,3596.95947265625
49_20220829 13,3650.87060546875
49_20220829 14,3683.66357421875
49_20220829 15,3673.922607421875
49_20220829 16,3686.418701171875
49_20220829 17,3414.16357421875
49_20220829 18,3089.05322265625
49_20220829 19,2920.052978515625
49_20220829 20,2777.14404296875
49_20220829 21,2734.525634765625
49_20220829 22,2697.50830078125
49_20220829 23,2674.63623046875
49_20220830 00,2648.07666015625
49_20220830 01,2631.85107421875
49_20220830 02,2651.338134765625
49_20220830 03,2635.67431640625
49_20220830 04,2693.126953125
49_20220830 05,2715.146728515625
49_20220830 06,2807.031494140625
49_20220830 07,3068.04345703125
49_20220830 08,3604.89794921875
49_20220830 09,3763.49853515625
49_20220830 10,3827.891845703125
49_20220830 11,3828.06005859375
49_20220830 12,3737.36083984375
49_20220830 13,3766.100830078125
49_20220830 14,3833.00927734375
49_20220830 15,3811.6953125
49_20220830 16,3810.678955078125
49_20220830 17,3628.508544921875
49_20220830 18,3348.17431640625
49_20220830 19,3288.764892578125
49_20220830 20,3035.307861328125
49_20220830 21,2949.857177734375
49_20220830 22,2908.24072265625
49_20220830 23,2882.4228515625
49_20220831 00,2791.809326171875
49_20220831 01,2731.285888671875
49_20220831 02,2731.909423828125
49_20220831 03,2705.03662109375
49_20220831 04,2743.58544921875
49_20220831 05,2741.73681640625
49_20220831 06,2782.4453125
49_20220831 07,3017.381591796875
49_20220831 08,3571.45654296875
49_20220831 09,3741.893798828125
49_20220831 10,3845.05517578125
49_20220831 11,3825.890625
49_20220831 12,3696.311279296875
49_20220831 13,3684.49609375
49_20220831 14,3718.400390625
49_20220831 15,3670.61865234375
49_20220831 16,3644.129638671875
49_20220831 17,3352.647216796875
49_20220831 18,3157.66552734375
49_20220831 19,2920.29736328125
49_20220831 20,2779.220458984375
49_20220831 21,2753.671630859375
49_20220831 22,2715.87255859375
49_20220831 23,2689.267333984375
50_20220825 00,2569.396240234375
50_20220825 01,2509.900634765625
50_20220825 02,2513.27392578125
50_20220825 03,2482.54345703125
50_20220825 04,2561.944580078125
50_20220825 05,2728.7880859375
50_20220825 06,2928.536865234375
50_20220825 07,3198.826416015625
50_20220825 08,3477.99560546875
50_20220825 09,3518.768310546875
50_20220825 10,3572.63671875
50_20220825 11,3715.506591796875
50_20220825 12,3675.72265625
50_20220825 13,3639.90771484375
50_20220825 14,3736.502685546875
50_20220825 15,3716.340576171875
50_20220825 16,3731.65625
50_20220825 17,3405.242919921875
50_20220825 18,3157.75927734375
50_20220825 19,2973.797607421875
50_20220825 20,2833.93115234375
50_20220825 21,2739.0322265625
50_20220825 22,2704.730712890625
50_20220825 23,2678.684814453125
50_20220826 00,2661.665771484375
50_20220826 01,2646.521728515625
50_20220826 02,2649.14501953125
50_20220826 03,2653.09716796875
50_20220826 04,2634.4658203125
50_20220826 05,2777.73486328125
50_20220826 06,2998.93212890625
50_20220826 07,3272.965576171875
50_20220826 08,3514.806640625
50_20220826 09,3544.55859375
50_20220826 10,3558.83935546875
50_20220826 11,3561.90478515625
50_20220826 12,3624.373046875
50_20220826 13,3641.510986328125
50_20220826 14,3663.071533203125
50_20220826 15,3696.91748046875
50_20220826 16,3688.653076171875
50_20220826 17,3455.620361328125
50_20220826 18,3098.29541015625
50_20220826 19,2951.180419921875
50_20220826 20,2860.67138671875
50_20220826 21,2756.69482421875
50_20220826 22,2729.66796875
50_20220826 23,2589.861083984375
50_20220827 00,2594.971923828125
50_20220827 01,2614.665283203125
50_20220827 02,2620.5068359375
50_20220827 03,2518.322021484375
50_20220827 04,2597.29345703125
50_20220827 05,2717.729736328125
50_20220827 06,2910.896240234375
50_20220827 07,3085.227294921875
50_20220827 08,3259.61181640625
50_20220827 09,3265.646728515625
50_20220827 10,3282.97216796875
50_20220827 11,3263.11474609375
50_20220827 12,3127.9423828125
50_20220827 13,3066.27001953125
50_20220827 14,3058.489013671875
50_20220827 15,3059.140625
50_20220827 16,2985.92041015625
50_20220827 17,2980.106689453125
50_20220827 18,2849.365966796875
50_20220827 19,2717.540283203125
50_20220827 20,2676.109375
50_20220827 21,2609.83935546875
50_20220827 22,2487.31396484375
50_20220827 23,2447.74560546875
50_20220828 00,2409.74951171875
50_20220828 01,2404.172119140625
50_20220828 02,2399.75244140625
50_20220828 03,2379.572998046875
50_20220828 04,2389.502197265625
50_20220828 05,2474.3662109375
50_20220828 06,2534.4599609375
50_20220828 07,2642.757568359375
50_20220828 08,2714.152587890625
50_20220828 09,2787.3125
50_20220828 10,2893.2109375
50_20220828 11,2878.02734375
50_20220828 12,2883.725830078125
50_20220828 13,2890.41845703125
50_20220828 14,2919.697021484375
50_20220828 15,2938.216796875
50_20220828 16,2866.728759765625
50_20220828 17,2834.473388671875
50_20220828 18,2806.201171875
50_20220828 19,2726.798095703125
50_20220828 20,2677.7626953125
50_20220828 21,2619.006591796875
50_20220828 22,2600.02685546875
50_20220828 23,2577.173095703125
50_20220829 00,2463.97802734375
50_20220829 01,2428.16064453125
50_20220829 02,2418.59228515625
50_20220829 03,2419.14208984375
50_20220829 04,2439.5244140625
50_20220829 05,2612.42236328125
50_20220829 06,2830.05615234375
50_20220829 07,3156.74853515625
50_20220829 08,3423.50927734375
50_20220829 09,3470.68896484375
50_20220829 10,3522.307861328125
50_20220829 11,3541.37744140625
50_20220829 12,3515.987548828125
50_20220829 13,3555.770751953125
50_20220829 14,3516.078857421875
50_20220829 15,3551.974609375
50_20220829 16,3513.39794921875
50_20220829 17,3241.640625
50_20220829 18,3037.1171875
50_20220829 19,2896.8330078125
50_20220829 20,2827.40673828125
50_20220829 21,2733.46044921875
50_20220829 22,2697.12060546875
50_20220829 23,2666.47900390625
50_20220830 00,2636.54931640625
50_20220830 01,2609.29150390625
50_20220830 02,2608.62548828125
50_20220830 03,2550.712646484375
50_20220830 04,2574.35107421875
50_20220830 05,2817.365966796875
50_20220830 06,2992.96435546875
50_20220830 07,3275.58837890625
50_20220830 08,3485.36328125
50_20220830 09,3501.10107421875
50_20220830 10,3528.90673828125
50_20220830 11,3548.680908203125
50_20220830 12,3546.66357421875
50_20220830 13,3507.453125
50_20220830 14,3493.735107421875
50_20220830 15,3503.494140625
50_20220830 16,3495.346435546875
50_20220830 17,3261.056640625
50_20220830 18,2993.239501953125
50_20220830 19,2870.024169921875
50_20220830 20,2796.471435546875
50_20220830 21,2736.05615234375
50_20220830 22,2694.566162109375
50_20220830 23,2662.775390625
50_20220831 00,2651.89990234375
50_20220831 01,2645.73876953125
50_20220831 02,2654.67041015625
50_20220831 03,2659.30859375
50_20220831 04,2678.51171875
50_20220831 05,2826.647705078125
50_20220831 06,3089.78857421875
50_20220831 07,3334.289794921875
50_20220831 08,3573.46337890625
50_20220831 09,3586.31640625
50_20220831 10,3609.748046875
50_20220831 11,3607.97802734375
50_20220831 12,3575.19921875
50_20220831 13,3547.853515625
50_20220831 14,3592.745361328125
50_20220831 15,3562.481689453125
50_20220831 16,3566.33203125
50_20220831 17,3298.327392578125
50_20220831 18,3054.072021484375
50_20220831 19,2898.635986328125
50_20220831 20,2817.873046875
50_20220831 21,2714.432861328125
50_20220831 22,2666.740234375
50_20220831 23,2636.786376953125
51_20220825 00,2119.509765625
51_20220825 01,2013.895263671875
51_20220825 02,1987.4105224609375
51_20220825 03,1964.338134765625
51_20220825 04,1988.3798828125
51_20220825 05,2105.42578125
51_20220825 06,2544.62939453125
51_20220825 07,2778.23388671875
51_20220825 08,3241.711669921875
51_20220825 09,3288.39453125
51_20220825 10,3382.7421875
51_20220825 11,3486.81884765625
51_20220825 12,3437.16650390625
51_20220825 13,3460.08984375
51_20220825 14,3454.67724609375
51_20220825 15,3468.557373046875
51_20220825 16,3417.707763671875
51_20220825 17,3020.180419921875
51_20220825 18,2679.268310546875
51_20220825 19,2508.54296875
51_20220825 20,2439.383544921875
51_20220825 21,2406.339111328125
51_20220825 22,2334.085693359375
51_20220825 23,2252.16796875
51_20220826 00,2113.280517578125
51_20220826 01,2067.10498046875
51_20220826 02,1980.4730224609375
51_20220826 03,1988.6298828125
51_20220826 04,2028.619384765625
51_20220826 05,2117.219970703125
51_20220826 06,2550.044677734375
51_20220826 07,2807.34814453125
51_20220826 08,3222.1953125
51_20220826 09,3372.16748046875
51_20220826 10,3393.251953125
51_20220826 11,3379.210205078125
51_20220826 12,3369.612548828125
51_20220826 13,3448.18310546875
51_20220826 14,3453.735595703125
51_20220826 15,3457.481689453125
51_20220826 16,3345.291748046875
51_20220826 17,2950.068359375
51_20220826 18,2632.86865234375
51_20220826 19,2484.946044921875
51_20220826 20,2412.73583984375
51_20220826 21,2357.1611328125
51_20220826 22,2253.857177734375
51_20220826 23,2148.08447265625
51_20220827 00,2102.414794921875
51_20220827 01,2048.8583984375
51_20220827 02,2023.9359130859375
51_20220827 03,1998.925537109375
51_20220827 04,1999.255859375
51_20220827 05,2014.9183349609375
51_20220827 06,2130.75732421875
51_20220827 07,2228.059326171875
51_20220827 08,2340.438720703125
51_20220827 09,2429.59033203125
51_20220827 10,2527.58251953125
51_20220827 11,2563.83349609375
51_20220827 12,2524.34130859375
51_20220827 13,2518.76904296875
51_20220827 14,2629.2099609375
51_20220827 15,2631.758056640625
51_20220827 16,2586.518798828125
51_20220827 17,2536.91259765625
51_20220827 18,2386.915283203125
51_20220827 19,2267.616455078125
51_20220827 20,2189.913330078125
51_20220827 21,2184.99365234375
51_20220827 22,2085.118896484375
51_20220827 23,1852.140625
51_20220828 00,1817.0150146484375
51_20220828 01,1800.4183349609375
51_20220828 02,1807.1195068359375
51_20220828 03,1814.6851806640625
51_20220828 04,1820.228759765625
51_20220828 05,1855.971435546875
51_20220828 06,1968.876220703125
51_20220828 07,2049.21923828125
51_20220828 08,2227.631591796875
51_20220828 09,2277.5498046875
51_20220828 10,2399.93310546875
51_20220828 11,2467.07421875
51_20220828 12,2494.18115234375
51_20220828 13,2476.17236328125
51_20220828 14,2479.70654296875
51_20220828 15,2485.44482421875
51_20220828 16,2460.23974609375
51_20220828 17,2414.16259765625
51_20220828 18,2408.36572265625
51_20220828 19,2280.24853515625
51_20220828 20,2164.090576171875
51_20220828 21,2180.02490234375
51_20220828 22,2073.3701171875
51_20220828 23,1834.808349609375
51_20220829 00,1808.983642578125
51_20220829 01,1782.265380859375
51_20220829 02,1768.345947265625
51_20220829 03,1785.1666259765625
51_20220829 04,1815.8450927734375
51_20220829 05,1941.177490234375
51_20220829 06,2331.60791015625
51_20220829 07,2632.31787109375
51_20220829 08,3186.17822265625
51_20220829 09,3276.09326171875
51_20220829 10,3294.091064453125
51_20220829 11,3321.288330078125
51_20220829 12,3371.07958984375
51_20220829 13,3379.82568359375
51_20220829 14,3320.946533203125
51_20220829 15,3337.309326171875
51_20220829 16,3188.38818359375
51_20220829 17,2859.6982421875
51_20220829 18,2525.9013671875
51_20220829 19,2393.301513671875
51_20220829 20,2262.15283203125
51_20220829 21,2250.26904296875
51_20220829 22,2147.859130859375
51_20220829 23,2100.88134765625
51_20220830 00,2040.832763671875
51_20220830 01,2010.976318359375
51_20220830 02,1980.026123046875
51_20220830 03,1865.8336181640625
51_20220830 04,1861.157470703125
51_20220830 05,1961.6051025390625
51_20220830 06,2423.831787109375
51_20220830 07,2717.696044921875
51_20220830 08,3232.8828125
51_20220830 09,3282.309326171875
51_20220830 10,3307.845703125
51_20220830 11,3308.92919921875
51_20220830 12,3253.81689453125
51_20220830 13,3217.220947265625
51_20220830 14,3214.431640625
51_20220830 15,3201.56201171875
51_20220830 16,3160.52587890625
51_20220830 17,2865.8603515625
51_20220830 18,2435.219482421875
51_20220830 19,2372.05810546875
51_20220830 20,2338.60400390625
51_20220830 21,2311.220703125
51_20220830 22,2230.59326171875
51_20220830 23,2170.810791015625
51_20220831 00,2117.68701171875
51_20220831 01,2078.05322265625
51_20220831 02,2065.41943359375
51_20220831 03,2072.031982421875
51_20220831 04,2081.38623046875
51_20220831 05,2183.69384765625
51_20220831 06,2639.06103515625
51_20220831 07,2774.44873046875
51_20220831 08,3229.510986328125
51_20220831 09,3284.793701171875
51_20220831 10,3278.192138671875
51_20220831 11,3284.65478515625
51_20220831 12,3220.08935546875
51_20220831 13,3201.695068359375
51_20220831 14,3201.46142578125
51_20220831 15,3208.09228515625
51_20220831 16,3173.4716796875
51_20220831 17,2836.34814453125
51_20220831 18,2522.94140625
51_20220831 19,2394.838623046875
51_20220831 20,2296.78466796875
51_20220831 21,2259.41796875
51_20220831 22,2149.959228515625
51_20220831 23,2074.953125
52_20220825 00,1620.6885986328125
52_20220825 01,1610.1019287109375
52_20220825 02,1591.0550537109375
52_20220825 03,1600.80078125
52_20220825 04,1625.18603515625
52_20220825 05,1562.4736328125
52_20220825 06,1813.284912109375
52_20220825 07,2433.66259765625
52_20220825 08,2891.35693359375
52_20220825 09,2945.33935546875
52_20220825 10,2971.99462890625
52_20220825 11,2986.818603515625
52_20220825 12,2972.397216796875
52_20220825 13,3012.09326171875
52_20220825 14,3053.380859375
52_20220825 15,3068.52783203125
52_20220825 16,3036.677978515625
52_20220825 17,2806.62939453125
52_20220825 18,2342.019775390625
52_20220825 19,2064.23486328125
52_20220825 20,1936.4605712890625
52_20220825 21,1790.045166015625
52_20220825 22,1728.8941650390625
52_20220825 23,1665.631591796875
52_20220826 00,1617.9326171875
52_20220826 01,1625.5477294921875
52_20220826 02,1635.8917236328125
52_20220826 03,1663.673583984375
52_20220826 04,1686.5404052734375
52_20220826 05,1813.7431640625
52_20220826 06,2067.503173828125
52_20220826 07,2550.37841796875
52_20220826 08,2955.90771484375
52_20220826 09,3023.03125
52_20220826 10,3050.677490234375
52_20220826 11,3041.83154296875
52_20220826 12,2971.789306640625
52_20220826 13,2991.0576171875
52_20220826 14,3005.35888671875
52_20220826 15,3005.64892578125
52_20220826 16,2974.58251953125
52_20220826 17,2741.89208984375
52_20220826 18,2319.069580078125
52_20220826 19,2010.597412109375
52_20220826 20,1849.604248046875
52_20220826 21,1782.694091796875
52_20220826 22,1709.9625244140625
52_20220826 23,1663.819580078125
52_20220827 00,1602.6317138671875
52_20220827 01,1604.6064453125
52_20220827 02,1602.00634765625
52_20220827 03,1598.3973388671875
52_20220827 04,1633.57958984375
52_20220827 05,1700.2457275390625
52_20220827 06,1813.9722900390625
52_20220827 07,1821.4361572265625
52_20220827 08,1916.068603515625
52_20220827 09,2078.099853515625
52_20220827 10,2074.648193359375
52_20220827 11,2045.4189453125
52_20220827 12,2087.27197265625
52_20220827 13,2072.13623046875
52_20220827 14,2097.74951171875
52_20220827 15,2098.78173828125
52_20220827 16,2101.85546875
52_20220827 17,2002.6363525390625
52_20220827 18,1938.4078369140625
52_20220827 19,1793.740234375
52_20220827 20,1759.060546875
52_20220827 21,1615.2666015625
52_20220827 22,1558.9173583984375
52_20220827 23,1457.743896484375
52_20220828 00,1436.8629150390625
52_20220828 01,1404.968994140625
52_20220828 02,1379.3697509765625
52_20220828 03,1292.436279296875
52_20220828 04,1327.158203125
52_20220828 05,1381.9964599609375
52_20220828 06,1427.3780517578125
52_20220828 07,1478.771240234375
52_20220828 08,1617.4205322265625
52_20220828 09,1878.5335693359375
52_20220828 10,1899.773193359375
52_20220828 11,1848.4212646484375
52_20220828 12,1883.2652587890625
52_20220828 13,1864.5162353515625
52_20220828 14,1874.5814208984375
52_20220828 15,1889.599853515625
52_20220828 16,1940.7021484375
52_20220828 17,1846.930908203125
52_20220828 18,1845.850830078125
52_20220828 19,1807.7203369140625
52_20220828 20,1781.686279296875
52_20220828 21,1634.6060791015625
52_20220828 22,1609.3687744140625
52_20220828 23,1580.111083984375
52_20220829 00,1570.291015625
52_20220829 01,1561.3892822265625
52_20220829 02,1506.3447265625
52_20220829 03,1380.5606689453125
52_20220829 04,1540.7601318359375
52_20220829 05,1684.296142578125
52_20220829 06,1775.6090087890625
52_20220829 07,2364.02197265625
52_20220829 08,2839.63916015625
52_20220829 09,2955.73974609375
52_20220829 10,2943.52978515625
52_20220829 11,2918.37548828125
52_20220829 12,2854.36376953125
52_20220829 13,2895.76025390625
52_20220829 14,2952.3134765625
52_20220829 15,2984.004150390625
52_20220829 16,2944.838623046875
52_20220829 17,2739.53564453125
52_20220829 18,2319.71728515625
52_20220829 19,2075.49072265625
52_20220829 20,1924.787109375
52_20220829 21,1787.5404052734375
52_20220829 22,1713.58984375
52_20220829 23,1669.7037353515625
52_20220830 00,1637.501220703125
52_20220830 01,1609.468994140625
52_20220830 02,1593.6961669921875
52_20220830 03,1595.165283203125
52_20220830 04,1638.0538330078125
52_20220830 05,1765.594970703125
52_20220830 06,2024.989990234375
52_20220830 07,2517.934326171875
52_20220830 08,2992.612060546875
52_20220830 09,3064.83935546875
52_20220830 10,3111.710693359375
52_20220830 11,3143.81005859375
52_20220830 12,3127.06201171875
52_20220830 13,3191.651611328125
52_20220830 14,3220.379150390625
52_20220830 15,3215.6650390625
52_20220830 16,3046.3017578125
52_20220830 17,2839.336181640625
52_20220830 18,2426.94775390625
52_20220830 19,2153.74755859375
52_20220830 20,1953.6138916015625
52_20220830 21,1889.831298828125
52_20220830 22,1794.318603515625
52_20220830 23,1771.9036865234375
52_20220831 00,1662.5325927734375
52_20220831 01,1723.451171875
52_20220831 02,1734.1002197265625
52_20220831 03,1713.0103759765625
52_20220831 04,1721.72265625
52_20220831 05,1863.706298828125
52_20220831 06,2183.479248046875
52_20220831 07,2575.401611328125
52_20220831 08,2979.27587890625
52_20220831 09,3091.17529296875
52_20220831 10,3070.711669921875
52_20220831 11,3052.70849609375
52_20220831 12,2981.53955078125
52_20220831 13,2999.247802734375
52_20220831 14,3032.2001953125
52_20220831 15,3032.632080078125
52_20220831 16,2996.662109375
52_20220831 17,2740.608642578125
52_20220831 18,2308.481201171875
52_20220831 19,2009.1240234375
52_20220831 20,1860.6156005859375
52_20220831 21,1779.9976806640625
52_20220831 22,1682.323974609375
52_20220831 23,1656.044189453125
53_20220825 00,1185.41015625
53_20220825 01,1071.306396484375
53_20220825 02,1067.9403076171875
53_20220825 03,1098.570068359375
53_20220825 04,1632.0814208984375
53_20220825 05,2514.52734375
53_20220825 06,2893.61865234375
53_20220825 07,3203.5380859375
53_20220825 08,3325.012451171875
53_20220825 09,3360.25439453125
53_20220825 10,3362.73828125
53_20220825 11,3358.245361328125
53_20220825 12,3297.672607421875
53_20220825 13,3354.06494140625
53_20220825 14,3361.658935546875
53_20220825 15,3311.24169921875
53_20220825 16,3247.233642578125
53_20220825 17,3102.927734375
53_20220825 18,2805.57421875
53_20220825 19,1642.8773193359375
53_20220825 20,1389.0269775390625
53_20220825 21,1208.760498046875
53_20220825 22,1129.40380859375
53_20220825 23,1142.171630859375
53_20220826 00,1137.0341796875
53_20220826 01,1143.031982421875
53_20220826 02,1142.7723388671875
53_20220826 03,1186.2391357421875
53_20220826 04,1539.2467041015625
53_20220826 05,2472.32080078125
53_20220826 06,2872.99169921875
53_20220826 07,3189.203125
53_20220826 08,3315.725341796875
53_20220826 09,3356.873046875
53_20220826 10,3359.64306640625
53_20220826 11,3354.80322265625
53_20220826 12,3288.340576171875
53_20220826 13,3359.27197265625
53_20220826 14,3359.89794921875
53_20220826 15,3335.662841796875
53_20220826 16,3284.973876953125
53_20220826 17,3157.35595703125
53_20220826 18,2859.884765625
53_20220826 19,1783.9573974609375
53_20220826 20,1477.147705078125
53_20220826 21,1251.817626953125
53_20220826 22,1188.11669921875
53_20220826 23,1048.125
53_20220827 00,961.73828125
53_20220827 01,963.5491333007812
53_20220827 02,1032.5504150390625
53_20220827 03,1000.3469848632812
53_20220827 04,1025.7264404296875
53_20220827 05,1056.16650390625
53_20220827 06,1130.379638671875
53_20220827 07,1137.847900390625
53_20220827 08,1145.139404296875
53_20220827 09,1156.287109375
53_20220827 10,1175.1983642578125
53_20220827 11,1165.8284912109375
53_20220827 12,1114.9212646484375
53_20220827 13,1113.288818359375
53_20220827 14,1117.7349853515625
53_20220827 15,1111.1669921875
53_20220827 16,1100.072998046875
53_20220827 17,1055.8382568359375
53_20220827 18,1039.267333984375
53_20220827 19,989.93212890625
53_20220827 20,986.0452270507812
53_20220827 21,981.6184692382812
53_20220827 22,1000.0778198242188
53_20220827 23,1009.8621215820312
53_20220828 00,969.0435791015625
53_20220828 01,964.90234375
53_20220828 02,967.53955078125
53_20220828 03,979.5157470703125
53_20220828 04,1031.1146240234375
53_20220828 05,1119.6566162109375
53_20220828 06,1129.4534912109375
53_20220828 07,1131.1663818359375
53_20220828 08,1139.849365234375
53_20220828 09,1151.5306396484375
53_20220828 10,1152.38134765625
53_20220828 11,1159.5980224609375
53_20220828 12,1042.1314697265625
53_20220828 13,1050.81201171875
53_20220828 14,1037.94091796875
53_20220828 15,1038.404541015625
53_20220828 16,1066.259033203125
53_20220828 17,1041.89306640625
53_20220828 18,1035.975341796875
53_20220828 19,1015.4734497070312
53_20220828 20,1064.156494140625
53_20220828 21,1128.796142578125
53_20220828 22,1221.51318359375
53_20220828 23,1318.2415771484375
53_20220829 00,1425.999755859375
53_20220829 01,1431.011962890625
53_20220829 02,1433.1805419921875
53_20220829 03,1466.4163818359375
53_20220829 04,1762.330078125
53_20220829 05,2499.682861328125
53_20220829 06,2891.326904296875
53_20220829 07,3233.96484375
53_20220829 08,3377.856201171875
53_20220829 09,3418.96533203125
53_20220829 10,3419.28466796875
53_20220829 11,3410.98681640625
53_20220829 12,3334.813720703125
53_20220829 13,3400.594970703125
53_20220829 14,3402.254638671875
53_20220829 15,3365.98974609375
53_20220829 16,3294.100341796875
53_20220829 17,3137.195068359375
53_20220829 18,2794.1591796875
53_20220829 19,1581.0196533203125
53_20220829 20,1334.001220703125
53_20220829 21,1225.029052734375
53_20220829 22,1155.114013671875
53_20220829 23,1159.937744140625
53_20220830 00,1145.19873046875
53_20220830 01,1129.689208984375
53_20220830 02,1126.7095947265625
53_20220830 03,1159.7310791015625
53_20220830 04,1541.0111083984375
53_20220830 05,2495.9560546875
53_20220830 06,2899.626708984375
53_20220830 07,3230.81640625
53_20220830 08,3372.397705078125
53_20220830 09,3414.27197265625
53_20220830 10,3416.331298828125
53_20220830 11,3411.30615234375
53_20220830 12,3337.98291015625
53_20220830 13,3407.053466796875
53_20220830 14,3411.289794921875
53_20220830 15,3375.985107421875
53_20220830 16,3303.752685546875
53_20220830 17,3155.24365234375
53_20220830 18,2826.0390625
53_20220830 19,1860.375732421875
53_20220830 20,1500.3751220703125
53_20220830 21,1260.8951416015625
53_20220830 22,1196.06982421875
53_20220830 23,1187.822021484375
53_20220831 00,1187.33544921875
53_20220831 01,1184.901123046875
53_20220831 02,1125.9014892578125
53_20220831 03,1173.3756103515625
53_20220831 04,1553.40185546875
53_20220831 05,2494.10205078125
53_20220831 06,2880.83056640625
53_20220831 07,3177.489501953125
53_20220831 08,3313.186767578125
53_20220831 09,3353.817138671875
53_20220831 10,3354.62890625
53_20220831 11,3348.509033203125
53_20220831 12,3276.80322265625
53_20220831 13,3342.057861328125
53_20220831 14,3345.039794921875
53_20220831 15,3308.369873046875
53_20220831 16,3250.316162109375
53_20220831 17,3139.71435546875
53_20220831 18,2837.421142578125
53_20220831 19,1768.6234130859375
53_20220831 20,1433.212158203125
53_20220831 21,1199.7745361328125
53_20220831 22,1124.340576171875
53_20220831 23,1130.2054443359375
54_20220825 00,913.83935546875
54_20220825 01,753.3900146484375
54_20220825 02,668.0816040039062
54_20220825 03,728.1570434570312
54_20220825 04,714.01513671875
54_20220825 05,1255.973388671875
54_20220825 06,1617.5301513671875
54_20220825 07,1919.8912353515625
54_20220825 08,1879.3499755859375
54_20220825 09,2331.26513671875
54_20220825 10,2843.1474609375
54_20220825 11,3117.811279296875
54_20220825 12,3321.19580078125
54_20220825 13,3339.70556640625
54_20220825 14,3343.020751953125
54_20220825 15,3380.694091796875
54_20220825 16,3404.547607421875
54_20220825 17,3391.06103515625
54_20220825 18,3166.358154296875
54_20220825 19,3133.14111328125
54_20220825 20,2403.33251953125
54_20220825 21,1082.841064453125
54_20220825 22,921.0357666015625
54_20220825 23,918.4020385742188
54_20220826 00,871.609375
54_20220826 01,734.8585205078125
54_20220826 02,729.3800659179688
54_20220826 03,716.2783813476562
54_20220826 04,644.819580078125
54_20220826 05,1123.027587890625
54_20220826 06,1788.0892333984375
54_20220826 07,2165.006591796875
54_20220826 08,2250.23828125
54_20220826 09,2404.971435546875
54_20220826 10,2849.099853515625
54_20220826 11,3161.95947265625
54_20220826 12,3310.49072265625
54_20220826 13,3335.28076171875
54_20220826 14,3297.99072265625
54_20220826 15,3272.03564453125
54_20220826 16,3181.344482421875
54_20220826 17,3103.444091796875
54_20220826 18,3099.36669921875
54_20220826 19,2871.218505859375
54_20220826 20,2203.91845703125
54_20220826 21,1061.5308837890625
54_20220826 22,926.9500732421875
54_20220826 23,939.10107421875
54_20220827 00,839.5777587890625
54_20220827 01,687.6499633789062
54_20220827 02,688.2831420898438
54_20220827 03,603.4876708984375
54_20220827 04,580.2745361328125
54_20220827 05,1283.127197265625
54_20220827 06,1784.8443603515625
54_20220827 07,2099.950439453125
54_20220827 08,1999.873046875
54_20220827 09,2055.444580078125
54_20220827 10,2777.272705078125
54_20220827 11,2947.77783203125
54_20220827 12,3033.888916015625
54_20220827 13,3164.21923828125
54_20220827 14,3260.82275390625
54_20220827 15,3254.675537109375
54_20220827 16,3126.75146484375
54_20220827 17,3215.22705078125
54_20220827 18,3195.311767578125
54_20220827 19,2979.5859375
54_20220827 20,2330.671875
54_20220827 21,1041.729736328125
54_20220827 22,1010.4089965820312
54_20220827 23,1036.96533203125
54_20220828 00,865.9775390625
54_20220828 01,600.4450073242188
54_20220828 02,558.9611206054688
54_20220828 03,637.1939697265625
54_20220828 04,649.9225463867188
54_20220828 05,1268.772216796875
54_20220828 06,1640.0693359375
54_20220828 07,1751.5843505859375
54_20220828 08,2076.04345703125
54_20220828 09,2061.18896484375
54_20220828 10,2381.9140625
54_20220828 11,2849.60302734375
54_20220828 12,2882.81396484375
54_20220828 13,2893.77880859375
54_20220828 14,2922.013671875
54_20220828 15,2918.775146484375
54_20220828 16,2760.029052734375
54_20220828 17,2745.4287109375
54_20220828 18,2789.397705078125
54_20220828 19,2618.5048828125
54_20220828 20,1959.858154296875
54_20220828 21,1042.704833984375
54_20220828 22,960.5192260742188
54_20220828 23,963.02099609375
54_20220829 00,801.8472900390625
54_20220829 01,679.022216796875
54_20220829 02,652.9769287109375
54_20220829 03,635.3226318359375
54_20220829 04,668.834716796875
54_20220829 05,996.6292724609375
54_20220829 06,1175.537841796875
54_20220829 07,1163.906494140625
54_20220829 08,1325.48876953125
54_20220829 09,1544.2086181640625
54_20220829 10,1593.1796875
54_20220829 11,1571.412109375
54_20220829 12,1572.6373291015625
54_20220829 13,1656.711181640625
54_20220829 14,1637.286376953125
54_20220829 15,1606.492919921875
54_20220829 16,1617.9383544921875
54_20220829 17,1575.1927490234375
54_20220829 18,1550.264404296875
54_20220829 19,1557.6962890625
54_20220829 20,1297.4927978515625
54_20220829 21,934.1116333007812
54_20220829 22,926.7532348632812
54_20220829 23,938.7017822265625
54_20220830 00,827.0218505859375
54_20220830 01,664.3309326171875
54_20220830 02,687.49853515625
54_20220830 03,616.631103515625
54_20220830 04,712.287353515625
54_20220830 05,1251.998779296875
54_20220830 06,1761.562744140625
54_20220830 07,2119.74365234375
54_20220830 08,2464.050048828125
54_20220830 09,2508.064697265625
54_20220830 10,2933.88916015625
54_20220830 11,3253.52490234375
54_20220830 12,3283.759765625
54_20220830 13,3285.84228515625
54_20220830 14,3208.37158203125
54_20220830 15,3299.1796875
54_20220830 16,3340.736328125
54_20220830 17,3219.355712890625
54_20220830 18,3137.40380859375
54_20220830 19,3019.114013671875
54_20220830 20,2126.60009765625
54_20220830 21,1048.2073974609375
54_20220830 22,957.0721435546875
54_20220830 23,943.5303955078125
54_20220831 00,804.9514770507812
54_20220831 01,714.3176879882812
54_20220831 02,710.6421508789062
54_20220831 03,713.8427124023438
54_20220831 04,716.2080688476562
54_20220831 05,1078.102783203125
54_20220831 06,1653.1302490234375
54_20220831 07,2116.391357421875
54_20220831 08,2322.021484375
54_20220831 09,2329.444580078125
54_20220831 10,2772.474365234375
54_20220831 11,3064.98095703125
54_20220831 12,3182.710205078125
54_20220831 13,3183.665771484375
54_20220831 14,3170.15087890625
54_20220831 15,3173.06396484375
54_20220831 16,3160.5029296875
54_20220831 17,3001.125244140625
54_20220831 18,2950.416748046875
54_20220831 19,2802.830078125
54_20220831 20,1971.5921630859375
54_20220831 21,1054.2574462890625
54_20220831 22,1034.2457275390625
54_20220831 23,1045.4066162109375
55_20220825 00,944.1624755859375
55_20220825 01,941.8577880859375
55_20220825 02,937.3942260742188
55_20220825 03,933.4189453125
55_20220825 04,940.88525390625
55_20220825 05,965.6431884765625
55_20220825 06,1033.750732421875
55_20220825 07,1075.322509765625
55_20220825 08,1108.977294921875
55_20220825 09,1119.3795166015625
55_20220825 10,1111.23046875
55_20220825 11,1106.6295166015625
55_20220825 12,1106.794677734375
55_20220825 13,1111.373291015625
55_20220825 14,1096.4564208984375
55_20220825 15,1101.0733642578125
55_20220825 16,1099.70703125
55_20220825 17,1098.832763671875
55_20220825 18,1042.2034912109375
55_20220825 19,981.4547119140625
55_20220825 20,962.8660888671875
55_20220825 21,962.6668090820312
55_20220825 22,952.5299072265625
55_20220825 23,945.2693481445312
55_20220826 00,940.8356323242188
55_20220826 01,935.6680908203125
55_20220826 02,932.0040893554688
55_20220826 03,932.5798950195312
55_20220826 04,938.5166015625
55_20220826 05,967.4187622070312
55_20220826 06,1015.5953979492188
55_20220826 07,1060.2628173828125
55_20220826 08,1104.75927734375
55_20220826 09,1096.4805908203125
55_20220826 10,1099.6202392578125
55_20220826 11,1092.576904296875
55_20220826 12,1099.027587890625
55_20220826 13,1092.1519775390625
55_20220826 14,1087.9066162109375
55_20220826 15,1084.3477783203125
55_20220826 16,1087.3907470703125
55_20220826 17,1090.902587890625
55_20220826 18,1032.2017822265625
55_20220826 19,980.666015625
55_20220826 20,965.7132568359375
55_20220826 21,958.7529296875
55_20220826 22,952.490234375
55_20220826 23,941.7291870117188
55_20220827 00,937.5261840820312
55_20220827 01,932.9894409179688
55_20220827 02,932.2902221679688
55_20220827 03,932.4031372070312
55_20220827 04,931.2911987304688
55_20220827 05,933.65625
55_20220827 06,945.6217041015625
55_20220827 07,946.2633056640625
55_20220827 08,968.26416015625
55_20220827 09,972.8671875
55_20220827 10,965.0364379882812
55_20220827 11,957.1082763671875
55_20220827 12,974.1785888671875
55_20220827 13,973.4220581054688
55_20220827 14,975.2369995117188
55_20220827 15,971.3367309570312
55_20220827 16,971.2164306640625
55_20220827 17,961.2936401367188
55_20220827 18,961.2376098632812
55_20220827 19,950.9783325195312
55_20220827 20,942.7175903320312
55_20220827 21,942.0016479492188
55_20220827 22,939.7073974609375
55_20220827 23,937.27783203125
55_20220828 00,931.5886840820312
55_20220828 01,930.6751708984375
55_20220828 02,930.9307861328125
55_20220828 03,933.0113525390625
55_20220828 04,929.9459228515625
55_20220828 05,928.1170654296875
55_20220828 06,931.2777099609375
55_20220828 07,932.3397216796875
55_20220828 08,933.5142822265625
55_20220828 09,936.66259765625
55_20220828 10,934.5684814453125
55_20220828 11,934.3601684570312
55_20220828 12,937.4141845703125
55_20220828 13,947.9982299804688
55_20220828 14,951.8195190429688
55_20220828 15,949.1452026367188
55_20220828 16,958.8421020507812
55_20220828 17,956.3778076171875
55_20220828 18,959.4051513671875
55_20220828 19,959.1119995117188
55_20220828 20,947.4093627929688
55_20220828 21,943.3790283203125
55_20220828 22,944.3880615234375
55_20220828 23,939.2047119140625
55_20220829 00,938.0929565429688
55_20220829 01,932.6417236328125
55_20220829 02,930.8845825195312
55_20220829 03,930.4146728515625
55_20220829 04,936.3884887695312
55_20220829 05,967.6726684570312
55_20220829 06,1014.5940551757812
55_20220829 07,1067.2445068359375
55_20220829 08,1113.6053466796875
55_20220829 09,1111.552490234375
55_20220829 10,1114.7783203125
55_20220829 11,1112.812744140625
55_20220829 12,1114.222412109375
55_20220829 13,1114.9986572265625
55_20220829 14,1096.7337646484375
55_20220829 15,1098.3092041015625
55_20220829 16,1096.505615234375
55_20220829 17,1093.836669921875
55_20220829 18,1052.6795654296875
55_20220829 19,989.69140625
55_20220829 20,973.4177856445312
55_20220829 21,962.6259765625
55_20220829 22,951.0621948242188
55_20220829 23,946.9035034179688
55_20220830 00,938.8406982421875
55_20220830 01,934.7691650390625
55_20220830 02,931.8029174804688
55_20220830 03,936.8045043945312
55_20220830 04,941.0377197265625
55_20220830 05,969.8323974609375
55_20220830 06,1046.2518310546875
55_20220830 07,1082.31640625
55_20220830 08,1113.056884765625
55_20220830 09,1123.774658203125
55_20220830 10,1119.931884765625
55_20220830 11,1125.671875
55_20220830 12,1128.681640625
55_20220830 13,1133.4906005859375
55_20220830 14,1120.9908447265625
55_20220830 15,1116.5054931640625
55_20220830 16,1123.02001953125
55_20220830 17,1123.33203125
55_20220830 18,1060.729736328125
55_20220830 19,998.7099609375
55_20220830 20,974.2685546875
55_20220830 21,966.7559814453125
55_20220830 22,959.7667236328125
55_20220830 23,948.2058715820312
55_20220831 00,941.7009887695312
55_20220831 01,935.6158447265625
55_20220831 02,935.8194580078125
55_20220831 03,940.025390625
55_20220831 04,940.0177001953125
55_20220831 05,968.7655029296875
55_20220831 06,1042.7552490234375
55_20220831 07,1078.457763671875
55_20220831 08,1125.2132568359375
55_20220831 09,1124.989013671875
55_20220831 10,1126.4427490234375
55_20220831 11,1121.215087890625
55_20220831 12,1123.3861083984375
55_20220831 13,1109.593994140625
55_20220831 14,1098.171875
55_20220831 15,1094.723876953125
55_20220831 16,1094.686767578125
55_20220831 17,1089.0999755859375
55_20220831 18,1046.3441162109375
55_20220831 19,985.9689331054688
55_20220831 20,966.8976440429688
55_20220831 21,958.2886962890625
55_20220831 22,953.6800537109375
55_20220831 23,945.22705078125
56_20220825 00,3899.697998046875
56_20220825 01,3894.07177734375
56_20220825 02,3903.99267578125
56_20220825 03,3915.43408203125
56_20220825 04,3903.317626953125
56_20220825 05,4020.969970703125
56_20220825 06,4155.8271484375
56_20220825 07,4268.5068359375
56_20220825 08,4367.6943359375
56_20220825 09,4378.53857421875
56_20220825 10,4427.162109375
56_20220825 11,4433.5986328125
56_20220825 12,4441.69873046875
56_20220825 13,4429.1826171875
56_20220825 14,4442.3955078125
56_20220825 15,4422.98779296875
56_20220825 16,4427.5927734375
56_20220825 17,4386.11474609375
56_20220825 18,4281.70654296875
56_20220825 19,4099.6298828125
56_20220825 20,4051.26025390625
56_20220825 21,3999.57421875
56_20220825 22,3933.522705078125
56_20220825 23,3909.76025390625
56_20220826 00,3892.301513671875
56_20220826 01,3880.201904296875
56_20220826 02,3890.224609375
56_20220826 03,3866.758544921875
56_20220826 04,3857.217529296875
56_20220826 05,4011.09033203125
56_20220826 06,4146.34228515625
56_20220826 07,4260.5673828125
56_20220826 08,4347.009765625
56_20220826 09,4370.2265625
56_20220826 10,4390.158203125
56_20220826 11,4414.19091796875
56_20220826 12,4405.8955078125
56_20220826 13,4392.51513671875
56_20220826 14,4413.0576171875
56_20220826 15,4397.08837890625
56_20220826 16,4395.16943359375
56_20220826 17,4381.6328125
56_20220826 18,4309.08837890625
56_20220826 19,4121.36669921875
56_20220826 20,4062.931640625
56_20220826 21,4010.84130859375
56_20220826 22,3951.074951171875
56_20220826 23,3933.79345703125
56_20220827 00,3926.064453125
56_20220827 01,3910.984375
56_20220827 02,3912.9765625
56_20220827 03,3906.85400390625
56_20220827 04,3912.81982421875
56_20220827 05,3946.856689453125
56_20220827 06,3970.47021484375
56_20220827 07,4011.524169921875
56_20220827 08,3972.699951171875
56_20220827 09,3995.274658203125
56_20220827 10,4018.786376953125
56_20220827 11,4036.490234375
56_20220827 12,3979.67431640625
56_20220827 13,3988.28466796875
56_20220827 14,4007.15771484375
56_20220827 15,4011.367919921875
56_20220827 16,4002.078857421875
56_20220827 17,3974.81298828125
56_20220827 18,3991.50390625
56_20220827 19,3945.89208984375
56_20220827 20,3913.19482421875
56_20220827 21,3894.602294921875
56_20220827 22,3890.89013671875
56_20220827 23,3887.94580078125
56_20220828 00,3869.69140625
56_20220828 01,3850.18408203125
56_20220828 02,3849.989013671875
56_20220828 03,3850.858154296875
56_20220828 04,3847.81689453125
56_20220828 05,3863.19384765625
56_20220828 06,3880.283935546875
56_20220828 07,3889.62890625
56_20220828 08,3904.041748046875
56_20220828 09,3927.89892578125
56_20220828 10,3956.68603515625
56_20220828 11,3980.387939453125
56_20220828 12,3999.432861328125
56_20220828 13,3902.451904296875
56_20220828 14,3976.19677734375
56_20220828 15,4041.14990234375
56_20220828 16,4025.10986328125
56_20220828 17,4022.92138671875
56_20220828 18,4020.026123046875
56_20220828 19,3963.673095703125
56_20220828 20,3930.26123046875
56_20220828 21,3926.145751953125
56_20220828 22,3911.48681640625
56_20220828 23,3901.05712890625
56_20220829 00,3887.27490234375
56_20220829 01,3868.27880859375
56_20220829 02,3876.35498046875
56_20220829 03,3871.028076171875
56_20220829 04,3873.73974609375
56_20220829 05,3993.864501953125
56_20220829 06,4129.7646484375
56_20220829 07,4233.91015625
56_20220829 08,4350.08056640625
56_20220829 09,4348.54443359375
56_20220829 10,4364.7763671875
56_20220829 11,4372.1865234375
56_20220829 12,4368.3427734375
56_20220829 13,4369.3037109375
56_20220829 14,4357.826171875
56_20220829 15,4351.19921875
56_20220829 16,4334.087890625
56_20220829 17,4343.72802734375
56_20220829 18,4262.8828125
56_20220829 19,4088.23974609375
56_20220829 20,4032.63134765625
56_20220829 21,3970.616455078125
56_20220829 22,3916.330078125
56_20220829 23,3904.31787109375
56_20220830 00,3876.540283203125
56_20220830 01,3863.23779296875
56_20220830 02,3859.490966796875
56_20220830 03,3868.173095703125
56_20220830 04,3874.87255859375
56_20220830 05,4009.64990234375
56_20220830 06,4155.53369140625
56_20220830 07,4258.0380859375
56_20220830 08,4336.07275390625
56_20220830 09,4347.322265625
56_20220830 10,4362.72509765625
56_20220830 11,4371.052734375
56_20220830 12,4374.6689453125
56_20220830 13,4384.5908203125
56_20220830 14,4375.4912109375
56_20220830 15,4369.63525390625
56_20220830 16,4362.7978515625
56_20220830 17,4358.7744140625
56_20220830 18,4265.55859375
56_20220830 19,4111.23779296875
56_20220830 20,4064.00146484375
56_20220830 21,4012.43359375
56_20220830 22,3970.201904296875
56_20220830 23,3953.552001953125
56_20220831 00,3937.625
56_20220831 01,3933.934326171875
56_20220831 02,3920.26806640625
56_20220831 03,3910.63720703125
56_20220831 04,3912.799560546875
56_20220831 05,4031.50146484375
56_20220831 06,4152.37353515625
56_20220831 07,4249.91943359375
56_20220831 08,4342.5986328125
56_20220831 09,4368.08837890625
56_20220831 10,4386.6220703125
56_20220831 11,4394.13330078125
56_20220831 12,4381.07958984375
56_20220831 13,4382.8740234375
56_20220831 14,4365.67724609375
56_20220831 15,4375.31982421875
56_20220831 16,4331.5859375
56_20220831 17,4359.05859375
56_20220831 18,4264.8740234375
56_20220831 19,4120.3466796875
56_20220831 20,4075.227294921875
56_20220831 21,4008.12646484375
56_20220831 22,3970.796875
56_20220831 23,3947.44189453125
57_20220825 00,1041.660400390625
57_20220825 01,963.4699096679688
57_20220825 02,827.5738525390625
57_20220825 03,819.9412231445312
57_20220825 04,808.7033081054688
57_20220825 05,836.9226684570312
57_20220825 06,1042.847412109375
57_20220825 07,1558.4678955078125
57_20220825 08,2138.86474609375
57_20220825 09,2397.305419921875
57_20220825 10,2822.239501953125
57_20220825 11,2952.924560546875
57_20220825 12,2955.56982421875
57_20220825 13,3023.221435546875
57_20220825 14,3034.47021484375
57_20220825 15,2852.230712890625
57_20220825 16,2841.781982421875
57_20220825 17,2876.9833984375
57_20220825 18,2587.432861328125
57_20220825 19,2559.97412109375
57_20220825 20,2451.244140625
57_20220825 21,2180.86279296875
57_20220825 22,1664.599853515625
57_20220825 23,1167.4853515625
57_20220826 00,999.8062744140625
57_20220826 01,958.2935791015625
57_20220826 02,819.3278198242188
57_20220826 03,812.8049926757812
57_20220826 04,813.0973510742188
57_20220826 05,837.7225341796875
57_20220826 06,1031.439208984375
57_20220826 07,1526.3209228515625
57_20220826 08,2134.884765625
57_20220826 09,2391.864501953125
57_20220826 10,2877.622314453125
57_20220826 11,2966.369384765625
57_20220826 12,3042.2294921875
57_20220826 13,3060.897216796875
57_20220826 14,3049.848388671875
57_20220826 15,2994.658447265625
57_20220826 16,2985.791748046875
57_20220826 17,2950.0283203125
57_20220826 18,2652.17431640625
57_20220826 19,2581.52197265625
57_20220826 20,2481.82861328125
57_20220826 21,2214.53369140625
57_20220826 22,1684.4000244140625
57_20220826 23,1198.3399658203125
57_20220827 00,1024.4522705078125
57_20220827 01,993.8590087890625
57_20220827 02,842.0158081054688
57_20220827 03,826.3155517578125
57_20220827 04,795.925048828125
57_20220827 05,823.9425048828125
57_20220827 06,931.0358276367188
57_20220827 07,1059.0242919921875
57_20220827 08,1159.6708984375
57_20220827 09,1331.167236328125
57_20220827 10,1995.8138427734375
57_20220827 11,2150.984619140625
57_20220827 12,2215.894287109375
57_20220827 13,2292.23828125
57_20220827 14,2311.83349609375
57_20220827 15,2250.129150390625
57_20220827 16,2216.804443359375
57_20220827 17,2295.44189453125
57_20220827 18,2302.17041015625
57_20220827 19,2274.49609375
57_20220827 20,2194.959716796875
57_20220827 21,1922.854736328125
57_20220827 22,1458.4652099609375
57_20220827 23,1018.3836059570312
57_20220828 00,909.2908935546875
57_20220828 01,865.1131591796875
57_20220828 02,827.7772216796875
57_20220828 03,817.7642822265625
57_20220828 04,811.3975830078125
57_20220828 05,820.8577270507812
57_20220828 06,918.6353759765625
57_20220828 07,1023.1319580078125
57_20220828 08,1143.4920654296875
57_20220828 09,1319.1640625
57_20220828 10,1986.9713134765625
57_20220828 11,2157.933349609375
57_20220828 12,2215.55322265625
57_20220828 13,2318.567626953125
57_20220828 14,2334.26904296875
57_20220828 15,2296.618896484375
57_20220828 16,2265.27978515625
57_20220828 17,2341.67138671875
57_20220828 18,2355.398681640625
57_20220828 19,2335.855224609375
57_20220828 20,2225.113037109375
57_20220828 21,1961.380615234375
57_20220828 22,1527.8670654296875
57_20220828 23,1057.2547607421875
57_20220829 00,927.6436767578125
57_20220829 01,868.2122192382812
57_20220829 02,811.1903686523438
57_20220829 03,810.0546875
57_20220829 04,808.2628173828125
57_20220829 05,821.6261596679688
57_20220829 06,1007.4627075195312
57_20220829 07,1513.342041015625
57_20220829 08,2135.92431640625
57_20220829 09,2394.263671875
57_20220829 10,2840.40576171875
57_20220829 11,2922.522216796875
57_20220829 12,2959.15771484375
57_20220829 13,2972.142333984375
57_20220829 14,2938.27197265625
57_20220829 15,2860.167236328125
57_20220829 16,2825.9765625
57_20220829 17,2840.178466796875
57_20220829 18,2579.49609375
57_20220829 19,2535.70458984375
57_20220829 20,2434.98876953125
57_20220829 21,2151.05322265625
57_20220829 22,1625.840087890625
57_20220829 23,1142.998291015625
57_20220830 00,991.1360473632812
57_20220830 01,965.5673828125
57_20220830 02,819.0284423828125
57_20220830 03,838.1282958984375
57_20220830 04,819.85498046875
57_20220830 05,845.3896484375
57_20220830 06,1045.436279296875
57_20220830 07,1560.7005615234375
57_20220830 08,2153.51025390625
57_20220830 09,2414.81982421875
57_20220830 10,2972.01318359375
57_20220830 11,3105.972900390625
57_20220830 12,3089.668212890625
57_20220830 13,3110.16015625
57_20220830 14,3083.83056640625
57_20220830 15,2992.781982421875
57_20220830 16,3008.42041015625
57_20220830 17,3038.041748046875
57_20220830 18,2637.91455078125
57_20220830 19,2629.544189453125
57_20220830 20,2487.76904296875
57_20220830 21,2200.8779296875
57_20220830 22,1683.227294921875
57_20220830 23,1207.184814453125
57_20220831 00,1064.571044921875
57_20220831 01,1025.534912109375
57_20220831 02,843.4821166992188
57_20220831 03,840.4190673828125
57_20220831 04,819.44970703125
57_20220831 05,842.0578002929688
57_20220831 06,1036.0836181640625
57_20220831 07,1556.4114990234375
57_20220831 08,2137.240966796875
57_20220831 09,2395.296142578125
57_20220831 10,2848.161865234375
57_20220831 11,2906.418701171875
57_20220831 12,2980.681396484375
57_20220831 13,2986.52294921875
57_20220831 14,2957.67138671875
57_20220831 15,2863.46826171875
57_20220831 16,2892.75341796875
57_20220831 17,2921.6640625
57_20220831 18,2589.08935546875
57_20220831 19,2567.108642578125
57_20220831 20,2459.2373046875
57_20220831 21,2187.689453125
57_20220831 22,1671.750244140625
57_20220831 23,1188.9964599609375
58_20220825 00,2854.856689453125
58_20220825 01,2858.31884765625
58_20220825 02,2848.31103515625
58_20220825 03,2848.603515625
58_20220825 04,2856.197021484375
58_20220825 05,2857.12548828125
58_20220825 06,2877.687744140625
58_20220825 07,2938.302490234375
58_20220825 08,2950.52978515625
58_20220825 09,2979.22607421875
58_20220825 10,2987.021484375
58_20220825 11,2999.446044921875
58_20220825 12,2999.865234375
58_20220825 13,2986.218994140625
58_20220825 14,2988.285888671875
58_20220825 15,2984.46533203125
58_20220825 16,3001.671875
58_20220825 17,2983.7890625
58_20220825 18,2920.07666015625
58_20220825 19,2881.45361328125
58_20220825 20,2876.86181640625
58_20220825 21,2867.04052734375
58_20220825 22,2859.27392578125
58_20220825 23,2847.296630859375
58_20220826 00,2855.844970703125
58_20220826 01,2858.371337890625
58_20220826 02,2848.74755859375
58_20220826 03,2850.565185546875
58_20220826 04,2849.756591796875
58_20220826 05,2859.99609375
58_20220826 06,2878.22705078125
58_20220826 07,2936.63623046875
58_20220826 08,2951.00732421875
58_20220826 09,2970.486083984375
58_20220826 10,2988.223388671875
58_20220826 11,3002.382568359375
58_20220826 12,3001.073974609375
58_20220826 13,2992.026123046875
58_20220826 14,2992.286865234375
58_20220826 15,2988.99267578125
58_20220826 16,3000.86572265625
58_20220826 17,2984.94775390625
58_20220826 18,2916.80419921875
58_20220826 19,2879.900390625
58_20220826 20,2875.850341796875
58_20220826 21,2870.11865234375
58_20220826 22,2863.772705078125
58_20220826 23,2858.959716796875
58_20220827 00,2868.613037109375
58_20220827 01,2869.779296875
58_20220827 02,2865.20849609375
58_20220827 03,2867.31201171875
58_20220827 04,2861.784423828125
58_20220827 05,2857.46923828125
58_20220827 06,2857.7646484375
58_20220827 07,2856.87939453125
58_20220827 08,2855.346435546875
58_20220827 09,2860.554443359375
58_20220827 10,2859.696533203125
58_20220827 11,2861.456298828125
58_20220827 12,2871.776123046875
58_20220827 13,2864.29736328125
58_20220827 14,2866.206298828125
58_20220827 15,2864.18212890625
58_20220827 16,2864.026611328125
58_20220827 17,2863.206787109375
58_20220827 18,2859.92919921875
58_20220827 19,2853.011474609375
58_20220827 20,2852.96728515625
58_20220827 21,2848.299560546875
58_20220827 22,2846.653564453125
58_20220827 23,2840.6455078125
58_20220828 00,2848.372314453125
58_20220828 01,2851.775390625
58_20220828 02,2843.567626953125
58_20220828 03,2841.5009765625
58_20220828 04,2843.034423828125
58_20220828 05,2843.047119140625
58_20220828 06,2840.1318359375
58_20220828 07,2843.078857421875
58_20220828 08,2844.99853515625
58_20220828 09,2853.632080078125
58_20220828 10,2851.025634765625
58_20220828 11,2857.18994140625
58_20220828 12,2870.611572265625
58_20220828 13,2858.8134765625
58_20220828 14,2858.402587890625
58_20220828 15,2861.498291015625
58_20220828 16,2861.344482421875
58_20220828 17,2862.951171875
58_20220828 18,2856.10595703125
58_20220828 19,2844.55908203125
58_20220828 20,2840.88232421875
58_20220828 21,2831.592529296875
58_20220828 22,2835.641845703125
58_20220828 23,2832.429931640625
58_20220829 00,2841.818359375
58_20220829 01,2837.207763671875
58_20220829 02,2834.302001953125
58_20220829 03,2833.911376953125
58_20220829 04,2837.109130859375
58_20220829 05,2843.76513671875
58_20220829 06,2866.617919921875
58_20220829 07,2914.09033203125
58_20220829 08,2949.334716796875
58_20220829 09,2956.4677734375
58_20220829 10,2970.799072265625
58_20220829 11,2985.82568359375
58_20220829 12,2986.2255859375
58_20220829 13,2977.53662109375
58_20220829 14,2980.208984375
58_20220829 15,2976.710693359375
58_20220829 16,2988.68310546875
58_20220829 17,2974.2236328125
58_20220829 18,2905.23388671875
58_20220829 19,2876.18310546875
58_20220829 20,2868.001220703125
58_20220829 21,2858.823974609375
58_20220829 22,2850.44482421875
58_20220829 23,2840.028076171875
58_20220830 00,2847.086669921875
58_20220830 01,2851.9072265625
58_20220830 02,2845.57763671875
58_20220830 03,2848.67626953125
58_20220830 04,2844.80810546875
58_20220830 05,2853.0419921875
58_20220830 06,2874.893310546875
58_20220830 07,2921.989013671875
58_20220830 08,2955.103515625
58_20220830 09,2958.27197265625
58_20220830 10,2984.5244140625
58_20220830 11,2989.82666015625
58_20220830 12,2995.846923828125
58_20220830 13,2983.047607421875
58_20220830 14,2983.34326171875
58_20220830 15,2982.221923828125
58_20220830 16,2994.535400390625
58_20220830 17,2987.8408203125
58_20220830 18,2917.470947265625
58_20220830 19,2881.531982421875
58_20220830 20,2878.226318359375
58_20220830 21,2865.73193359375
58_20220830 22,2862.3994140625
58_20220830 23,2848.71044921875
58_20220831 00,2859.5205078125
58_20220831 01,2862.025390625
58_20220831 02,2852.6025390625
58_20220831 03,2851.16748046875
58_20220831 04,2857.006591796875
58_20220831 05,2859.79052734375
58_20220831 06,2878.9912109375
58_20220831 07,2928.408935546875
58_20220831 08,2944.880126953125
58_20220831 09,2950.43212890625
58_20220831 10,2975.631591796875
58_20220831 11,2993.88720703125
58_20220831 12,2995.36279296875
58_20220831 13,2984.71484375
58_20220831 14,2983.1396484375
58_20220831 15,2984.630126953125
58_20220831 16,2998.977783203125
58_20220831 17,2983.358642578125
58_20220831 18,2912.262939453125
58_20220831 19,2880.72607421875
58_20220831 20,2877.289794921875
58_20220831 21,2865.0380859375
58_20220831 22,2863.55615234375
58_20220831 23,2848.309326171875
59_20220825 00,734.1632690429688
59_20220825 01,719.1165161132812
59_20220825 02,720.1849975585938
59_20220825 03,704.9556884765625
59_20220825 04,725.001220703125
59_20220825 05,853.8048706054688
59_20220825 06,1452.955322265625
59_20220825 07,2483.224365234375
59_20220825 08,2866.813720703125
59_20220825 09,2930.956298828125
59_20220825 10,3022.32080078125
59_20220825 11,3033.11572265625
59_20220825 12,3010.968017578125
59_20220825 13,3009.589599609375
59_20220825 14,2966.201171875
59_20220825 15,2881.260498046875
59_20220825 16,2875.81201171875
59_20220825 17,2749.303466796875
59_20220825 18,2286.02001953125
59_20220825 19,1858.193359375
59_20220825 20,1339.1253662109375
59_20220825 21,1115.6644287109375
59_20220825 22,893.8414916992188
59_20220825 23,780.321044921875
59_20220826 00,716.7459106445312
59_20220826 01,704.4885864257812
59_20220826 02,705.2843017578125
59_20220826 03,697.7245483398438
59_20220826 04,732.5
59_20220826 05,849.8629150390625
59_20220826 06,1404.215087890625
59_20220826 07,2199.487060546875
59_20220826 08,2650.704345703125
59_20220826 09,2892.42724609375
59_20220826 10,2990.565185546875
59_20220826 11,3001.83447265625
59_20220826 12,2955.252685546875
59_20220826 13,3048.14697265625
59_20220826 14,3056.021240234375
59_20220826 15,3049.754638671875
59_20220826 16,3037.69287109375
59_20220826 17,2913.615234375
59_20220826 18,2496.06591796875
59_20220826 19,1939.6605224609375
59_20220826 20,1315.383056640625
59_20220826 21,1052.3841552734375
59_20220826 22,854.2552490234375
59_20220826 23,768.7161865234375
59_20220827 00,700.9071655273438
59_20220827 01,695.1484985351562
59_20220827 02,674.2093505859375
59_20220827 03,671.7254028320312
59_20220827 04,666.0420532226562
59_20220827 05,680.5311279296875
59_20220827 06,710.3287963867188
59_20220827 07,764.9348754882812
59_20220827 08,1012.2107543945312
59_20220827 09,1243.1109619140625
59_20220827 10,1298.5416259765625
59_20220827 11,1343.966552734375
59_20220827 12,1346.7620849609375
59_20220827 13,1340.0921630859375
59_20220827 14,1330.0704345703125
59_20220827 15,1308.261474609375
59_20220827 16,1309.827880859375
59_20220827 17,1318.6724853515625
59_20220827 18,1318.800537109375
59_20220827 19,1185.8199462890625
59_20220827 20,949.7236328125
59_20220827 21,850.6966552734375
59_20220827 22,741.540283203125
59_20220827 23,672.89990234375
59_20220828 00,648.9556884765625
59_20220828 01,649.9501342773438
59_20220828 02,650.1710205078125
59_20220828 03,649.53564453125
59_20220828 04,650.0033569335938
59_20220828 05,657.6890869140625
59_20220828 06,676.6399536132812
59_20220828 07,700.9337158203125
59_20220828 08,779.1148681640625
59_20220828 09,815.0458374023438
59_20220828 10,829.1448974609375
59_20220828 11,838.0607299804688
59_20220828 12,844.2315673828125
59_20220828 13,846.5640869140625
59_20220828 14,849.2972412109375
59_20220828 15,845.1787109375
59_20220828 16,867.5947265625
59_20220828 17,875.7145385742188
59_20220828 18,857.1407470703125
59_20220828 19,846.6676635742188
59_20220828 20,808.5401000976562
59_20220828 21,787.04443359375
59_20220828 22,738.777099609375
59_20220828 23,720.478759765625
59_20220829 00,657.8917236328125
59_20220829 01,657.1837158203125
59_20220829 02,655.9027099609375
59_20220829 03,654.0924682617188
59_20220829 04,675.1602783203125
59_20220829 05,815.0062866210938
59_20220829 06,1564.358154296875
59_20220829 07,2136.9296875
59_20220829 08,2256.46630859375
59_20220829 09,2467.78515625
59_20220829 10,2495.86328125
59_20220829 11,2691.34033203125
59_20220829 12,2558.305908203125
59_20220829 13,2789.27001953125
59_20220829 14,2725.6826171875
59_20220829 15,2838.923095703125
59_20220829 16,2717.60986328125
59_20220829 17,2464.888916015625
59_20220829 18,2229.085205078125
59_20220829 19,1749.878173828125
59_20220829 20,1321.437744140625
59_20220829 21,1110.27783203125
59_20220829 22,885.9154052734375
59_20220829 23,795.440185546875
59_20220830 00,727.0765991210938
59_20220830 01,726.4337158203125
59_20220830 02,722.8952026367188
59_20220830 03,727.5567626953125
59_20220830 04,756.5344848632812
59_20220830 05,875.4153442382812
59_20220830 06,1512.369140625
59_20220830 07,2388.54736328125
59_20220830 08,2585.423583984375
59_20220830 09,2639.12744140625
59_20220830 10,2648.178466796875
59_20220830 11,2630.20166015625
59_20220830 12,2642.46435546875
59_20220830 13,2711.71826171875
59_20220830 14,2735.44580078125
59_20220830 15,2745.207763671875
59_20220830 16,2734.864501953125
59_20220830 17,2654.27587890625
59_20220830 18,2304.185546875
59_20220830 19,1797.8140869140625
59_20220830 20,1321.5169677734375
59_20220830 21,1108.673095703125
59_20220830 22,911.8001708984375
59_20220830 23,812.9605102539062
59_20220831 00,758.826171875
59_20220831 01,747.2193603515625
59_20220831 02,747.9319458007812
59_20220831 03,730.9577026367188
59_20220831 04,761.1959228515625
59_20220831 05,861.8934326171875
59_20220831 06,1386.898193359375
59_20220831 07,2285.919189453125
59_20220831 08,2433.91943359375
59_20220831 09,2680.28271484375
59_20220831 10,2726.885498046875
59_20220831 11,2893.931640625
59_20220831 12,2852.9833984375
59_20220831 13,2931.305419921875
59_20220831 14,2978.48291015625
59_20220831 15,2969.587890625
59_20220831 16,2946.90185546875
59_20220831 17,2853.18603515625
59_20220831 18,2459.721435546875
59_20220831 19,1863.0794677734375
59_20220831 20,1339.79736328125
59_20220831 21,1141.5712890625
59_20220831 22,892.9489135742188
59_20220831 23,788.5419921875
60_20220825 00,1819.257568359375
60_20220825 01,1764.758544921875
60_20220825 02,1757.156005859375
60_20220825 03,1749.4234619140625
60_20220825 04,1771.3433837890625
60_20220825 05,2898.175537109375
60_20220825 06,3322.281982421875
60_20220825 07,3716.190673828125
60_20220825 08,4103.19677734375
60_20220825 09,4271.005859375
60_20220825 10,4232.46630859375
60_20220825 11,4227.6513671875
60_20220825 12,4158.46875
60_20220825 13,4236.306640625
60_20220825 14,4140.3916015625
60_20220825 15,4221.42578125
60_20220825 16,4166.0869140625
60_20220825 17,4199.13525390625
60_20220825 18,3965.362060546875
60_20220825 19,3251.317626953125
60_20220825 20,2900.869140625
60_20220825 21,2615.078369140625
60_20220825 22,2006.1126708984375
60_20220825 23,1896.2572021484375
60_20220826 00,1810.712646484375
60_20220826 01,1780.013916015625
60_20220826 02,1750.161376953125
60_20220826 03,1729.064453125
60_20220826 04,1762.32421875
60_20220826 05,2859.89990234375
60_20220826 06,3278.69482421875
60_20220826 07,3661.819580078125
60_20220826 08,4038.925048828125
60_20220826 09,4214.76953125
60_20220826 10,4171.3974609375
60_20220826 11,4174.412109375
60_20220826 12,4103.9501953125
60_20220826 13,4214.1630859375
60_20220826 14,4161.34912109375
60_20220826 15,4237.8486328125
60_20220826 16,4200.51416015625
60_20220826 17,4257.41259765625
60_20220826 18,4008.15869140625
60_20220826 19,3067.334228515625
60_20220826 20,2907.00634765625
60_20220826 21,2410.21728515625
60_20220826 22,1999.7939453125
60_20220826 23,1866.884765625
60_20220827 00,1696.9215087890625
60_20220827 01,1680.369873046875
60_20220827 02,1704.5384521484375
60_20220827 03,1706.862060546875
60_20220827 04,1703.0650634765625
60_20220827 05,1890.1634521484375
60_20220827 06,2391.99951171875
60_20220827 07,2689.115478515625
60_20220827 08,2767.3193359375
60_20220827 09,2934.64599609375
60_20220827 10,2932.366943359375
60_20220827 11,2928.657470703125
60_20220827 12,2927.612548828125
60_20220827 13,2934.934814453125
60_20220827 14,2938.8017578125
60_20220827 15,2946.18017578125
60_20220827 16,2946.128662109375
60_20220827 17,2944.357421875
60_20220827 18,2942.391845703125
60_20220827 19,2721.289306640625
60_20220827 20,2617.083251953125
60_20220827 21,2374.806640625
60_20220827 22,1851.7611083984375
60_20220827 23,1723.385986328125
60_20220828 00,1699.0865478515625
60_20220828 01,1694.637939453125
60_20220828 02,1694.6715087890625
60_20220828 03,1694.98828125
60_20220828 04,1695.0390625
60_20220828 05,1845.195556640625
60_20220828 06,2231.53173828125
60_20220828 07,2685.10546875
60_20220828 08,2777.841064453125
60_20220828 09,2836.35595703125
60_20220828 10,2901.131591796875
60_20220828 11,2923.78173828125
60_20220828 12,2927.74755859375
60_20220828 13,2936.538818359375
60_20220828 14,2930.888671875
60_20220828 15,2925.895751953125
60_20220828 16,2994.02783203125
60_20220828 17,2999.57421875
60_20220828 18,2973.612548828125
60_20220828 19,2789.5859375
60_20220828 20,2606.144775390625
60_20220828 21,2398.455810546875
60_20220828 22,1859.638427734375
60_20220828 23,1809.23046875
60_20220829 00,1746.1370849609375
60_20220829 01,1693.1851806640625
60_20220829 02,1716.489501953125
60_20220829 03,1707.3707275390625
60_20220829 04,1710.096923828125
60_20220829 05,2757.24462890625
60_20220829 06,3179.66796875
60_20220829 07,3690.137939453125
60_20220829 08,3971.319091796875
60_20220829 09,4138.91943359375
60_20220829 10,4118.2978515625
60_20220829 11,4154.9267578125
60_20220829 12,4064.23388671875
60_20220829 13,4169.5283203125
60_20220829 14,4073.453857421875
60_20220829 15,4148.3876953125
60_20220829 16,4081.573486328125
60_20220829 17,4115.29833984375
60_20220829 18,3927.680908203125
60_20220829 19,3244.245849609375
60_20220829 20,2916.21728515625
60_20220829 21,2616.085205078125
60_20220829 22,2006.179443359375
60_20220829 23,1852.1771240234375
60_20220830 00,1806.412353515625
60_20220830 01,1777.2113037109375
60_20220830 02,1749.055419921875
60_20220830 03,1736.9937744140625
60_20220830 04,1789.607177734375
60_20220830 05,2870.244384765625
60_20220830 06,3339.344482421875
60_20220830 07,3677.27734375
60_20220830 08,4036.00830078125
60_20220830 09,4205.068359375
60_20220830 10,4198.609375
60_20220830 11,4186.53857421875
60_20220830 12,4130.326171875
60_20220830 13,4203.015625
60_20220830 14,4131.8515625
60_20220830 15,4198.2060546875
60_20220830 16,4162.09326171875
60_20220830 17,4192.54931640625
60_20220830 18,3981.74267578125
60_20220830 19,3388.503173828125
60_20220830 20,2977.99560546875
60_20220830 21,2625.34423828125
60_20220830 22,2036.540283203125
60_20220830 23,1856.5784912109375
60_20220831 00,1808.5972900390625
60_20220831 01,1784.2386474609375
60_20220831 02,1739.1328125
60_20220831 03,1713.4447021484375
60_20220831 04,1759.9036865234375
60_20220831 05,2872.556640625
60_20220831 06,3307.60693359375
60_20220831 07,3674.18212890625
60_20220831 08,3981.76025390625
60_20220831 09,4190.0458984375
60_20220831 10,4184.43359375
60_20220831 11,4158.78076171875
60_20220831 12,4098.74169921875
60_20220831 13,4193.2275390625
60_20220831 14,4108.7822265625
60_20220831 15,4186.3564453125
60_20220831 16,4145.70166015625
60_20220831 17,4173.48291015625
60_20220831 18,3955.86962890625
60_20220831 19,3352.528076171875
60_20220831 20,2918.270751953125
60_20220831 21,2603.611572265625
60_20220831 22,2003.3974609375
60_20220831 23,1882.3525390625
61_20220825 00,2603.06884765625
61_20220825 01,2102.74853515625
61_20220825 02,1942.2222900390625
61_20220825 03,1830.1038818359375
61_20220825 04,1818.7705078125
61_20220825 05,1926.015869140625
61_20220825 06,2445.480224609375
61_20220825 07,3054.797119140625
61_20220825 08,3129.982177734375
61_20220825 09,2949.643310546875
61_20220825 10,2831.59619140625
61_20220825 11,2834.59326171875
61_20220825 12,2883.911865234375
61_20220825 13,2825.97021484375
61_20220825 14,2814.965576171875
61_20220825 15,2730.9013671875
61_20220825 16,2854.169189453125
61_20220825 17,3093.1513671875
61_20220825 18,3344.759033203125
61_20220825 19,3612.904296875
61_20220825 20,3682.425048828125
61_20220825 21,3670.92529296875
61_20220825 22,3468.513671875
61_20220825 23,3093.21044921875
61_20220826 00,2556.39404296875
61_20220826 01,2074.280029296875
61_20220826 02,1913.108154296875
61_20220826 03,1806.082275390625
61_20220826 04,1807.431396484375
61_20220826 05,1917.712646484375
61_20220826 06,2433.651123046875
61_20220826 07,3035.62353515625
61_20220826 08,3128.24072265625
61_20220826 09,2937.55615234375
61_20220826 10,2790.52099609375
61_20220826 11,2868.52880859375
61_20220826 12,2831.89599609375
61_20220826 13,2855.31396484375
61_20220826 14,2797.396484375
61_20220826 15,2943.47998046875
61_20220826 16,2931.069091796875
61_20220826 17,3044.98193359375
61_20220826 18,3366.740234375
61_20220826 19,3591.78955078125
61_20220826 20,3817.927734375
61_20220826 21,3819.358154296875
61_20220826 22,3605.48193359375
61_20220826 23,3223.710693359375
61_20220827 00,2660.775146484375
61_20220827 01,2164.88037109375
61_20220827 02,1942.6793212890625
61_20220827 03,1819.4195556640625
61_20220827 04,1793.5595703125
61_20220827 05,1814.3212890625
61_20220827 06,2010.7271728515625
61_20220827 07,2455.119873046875
61_20220827 08,2945.265625
61_20220827 09,3109.0244140625
61_20220827 10,3145.81884765625
61_20220827 11,3177.55712890625
61_20220827 12,3238.011962890625
61_20220827 13,3145.8974609375
61_20220827 14,3067.69580078125
61_20220827 15,3017.31005859375
61_20220827 16,3041.5712890625
61_20220827 17,3137.093017578125
61_20220827 18,3357.08349609375
61_20220827 19,3576.48486328125
61_20220827 20,3678.60986328125
61_20220827 21,3666.022216796875
61_20220827 22,3449.59912109375
61_20220827 23,3060.81298828125
61_20220828 00,2635.98486328125
61_20220828 01,2135.449951171875
61_20220828 02,1915.18359375
61_20220828 03,1798.7864990234375
61_20220828 04,1789.106689453125
61_20220828 05,1810.567626953125
61_20220828 06,1985.463623046875
61_20220828 07,2408.17333984375
61_20220828 08,2886.462890625
61_20220828 09,3095.893310546875
61_20220828 10,3151.70654296875
61_20220828 11,3180.80615234375
61_20220828 12,3268.147705078125
61_20220828 13,3252.6416015625
61_20220828 14,3104.6748046875
61_20220828 15,3084.16357421875
61_20220828 16,3191.892822265625
61_20220828 17,3342.321044921875
61_20220828 18,3571.440185546875
61_20220828 19,3770.79052734375
61_20220828 20,3765.37060546875
61_20220828 21,3832.216796875
61_20220828 22,3612.62353515625
61_20220828 23,3196.486328125
61_20220829 00,2570.671142578125
61_20220829 01,2087.19189453125
61_20220829 02,1926.8216552734375
61_20220829 03,1812.741943359375
61_20220829 04,1807.185546875
61_20220829 05,1923.474609375
61_20220829 06,2442.47021484375
61_20220829 07,3028.279296875
61_20220829 08,3109.565673828125
61_20220829 09,2961.6953125
61_20220829 10,2909.82470703125
61_20220829 11,2930.20068359375
61_20220829 12,3004.74853515625
61_20220829 13,2945.0263671875
61_20220829 14,2857.996826171875
61_20220829 15,2853.787353515625
61_20220829 16,2932.198974609375
61_20220829 17,3131.834228515625
61_20220829 18,3412.099609375
61_20220829 19,3673.34619140625
61_20220829 20,3758.030517578125
61_20220829 21,3736.07373046875
61_20220829 22,3576.018310546875
61_20220829 23,3105.3115234375
61_20220830 00,2564.119384765625
61_20220830 01,2078.13525390625
61_20220830 02,1904.017333984375
61_20220830 03,1793.8369140625
61_20220830 04,1789.8218994140625
61_20220830 05,1922.9537353515625
61_20220830 06,2459.420654296875
61_20220830 07,3072.056640625
61_20220830 08,3138.882080078125
61_20220830 09,2960.685791015625
61_20220830 10,2886.74169921875
61_20220830 11,2906.73876953125
61_20220830 12,2951.30126953125
61_20220830 13,2960.14306640625
61_20220830 14,2865.865478515625
61_20220830 15,2882.12353515625
61_20220830 16,2968.13232421875
61_20220830 17,3153.45361328125
61_20220830 18,3494.710205078125
61_20220830 19,3858.56787109375
61_20220830 20,3935.494873046875
61_20220830 21,3889.439453125
61_20220830 22,3646.412109375
61_20220830 23,3111.601806640625
61_20220831 00,2568.8671875
61_20220831 01,2073.513671875
61_20220831 02,1904.791748046875
61_20220831 03,1803.059326171875
61_20220831 04,1803.0081787109375
61_20220831 05,1923.808349609375
61_20220831 06,2439.067138671875
61_20220831 07,3033.738037109375
61_20220831 08,3109.914306640625
61_20220831 09,2939.567138671875
61_20220831 10,2812.688232421875
61_20220831 11,2820.2626953125
61_20220831 12,2909.68505859375
61_20220831 13,2846.174560546875
61_20220831 14,2767.79052734375
61_20220831 15,2774.72216796875
61_20220831 16,2874.42529296875
61_20220831 17,3091.72021484375
61_20220831 18,3342.914794921875
61_20220831 19,3611.162109375
61_20220831 20,3707.850830078125
61_20220831 21,3678.87841796875
61_20220831 22,3476.65576171875
61_20220831 23,3090.951904296875
62_20220825 00,1005.1271362304688
62_20220825 01,816.3423461914062
62_20220825 02,751.0918579101562
62_20220825 03,699.2716064453125
62_20220825 04,687.5769653320312
62_20220825 05,696.541015625
62_20220825 06,817.981689453125
62_20220825 07,994.9671020507812
62_20220825 08,1007.6484375
62_20220825 09,992.0787963867188
62_20220825 10,981.7863159179688
62_20220825 11,983.6702880859375
62_20220825 12,1006.8712768554688
62_20220825 13,992.7160034179688
62_20220825 14,1018.2835693359375
62_20220825 15,957.1015625
62_20220825 16,1025.2650146484375
62_20220825 17,1113.113525390625
62_20220825 18,1239.1787109375
62_20220825 19,1330.245361328125
62_20220825 20,1345.8465576171875
62_20220825 21,1329.0501708984375
62_20220825 22,1285.964111328125
62_20220825 23,1137.060791015625
62_20220826 00,958.0863037109375
62_20220826 01,810.2599487304688
62_20220826 02,731.5518798828125
62_20220826 03,688.6453857421875
62_20220826 04,680.5999755859375
62_20220826 05,690.7376708984375
62_20220826 06,811.9022827148438
62_20220826 07,988.2489013671875
62_20220826 08,1004.8551635742188
62_20220826 09,990.8268432617188
62_20220826 10,980.6393432617188
62_20220826 11,1013.0035400390625
62_20220826 12,1015.1862182617188
62_20220826 13,1043.376220703125
62_20220826 14,1047.888916015625
62_20220826 15,1132.0772705078125
62_20220826 16,1123.935791015625
62_20220826 17,1111.1158447265625
62_20220826 18,1245.53515625
62_20220826 19,1309.644775390625
62_20220826 20,1385.8455810546875
62_20220826 21,1367.4119873046875
62_20220826 22,1330.283203125
62_20220826 23,1196.760986328125
62_20220827 00,999.0949096679688
62_20220827 01,836.306640625
62_20220827 02,753.2843017578125
62_20220827 03,696.6109619140625
62_20220827 04,679.38916015625
62_20220827 05,679.516845703125
62_20220827 06,720.3515625
62_20220827 07,835.7521362304688
62_20220827 08,992.4326171875
62_20220827 09,1059.581787109375
62_20220827 10,1137.712646484375
62_20220827 11,1147.0130615234375
62_20220827 12,1189.4149169921875
62_20220827 13,1180.600830078125
62_20220827 14,1145.10595703125
62_20220827 15,1135.434814453125
62_20220827 16,1135.8568115234375
62_20220827 17,1185.9434814453125
62_20220827 18,1276.958984375
62_20220827 19,1323.6658935546875
62_20220827 20,1340.32421875
62_20220827 21,1334.004150390625
62_20220827 22,1274.813232421875
62_20220827 23,1116.759033203125
62_20220828 00,963.3933715820312
62_20220828 01,820.14697265625
62_20220828 02,739.9299926757812
62_20220828 03,688.743896484375
62_20220828 04,676.3184814453125
62_20220828 05,678.6791381835938
62_20220828 06,714.8411865234375
62_20220828 07,822.8203125
62_20220828 08,984.1041259765625
62_20220828 09,1055.5770263671875
62_20220828 10,1143.044921875
62_20220828 11,1159.631103515625
62_20220828 12,1235.111328125
62_20220828 13,1237.242919921875
62_20220828 14,1216.436767578125
62_20220828 15,1190.87158203125
62_20220828 16,1236.9527587890625
62_20220828 17,1319.793212890625
62_20220828 18,1374.7320556640625
62_20220828 19,1379.0914306640625
62_20220828 20,1350.197265625
62_20220828 21,1384.1090087890625
62_20220828 22,1348.75244140625
62_20220828 23,1177.5296630859375
62_20220829 00,969.8291015625
62_20220829 01,809.9615478515625
62_20220829 02,747.4591674804688
62_20220829 03,696.7007446289062
62_20220829 04,684.8139038085938
62_20220829 05,694.0205078125
62_20220829 06,816.3914184570312
62_20220829 07,990.4813232421875
62_20220829 08,1006.3680419921875
62_20220829 09,992.5665283203125
62_20220829 10,990.1012573242188
62_20220829 11,1007.3668212890625
62_20220829 12,1086.597412109375
62_20220829 13,1064.2357177734375
62_20220829 14,1043.0738525390625
62_20220829 15,1043.9036865234375
62_20220829 16,1090.4971923828125
62_20220829 17,1140.4443359375
62_20220829 18,1301.3643798828125
62_20220829 19,1356.4217529296875
62_20220829 20,1359.60205078125
62_20220829 21,1348.353759765625
62_20220829 22,1315.606201171875
62_20220829 23,1140.057861328125
62_20220830 00,960.9412841796875
62_20220830 01,809.1300048828125
62_20220830 02,739.5267333984375
62_20220830 03,686.8115234375
62_20220830 04,678.4500122070312
62_20220830 05,690.8631591796875
62_20220830 06,817.0272216796875
62_20220830 07,995.8551025390625
62_20220830 08,1022.4568481445312
62_20220830 09,1013.8348388671875
62_20220830 10,1020.1906127929688
62_20220830 11,1020.9730224609375
62_20220830 12,1046.7991943359375
62_20220830 13,1050.923583984375
62_20220830 14,1036.44873046875
62_20220830 15,1049.0789794921875
62_20220830 16,1132.839599609375
62_20220830 17,1210.9761962890625
62_20220830 18,1388.0037841796875
62_20220830 19,1461.659912109375
62_20220830 20,1462.48388671875
62_20220830 21,1440.0162353515625
62_20220830 22,1368.5196533203125
62_20220830 23,1165.5537109375
62_20220831 00,963.9402465820312
62_20220831 01,815.720703125
62_20220831 02,742.4717407226562
62_20220831 03,690.0866088867188
62_20220831 04,681.3948974609375
62_20220831 05,690.9639282226562
62_20220831 06,817.5700073242188
62_20220831 07,992.4454956054688
62_20220831 08,1007.7434692382812
62_20220831 09,992.8806762695312
62_20220831 10,977.8883056640625
62_20220831 11,979.4928588867188
62_20220831 12,1002.8582763671875
62_20220831 13,990.7711181640625
62_20220831 14,975.2020263671875
62_20220831 15,975.7420654296875
62_20220831 16,1019.6982421875
62_20220831 17,1136.9215087890625
62_20220831 18,1249.7327880859375
62_20220831 19,1341.949951171875
62_20220831 20,1348.7474365234375
62_20220831 21,1333.3541259765625
62_20220831 22,1267.063232421875
62_20220831 23,1115.780517578125
63_20220825 00,627.1159057617188
63_20220825 01,488.3150939941406
63_20220825 02,435.5166931152344
63_20220825 03,418.04779052734375
63_20220825 04,413.0479431152344
63_20220825 05,416.5606384277344
63_20220825 06,523.3305053710938
63_20220825 07,646.9354858398438
63_20220825 08,620.4644775390625
63_20220825 09,593.2463989257812
63_20220825 10,609.708740234375
63_20220825 11,625.96826171875
63_20220825 12,641.1964111328125
63_20220825 13,657.4265747070312
63_20220825 14,674.1966552734375
63_20220825 15,690.8927612304688
63_20220825 16,739.4200439453125
63_20220825 17,776.0725708007812
63_20220825 18,857.1199951171875
63_20220825 19,876.2467041015625
63_20220825 20,862.6409912109375
63_20220825 21,844.2570190429688
63_20220825 22,810.1580810546875
63_20220825 23,710.0324096679688
63_20220826 00,584.0923461914062
63_20220826 01,483.2452087402344
63_20220826 02,431.2958068847656
63_20220826 03,413.81414794921875
63_20220826 04,412.6827697753906
63_20220826 05,416.48834228515625
63_20220826 06,514.5387573242188
63_20220826 07,641.94140625
63_20220826 08,609.5284423828125
63_20220826 09,577.9956665039062
63_20220826 10,587.3953247070312
63_20220826 11,617.9830932617188
63_20220826 12,633.1124267578125
63_20220826 13,634.0399169921875
63_20220826 14,647.56201171875
63_20220826 15,666.3899536132812
63_20220826 16,702.0642700195312
63_20220826 17,791.8218383789062
63_20220826 18,873.3889770507812
63_20220826 19,906.4617309570312
63_20220826 20,900.1013793945312
63_20220826 21,896.49853515625
63_20220826 22,866.3450927734375
63_20220826 23,787.4871826171875
63_20220827 00,647.8905639648438
63_20220827 01,505.90203857421875
63_20220827 02,450.2294006347656
63_20220827 03,421.29229736328125
63_20220827 04,413.51580810546875
63_20220827 05,417.3221740722656
63_20220827 06,459.7596740722656
63_20220827 07,529.2029418945312
63_20220827 08,605.7129516601562
63_20220827 09,634.408447265625
63_20220827 10,665.2224731445312
63_20220827 11,718.3092041015625
63_20220827 12,791.0568237304688
63_20220827 13,791.496826171875
63_20220827 14,749.4002075195312
63_20220827 15,736.5821533203125
63_20220827 16,734.8880004882812
63_20220827 17,787.1490478515625
63_20220827 18,801.5848388671875
63_20220827 19,820.4367065429688
63_20220827 20,823.6819458007812
63_20220827 21,822.4249267578125
63_20220827 22,798.0875244140625
63_20220827 23,701.3522338867188
63_20220828 00,599.7327270507812
63_20220828 01,509.75482177734375
63_20220828 02,446.85015869140625
63_20220828 03,422.9764709472656
63_20220828 04,412.75
63_20220828 05,415.576416015625
63_20220828 06,451.40911865234375
63_20220828 07,509.33404541015625
63_20220828 08,603.4850463867188
63_20220828 09,636.4417114257812
63_20220828 10,700.6138916015625
63_20220828 11,768.1329956054688
63_20220828 12,802.4533081054688
63_20220828 13,814.7447509765625
63_20220828 14,834.6799926757812
63_20220828 15,821.8195190429688
63_20220828 16,841.2307739257812
63_20220828 17,886.1253051757812
63_20220828 18,866.5636596679688
63_20220828 19,892.9808349609375
63_20220828 20,891.1721801757812
63_20220828 21,895.52294921875
63_20220828 22,862.8287963867188
63_20220828 23,759.4918212890625
63_20220829 00,615.6964111328125
63_20220829 01,487.50616455078125
63_20220829 02,439.6654357910156
63_20220829 03,413.95941162109375
63_20220829 04,412.45147705078125
63_20220829 05,416.49041748046875
63_20220829 06,515.72021484375
63_20220829 07,639.6119995117188
63_20220829 08,610.4922485351562
63_20220829 09,583.9021606445312
63_20220829 10,573.3617553710938
63_20220829 11,576.6727294921875
63_20220829 12,611.0015869140625
63_20220829 13,610.5118408203125
63_20220829 14,605.6490478515625
63_20220829 15,637.1242065429688
63_20220829 16,683.6937255859375
63_20220829 17,760.0770874023438
63_20220829 18,823.5372924804688
63_20220829 19,833.1480712890625
63_20220829 20,828.6340942382812
63_20220829 21,831.2264404296875
63_20220829 22,808.0055541992188
63_20220829 23,714.0181884765625
63_20220830 00,582.4874267578125
63_20220830 01,485.30218505859375
63_20220830 02,435.081298828125
63_20220830 03,413.8018493652344
63_20220830 04,412.500244140625
63_20220830 05,416.4820251464844
63_20220830 06,517.8631591796875
63_20220830 07,642.9832153320312
63_20220830 08,612.5941772460938
63_20220830 09,586.39306640625
63_20220830 10,575.3005981445312
63_20220830 11,578.3406982421875
63_20220830 12,607.57568359375
63_20220830 13,611.8882446289062
63_20220830 14,625.927001953125
63_20220830 15,657.6517333984375
63_20220830 16,694.7376708984375
63_20220830 17,770.2603759765625
63_20220830 18,841.3269653320312
63_20220830 19,833.6648559570312
63_20220830 20,862.5423583984375
63_20220830 21,860.2849731445312
63_20220830 22,843.3150634765625
63_20220830 23,730.3336181640625
63_20220831 00,608.5323486328125
63_20220831 01,531.6268310546875
63_20220831 02,462.33648681640625
63_20220831 03,439.41436767578125
63_20220831 04,437.6441955566406
63_20220831 05,441.90728759765625
63_20220831 06,540.4720458984375
63_20220831 07,651.9827880859375
63_20220831 08,625.1099853515625
63_20220831 09,600.3456420898438
63_20220831 10,589.71826171875
63_20220831 11,596.3984375
63_20220831 12,601.6687622070312
63_20220831 13,604.3360595703125
63_20220831 14,605.0001831054688
63_20220831 15,608.6695556640625
63_20220831 16,653.218017578125
63_20220831 17,743.6992797851562
63_20220831 18,804.3247680664062
63_20220831 19,835.0384521484375
63_20220831 20,858.8394775390625
63_20220831 21,856.3507080078125
63_20220831 22,830.1646728515625
63_20220831 23,719.0857543945312
64_20220825 00,1052.9415283203125
64_20220825 01,913.490234375
64_20220825 02,827.0578002929688
64_20220825 03,790.0127563476562
64_20220825 04,779.3859252929688
64_20220825 05,798.08349609375
64_20220825 06,893.1672973632812
64_20220825 07,1031.396728515625
64_20220825 08,1036.9520263671875
64_20220825 09,1012.31103515625
64_20220825 10,997.7971801757812
64_20220825 11,1002.7737426757812
64_20220825 12,1039.8487548828125
64_20220825 13,976.91650390625
64_20220825 14,973.5001831054688
64_20220825 15,987.6715698242188
64_20220825 16,1042.40771484375
64_20220825 17,1170.4412841796875
64_20220825 18,1302.052490234375
64_20220825 19,1392.690185546875
64_20220825 20,1422.353759765625
64_20220825 21,1403.5103759765625
64_20220825 22,1324.3448486328125
64_20220825 23,1169.4844970703125
64_20220826 00,1000.9842529296875
64_20220826 01,868.9498291015625
64_20220826 02,802.3690185546875
64_20220826 03,776.4734497070312
64_20220826 04,776.2346801757812
64_20220826 05,791.8074951171875
64_20220826 06,886.3338012695312
64_20220826 07,1016.7315673828125
64_20220826 08,1033.9083251953125
64_20220826 09,1017.2520751953125
64_20220826 10,1004.2501220703125
64_20220826 11,1045.8536376953125
64_20220826 12,1037.6661376953125
64_20220826 13,1030.34228515625
64_20220826 14,1030.201171875
64_20220826 15,1050.5263671875
64_20220826 16,1092.049072265625
64_20220826 17,1195.4178466796875
64_20220826 18,1312.66015625
64_20220826 19,1412.3297119140625
64_20220826 20,1454.277099609375
64_20220826 21,1438.9642333984375
64_20220826 22,1364.519287109375
64_20220826 23,1219.0687255859375
64_20220827 00,1054.489990234375
64_20220827 01,927.4744262695312
64_20220827 02,852.5003051757812
64_20220827 03,789.14306640625
64_20220827 04,775.7037963867188
64_20220827 05,781.6500244140625
64_20220827 06,836.5675659179688
64_20220827 07,933.3380737304688
64_20220827 08,1023.79296875
64_20220827 09,1108.484619140625
64_20220827 10,1162.02197265625
64_20220827 11,1175.859619140625
64_20220827 12,1199.0386962890625
64_20220827 13,1184.018310546875
64_20220827 14,1170.062255859375
64_20220827 15,1169.610595703125
64_20220827 16,1209.225830078125
64_20220827 17,1256.2060546875
64_20220827 18,1359.8565673828125
64_20220827 19,1407.4781494140625
64_20220827 20,1431.885009765625
64_20220827 21,1417.4364013671875
64_20220827 22,1351.5289306640625
64_20220827 23,1205.9329833984375
64_20220828 00,1040.2171630859375
64_20220828 01,919.6111450195312
64_20220828 02,843.2833251953125
64_20220828 03,799.5438842773438
64_20220828 04,776.80322265625
64_20220828 05,781.9891967773438
64_20220828 06,838.6721801757812
64_20220828 07,942.1890869140625
64_20220828 08,1050.5113525390625
64_20220828 09,1141.296142578125
64_20220828 10,1182.684814453125
64_20220828 11,1221.2584228515625
64_20220828 12,1261.223388671875
64_20220828 13,1269.41455078125
64_20220828 14,1291.589111328125
64_20220828 15,1273.280517578125
64_20220828 16,1315.9461669921875
64_20220828 17,1329.478271484375
64_20220828 18,1415.217041015625
64_20220828 19,1447.2232666015625
64_20220828 20,1459.1781005859375
64_20220828 21,1463.364501953125
64_20220828 22,1396.663818359375
64_20220828 23,1211.9703369140625
64_20220829 00,1016.2818603515625
64_20220829 01,902.3541870117188
64_20220829 02,827.0252075195312
64_20220829 03,783.6670532226562
64_20220829 04,777.789794921875
64_20220829 05,801.3675537109375
64_20220829 06,906.9700317382812
64_20220829 07,1032.550048828125
64_20220829 08,1044.9378662109375
64_20220829 09,1032.124267578125
64_20220829 10,1027.532958984375
64_20220829 11,1042.645751953125
64_20220829 12,1078.214111328125
64_20220829 13,1054.478759765625
64_20220829 14,1043.8148193359375
64_20220829 15,1055.94921875
64_20220829 16,1124.333984375
64_20220829 17,1228.491455078125
64_20220829 18,1360.578369140625
64_20220829 19,1431.4952392578125
64_20220829 20,1443.7659912109375
64_20220829 21,1439.530517578125
64_20220829 22,1356.763671875
64_20220829 23,1174.347900390625
64_20220830 00,993.59130859375
64_20220830 01,886.8274536132812
64_20220830 02,820.8616333007812
64_20220830 03,780.4360961914062
64_20220830 04,779.7096557617188
64_20220830 05,796.98486328125
64_20220830 06,907.9688720703125
64_20220830 07,1034.515380859375
64_20220830 08,1043.946044921875
64_20220830 09,1023.8030395507812
64_20220830 10,1011.6744384765625
64_20220830 11,1025.4493408203125
64_20220830 12,1036.9891357421875
64_20220830 13,1027.1695556640625
64_20220830 14,1026.989990234375
64_20220830 15,1039.4261474609375
64_20220830 16,1113.2628173828125
64_20220830 17,1245.6021728515625
64_20220830 18,1403.5533447265625
64_20220830 19,1524.0972900390625
64_20220830 20,1522.3790283203125
64_20220830 21,1507.842041015625
64_20220830 22,1393.487548828125
64_20220830 23,1192.821533203125
64_20220831 00,1010.1755981445312
64_20220831 01,878.1939697265625
64_20220831 02,815.2926635742188
64_20220831 03,779.9815673828125
64_20220831 04,779.5678100585938
64_20220831 05,792.9977416992188
64_20220831 06,892.3292236328125
64_20220831 07,1028.049560546875
64_20220831 08,1035.204833984375
64_20220831 09,1019.6531982421875
64_20220831 10,1005.3634033203125
64_20220831 11,1012.7136840820312
64_20220831 12,1024.3165283203125
64_20220831 13,1016.6173095703125
64_20220831 14,1011.0026245117188
64_20220831 15,1016.6971435546875
64_20220831 16,1058.345458984375
64_20220831 17,1179.157470703125
64_20220831 18,1311.192138671875
64_20220831 19,1426.1002197265625
64_20220831 20,1457.7115478515625
64_20220831 21,1438.67919921875
64_20220831 22,1341.5162353515625
64_20220831 23,1185.738525390625
65_20220825 00,484.38836669921875
65_20220825 01,393.3831787109375
65_20220825 02,347.2919921875
65_20220825 03,342.0658264160156
65_20220825 04,342.01348876953125
65_20220825 05,340.254638671875
65_20220825 06,479.9610900878906
65_20220825 07,684.2131958007812
65_20220825 08,694.0371704101562
65_20220825 09,643.816650390625
65_20220825 10,565.4652099609375
65_20220825 11,523.5789794921875
65_20220825 12,537.0774536132812
65_20220825 13,536.3031005859375
65_20220825 14,541.7033081054688
65_20220825 15,556.4535522460938
65_20220825 16,675.0291748046875
65_20220825 17,817.544189453125
65_20220825 18,857.9729614257812
65_20220825 19,833.560546875
65_20220825 20,782.5817260742188
65_20220825 21,762.0743408203125
65_20220825 22,696.477783203125
65_20220825 23,627.6695556640625
65_20220826 00,492.39959716796875
65_20220826 01,395.15966796875
65_20220826 02,345.973388671875
65_20220826 03,337.29656982421875
65_20220826 04,336.9032287597656
65_20220826 05,338.1612243652344
65_20220826 06,465.6165466308594
65_20220826 07,662.23193359375
65_20220826 08,664.299072265625
65_20220826 09,635.8297119140625
65_20220826 10,560.7214965820312
65_20220826 11,507.2616271972656
65_20220826 12,531.7589111328125
65_20220826 13,533.5279541015625
65_20220826 14,532.6409912109375
65_20220826 15,548.922119140625
65_20220826 16,668.6857299804688
65_20220826 17,772.9825439453125
65_20220826 18,869.03369140625
65_20220826 19,846.8098754882812
65_20220826 20,794.6015014648438
65_20220826 21,764.7277221679688
65_20220826 22,702.7230224609375
65_20220826 23,639.5149536132812
65_20220827 00,516.1639404296875
65_20220827 01,430.30865478515625
65_20220827 02,385.98443603515625
65_20220827 03,338.97344970703125
65_20220827 04,337.26666259765625
65_20220827 05,335.82501220703125
65_20220827 06,447.17205810546875
65_20220827 07,673.2366333007812
65_20220827 08,677.1951904296875
65_20220827 09,648.5384521484375
65_20220827 10,645.0460205078125
65_20220827 11,625.6776123046875
65_20220827 12,644.4944458007812
65_20220827 13,644.1007080078125
65_20220827 14,641.04541015625
65_20220827 15,636.4711303710938
65_20220827 16,696.677734375
65_20220827 17,786.1661376953125
65_20220827 18,794.8271484375
65_20220827 19,799.2252807617188
65_20220827 20,739.2467651367188
65_20220827 21,726.3900146484375
65_20220827 22,671.581787109375
65_20220827 23,617.103271484375
65_20220828 00,503.8763122558594
65_20220828 01,417.6499938964844
65_20220828 02,368.37042236328125
65_20220828 03,339.6607666015625
65_20220828 04,336.53363037109375
65_20220828 05,338.2568359375
65_20220828 06,442.7625427246094
65_20220828 07,664.2835083007812
65_20220828 08,657.7852783203125
65_20220828 09,639.3999633789062
65_20220828 10,636.8698120117188
65_20220828 11,622.4627685546875
65_20220828 12,644.83837890625
65_20220828 13,654.6570434570312
65_20220828 14,659.5428466796875
65_20220828 15,663.3594970703125
65_20220828 16,761.958740234375
65_20220828 17,816.56884765625
65_20220828 18,827.8571166992188
65_20220828 19,817.9397583007812
65_20220828 20,760.1871337890625
65_20220828 21,747.7679443359375
65_20220828 22,682.2772216796875
65_20220828 23,616.9296264648438
65_20220829 00,501.785400390625
65_20220829 01,419.27716064453125
65_20220829 02,366.1142883300781
65_20220829 03,340.0616149902344
65_20220829 04,333.68505859375
65_20220829 05,335.2795715332031
65_20220829 06,454.3916015625
65_20220829 07,667.119140625
65_20220829 08,663.618896484375
65_20220829 09,632.3587036132812
65_20220829 10,591.8912353515625
65_20220829 11,547.7706298828125
65_20220829 12,547.3070068359375
65_20220829 13,543.5201416015625
65_20220829 14,539.8270263671875
65_20220829 15,543.630615234375
65_20220829 16,642.8211059570312
65_20220829 17,758.757568359375
65_20220829 18,834.4469604492188
65_20220829 19,813.7511596679688
65_20220829 20,766.2684326171875
65_20220829 21,742.6754150390625
65_20220829 22,673.5947265625
65_20220829 23,614.9224853515625
65_20220830 00,490.5204162597656
65_20220830 01,388.296630859375
65_20220830 02,342.84478759765625
65_20220830 03,334.545166015625
65_20220830 04,337.74078369140625
65_20220830 05,336.3912048339844
65_20220830 06,475.971435546875
65_20220830 07,664.6323852539062
65_20220830 08,672.2958984375
65_20220830 09,636.3941650390625
65_20220830 10,585.3467407226562
65_20220830 11,532.4356689453125
65_20220830 12,579.1891479492188
65_20220830 13,543.8654174804688
65_20220830 14,546.777587890625
65_20220830 15,603.3749389648438
65_20220830 16,732.65771484375
65_20220830 17,895.302734375
65_20220830 18,1018.4299926757812
65_20220830 19,1013.7566528320312
65_20220830 20,879.0836791992188
65_20220830 21,831.9773559570312
65_20220830 22,736.2716674804688
65_20220830 23,647.4129638671875
65_20220831 00,527.9422607421875
65_20220831 01,402.39544677734375
65_20220831 02,353.74664306640625
65_20220831 03,350.0254211425781
65_20220831 04,341.0946960449219
65_20220831 05,341.23809814453125
65_20220831 06,467.66064453125
65_20220831 07,687.2659912109375
65_20220831 08,682.349609375
65_20220831 09,644.8399658203125
65_20220831 10,557.4258422851562
65_20220831 11,498.3392639160156
65_20220831 12,500.502685546875
65_20220831 13,499.10601806640625
65_20220831 14,518.2725830078125
65_20220831 15,526.8742065429688
65_20220831 16,650.8274536132812
65_20220831 17,764.5615234375
65_20220831 18,817.6028442382812
65_20220831 19,788.8063354492188
65_20220831 20,760.9715576171875
65_20220831 21,735.0079956054688
65_20220831 22,672.1627197265625
65_20220831 23,622.28076171875
66_20220825 00,379.75091552734375
66_20220825 01,325.15972900390625
66_20220825 02,308.7445373535156
66_20220825 03,304.4903564453125
66_20220825 04,303.4071350097656
66_20220825 05,315.5616455078125
66_20220825 06,349.11541748046875
66_20220825 07,366.7113952636719
66_20220825 08,359.47509765625
66_20220825 09,368.11688232421875
66_20220825 10,359.10516357421875
66_20220825 11,362.9759216308594
66_20220825 12,377.6473083496094
66_20220825 13,373.78619384765625
66_20220825 14,371.9461364746094
66_20220825 15,373.56842041015625
66_20220825 16,369.310546875
66_20220825 17,398.76397705078125
66_20220825 18,428.6546936035156
66_20220825 19,446.9305725097656
66_20220825 20,449.173095703125
66_20220825 21,429.947021484375
66_20220825 22,404.1077880859375
66_20220825 23,364.6826477050781
66_20220826 00,360.1151123046875
66_20220826 01,324.7183837890625
66_20220826 02,305.89239501953125
66_20220826 03,301.38482666015625
66_20220826 04,302.04888916015625
66_20220826 05,313.0724792480469
66_20220826 06,347.1658020019531
66_20220826 07,364.67120361328125
66_20220826 08,358.1628723144531
66_20220826 09,363.9212341308594
66_20220826 10,349.5301818847656
66_20220826 11,352.87384033203125
66_20220826 12,367.8356018066406
66_20220826 13,364.02801513671875
66_20220826 14,361.30938720703125
66_20220826 15,378.32940673828125
66_20220826 16,376.5041198730469
66_20220826 17,401.99993896484375
66_20220826 18,420.91455078125
66_20220826 19,447.17559814453125
66_20220826 20,457.83526611328125
66_20220826 21,438.7440490722656
66_20220826 22,414.35260009765625
66_20220826 23,378.5731506347656
66_20220827 00,368.05377197265625
66_20220827 01,323.64093017578125
66_20220827 02,309.65667724609375
66_20220827 03,302.9688415527344
66_20220827 04,303.0348205566406
66_20220827 05,308.5561218261719
66_20220827 06,333.5170593261719
66_20220827 07,360.62017822265625
66_20220827 08,367.5359191894531
66_20220827 09,394.84613037109375
66_20220827 10,375.52276611328125
66_20220827 11,374.71453857421875
66_20220827 12,386.5738830566406
66_20220827 13,382.9975280761719
66_20220827 14,377.0762634277344
66_20220827 15,398.32855224609375
66_20220827 16,390.1775817871094
66_20220827 17,407.337646484375
66_20220827 18,415.843017578125
66_20220827 19,428.95379638671875
66_20220827 20,441.25970458984375
66_20220827 21,427.6388244628906
66_20220827 22,403.3719787597656
66_20220827 23,364.39862060546875
66_20220828 00,361.2937927246094
66_20220828 01,322.30340576171875
66_20220828 02,307.2662048339844
66_20220828 03,302.1885681152344
66_20220828 04,300.77142333984375
66_20220828 05,306.5534973144531
66_20220828 06,331.6477355957031
66_20220828 07,362.70758056640625
66_20220828 08,372.1198425292969
66_20220828 09,407.3446350097656
66_20220828 10,390.99383544921875
66_20220828 11,391.03680419921875
66_20220828 12,409.4834899902344
66_20220828 13,411.26727294921875
66_20220828 14,417.6241760253906
66_20220828 15,431.0333557128906
66_20220828 16,431.7759704589844
66_20220828 17,439.78033447265625
66_20220828 18,447.2529296875
66_20220828 19,444.966064453125
66_20220828 20,456.24462890625
66_20220828 21,438.14239501953125
66_20220828 22,417.7216796875
66_20220828 23,382.915283203125
66_20220829 00,370.3010559082031
66_20220829 01,321.7597961425781
66_20220829 02,307.6414489746094
66_20220829 03,301.7068176269531
66_20220829 04,301.5751647949219
66_20220829 05,314.9676208496094
66_20220829 06,348.8828430175781
66_20220829 07,366.1114807128906
66_20220829 08,363.33245849609375
66_20220829 09,368.0816345214844
66_20220829 10,353.91845703125
66_20220829 11,358.19403076171875
66_20220829 12,363.98760986328125
66_20220829 13,356.8029479980469
66_20220829 14,354.6871032714844
66_20220829 15,368.4388122558594
66_20220829 16,368.06585693359375
66_20220829 17,399.505126953125
66_20220829 18,431.2386779785156
66_20220829 19,449.2362365722656
66_20220829 20,457.59246826171875
66_20220829 21,437.577880859375
66_20220829 22,407.0050048828125
66_20220829 23,366.04449462890625
66_20220830 00,359.80859375
66_20220830 01,323.250732421875
66_20220830 02,306.9563903808594
66_20220830 03,302.3258361816406
66_20220830 04,302.15478515625
66_20220830 05,314.01934814453125
66_20220830 06,348.1866149902344
66_20220830 07,366.9942321777344
66_20220830 08,368.2701416015625
66_20220830 09,365.2845458984375
66_20220830 10,352.25384521484375
66_20220830 11,356.39178466796875
66_20220830 12,365.90087890625
66_20220830 13,364.3018493652344
66_20220830 14,363.2093811035156
66_20220830 15,376.29937744140625
66_20220830 16,381.6171875
66_20220830 17,422.30633544921875
66_20220830 18,456.5889587402344
66_20220830 19,474.98760986328125
66_20220830 20,476.8975524902344
66_20220830 21,453.2560119628906
66_20220830 22,421.3690490722656
66_20220830 23,378.0716857910156
66_20220831 00,368.02630615234375
66_20220831 01,328.5533142089844
66_20220831 02,311.1023254394531
66_20220831 03,303.9579162597656
66_20220831 04,305.73175048828125
66_20220831 05,317.7982177734375
66_20220831 06,353.290771484375
66_20220831 07,370.68572998046875
66_20220831 08,364.17779541015625
66_20220831 09,369.51116943359375
66_20220831 10,354.85247802734375
66_20220831 11,361.35748291015625
66_20220831 12,366.2754211425781
66_20220831 13,356.7826232910156
66_20220831 14,349.78399658203125
66_20220831 15,362.7919006347656
66_20220831 16,366.8105163574219
66_20220831 17,395.94781494140625
66_20220831 18,428.9554748535156
66_20220831 19,445.62884521484375
66_20220831 20,467.2267150878906
66_20220831 21,437.8072814941406
66_20220831 22,404.9644470214844
66_20220831 23,369.1387634277344
67_20220825 00,1071.302978515625
67_20220825 01,935.4169921875
67_20220825 02,870.5914306640625
67_20220825 03,860.9722900390625
67_20220825 04,862.275390625
67_20220825 05,871.697265625
67_20220825 06,1017.3682861328125
67_20220825 07,1134.9742431640625
67_20220825 08,1136.4625244140625
67_20220825 09,1105.9832763671875
67_20220825 10,1128.1510009765625
67_20220825 11,1134.53369140625
67_20220825 12,1155.6102294921875
67_20220825 13,1142.147705078125
67_20220825 14,1140.745361328125
67_20220825 15,1145.232666015625
67_20220825 16,1194.08984375
67_20220825 17,1325.221923828125
67_20220825 18,1475.8131103515625
67_20220825 19,1549.62646484375
67_20220825 20,1570.2857666015625
67_20220825 21,1577.6083984375
67_20220825 22,1467.1405029296875
67_20220825 23,1302.212890625
67_20220826 00,1092.434814453125
67_20220826 01,975.0711669921875
67_20220826 02,911.2271728515625
67_20220826 03,899.2946166992188
67_20220826 04,901.9622192382812
67_20220826 05,913.42041015625
67_20220826 06,1021.3810424804688
67_20220826 07,1135.306884765625
67_20220826 08,1141.07421875
67_20220826 09,1115.713134765625
67_20220826 10,1114.7769775390625
67_20220826 11,1139.18603515625
67_20220826 12,1156.7767333984375
67_20220826 13,1143.290283203125
67_20220826 14,1139.891357421875
67_20220826 15,1143.389892578125
67_20220826 16,1187.8167724609375
67_20220826 17,1312.6142578125
67_20220826 18,1441.1741943359375
67_20220826 19,1534.8629150390625
67_20220826 20,1536.128662109375
67_20220826 21,1533.88037109375
67_20220826 22,1479.8922119140625
67_20220826 23,1323.489990234375
67_20220827 00,1139.0196533203125
67_20220827 01,1032.5953369140625
67_20220827 02,931.7689208984375
67_20220827 03,886.7669677734375
67_20220827 04,885.8219604492188
67_20220827 05,880.2669067382812
67_20220827 06,923.4732666015625
67_20220827 07,1069.76318359375
67_20220827 08,1145.146728515625
67_20220827 09,1218.11376953125
67_20220827 10,1260.568359375
67_20220827 11,1279.1634521484375
67_20220827 12,1288.6417236328125
67_20220827 13,1299.8626708984375
67_20220827 14,1315.898193359375
67_20220827 15,1354.3363037109375
67_20220827 16,1303.722900390625
67_20220827 17,1357.5985107421875
67_20220827 18,1485.2000732421875
67_20220827 19,1519.3525390625
67_20220827 20,1542.2955322265625
67_20220827 21,1521.47607421875
67_20220827 22,1447.6790771484375
67_20220827 23,1326.8304443359375
67_20220828 00,1135.680908203125
67_20220828 01,1006.8115234375
67_20220828 02,902.7030029296875
67_20220828 03,864.1238403320312
67_20220828 04,865.1151123046875
67_20220828 05,863.6416015625
67_20220828 06,897.9339599609375
67_20220828 07,1041.744140625
67_20220828 08,1135.074462890625
67_20220828 09,1223.688232421875
67_20220828 10,1269.400146484375
67_20220828 11,1290.4000244140625
67_20220828 12,1303.4215087890625
67_20220828 13,1305.361572265625
67_20220828 14,1279.364013671875
67_20220828 15,1278.076171875
67_20220828 16,1302.1107177734375
67_20220828 17,1371.089111328125
67_20220828 18,1470.141845703125
67_20220828 19,1501.202880859375
67_20220828 20,1512.7203369140625
67_20220828 21,1505.3648681640625
67_20220828 22,1432.64404296875
67_20220828 23,1272.558837890625
67_20220829 00,1077.3616943359375
67_20220829 01,945.2021484375
67_20220829 02,870.4991455078125
67_20220829 03,860.20654296875
67_20220829 04,861.8268432617188
67_20220829 05,872.15966796875
67_20220829 06,1010.4398193359375
67_20220829 07,1125.0025634765625
67_20220829 08,1129.7115478515625
67_20220829 09,1103.88525390625
67_20220829 10,1083.6788330078125
67_20220829 11,1130.11669921875
67_20220829 12,1157.2701416015625
67_20220829 13,1190.2939453125
67_20220829 14,1140.9654541015625
67_20220829 15,1142.469970703125
67_20220829 16,1193.9080810546875
67_20220829 17,1327.701904296875
67_20220829 18,1483.070556640625
67_20220829 19,1535.7381591796875
67_20220829 20,1535.5362548828125
67_20220829 21,1530.75146484375
67_20220829 22,1461.731201171875
67_20220829 23,1282.155029296875
67_20220830 00,1090.847412109375
67_20220830 01,980.296875
67_20220830 02,906.2507934570312
67_20220830 03,892.0679931640625
67_20220830 04,889.5368041992188
67_20220830 05,889.3033447265625
67_20220830 06,1028.037841796875
67_20220830 07,1138.1156005859375
67_20220830 08,1145.905029296875
67_20220830 09,1134.952392578125
67_20220830 10,1133.5755615234375
67_20220830 11,1136.534423828125
67_20220830 12,1156.8121337890625
67_20220830 13,1142.433349609375
67_20220830 14,1125.24755859375
67_20220830 15,1150.354736328125
67_20220830 16,1181.6044921875
67_20220830 17,1512.33203125
67_20220830 18,1712.785400390625
67_20220830 19,1770.287353515625
67_20220830 20,1776.1138916015625
67_20220830 21,1762.6370849609375
67_20220830 22,1591.9312744140625
67_20220830 23,1412.4466552734375
67_20220831 00,1160.322021484375
67_20220831 01,1013.4771728515625
67_20220831 02,933.6136474609375
67_20220831 03,932.8416137695312
67_20220831 04,933.2811279296875
67_20220831 05,936.4347534179688
67_20220831 06,1057.342529296875
67_20220831 07,1212.660400390625
67_20220831 08,1235.6953125
67_20220831 09,1204.113037109375
67_20220831 10,1170.705322265625
67_20220831 11,1170.9810791015625
67_20220831 12,1206.1373291015625
67_20220831 13,1180.753662109375
67_20220831 14,1157.501708984375
67_20220831 15,1150.106689453125
67_20220831 16,1152.9947509765625
67_20220831 17,1315.2945556640625
67_20220831 18,1433.518310546875
67_20220831 19,1538.7890625
67_20220831 20,1544.4573974609375
67_20220831 21,1482.1072998046875
67_20220831 22,1396.801025390625
67_20220831 23,1224.385498046875
68_20220825 00,1863.942626953125
68_20220825 01,1507.0341796875
68_20220825 02,1364.93408203125
68_20220825 03,1295.5638427734375
68_20220825 04,1273.806884765625
68_20220825 05,1300.0543212890625
68_20220825 06,1548.6331787109375
68_20220825 07,1842.384521484375
68_20220825 08,1874.5455322265625
68_20220825 09,1747.278076171875
68_20220825 10,1729.416259765625
68_20220825 11,1735.943603515625
68_20220825 12,1742.974609375
68_20220825 13,1746.9443359375
68_20220825 14,1806.564697265625
68_20220825 15,1769.052978515625
68_20220825 16,1839.1097412109375
68_20220825 17,2037.6546630859375
68_20220825 18,2228.7490234375
68_20220825 19,2422.15966796875
68_20220825 20,2460.85302734375
68_20220825 21,2450.879150390625
68_20220825 22,2352.74169921875
68_20220825 23,2106.76025390625
68_20220826 00,1741.406005859375
68_20220826 01,1497.6817626953125
68_20220826 02,1348.623291015625
68_20220826 03,1284.009765625
68_20220826 04,1267.955810546875
68_20220826 05,1292.410888671875
68_20220826 06,1541.606201171875
68_20220826 07,1834.0660400390625
68_20220826 08,1855.503173828125
68_20220826 09,1742.7255859375
68_20220826 10,1725.175048828125
68_20220826 11,1734.5927734375
68_20220826 12,1732.1259765625
68_20220826 13,1748.6243896484375
68_20220826 14,1770.920654296875
68_20220826 15,1845.276611328125
68_20220826 16,1875.975341796875
68_20220826 17,2034.3160400390625
68_20220826 18,2245.03271484375
68_20220826 19,2430.353515625
68_20220826 20,2507.662109375
68_20220826 21,2493.877685546875
68_20220826 22,2392.113525390625
68_20220826 23,2167.13037109375
68_20220827 00,1838.410400390625
68_20220827 01,1565.565673828125
68_20220827 02,1371.0230712890625
68_20220827 03,1300.8841552734375
68_20220827 04,1264.695068359375
68_20220827 05,1272.335693359375
68_20220827 06,1360.0628662109375
68_20220827 07,1536.530517578125
68_20220827 08,1769.310546875
68_20220827 09,1935.2818603515625
68_20220827 10,2034.766845703125
68_20220827 11,2075.10302734375
68_20220827 12,2092.91064453125
68_20220827 13,2089.59716796875
68_20220827 14,2066.662841796875
68_20220827 15,2055.640625
68_20220827 16,2063.29931640625
68_20220827 17,2094.259033203125
68_20220827 18,2316.034423828125
68_20220827 19,2422.79541015625
68_20220827 20,2450.830810546875
68_20220827 21,2435.75830078125
68_20220827 22,2320.52783203125
68_20220827 23,2096.106689453125
68_20220828 00,1818.3665771484375
68_20220828 01,1563.7003173828125
68_20220828 02,1358.2735595703125
68_20220828 03,1288.91162109375
68_20220828 04,1264.773681640625
68_20220828 05,1272.032470703125
68_20220828 06,1344.2945556640625
68_20220828 07,1526.530517578125
68_20220828 08,1752.749267578125
68_20220828 09,1938.8880615234375
68_20220828 10,2074.390380859375
68_20220828 11,2079.024169921875
68_20220828 12,2153.179443359375
68_20220828 13,2217.217529296875
68_20220828 14,2183.628173828125
68_20220828 15,2162.87060546875
68_20220828 16,2241.072265625
68_20220828 17,2360.34765625
68_20220828 18,2537.079345703125
68_20220828 19,2593.22900390625
68_20220828 20,2536.59130859375
68_20220828 21,2527.98095703125
68_20220828 22,2419.26123046875
68_20220828 23,2145.490966796875
68_20220829 00,1761.5238037109375
68_20220829 01,1503.053955078125
68_20220829 02,1357.8995361328125
68_20220829 03,1290.9044189453125
68_20220829 04,1269.1585693359375
68_20220829 05,1296.7427978515625
68_20220829 06,1544.62158203125
68_20220829 07,1835.251220703125
68_20220829 08,1867.1138916015625
68_20220829 09,1754.4974365234375
68_20220829 10,1737.5384521484375
68_20220829 11,1765.4384765625
68_20220829 12,1794.5833740234375
68_20220829 13,1805.239013671875
68_20220829 14,1801.1138916015625
68_20220829 15,1872.48046875
68_20220829 16,1924.688232421875
68_20220829 17,2107.830078125
68_20220829 18,2372.03662109375
68_20220829 19,2534.81884765625
68_20220829 20,2549.872802734375
68_20220829 21,2524.218505859375
68_20220829 22,2440.79638671875
68_20220829 23,2129.269775390625
68_20220830 00,1760.046630859375
68_20220830 01,1500.8150634765625
68_20220830 02,1351.6925048828125
68_20220830 03,1287.4833984375
68_20220830 04,1268.6422119140625
68_20220830 05,1298.3330078125
68_20220830 06,1552.56787109375
68_20220830 07,1846.7454833984375
68_20220830 08,1881.794677734375
68_20220830 09,1759.6314697265625
68_20220830 10,1757.230224609375
68_20220830 11,1770.255126953125
68_20220830 12,1774.4453125
68_20220830 13,1813.555419921875
68_20220830 14,1835.6334228515625
68_20220830 15,1871.942138671875
68_20220830 16,1983.1015625
68_20220830 17,2165.294677734375
68_20220830 18,2466.532958984375
68_20220830 19,2640.80078125
68_20220830 20,2672.11962890625
68_20220830 21,2646.90673828125
68_20220830 22,2532.2763671875
68_20220830 23,2160.73974609375
68_20220831 00,1753.5999755859375
68_20220831 01,1518.743408203125
68_20220831 02,1357.7933349609375
68_20220831 03,1292.0362548828125
68_20220831 04,1270.9527587890625
68_20220831 05,1297.73046875
68_20220831 06,1549.3924560546875
68_20220831 07,1839.4984130859375
68_20220831 08,1868.0208740234375
68_20220831 09,1748.390380859375
68_20220831 10,1725.6539306640625
68_20220831 11,1729.646728515625
68_20220831 12,1741.9410400390625
68_20220831 13,1753.1370849609375
68_20220831 14,1768.0953369140625
68_20220831 15,1802.3392333984375
68_20220831 16,1845.0306396484375
68_20220831 17,2072.890869140625
68_20220831 18,2290.22509765625
68_20220831 19,2453.074462890625
68_20220831 20,2513.780029296875
68_20220831 21,2472.37255859375
68_20220831 22,2363.51806640625
68_20220831 23,2107.885009765625
69_20220825 00,3612.295654296875
69_20220825 01,3575.137939453125
69_20220825 02,3550.469970703125
69_20220825 03,3531.229248046875
69_20220825 04,3518.35205078125
69_20220825 05,3576.828857421875
69_20220825 06,4307.37158203125
69_20220825 07,5113.70458984375
69_20220825 08,5291.0107421875
69_20220825 09,5515.34912109375
69_20220825 10,5767.5341796875
69_20220825 11,5855.7470703125
69_20220825 12,5890.67626953125
69_20220825 13,6053.04150390625
69_20220825 14,5949.5458984375
69_20220825 15,5646.09375
69_20220825 16,5652.77685546875
69_20220825 17,5322.6201171875
69_20220825 18,4485.86181640625
69_20220825 19,4005.93408203125
69_20220825 20,3893.53369140625
69_20220825 21,3794.86865234375
69_20220825 22,3726.968017578125
69_20220825 23,3660.739013671875
69_20220826 00,3586.79541015625
69_20220826 01,3552.69482421875
69_20220826 02,3537.46484375
69_20220826 03,3511.78857421875
69_20220826 04,3578.69140625
69_20220826 05,3649.690673828125
69_20220826 06,4199.2451171875
69_20220826 07,4758.2353515625
69_20220826 08,5017.22509765625
69_20220826 09,5222.0234375
69_20220826 10,5542.23291015625
69_20220826 11,5770.96728515625
69_20220826 12,5740.1748046875
69_20220826 13,6097.67529296875
69_20220826 14,5958.5166015625
69_20220826 15,6288.18798828125
69_20220826 16,6191.9794921875
69_20220826 17,5496.00341796875
69_20220826 18,4555.65283203125
69_20220826 19,4077.91943359375
69_20220826 20,3975.260986328125
69_20220826 21,3812.928466796875
69_20220826 22,3753.02587890625
69_20220826 23,3671.87060546875
69_20220827 00,3595.009765625
69_20220827 01,3547.61572265625
69_20220827 02,3538.94140625
69_20220827 03,3525.192626953125
69_20220827 04,3475.69580078125
69_20220827 05,3467.064453125
69_20220827 06,3464.850341796875
69_20220827 07,3473.798828125
69_20220827 08,3469.78564453125
69_20220827 09,3483.185546875
69_20220827 10,3524.264892578125
69_20220827 11,3564.6484375
69_20220827 12,3617.821533203125
69_20220827 13,3668.938232421875
69_20220827 14,3710.048828125
69_20220827 15,3771.352783203125
69_20220827 16,3780.80322265625
69_20220827 17,3766.0859375
69_20220827 18,3719.740966796875
69_20220827 19,3614.94384765625
69_20220827 20,3599.682861328125
69_20220827 21,3553.162841796875
69_20220827 22,3530.598876953125
69_20220827 23,3517.115966796875
69_20220828 00,3496.774658203125
69_20220828 01,3476.025390625
69_20220828 02,3469.954345703125
69_20220828 03,3459.44873046875
69_20220828 04,3457.927734375
69_20220828 05,3458.998779296875
69_20220828 06,3460.977294921875
69_20220828 07,3469.87158203125
69_20220828 08,3486.909423828125
69_20220828 09,3485.688232421875
69_20220828 10,3516.932861328125
69_20220828 11,3566.48828125
69_20220828 12,3697.552001953125
69_20220828 13,3726.58935546875
69_20220828 14,3754.853515625
69_20220828 15,3791.498779296875
69_20220828 16,3812.280029296875
69_20220828 17,3833.42333984375
69_20220828 18,3765.442626953125
69_20220828 19,3717.53369140625
69_20220828 20,3643.962158203125
69_20220828 21,3590.52392578125
69_20220828 22,3558.94287109375
69_20220828 23,3544.12890625
69_20220829 00,3520.16748046875
69_20220829 01,3481.42236328125
69_20220829 02,3455.227783203125
69_20220829 03,3451.77978515625
69_20220829 04,3450.391845703125
69_20220829 05,3562.19873046875
69_20220829 06,4210.6376953125
69_20220829 07,4759.97705078125
69_20220829 08,4951.7822265625
69_20220829 09,5190.6552734375
69_20220829 10,5433.923828125
69_20220829 11,5477.7724609375
69_20220829 12,5429.4580078125
69_20220829 13,5516.3876953125
69_20220829 14,5409.21484375
69_20220829 15,5520.796875
69_20220829 16,5425.5615234375
69_20220829 17,5045.82666015625
69_20220829 18,4098.2099609375
69_20220829 19,3938.29541015625
69_20220829 20,3859.15576171875
69_20220829 21,3767.55029296875
69_20220829 22,3714.839111328125
69_20220829 23,3651.04345703125
69_20220830 00,3584.337890625
69_20220830 01,3557.778076171875
69_20220830 02,3528.897216796875
69_20220830 03,3566.350341796875
69_20220830 04,3624.83349609375
69_20220830 05,3683.27099609375
69_20220830 06,4263.31396484375
69_20220830 07,4899.3515625
69_20220830 08,5292.33837890625
69_20220830 09,5697.8798828125
69_20220830 10,5837.58056640625
69_20220830 11,5831.9306640625
69_20220830 12,5792.3466796875
69_20220830 13,5969.15673828125
69_20220830 14,5775.5439453125
69_20220830 15,5930.31884765625
69_20220830 16,5935.37255859375
69_20220830 17,5511.9833984375
69_20220830 18,4278.71044921875
69_20220830 19,4095.83349609375
69_20220830 20,3946.50244140625
69_20220830 21,3824.540283203125
69_20220830 22,3771.87890625
69_20220830 23,3692.424560546875
69_20220831 00,3620.13525390625
69_20220831 01,3596.190185546875
69_20220831 02,3569.180908203125
69_20220831 03,3563.026611328125
69_20220831 04,3562.880126953125
69_20220831 05,3590.119873046875
69_20220831 06,4190.4794921875
69_20220831 07,4708.1435546875
69_20220831 08,4962.6259765625
69_20220831 09,5308.97509765625
69_20220831 10,5495.09765625
69_20220831 11,5544.9150390625
69_20220831 12,5531.18798828125
69_20220831 13,5553.6689453125
69_20220831 14,5529.26416015625
69_20220831 15,5553.04833984375
69_20220831 16,5528.46728515625
69_20220831 17,5344.5556640625
69_20220831 18,4481.056640625
69_20220831 19,4096.796875
69_20220831 20,3981.46728515625
69_20220831 21,3796.664794921875
69_20220831 22,3726.53125
69_20220831 23,3690.71630859375
70_20220825 00,3418.40869140625
70_20220825 01,3365.496826171875
70_20220825 02,3322.69189453125
70_20220825 03,3228.692138671875
70_20220825 04,3225.96337890625
70_20220825 05,3236.245849609375
70_20220825 06,3857.89306640625
70_20220825 07,5231.9130859375
70_20220825 08,6353.724609375
70_20220825 09,6566.37744140625
70_20220825 10,6617.13134765625
70_20220825 11,6615.5517578125
70_20220825 12,6658.4560546875
70_20220825 13,6637.4375
70_20220825 14,6705.3232421875
70_20220825 15,6634.55859375
70_20220825 16,6615.34619140625
70_20220825 17,6439.3037109375
70_20220825 18,5000.85693359375
70_20220825 19,4058.33544921875
70_20220825 20,3740.815673828125
70_20220825 21,3659.729248046875
70_20220825 22,3528.293701171875
70_20220825 23,3417.67333984375
70_20220826 00,3416.9765625
70_20220826 01,3365.94287109375
70_20220826 02,3316.96630859375
70_20220826 03,3238.17822265625
70_20220826 04,3233.73583984375
70_20220826 05,3239.18310546875
70_20220826 06,3836.232421875
70_20220826 07,5129.3193359375
70_20220826 08,5975.50439453125
70_20220826 09,6358.01708984375
70_20220826 10,6525.90673828125
70_20220826 11,6487.23291015625
70_20220826 12,6486.193359375
70_20220826 13,6481.64111328125
70_20220826 14,6650.91259765625
70_20220826 15,6622.2119140625
70_20220826 16,6613.10546875
70_20220826 17,6360.71484375
70_20220826 18,4739.10693359375
70_20220826 19,4156.81103515625
70_20220826 20,3755.419921875
70_20220826 21,3664.051513671875
70_20220826 22,3522.08740234375
70_20220826 23,3380.48388671875
70_20220827 00,3322.710205078125
70_20220827 01,3313.335205078125
70_20220827 02,3251.52392578125
70_20220827 03,3222.24462890625
70_20220827 04,3211.766357421875
70_20220827 05,3181.69677734375
70_20220827 06,3182.79931640625
70_20220827 07,3201.301513671875
70_20220827 08,3226.515625
70_20220827 09,3253.30517578125
70_20220827 10,3212.20947265625
70_20220827 11,3238.90478515625
70_20220827 12,3291.76513671875
70_20220827 13,3261.733642578125
70_20220827 14,3351.87890625
70_20220827 15,3383.303466796875
70_20220827 16,3387.873046875
70_20220827 17,3380.06494140625
70_20220827 18,3312.60888671875
70_20220827 19,3292.9375
70_20220827 20,3318.716796875
70_20220827 21,3292.213623046875
70_20220827 22,3279.891357421875
70_20220827 23,3257.53759765625
70_20220828 00,3248.446533203125
70_20220828 01,3231.32275390625
70_20220828 02,3204.08251953125
70_20220828 03,3164.689208984375
70_20220828 04,3161.734130859375
70_20220828 05,3152.492919921875
70_20220828 06,3148.51220703125
70_20220828 07,3151.68994140625
70_20220828 08,3186.0478515625
70_20220828 09,3204.137451171875
70_20220828 10,3170.20458984375
70_20220828 11,3199.07373046875
70_20220828 12,3237.29345703125
70_20220828 13,3229.791015625
70_20220828 14,3317.00390625
70_20220828 15,3360.078125
70_20220828 16,3388.912841796875
70_20220828 17,3361.526123046875
70_20220828 18,3310.526611328125
70_20220828 19,3296.864501953125
70_20220828 20,3311.38232421875
70_20220828 21,3280.639892578125
70_20220828 22,3270.22314453125
70_20220828 23,3241.871337890625
70_20220829 00,3376.772705078125
70_20220829 01,3311.29931640625
70_20220829 02,3277.92041015625
70_20220829 03,3193.683837890625
70_20220829 04,3177.245849609375
70_20220829 05,3217.2724609375
70_20220829 06,4043.85693359375
70_20220829 07,5310.71337890625
70_20220829 08,5960.6083984375
70_20220829 09,6290.27099609375
70_20220829 10,6405.3837890625
70_20220829 11,6454.1083984375
70_20220829 12,6506.6591796875
70_20220829 13,6480.43310546875
70_20220829 14,6506.95458984375
70_20220829 15,6451.21728515625
70_20220829 16,6349.1640625
70_20220829 17,6069.3291015625
70_20220829 18,5052.77197265625
70_20220829 19,4111.16845703125
70_20220829 20,3795.91259765625
70_20220829 21,3670.072265625
70_20220829 22,3532.676513671875
70_20220829 23,3415.586669921875
70_20220830 00,3415.43212890625
70_20220830 01,3349.916748046875
70_20220830 02,3323.62451171875
70_20220830 03,3227.164794921875
70_20220830 04,3223.34521484375
70_20220830 05,3285.205078125
70_20220830 06,3974.131591796875
70_20220830 07,5254.37890625
70_20220830 08,6086.95849609375
70_20220830 09,6386.255859375
70_20220830 10,6499.6728515625
70_20220830 11,6506.12158203125
70_20220830 12,6507.42333984375
70_20220830 13,6524.02294921875
70_20220830 14,6572.7109375
70_20220830 15,6532.36328125
70_20220830 16,6432.25244140625
70_20220830 17,6191.4013671875
70_20220830 18,5258.9560546875
70_20220830 19,4152.80224609375
70_20220830 20,3802.843017578125
70_20220830 21,3694.921142578125
70_20220830 22,3557.557861328125
70_20220830 23,3424.06982421875
70_20220831 00,3422.157470703125
70_20220831 01,3365.6171875
70_20220831 02,3322.099609375
70_20220831 03,3232.00244140625
70_20220831 04,3223.140625
70_20220831 05,3231.135986328125
70_20220831 06,3928.62353515625
70_20220831 07,5468.8818359375
70_20220831 08,6077.5810546875
70_20220831 09,6380.30078125
70_20220831 10,6554.91552734375
70_20220831 11,6565.59765625
70_20220831 12,6529.5517578125
70_20220831 13,6508.66455078125
70_20220831 14,6536.5380859375
70_20220831 15,6513.7265625
70_20220831 16,6544.18359375
70_20220831 17,6324.87158203125
70_20220831 18,5050.2099609375
70_20220831 19,4045.634033203125
70_20220831 20,3765.587158203125
70_20220831 21,3695.84326171875
70_20220831 22,3548.845703125
70_20220831 23,3420.57470703125
71_20220825 00,2366.0830078125
71_20220825 01,2359.8232421875
71_20220825 02,2354.990234375
71_20220825 03,2357.044921875
71_20220825 04,2346.008544921875
71_20220825 05,1914.2711181640625
71_20220825 06,1918.326904296875
71_20220825 07,1960.9573974609375
71_20220825 08,2362.8798828125
71_20220825 09,2705.01953125
71_20220825 10,2418.59423828125
71_20220825 11,2397.133544921875
71_20220825 12,2796.214111328125
71_20220825 13,2680.5947265625
71_20220825 14,2750.544189453125
71_20220825 15,3023.01416015625
71_20220825 16,3115.53125
71_20220825 17,2855.8828125
71_20220825 18,2366.859619140625
71_20220825 19,2166.365966796875
71_20220825 20,2038.623291015625
71_20220825 21,1975.392822265625
71_20220825 22,1938.731689453125
71_20220825 23,1900.177490234375
71_20220826 00,2362.4375
71_20220826 01,2352.91943359375
71_20220826 02,2333.996826171875
71_20220826 03,2321.28271484375
71_20220826 04,2317.426025390625
71_20220826 05,1891.736328125
71_20220826 06,1891.785888671875
71_20220826 07,1928.11328125
71_20220826 08,2259.472412109375
71_20220826 09,2647.88037109375
71_20220826 10,2328.11328125
71_20220826 11,2341.324951171875
71_20220826 12,2723.4189453125
71_20220826 13,2434.829345703125
71_20220826 14,2487.66162109375
71_20220826 15,2839.3173828125
71_20220826 16,2834.42822265625
71_20220826 17,2585.513671875
71_20220826 18,2226.503173828125
71_20220826 19,2074.787353515625
71_20220826 20,1980.281494140625
71_20220826 21,1923.597900390625
71_20220826 22,1910.732177734375
71_20220826 23,1890.950439453125
71_20220827 00,2229.71728515625
71_20220827 01,2222.792236328125
71_20220827 02,2220.16552734375
71_20220827 03,2192.01220703125
71_20220827 04,2193.946533203125
71_20220827 05,1810.7601318359375
71_20220827 06,1781.253662109375
71_20220827 07,1784.028564453125
71_20220827 08,1741.0511474609375
71_20220827 09,1746.356689453125
71_20220827 10,1305.099853515625
71_20220827 11,1307.9407958984375
71_20220827 12,1740.039794921875
71_20220827 13,1457.1734619140625
71_20220827 14,1310.090087890625
71_20220827 15,1673.408203125
71_20220827 16,1845.32421875
71_20220827 17,1836.080810546875
71_20220827 18,1820.271484375
71_20220827 19,1836.3658447265625
71_20220827 20,1837.272216796875
71_20220827 21,1828.2484130859375
71_20220827 22,1822.9583740234375
71_20220827 23,1791.63671875
71_20220828 00,1768.2613525390625
71_20220828 01,1775.5787353515625
71_20220828 02,1773.8385009765625
71_20220828 03,1776.0367431640625
71_20220828 04,1775.392822265625
71_20220828 05,1756.3577880859375
71_20220828 06,1760.611328125
71_20220828 07,1751.790771484375
71_20220828 08,1745.4833984375
71_20220828 09,1732.446533203125
71_20220828 10,1714.580322265625
71_20220828 11,1723.2591552734375
71_20220828 12,1751.8310546875
71_20220828 13,1746.2044677734375
71_20220828 14,1773.7620849609375
71_20220828 15,1795.152099609375
71_20220828 16,1847.020751953125
71_20220828 17,1862.7880859375
71_20220828 18,1839.8638916015625
71_20220828 19,1844.0689697265625
71_20220828 20,1852.9066162109375
71_20220828 21,1854.2437744140625
71_20220828 22,1849.0062255859375
71_20220828 23,1842.9088134765625
71_20220829 00,2290.998779296875
71_20220829 01,2278.71044921875
71_20220829 02,2284.031005859375
71_20220829 03,2275.303466796875
71_20220829 04,2272.7939453125
71_20220829 05,1866.537841796875
71_20220829 06,1859.69921875
71_20220829 07,1912.748046875
71_20220829 08,2270.96875
71_20220829 09,2638.204345703125
71_20220829 10,2346.27978515625
71_20220829 11,2331.7109375
71_20220829 12,2713.388671875
71_20220829 13,2627.920166015625
71_20220829 14,2683.40869140625
71_20220829 15,2939.494140625
71_20220829 16,3006.89306640625
71_20220829 17,2704.24072265625
71_20220829 18,2319.822021484375
71_20220829 19,2187.53955078125
71_20220829 20,2035.949462890625
71_20220829 21,1980.6943359375
71_20220829 22,1954.4560546875
71_20220829 23,1894.0745849609375
71_20220830 00,2334.482666015625
71_20220830 01,2322.633544921875
71_20220830 02,2317.940673828125
71_20220830 03,2312.188720703125
71_20220830 04,2311.9140625
71_20220830 05,1893.5048828125
71_20220830 06,1896.972900390625
71_20220830 07,1941.37890625
71_20220830 08,2317.57568359375
71_20220830 09,2685.714111328125
71_20220830 10,2399.01416015625
71_20220830 11,2377.23291015625
71_20220830 12,2732.57763671875
71_20220830 13,2626.83935546875
71_20220830 14,2681.34716796875
71_20220830 15,2937.88037109375
71_20220830 16,3011.817626953125
71_20220830 17,2772.77880859375
71_20220830 18,2371.787841796875
71_20220830 19,2245.099609375
71_20220830 20,2139.98193359375
71_20220830 21,2079.15869140625
71_20220830 22,2003.671630859375
71_20220830 23,1959.7835693359375
71_20220831 00,2333.606689453125
71_20220831 01,2332.444091796875
71_20220831 02,2328.0322265625
71_20220831 03,2325.27880859375
71_20220831 04,2324.39013671875
71_20220831 05,1939.0947265625
71_20220831 06,1937.1617431640625
71_20220831 07,1985.900390625
71_20220831 08,2325.14404296875
71_20220831 09,2696.439697265625
71_20220831 10,2419.591796875
71_20220831 11,2402.2880859375
71_20220831 12,2754.024658203125
71_20220831 13,2647.321044921875
71_20220831 14,2723.98193359375
71_20220831 15,3020.12451171875
71_20220831 16,3041.98388671875
71_20220831 17,2749.24658203125
71_20220831 18,2361.000732421875
71_20220831 19,2232.938720703125
71_20220831 20,2110.30322265625
71_20220831 21,2021.915283203125
71_20220831 22,1988.293701171875
71_20220831 23,1944.393310546875
72_20220825 00,1239.0882568359375
72_20220825 01,1223.516357421875
72_20220825 02,1203.6064453125
72_20220825 03,1202.252685546875
72_20220825 04,1205.846435546875
72_20220825 05,1202.2646484375
72_20220825 06,1267.1490478515625
72_20220825 07,1368.9696044921875
72_20220825 08,1472.396484375
72_20220825 09,1571.7777099609375
72_20220825 10,1620.208740234375
72_20220825 11,1612.565673828125
72_20220825 12,1616.3001708984375
72_20220825 13,1637.018310546875
72_20220825 14,1636.2598876953125
72_20220825 15,1656.997314453125
72_20220825 16,1620.777587890625
72_20220825 17,1497.3370361328125
72_20220825 18,1372.875244140625
72_20220825 19,1324.8548583984375
72_20220825 20,1306.304443359375
72_20220825 21,1287.968017578125
72_20220825 22,1269.4671630859375
72_20220825 23,1248.7779541015625
72_20220826 00,1229.150634765625
72_20220826 01,1218.2908935546875
72_20220826 02,1201.936279296875
72_20220826 03,1200.4111328125
72_20220826 04,1198.401611328125
72_20220826 05,1205.7552490234375
72_20220826 06,1257.5797119140625
72_20220826 07,1361.4566650390625
72_20220826 08,1426.32958984375
72_20220826 09,1509.691162109375
72_20220826 10,1560.814208984375
72_20220826 11,1575.1888427734375
72_20220826 12,1570.2330322265625
72_20220826 13,1575.051025390625
72_20220826 14,1601.67626953125
72_20220826 15,1619.638916015625
72_20220826 16,1622.828369140625
72_20220826 17,1504.176025390625
72_20220826 18,1372.1043701171875
72_20220826 19,1330.0836181640625
72_20220826 20,1309.1285400390625
72_20220826 21,1287.9130859375
72_20220826 22,1266.552490234375
72_20220826 23,1238.818603515625
72_20220827 00,1221.6500244140625
72_20220827 01,1234.989013671875
72_20220827 02,1211.232421875
72_20220827 03,1209.74755859375
72_20220827 04,1229.978271484375
72_20220827 05,1213.443115234375
72_20220827 06,1231.258544921875
72_20220827 07,1243.2322998046875
72_20220827 08,1226.06787109375
72_20220827 09,1238.403564453125
72_20220827 10,1270.2899169921875
72_20220827 11,1295.196533203125
72_20220827 12,1298.3074951171875
72_20220827 13,1296.6290283203125
72_20220827 14,1297.2879638671875
72_20220827 15,1296.328857421875
72_20220827 16,1295.7861328125
72_20220827 17,1297.9228515625
72_20220827 18,1287.240478515625
72_20220827 19,1249.3031005859375
72_20220827 20,1253.091064453125
72_20220827 21,1244.693359375
72_20220827 22,1239.7027587890625
72_20220827 23,1227.41796875
72_20220828 00,1214.211669921875
72_20220828 01,1211.438232421875
72_20220828 02,1211.7943115234375
72_20220828 03,1211.16162109375
72_20220828 04,1210.0828857421875
72_20220828 05,1212.385009765625
72_20220828 06,1214.19970703125
72_20220828 07,1216.766845703125
72_20220828 08,1227.919921875
72_20220828 09,1223.80810546875
72_20220828 10,1214.5789794921875
72_20220828 11,1266.6090087890625
72_20220828 12,1285.1925048828125
72_20220828 13,1288.4866943359375
72_20220828 14,1288.7041015625
72_20220828 15,1289.110107421875
72_20220828 16,1294.9052734375
72_20220828 17,1300.007568359375
72_20220828 18,1288.889404296875
72_20220828 19,1288.698974609375
72_20220828 20,1287.1849365234375
72_20220828 21,1270.24072265625
72_20220828 22,1253.8697509765625
72_20220828 23,1234.38134765625
72_20220829 00,1227.4212646484375
72_20220829 01,1221.0050048828125
72_20220829 02,1208.849853515625
72_20220829 03,1207.2344970703125
72_20220829 04,1207.0621337890625
72_20220829 05,1209.7069091796875
72_20220829 06,1261.464599609375
72_20220829 07,1374.598388671875
72_20220829 08,1430.8304443359375
72_20220829 09,1506.408203125
72_20220829 10,1579.52734375
72_20220829 11,1582.984619140625
72_20220829 12,1575.679443359375
72_20220829 13,1613.31591796875
72_20220829 14,1586.887939453125
72_20220829 15,1587.672607421875
72_20220829 16,1580.362548828125
72_20220829 17,1475.14501953125
72_20220829 18,1385.9498291015625
72_20220829 19,1336.9775390625
72_20220829 20,1320.5601806640625
72_20220829 21,1293.203369140625
72_20220829 22,1284.5400390625
72_20220829 23,1264.8980712890625
72_20220830 00,1237.9552001953125
72_20220830 01,1229.855712890625
72_20220830 02,1221.67626953125
72_20220830 03,1221.489990234375
72_20220830 04,1232.5535888671875
72_20220830 05,1223.208251953125
72_20220830 06,1271.606201171875
72_20220830 07,1382.68505859375
72_20220830 08,1469.7939453125
72_20220830 09,1611.0279541015625
72_20220830 10,1656.006103515625
72_20220830 11,1688.162109375
72_20220830 12,1681.0267333984375
72_20220830 13,1701.386474609375
72_20220830 14,1708.0992431640625
72_20220830 15,1705.749755859375
72_20220830 16,1724.3138427734375
72_20220830 17,1623.290771484375
72_20220830 18,1446.37646484375
72_20220830 19,1387.2003173828125
72_20220830 20,1373.124755859375
72_20220830 21,1351.8568115234375
72_20220830 22,1336.084716796875
72_20220830 23,1312.2735595703125
72_20220831 00,1293.1851806640625
72_20220831 01,1265.71533203125
72_20220831 02,1264.6300048828125
72_20220831 03,1259.0960693359375
72_20220831 04,1226.5081787109375
72_20220831 05,1237.6002197265625
72_20220831 06,1274.396728515625
72_20220831 07,1384.851318359375
72_20220831 08,1484.5252685546875
72_20220831 09,1591.537841796875
72_20220831 10,1662.505126953125
72_20220831 11,1659.722412109375
72_20220831 12,1641.0277099609375
72_20220831 13,1610.6943359375
72_20220831 14,1611.230712890625
72_20220831 15,1607.4434814453125
72_20220831 16,1593.37255859375
72_20220831 17,1477.650146484375
72_20220831 18,1398.222412109375
72_20220831 19,1334.4111328125
72_20220831 20,1321.925048828125
72_20220831 21,1298.742431640625
72_20220831 22,1292.1295166015625
72_20220831 23,1267.745849609375
73_20220825 00,3423.43701171875
73_20220825 01,3424.911376953125
73_20220825 02,3409.407470703125
73_20220825 03,3400.918701171875
73_20220825 04,3395.037109375
73_20220825 05,3414.39697265625
73_20220825 06,3528.91455078125
73_20220825 07,3723.475830078125
73_20220825 08,3908.338623046875
73_20220825 09,4025.159423828125
73_20220825 10,4071.184326171875
73_20220825 11,4109.203125
73_20220825 12,4113.04052734375
73_20220825 13,4097.25732421875
73_20220825 14,4062.227783203125
73_20220825 15,4048.44677734375
73_20220825 16,4030.81689453125
73_20220825 17,3960.35400390625
73_20220825 18,3867.70166015625
73_20220825 19,3803.60498046875
73_20220825 20,3697.94384765625
73_20220825 21,3649.704345703125
73_20220825 22,3467.71630859375
73_20220825 23,3418.94287109375
73_20220826 00,3386.01611328125
73_20220826 01,3350.45751953125
73_20220826 02,3368.79833984375
73_20220826 03,3379.5625
73_20220826 04,3378.335205078125
73_20220826 05,3395.012939453125
73_20220826 06,3510.19921875
73_20220826 07,3691.06298828125
73_20220826 08,3844.490234375
73_20220826 09,3957.49560546875
73_20220826 10,4031.436767578125
73_20220826 11,4089.58935546875
73_20220826 12,4110.681640625
73_20220826 13,4146.96826171875
73_20220826 14,4146.8359375
73_20220826 15,4131.35302734375
73_20220826 16,4090.83349609375
73_20220826 17,3921.987060546875
73_20220826 18,3839.83740234375
73_20220826 19,3780.26708984375
73_20220826 20,3713.07275390625
73_20220826 21,3633.86767578125
73_20220826 22,3448.092529296875
73_20220826 23,3429.87060546875
73_20220827 00,3369.973388671875
73_20220827 01,3374.321533203125
73_20220827 02,3345.57470703125
73_20220827 03,3341.781982421875
73_20220827 04,3328.702392578125
73_20220827 05,3317.076171875
73_20220827 06,3333.95654296875
73_20220827 07,3382.01025390625
73_20220827 08,3389.74609375
73_20220827 09,3406.690185546875
73_20220827 10,3416.535888671875
73_20220827 11,3427.470703125
73_20220827 12,3429.61962890625
73_20220827 13,3444.05908203125
73_20220827 14,3461.827392578125
73_20220827 15,3489.572265625
73_20220827 16,3493.58154296875
73_20220827 17,3519.767578125
73_20220827 18,3486.293701171875
73_20220827 19,3474.39697265625
73_20220827 20,3461.715576171875
73_20220827 21,3441.783935546875
73_20220827 22,3369.739013671875
73_20220827 23,3350.59130859375
73_20220828 00,3345.52587890625
73_20220828 01,3320.579345703125
73_20220828 02,3325.1484375
73_20220828 03,3321.138671875
73_20220828 04,3323.594970703125
73_20220828 05,3325.045654296875
73_20220828 06,3347.649169921875
73_20220828 07,3371.59228515625
73_20220828 08,3379.100341796875
73_20220828 09,3385.149658203125
73_20220828 10,3400.07666015625
73_20220828 11,3440.891357421875
73_20220828 12,3434.767578125
73_20220828 13,3456.166015625
73_20220828 14,3478.76708984375
73_20220828 15,3529.41015625
73_20220828 16,3547.084716796875
73_20220828 17,3551.22998046875
73_20220828 18,3531.29638671875
73_20220828 19,3473.708984375
73_20220828 20,3455.0546875
73_20220828 21,3440.953857421875
73_20220828 22,3391.56103515625
73_20220828 23,3374.0859375
73_20220829 00,3324.401123046875
73_20220829 01,3325.47802734375
73_20220829 02,3328.13720703125
73_20220829 03,3316.382080078125
73_20220829 04,3328.83642578125
73_20220829 05,3346.46240234375
73_20220829 06,3454.47265625
73_20220829 07,3654.815185546875
73_20220829 08,3831.28955078125
73_20220829 09,3908.145751953125
73_20220829 10,3985.434326171875
73_20220829 11,4003.52978515625
73_20220829 12,3997.734375
73_20220829 13,4001.257080078125
73_20220829 14,4009.23828125
73_20220829 15,4002.57958984375
73_20220829 16,3963.64892578125
73_20220829 17,3896.934326171875
73_20220829 18,3792.83837890625
73_20220829 19,3729.00390625
73_20220829 20,3664.464111328125
73_20220829 21,3604.780517578125
73_20220829 22,3437.893310546875
73_20220829 23,3388.03173828125
73_20220830 00,3339.052001953125
73_20220830 01,3337.39208984375
73_20220830 02,3371.938720703125
73_20220830 03,3385.767578125
73_20220830 04,3401.798095703125
73_20220830 05,3414.014404296875
73_20220830 06,3552.70263671875
73_20220830 07,3793.06005859375
73_20220830 08,4006.656982421875
73_20220830 09,4093.186767578125
73_20220830 10,4102.76220703125
73_20220830 11,4145.13720703125
73_20220830 12,4141.9482421875
73_20220830 13,4158.853515625
73_20220830 14,4156.4794921875
73_20220830 15,4147.17724609375
73_20220830 16,4134.37646484375
73_20220830 17,4113.48193359375
73_20220830 18,4052.408203125
73_20220830 19,3920.95458984375
73_20220830 20,3811.29833984375
73_20220830 21,3721.776611328125
73_20220830 22,3515.953857421875
73_20220830 23,3473.121826171875
73_20220831 00,3413.78857421875
73_20220831 01,3400.658935546875
73_20220831 02,3400.917236328125
73_20220831 03,3397.55908203125
73_20220831 04,3402.589111328125
73_20220831 05,3422.380859375
73_20220831 06,3583.425048828125
73_20220831 07,3807.69482421875
73_20220831 08,3973.69775390625
73_20220831 09,4053.168701171875
73_20220831 10,4027.05126953125
73_20220831 11,4043.42919921875
73_20220831 12,4030.641845703125
73_20220831 13,4046.391357421875
73_20220831 14,4040.130859375
73_20220831 15,4057.14501953125
73_20220831 16,4063.069091796875
73_20220831 17,3965.414794921875
73_20220831 18,3845.21044921875
73_20220831 19,3792.694091796875
73_20220831 20,3716.88525390625
73_20220831 21,3658.309326171875
73_20220831 22,3496.5
73_20220831 23,3479.33837890625
74_20220825 00,3230.496826171875
74_20220825 01,3221.839111328125
74_20220825 02,3162.669189453125
74_20220825 03,3046.19970703125
74_20220825 04,3183.499755859375
74_20220825 05,5569.5283203125
74_20220825 06,5958.59912109375
74_20220825 07,6168.51318359375
74_20220825 08,6261.73486328125
74_20220825 09,6270.6650390625
74_20220825 10,6242.4052734375
74_20220825 11,6247.5439453125
74_20220825 12,6244.6064453125
74_20220825 13,5909.533203125
74_20220825 14,5931.41552734375
74_20220825 15,5733.1201171875
74_20220825 16,5705.1806640625
74_20220825 17,5675.4052734375
74_20220825 18,4494.02490234375
74_20220825 19,3749.47021484375
74_20220825 20,3163.95458984375
74_20220825 21,2940.00146484375
74_20220825 22,2725.52783203125
74_20220825 23,3071.607421875
74_20220826 00,3029.782470703125
74_20220826 01,3066.27197265625
74_20220826 02,3054.07177734375
74_20220826 03,3056.7041015625
74_20220826 04,3193.34912109375
74_20220826 05,5330.13916015625
74_20220826 06,5678.30029296875
74_20220826 07,6017.2744140625
74_20220826 08,6167.634765625
74_20220826 09,6172.1787109375
74_20220826 10,6189.3447265625
74_20220826 11,6227.14794921875
74_20220826 12,6207.3505859375
74_20220826 13,5828.2890625
74_20220826 14,5952.3115234375
74_20220826 15,5871.619140625
74_20220826 16,5631.91748046875
74_20220826 17,5650.96728515625
74_20220826 18,4341.67724609375
74_20220826 19,3754.4140625
74_20220826 20,3140.87060546875
74_20220826 21,2970.03564453125
74_20220826 22,2575.991455078125
74_20220826 23,3251.994140625
74_20220827 00,3180.073486328125
74_20220827 01,3116.146484375
74_20220827 02,3110.56298828125
74_20220827 03,3080.4580078125
74_20220827 04,3033.72998046875
74_20220827 05,3042.970703125
74_20220827 06,3094.69140625
74_20220827 07,2975.36181640625
74_20220827 08,2563.72119140625
74_20220827 09,2518.73779296875
74_20220827 10,2488.91162109375
74_20220827 11,2477.767822265625
74_20220827 12,2483.79541015625
74_20220827 13,2489.5654296875
74_20220827 14,2508.04833984375
74_20220827 15,2514.33837890625
74_20220827 16,2503.467529296875
74_20220827 17,2519.97705078125
74_20220827 18,2528.6865234375
74_20220827 19,2733.35205078125
74_20220827 20,2694.472412109375
74_20220827 21,2657.75341796875
74_20220827 22,2537.93896484375
74_20220827 23,2457.860595703125
74_20220828 00,2434.7705078125
74_20220828 01,2425.39990234375
74_20220828 02,2423.682861328125
74_20220828 03,2428.048095703125
74_20220828 04,2449.34619140625
74_20220828 05,2459.561767578125
74_20220828 06,2478.66552734375
74_20220828 07,2516.86328125
74_20220828 08,2488.8046875
74_20220828 09,2461.563232421875
74_20220828 10,2454.63671875
74_20220828 11,2425.546142578125
74_20220828 12,2435.291015625
74_20220828 13,2438.910400390625
74_20220828 14,2490.67236328125
74_20220828 15,2491.620361328125
74_20220828 16,2497.1162109375
74_20220828 17,2537.83984375
74_20220828 18,2543.0146484375
74_20220828 19,3266.857666015625
74_20220828 20,3229.623046875
74_20220828 21,3179.264404296875
74_20220828 22,2949.939453125
74_20220828 23,2505.58935546875
74_20220829 00,2524.856201171875
74_20220829 01,2495.130126953125
74_20220829 02,2466.235595703125
74_20220829 03,2478.563232421875
74_20220829 04,3066.592529296875
74_20220829 05,4984.19970703125
74_20220829 06,5564.2021484375
74_20220829 07,5992.40771484375
74_20220829 08,6226.38916015625
74_20220829 09,6181.84765625
74_20220829 10,6228.58544921875
74_20220829 11,6236.68212890625
74_20220829 12,6181.72705078125
74_20220829 13,5889.3740234375
74_20220829 14,5893.0537109375
74_20220829 15,5830.314453125
74_20220829 16,5781.79150390625
74_20220829 17,5722.63916015625
74_20220829 18,4349.1005859375
74_20220829 19,3660.224609375
74_20220829 20,3072.54150390625
74_20220829 21,2911.520751953125
74_20220829 22,2848.25146484375
74_20220829 23,2945.480224609375
74_20220830 00,2992.762939453125
74_20220830 01,2988.04052734375
74_20220830 02,2992.10302734375
74_20220830 03,3048.204345703125
74_20220830 04,3418.66845703125
74_20220830 05,5470.4794921875
74_20220830 06,5747.3125
74_20220830 07,6015.94921875
74_20220830 08,6171.015625
74_20220830 09,6226.1650390625
74_20220830 10,6208.7431640625
74_20220830 11,6180.234375
74_20220830 12,6236.51806640625
74_20220830 13,5930.591796875
74_20220830 14,5955.2587890625
74_20220830 15,5914.0341796875
74_20220830 16,5861.73681640625
74_20220830 17,5856.09423828125
74_20220830 18,4490.70703125
74_20220830 19,3740.000732421875
74_20220830 20,3084.10791015625
74_20220830 21,3023.508544921875
74_20220830 22,2840.12939453125
74_20220830 23,3075.9365234375
74_20220831 00,3080.48388671875
74_20220831 01,3074.097412109375
74_20220831 02,3062.57763671875
74_20220831 03,3049.01904296875
74_20220831 04,3205.555419921875
74_20220831 05,5443.9990234375
74_20220831 06,5803.02734375
74_20220831 07,6056.9794921875
74_20220831 08,6230.96728515625
74_20220831 09,6236.61962890625
74_20220831 10,6239.009765625
74_20220831 11,6203.01318359375
74_20220831 12,6229.2001953125
74_20220831 13,5930.8720703125
74_20220831 14,5965.3779296875
74_20220831 15,5825.86328125
74_20220831 16,5779.56640625
74_20220831 17,5689.3544921875
74_20220831 18,4439.3359375
74_20220831 19,3770.936279296875
74_20220831 20,3149.862548828125
74_20220831 21,2909.424560546875
74_20220831 22,2641.451171875
74_20220831 23,3054.48779296875
75_20220825 00,1194.9427490234375
75_20220825 01,1229.53515625
75_20220825 02,1173.003662109375
75_20220825 03,1274.922607421875
75_20220825 04,1203.3060302734375
75_20220825 05,1197.05615234375
75_20220825 06,1148.7711181640625
75_20220825 07,1526.39453125
75_20220825 08,1735.1976318359375
75_20220825 09,1851.8675537109375
75_20220825 10,1844.9224853515625
75_20220825 11,1866.121826171875
75_20220825 12,1932.160888671875
75_20220825 13,1954.254150390625
75_20220825 14,1963.73046875
75_20220825 15,1966.735595703125
75_20220825 16,1887.8017578125
75_20220825 17,1855.860595703125
75_20220825 18,1317.951904296875
75_20220825 19,1293.2750244140625
75_20220825 20,1258.5018310546875
75_20220825 21,1293.065673828125
75_20220825 22,1210.1492919921875
75_20220825 23,1321.8424072265625
75_20220826 00,1204.5562744140625
75_20220826 01,1221.9215087890625
75_20220826 02,1166.2530517578125
75_20220826 03,1281.9173583984375
75_20220826 04,1200.4105224609375
75_20220826 05,1191.2200927734375
75_20220826 06,1155.7064208984375
75_20220826 07,1477.042724609375
75_20220826 08,1659.2327880859375
75_20220826 09,1833.1295166015625
75_20220826 10,1804.774658203125
75_20220826 11,1847.346923828125
75_20220826 12,1774.326416015625
75_20220826 13,1803.4892578125
75_20220826 14,1766.1002197265625
75_20220826 15,1745.123046875
75_20220826 16,1633.784912109375
75_20220826 17,1623.5172119140625
75_20220826 18,1232.6256103515625
75_20220826 19,1250.454345703125
75_20220826 20,1194.5692138671875
75_20220826 21,1265.810302734375
75_20220826 22,1179.438232421875
75_20220826 23,1284.886962890625
75_20220827 00,1182.575927734375
75_20220827 01,1197.323974609375
75_20220827 02,1139.766845703125
75_20220827 03,1236.065185546875
75_20220827 04,1158.8328857421875
75_20220827 05,1156.600341796875
75_20220827 06,1097.0645751953125
75_20220827 07,1286.381103515625
75_20220827 08,1392.4974365234375
75_20220827 09,1645.958251953125
75_20220827 10,1650.453125
75_20220827 11,1675.461181640625
75_20220827 12,1677.6646728515625
75_20220827 13,1826.538330078125
75_20220827 14,1747.637451171875
75_20220827 15,1819.237060546875
75_20220827 16,1689.2802734375
75_20220827 17,1457.388427734375
75_20220827 18,1168.1336669921875
75_20220827 19,1227.2889404296875
75_20220827 20,1200.811767578125
75_20220827 21,1278.01025390625
75_20220827 22,1176.1981201171875
75_20220827 23,1294.1790771484375
75_20220828 00,1173.515869140625
75_20220828 01,1195.0076904296875
75_20220828 02,1142.570068359375
75_20220828 03,1242.8753662109375
75_20220828 04,1162.4326171875
75_20220828 05,1158.2823486328125
75_20220828 06,1067.706787109375
75_20220828 07,1254.745849609375
75_20220828 08,1316.679931640625
75_20220828 09,1626.0921630859375
75_20220828 10,1608.40771484375
75_20220828 11,1677.557373046875
75_20220828 12,1614.8658447265625
75_20220828 13,1671.0443115234375
75_20220828 14,1663.182861328125
75_20220828 15,1647.659423828125
75_20220828 16,1595.30224609375
75_20220828 17,1553.1781005859375
75_20220828 18,1155.16357421875
75_20220828 19,1225.2021484375
75_20220828 20,1207.5240478515625
75_20220828 21,1260.2904052734375
75_20220828 22,1188.8988037109375
75_20220828 23,1286.5831298828125
75_20220829 00,1177.5701904296875
75_20220829 01,1202.880615234375
75_20220829 02,1144.1195068359375
75_20220829 03,1253.0938720703125
75_20220829 04,1178.029541015625
75_20220829 05,1172.858642578125
75_20220829 06,1109.543701171875
75_20220829 07,1201.501953125
75_20220829 08,1344.4808349609375
75_20220829 09,1425.920166015625
75_20220829 10,1407.0357666015625
75_20220829 11,1453.613525390625
75_20220829 12,1398.410400390625
75_20220829 13,1474.485595703125
75_20220829 14,1452.7474365234375
75_20220829 15,1491.522216796875
75_20220829 16,1424.2845458984375
75_20220829 17,1501.137939453125
75_20220829 18,1312.434326171875
75_20220829 19,1270.8756103515625
75_20220829 20,1197.2044677734375
75_20220829 21,1251.574462890625
75_20220829 22,1160.021484375
75_20220829 23,1265.6939697265625
75_20220830 00,1159.8470458984375
75_20220830 01,1180.616455078125
75_20220830 02,1138.068115234375
75_20220830 03,1234.320556640625
75_20220830 04,1159.750732421875
75_20220830 05,1156.9637451171875
75_20220830 06,1124.5927734375
75_20220830 07,1363.9407958984375
75_20220830 08,1608.0496826171875
75_20220830 09,1803.770263671875
75_20220830 10,1792.4329833984375
75_20220830 11,1853.5513916015625
75_20220830 12,1795.258544921875
75_20220830 13,1804.8385009765625
75_20220830 14,1816.5491943359375
75_20220830 15,1868.743408203125
75_20220830 16,1799.7310791015625
75_20220830 17,1795.5452880859375
75_20220830 18,1301.3736572265625
75_20220830 19,1298.9930419921875
75_20220830 20,1266.01318359375
75_20220830 21,1321.5079345703125
75_20220830 22,1222.969970703125
75_20220830 23,1331.0152587890625
75_20220831 00,1208.5107421875
75_20220831 01,1222.929931640625
75_20220831 02,1167.5633544921875
75_20220831 03,1269.7169189453125
75_20220831 04,1193.429931640625
75_20220831 05,1189.8873291015625
75_20220831 06,1156.667724609375
75_20220831 07,1466.7484130859375
75_20220831 08,1623.913818359375
75_20220831 09,1960.539306640625
75_20220831 10,1954.0775146484375
75_20220831 11,1995.657470703125
75_20220831 12,1814.860595703125
75_20220831 13,1825.869384765625
75_20220831 14,1789.1900634765625
75_20220831 15,1988.3060302734375
75_20220831 16,1667.8990478515625
75_20220831 17,1663.042236328125
75_20220831 18,1288.146240234375
75_20220831 19,1272.6680908203125
75_20220831 20,1252.63037109375
75_20220831 21,1312.6839599609375
75_20220831 22,1212.220458984375
75_20220831 23,1326.3070068359375
76_20220825 00,1154.262451171875
76_20220825 01,1141.2359619140625
76_20220825 02,1137.200927734375
76_20220825 03,1124.1422119140625
76_20220825 04,1123.680908203125
76_20220825 05,1119.98046875
76_20220825 06,1132.28173828125
76_20220825 07,1161.850341796875
76_20220825 08,1261.294921875
76_20220825 09,1427.427490234375
76_20220825 10,1453.6748046875
76_20220825 11,1444.375732421875
76_20220825 12,1425.6314697265625
76_20220825 13,1475.4713134765625
76_20220825 14,1482.886474609375
76_20220825 15,1485.8173828125
76_20220825 16,1484.040771484375
76_20220825 17,1464.039794921875
76_20220825 18,1391.968994140625
76_20220825 19,1334.524658203125
76_20220825 20,1294.869873046875
76_20220825 21,1275.13671875
76_20220825 22,1254.392333984375
76_20220825 23,1222.3427734375
76_20220826 00,1182.763916015625
76_20220826 01,1171.989501953125
76_20220826 02,1129.800537109375
76_20220826 03,1132.9503173828125
76_20220826 04,1148.292724609375
76_20220826 05,1110.6461181640625
76_20220826 06,1126.1248779296875
76_20220826 07,1172.2760009765625
76_20220826 08,1264.3642578125
76_20220826 09,1401.21923828125
76_20220826 10,1421.3870849609375
76_20220826 11,1422.940185546875
76_20220826 12,1429.2576904296875
76_20220826 13,1471.762451171875
76_20220826 14,1486.531005859375
76_20220826 15,1475.255126953125
76_20220826 16,1459.4482421875
76_20220826 17,1429.800048828125
76_20220826 18,1320.9635009765625
76_20220826 19,1251.3719482421875
76_20220826 20,1211.442138671875
76_20220826 21,1192.9814453125
76_20220826 22,1170.73779296875
76_20220826 23,1147.216064453125
76_20220827 00,1107.3363037109375
76_20220827 01,1115.107177734375
76_20220827 02,1095.133056640625
76_20220827 03,1097.3829345703125
76_20220827 04,1103.350830078125
76_20220827 05,1089.552490234375
76_20220827 06,1074.66748046875
76_20220827 07,1080.66650390625
76_20220827 08,1066.7420654296875
76_20220827 09,1050.1988525390625
76_20220827 10,1031.790771484375
76_20220827 11,1035.566162109375
76_20220827 12,1053.5780029296875
76_20220827 13,1059.72802734375
76_20220827 14,1062.4791259765625
76_20220827 15,1071.7794189453125
76_20220827 16,1095.1920166015625
76_20220827 17,1127.9053955078125
76_20220827 18,1105.7984619140625
76_20220827 19,1126.8446044921875
76_20220827 20,1093.0845947265625
76_20220827 21,1121.4940185546875
76_20220827 22,1111.518310546875
76_20220827 23,1091.09521484375
76_20220828 00,1085.2816162109375
76_20220828 01,1080.3619384765625
76_20220828 02,1068.621826171875
76_20220828 03,1049.5230712890625
76_20220828 04,1063.769287109375
76_20220828 05,1063.8238525390625
76_20220828 06,1058.216552734375
76_20220828 07,1051.2889404296875
76_20220828 08,1042.5501708984375
76_20220828 09,1002.0498046875
76_20220828 10,998.9461669921875
76_20220828 11,1017.4903564453125
76_20220828 12,997.9344482421875
76_20220828 13,1036.109619140625
76_20220828 14,1055.975830078125
76_20220828 15,1081.7840576171875
76_20220828 16,1091.080078125
76_20220828 17,1135.080322265625
76_20220828 18,1131.761962890625
76_20220828 19,1112.0198974609375
76_20220828 20,1091.40771484375
76_20220828 21,1115.625
76_20220828 22,1112.4896240234375
76_20220828 23,1083.162841796875
76_20220829 00,1087.833984375
76_20220829 01,1068.6029052734375
76_20220829 02,1065.1185302734375
76_20220829 03,1066.593994140625
76_20220829 04,1067.2459716796875
76_20220829 05,1071.0614013671875
76_20220829 06,1073.030029296875
76_20220829 07,1125.508544921875
76_20220829 08,1261.6385498046875
76_20220829 09,1405.740478515625
76_20220829 10,1462.879150390625
76_20220829 11,1441.865966796875
76_20220829 12,1418.0966796875
76_20220829 13,1490.375244140625
76_20220829 14,1506.459228515625
76_20220829 15,1507.242919921875
76_20220829 16,1514.1927490234375
76_20220829 17,1463.159423828125
76_20220829 18,1359.1009521484375
76_20220829 19,1318.504150390625
76_20220829 20,1278.546630859375
76_20220829 21,1260.955810546875
76_20220829 22,1214.275390625
76_20220829 23,1180.2794189453125
76_20220830 00,1149.147216796875
76_20220830 01,1121.613525390625
76_20220830 02,1117.461181640625
76_20220830 03,1123.999267578125
76_20220830 04,1122.0443115234375
76_20220830 05,1121.87353515625
76_20220830 06,1133.950927734375
76_20220830 07,1160.0811767578125
76_20220830 08,1290.9755859375
76_20220830 09,1464.8956298828125
76_20220830 10,1504.0831298828125
76_20220830 11,1516.150146484375
76_20220830 12,1506.4300537109375
76_20220830 13,1548.577880859375
76_20220830 14,1610.130615234375
76_20220830 15,1602.307373046875
76_20220830 16,1602.650146484375
76_20220830 17,1549.65771484375
76_20220830 18,1429.5677490234375
76_20220830 19,1354.713134765625
76_20220830 20,1298.018310546875
76_20220830 21,1273.592529296875
76_20220830 22,1242.7122802734375
76_20220830 23,1210.2083740234375
76_20220831 00,1165.657958984375
76_20220831 01,1155.029052734375
76_20220831 02,1150.661865234375
76_20220831 03,1135.065673828125
76_20220831 04,1138.17919921875
76_20220831 05,1137.2042236328125
76_20220831 06,1155.62353515625
76_20220831 07,1181.5084228515625
76_20220831 08,1297.084228515625
76_20220831 09,1485.782958984375
76_20220831 10,1563.0665283203125
76_20220831 11,1546.09375
76_20220831 12,1522.227783203125
76_20220831 13,1577.330322265625
76_20220831 14,1560.278076171875
76_20220831 15,1532.239501953125
76_20220831 16,1538.7542724609375
76_20220831 17,1493.114013671875
76_20220831 18,1379.839111328125
76_20220831 19,1322.502685546875
76_20220831 20,1288.5650634765625
76_20220831 21,1249.7479248046875
76_20220831 22,1205.677490234375
76_20220831 23,1170.1656494140625
77_20220825 00,1103.4390869140625
77_20220825 01,1066.072265625
77_20220825 02,989.9534912109375
77_20220825 03,979.8172607421875
77_20220825 04,999.0059814453125
77_20220825 05,1106.866455078125
77_20220825 06,1361.1839599609375
77_20220825 07,1841.0543212890625
77_20220825 08,2121.878662109375
77_20220825 09,2156.45703125
77_20220825 10,2196.307861328125
77_20220825 11,2191.25244140625
77_20220825 12,2194.7236328125
77_20220825 13,2194.961181640625
77_20220825 14,2159.7314453125
77_20220825 15,2130.81884765625
77_20220825 16,2120.17724609375
77_20220825 17,2019.8492431640625
77_20220825 18,1543.8870849609375
77_20220825 19,1425.1204833984375
77_20220825 20,1378.54052734375
77_20220825 21,1301.7335205078125
77_20220825 22,1228.47265625
77_20220825 23,1207.608154296875
77_20220826 00,1098.06884765625
77_20220826 01,1050.379150390625
77_20220826 02,961.5791015625
77_20220826 03,956.0870971679688
77_20220826 04,982.6029052734375
77_20220826 05,1070.082275390625
77_20220826 06,1326.842529296875
77_20220826 07,1689.9046630859375
77_20220826 08,2004.923095703125
77_20220826 09,2059.381591796875
77_20220826 10,2174.43310546875
77_20220826 11,2196.44091796875
77_20220826 12,2209.746337890625
77_20220826 13,2237.643798828125
77_20220826 14,2206.82421875
77_20220826 15,2189.642333984375
77_20220826 16,2163.437255859375
77_20220826 17,2017.7509765625
77_20220826 18,1511.955078125
77_20220826 19,1384.7889404296875
77_20220826 20,1340.6737060546875
77_20220826 21,1273.3695068359375
77_20220826 22,1217.946533203125
77_20220826 23,1186.888427734375
77_20220827 00,1074.5821533203125
77_20220827 01,1037.195556640625
77_20220827 02,971.181640625
77_20220827 03,950.2476806640625
77_20220827 04,974.0891723632812
77_20220827 05,982.0930786132812
77_20220827 06,1055.3685302734375
77_20220827 07,1089.114990234375
77_20220827 08,1155.9915771484375
77_20220827 09,1187.806396484375
77_20220827 10,1203.8228759765625
77_20220827 11,1226.6212158203125
77_20220827 12,1254.3046875
77_20220827 13,1277.1710205078125
77_20220827 14,1285.200439453125
77_20220827 15,1285.3614501953125
77_20220827 16,1284.4039306640625
77_20220827 17,1276.914306640625
77_20220827 18,1250.1068115234375
77_20220827 19,1212.468505859375
77_20220827 20,1198.5084228515625
77_20220827 21,1176.781982421875
77_20220827 22,1139.451171875
77_20220827 23,1124.291259765625
77_20220828 00,1051.050537109375
77_20220828 01,1008.9654541015625
77_20220828 02,955.3406982421875
77_20220828 03,947.419921875
77_20220828 04,959.291015625
77_20220828 05,979.9984130859375
77_20220828 06,1048.7208251953125
77_20220828 07,1073.17236328125
77_20220828 08,1146.379638671875
77_20220828 09,1183.64208984375
77_20220828 10,1204.2547607421875
77_20220828 11,1231.4742431640625
77_20220828 12,1236.456298828125
77_20220828 13,1269.748046875
77_20220828 14,1277.809326171875
77_20220828 15,1296.1741943359375
77_20220828 16,1301.033447265625
77_20220828 17,1292.28955078125
77_20220828 18,1244.934326171875
77_20220828 19,1228.705810546875
77_20220828 20,1203.7203369140625
77_20220828 21,1171.571533203125
77_20220828 22,1140.9801025390625
77_20220828 23,1132.6038818359375
77_20220829 00,1050.5738525390625
77_20220829 01,1024.963623046875
77_20220829 02,947.7144775390625
77_20220829 03,945.5972900390625
77_20220829 04,969.1688232421875
77_20220829 05,1074.501953125
77_20220829 06,1346.263671875
77_20220829 07,1727.230712890625
77_20220829 08,2050.66357421875
77_20220829 09,2094.1171875
77_20220829 10,2129.641845703125
77_20220829 11,2135.74951171875
77_20220829 12,2108.32861328125
77_20220829 13,2140.074951171875
77_20220829 14,2106.35400390625
77_20220829 15,2095.125
77_20220829 16,2064.849609375
77_20220829 17,1977.1207275390625
77_20220829 18,1524.7777099609375
77_20220829 19,1398.1279296875
77_20220829 20,1356.7574462890625
77_20220829 21,1282.6024169921875
77_20220829 22,1209.190673828125
77_20220829 23,1188.2965087890625
77_20220830 00,1093.2335205078125
77_20220830 01,1052.8734130859375
77_20220830 02,973.51953125
77_20220830 03,953.0128173828125
77_20220830 04,978.2595825195312
77_20220830 05,1080.561279296875
77_20220830 06,1349.389404296875
77_20220830 07,1779.477294921875
77_20220830 08,2053.85302734375
77_20220830 09,2097.511474609375
77_20220830 10,2137.20703125
77_20220830 11,2133.48681640625
77_20220830 12,2117.021484375
77_20220830 13,2127.54052734375
77_20220830 14,2108.126220703125
77_20220830 15,2101.36669921875
77_20220830 16,2086.785400390625
77_20220830 17,2010.4312744140625
77_20220830 18,1543.1470947265625
77_20220830 19,1407.2535400390625
77_20220830 20,1360.6851806640625
77_20220830 21,1293.676513671875
77_20220830 22,1222.3228759765625
77_20220830 23,1197.5550537109375
77_20220831 00,1087.224365234375
77_20220831 01,1043.6588134765625
77_20220831 02,955.4686279296875
77_20220831 03,952.9514770507812
77_20220831 04,979.0252075195312
77_20220831 05,1074.6708984375
77_20220831 06,1352.5482177734375
77_20220831 07,1757.3236083984375
77_20220831 08,2041.5443115234375
77_20220831 09,2089.16845703125
77_20220831 10,2135.17529296875
77_20220831 11,2147.628662109375
77_20220831 12,2109.769775390625
77_20220831 13,2183.271484375
77_20220831 14,2109.71875
77_20220831 15,2146.48291015625
77_20220831 16,2133.096923828125
77_20220831 17,2030.2490234375
77_20220831 18,1556.697998046875
77_20220831 19,1417.857666015625
77_20220831 20,1365.320556640625
77_20220831 21,1291.66015625
77_20220831 22,1227.964111328125
77_20220831 23,1216.06689453125
78_20220825 00,995.4918823242188
78_20220825 01,982.99169921875
78_20220825 02,978.7930908203125
78_20220825 03,973.6162109375
78_20220825 04,975.0780029296875
78_20220825 05,980.8990478515625
78_20220825 06,1126.4140625
78_20220825 07,1412.875732421875
78_20220825 08,2147.406494140625
78_20220825 09,2828.347412109375
78_20220825 10,2920.41943359375
78_20220825 11,2897.60791015625
78_20220825 12,2903.41796875
78_20220825 13,2922.849853515625
78_20220825 14,2866.39306640625
78_20220825 15,2813.314208984375
78_20220825 16,2775.35986328125
78_20220825 17,2438.843017578125
78_20220825 18,1891.290283203125
78_20220825 19,1706.4957275390625
78_20220825 20,1438.103271484375
78_20220825 21,1236.8179931640625
78_20220825 22,1081.236572265625
78_20220825 23,1033.517822265625
78_20220826 00,991.693359375
78_20220826 01,978.5123291015625
78_20220826 02,973.9307861328125
78_20220826 03,973.7765502929688
78_20220826 04,972.4347534179688
78_20220826 05,985.3126831054688
78_20220826 06,1133.409912109375
78_20220826 07,1400.9571533203125
78_20220826 08,2115.299560546875
78_20220826 09,2800.19677734375
78_20220826 10,2927.17822265625
78_20220826 11,2942.9072265625
78_20220826 12,2960.830322265625
78_20220826 13,3004.080810546875
78_20220826 14,2948.023193359375
78_20220826 15,2892.760009765625
78_20220826 16,2887.10302734375
78_20220826 17,2485.208984375
78_20220826 18,1925.589111328125
78_20220826 19,1672.005859375
78_20220826 20,1450.295166015625
78_20220826 21,1228.97314453125
78_20220826 22,1073.3270263671875
78_20220826 23,1026.1416015625
78_20220827 00,983.8532104492188
78_20220827 01,966.5228271484375
78_20220827 02,967.8433837890625
78_20220827 03,967.4677734375
78_20220827 04,955.6194458007812
78_20220827 05,954.5250244140625
78_20220827 06,987.58935546875
78_20220827 07,1013.2889404296875
78_20220827 08,1071.030517578125
78_20220827 09,1163.611572265625
78_20220827 10,1242.514404296875
78_20220827 11,1262.215087890625
78_20220827 12,1265.7550048828125
78_20220827 13,1269.0986328125
78_20220827 14,1272.1011962890625
78_20220827 15,1259.4530029296875
78_20220827 16,1241.6917724609375
78_20220827 17,1227.5758056640625
78_20220827 18,1184.9664306640625
78_20220827 19,1141.9573974609375
78_20220827 20,1109.3245849609375
78_20220827 21,1060.2978515625
78_20220827 22,976.1204223632812
78_20220827 23,979.8488159179688
78_20220828 00,953.1990966796875
78_20220828 01,944.70361328125
78_20220828 02,941.0607299804688
78_20220828 03,940.8648681640625
78_20220828 04,944.3180541992188
78_20220828 05,947.3108520507812
78_20220828 06,968.73974609375
78_20220828 07,1002.31982421875
78_20220828 08,1038.4403076171875
78_20220828 09,1119.197021484375
78_20220828 10,1193.1492919921875
78_20220828 11,1209.947998046875
78_20220828 12,1222.162109375
78_20220828 13,1242.970947265625
78_20220828 14,1259.703125
78_20220828 15,1289.193359375
78_20220828 16,1276.3563232421875
78_20220828 17,1266.0948486328125
78_20220828 18,1216.145751953125
78_20220828 19,1150.721435546875
78_20220828 20,1117.87646484375
78_20220828 21,1058.043701171875
78_20220828 22,983.04833984375
78_20220828 23,993.0687255859375
78_20220829 00,962.2861328125
78_20220829 01,952.7113037109375
78_20220829 02,944.3619995117188
78_20220829 03,941.7254028320312
78_20220829 04,941.9312744140625
78_20220829 05,963.7677612304688
78_20220829 06,1113.1217041015625
78_20220829 07,1393.299072265625
78_20220829 08,2017.431396484375
78_20220829 09,2730.82568359375
78_20220829 10,2814.740966796875
78_20220829 11,2813.771728515625
78_20220829 12,2803.9931640625
78_20220829 13,2825.22802734375
78_20220829 14,2806.903564453125
78_20220829 15,2754.09228515625
78_20220829 16,2646.48193359375
78_20220829 17,2314.361328125
78_20220829 18,1853.708740234375
78_20220829 19,1587.963623046875
78_20220829 20,1406.691162109375
78_20220829 21,1213.2193603515625
78_20220829 22,1063.3509521484375
78_20220829 23,1009.9616088867188
78_20220830 00,975.9992065429688
78_20220830 01,973.7325439453125
78_20220830 02,966.3292236328125
78_20220830 03,955.9884033203125
78_20220830 04,959.2841796875
78_20220830 05,979.1984252929688
78_20220830 06,1140.9287109375
78_20220830 07,1404.2789306640625
78_20220830 08,2173.478515625
78_20220830 09,2856.197509765625
78_20220830 10,2914.75732421875
78_20220830 11,2900.55126953125
78_20220830 12,2888.704345703125
78_20220830 13,2905.1669921875
78_20220830 14,2901.189697265625
78_20220830 15,2847.99560546875
78_20220830 16,2792.8349609375
78_20220830 17,2500.873046875
78_20220830 18,2027.1201171875
78_20220830 19,1707.513671875
78_20220830 20,1459.572998046875
78_20220830 21,1265.1282958984375
78_20220830 22,1103.6573486328125
78_20220830 23,1054.8994140625
78_20220831 00,1002.3663330078125
78_20220831 01,989.4315185546875
78_20220831 02,983.7391357421875
78_20220831 03,981.1558837890625
78_20220831 04,981.2210693359375
78_20220831 05,993.79541015625
78_20220831 06,1148.1827392578125
78_20220831 07,1417.978271484375
78_20220831 08,2165.2978515625
78_20220831 09,2788.08251953125
78_20220831 10,2792.987548828125
78_20220831 11,2819.40234375
78_20220831 12,2810.097900390625
78_20220831 13,2859.732177734375
78_20220831 14,2816.29736328125
78_20220831 15,2802.03076171875
78_20220831 16,2781.54345703125
78_20220831 17,2425.976318359375
78_20220831 18,1982.384521484375
78_20220831 19,1720.016357421875
78_20220831 20,1435.5211181640625
78_20220831 21,1229.593017578125
78_20220831 22,1099.8448486328125
78_20220831 23,1052.2509765625
79_20220825 00,2161.922607421875
79_20220825 01,2151.24951171875
79_20220825 02,2141.918701171875
79_20220825 03,2128.352294921875
79_20220825 04,2151.82177734375
79_20220825 05,2171.516357421875
79_20220825 06,2461.382568359375
79_20220825 07,3012.665283203125
79_20220825 08,3676.58837890625
79_20220825 09,4123.662109375
79_20220825 10,4221.53759765625
79_20220825 11,4240.2060546875
79_20220825 12,4261.5283203125
79_20220825 13,4229.15771484375
79_20220825 14,4184.12890625
79_20220825 15,4070.63818359375
79_20220825 16,3910.12646484375
79_20220825 17,3614.34228515625
79_20220825 18,3140.542724609375
79_20220825 19,2834.12158203125
79_20220825 20,2592.022216796875
79_20220825 21,2492.470947265625
79_20220825 22,2409.18603515625
79_20220825 23,2313.188720703125
79_20220826 00,2254.567626953125
79_20220826 01,2228.43505859375
79_20220826 02,2232.014404296875
79_20220826 03,2223.67724609375
79_20220826 04,2231.375244140625
79_20220826 05,2262.39892578125
79_20220826 06,2479.63525390625
79_20220826 07,2970.7861328125
79_20220826 08,3634.317626953125
79_20220826 09,4096.1318359375
79_20220826 10,4213.6376953125
79_20220826 11,4227.60888671875
79_20220826 12,4230.27099609375
79_20220826 13,4227.2412109375
79_20220826 14,4240.30126953125
79_20220826 15,4155.4775390625
79_20220826 16,3990.82763671875
79_20220826 17,3718.631591796875
79_20220826 18,3131.98486328125
79_20220826 19,2769.610595703125
79_20220826 20,2600.2021484375
79_20220826 21,2484.98193359375
79_20220826 22,2410.57568359375
79_20220826 23,2332.587158203125
79_20220827 00,2242.8271484375
79_20220827 01,2232.359375
79_20220827 02,2214.43017578125
79_20220827 03,2191.302734375
79_20220827 04,2194.67236328125
79_20220827 05,2051.702392578125
79_20220827 06,2145.574951171875
79_20220827 07,2304.1611328125
79_20220827 08,2552.89990234375
79_20220827 09,2676.34765625
79_20220827 10,2702.43408203125
79_20220827 11,2759.2890625
79_20220827 12,2807.31298828125
79_20220827 13,2798.28076171875
79_20220827 14,2765.19384765625
79_20220827 15,2749.3134765625
79_20220827 16,2750.272705078125
79_20220827 17,2589.700927734375
79_20220827 18,2442.26904296875
79_20220827 19,2323.974609375
79_20220827 20,2255.24267578125
79_20220827 21,2125.81787109375
79_20220827 22,2094.494384765625
79_20220827 23,2041.837158203125
79_20220828 00,1985.372314453125
79_20220828 01,1947.7191162109375
79_20220828 02,1931.002197265625
79_20220828 03,1921.4661865234375
79_20220828 04,1906.459716796875
79_20220828 05,1874.8616943359375
79_20220828 06,1870.3001708984375
79_20220828 07,1966.9267578125
79_20220828 08,2214.70361328125
79_20220828 09,2304.106201171875
79_20220828 10,2390.93701171875
79_20220828 11,2466.505859375
79_20220828 12,2444.17626953125
79_20220828 13,2440.162353515625
79_20220828 14,2431.654296875
79_20220828 15,2447.91845703125
79_20220828 16,2439.67041015625
79_20220828 17,2375.664794921875
79_20220828 18,2304.69140625
79_20220828 19,2200.421630859375
79_20220828 20,2143.117431640625
79_20220828 21,2024.468017578125
79_20220828 22,1930.0687255859375
79_20220828 23,1881.5244140625
79_20220829 00,1872.519287109375
79_20220829 01,1872.8607177734375
79_20220829 02,1864.826171875
79_20220829 03,1867.5552978515625
79_20220829 04,1887.611572265625
79_20220829 05,1936.031494140625
79_20220829 06,2307.57568359375
79_20220829 07,2874.73095703125
79_20220829 08,3596.575439453125
79_20220829 09,3994.664794921875
79_20220829 10,4092.425048828125
79_20220829 11,4089.108642578125
79_20220829 12,4084.93798828125
79_20220829 13,4095.29345703125
79_20220829 14,4093.108642578125
79_20220829 15,4013.274658203125
79_20220829 16,3881.959716796875
79_20220829 17,3590.130126953125
79_20220829 18,3042.34130859375
79_20220829 19,2777.72607421875
79_20220829 20,2535.184814453125
79_20220829 21,2420.59716796875
79_20220829 22,2320.896240234375
79_20220829 23,2231.91162109375
79_20220830 00,2133.59716796875
79_20220830 01,2126.344970703125
79_20220830 02,2194.32080078125
79_20220830 03,2200.497802734375
79_20220830 04,2231.66650390625
79_20220830 05,2282.21826171875
79_20220830 06,2487.50634765625
79_20220830 07,2909.393798828125
79_20220830 08,3681.8203125
79_20220830 09,4050.634033203125
79_20220830 10,4140.51611328125
79_20220830 11,4133.48583984375
79_20220830 12,4145.5615234375
79_20220830 13,4143.0966796875
79_20220830 14,4127.361328125
79_20220830 15,4050.32470703125
79_20220830 16,3960.143798828125
79_20220830 17,3716.685546875
79_20220830 18,3157.0634765625
79_20220830 19,2849.0361328125
79_20220830 20,2602.68359375
79_20220830 21,2504.122802734375
79_20220830 22,2458.0615234375
79_20220830 23,2367.87353515625
79_20220831 00,2278.976318359375
79_20220831 01,2256.04052734375
79_20220831 02,2251.46142578125
79_20220831 03,2244.58837890625
79_20220831 04,2260.571044921875
79_20220831 05,2266.635498046875
79_20220831 06,2483.704345703125
79_20220831 07,2973.373779296875
79_20220831 08,3708.326171875
79_20220831 09,4077.455810546875
79_20220831 10,4162.6044921875
79_20220831 11,4162.0078125
79_20220831 12,4150.49560546875
79_20220831 13,4159.3076171875
79_20220831 14,4154.2109375
79_20220831 15,4089.90869140625
79_20220831 16,3968.799560546875
79_20220831 17,3680.61962890625
79_20220831 18,3178.404541015625
79_20220831 19,2834.9140625
79_20220831 20,2578.57861328125
79_20220831 21,2502.23876953125
79_20220831 22,2440.131591796875
79_20220831 23,2358.217529296875
80_20220825 00,1302.8343505859375
80_20220825 01,1262.43408203125
80_20220825 02,1231.9149169921875
80_20220825 03,1223.162353515625
80_20220825 04,1224.816650390625
80_20220825 05,1308.7149658203125
80_20220825 06,1626.6812744140625
80_20220825 07,2255.274169921875
80_20220825 08,3946.1796875
80_20220825 09,5164.34716796875
80_20220825 10,5360.1611328125
80_20220825 11,5350.5634765625
80_20220825 12,5095.2080078125
80_20220825 13,5105.08154296875
80_20220825 14,5243.72021484375
80_20220825 15,5116.52587890625
80_20220825 16,4941.4921875
80_20220825 17,4292.1552734375
80_20220825 18,3157.228515625
80_20220825 19,2452.974365234375
80_20220825 20,2192.843017578125
80_20220825 21,1813.99609375
80_20220825 22,1518.3031005859375
80_20220825 23,1358.2418212890625
80_20220826 00,1285.5833740234375
80_20220826 01,1248.3065185546875
80_20220826 02,1221.4365234375
80_20220826 03,1217.7916259765625
80_20220826 04,1220.465087890625
80_20220826 05,1297.615478515625
80_20220826 06,1616.6177978515625
80_20220826 07,2224.16650390625
80_20220826 08,3933.77001953125
80_20220826 09,5141.8095703125
80_20220826 10,5275.3046875
80_20220826 11,5398.8994140625
80_20220826 12,5099.70361328125
80_20220826 13,5314.35302734375
80_20220826 14,5450.6953125
80_20220826 15,5425.15380859375
80_20220826 16,5190.1259765625
80_20220826 17,4448.19384765625
80_20220826 18,3103.86279296875
80_20220826 19,2477.7431640625
80_20220826 20,2228.59912109375
80_20220826 21,1777.741455078125
80_20220826 22,1464.357177734375
80_20220826 23,1355.026611328125
80_20220827 00,1284.524658203125
80_20220827 01,1244.521240234375
80_20220827 02,1198.711181640625
80_20220827 03,1187.075439453125
80_20220827 04,1169.28564453125
80_20220827 05,1221.8316650390625
80_20220827 06,1281.420166015625
80_20220827 07,1360.4674072265625
80_20220827 08,1691.156982421875
80_20220827 09,1821.9078369140625
80_20220827 10,1913.7603759765625
80_20220827 11,1958.251953125
80_20220827 12,2022.5361328125
80_20220827 13,1969.7474365234375
80_20220827 14,1939.273681640625
80_20220827 15,1885.7425537109375
80_20220827 16,1763.6923828125
80_20220827 17,1642.7236328125
80_20220827 18,1527.8160400390625
80_20220827 19,1387.840087890625
80_20220827 20,1307.317626953125
80_20220827 21,1243.157958984375
80_20220827 22,1205.5250244140625
80_20220827 23,1139.094970703125
80_20220828 00,1127.884765625
80_20220828 01,1117.8231201171875
80_20220828 02,1109.3607177734375
80_20220828 03,1102.32666015625
80_20220828 04,1106.099853515625
80_20220828 05,1130.9166259765625
80_20220828 06,1134.220947265625
80_20220828 07,1180.2979736328125
80_20220828 08,1358.973876953125
80_20220828 09,1395.4921875
80_20220828 10,1424.095458984375
80_20220828 11,1479.411865234375
80_20220828 12,1594.3857421875
80_20220828 13,1573.572265625
80_20220828 14,1587.736328125
80_20220828 15,1589.1546630859375
80_20220828 16,1549.91357421875
80_20220828 17,1512.346435546875
80_20220828 18,1441.261962890625
80_20220828 19,1371.877197265625
80_20220828 20,1302.1141357421875
80_20220828 21,1272.4571533203125
80_20220828 22,1228.980224609375
80_20220828 23,1155.16162109375
80_20220829 00,1133.6859130859375
80_20220829 01,1125.742431640625
80_20220829 02,1120.6627197265625
80_20220829 03,1122.632568359375
80_20220829 04,1122.5196533203125
80_20220829 05,1185.7601318359375
80_20220829 06,1537.045166015625
80_20220829 07,2240.384521484375
80_20220829 08,4104.46435546875
80_20220829 09,5391.08154296875
80_20220829 10,5455.30712890625
80_20220829 11,5445.12158203125
80_20220829 12,5290.87646484375
80_20220829 13,5306.4833984375
80_20220829 14,5394.27587890625
80_20220829 15,5347.8974609375
80_20220829 16,5100.5224609375
80_20220829 17,4419.08349609375
80_20220829 18,3209.91748046875
80_20220829 19,2456.78173828125
80_20220829 20,2187.1943359375
80_20220829 21,1796.9029541015625
80_20220829 22,1467.116943359375
80_20220829 23,1326.11572265625
80_20220830 00,1244.3665771484375
80_20220830 01,1215.2353515625
80_20220830 02,1215.038818359375
80_20220830 03,1220.27490234375
80_20220830 04,1206.489990234375
80_20220830 05,1280.855224609375
80_20220830 06,1597.0279541015625
80_20220830 07,2213.638671875
80_20220830 08,3921.45556640625
80_20220830 09,5217.05126953125
80_20220830 10,5304.505859375
80_20220830 11,5275.6865234375
80_20220830 12,5156.58203125
80_20220830 13,5252.7958984375
80_20220830 14,5319.3837890625
80_20220830 15,5240.29541015625
80_20220830 16,5068.28662109375
80_20220830 17,4473.685546875
80_20220830 18,3254.491455078125
80_20220830 19,2474.69580078125
80_20220830 20,2178.54541015625
80_20220830 21,1842.6224365234375
80_20220830 22,1496.278076171875
80_20220830 23,1359.2664794921875
80_20220831 00,1294.3328857421875
80_20220831 01,1243.6116943359375
80_20220831 02,1233.0074462890625
80_20220831 03,1228.9791259765625
80_20220831 04,1231.678466796875
80_20220831 05,1308.9412841796875
80_20220831 06,1618.067138671875
80_20220831 07,2230.871826171875
80_20220831 08,3925.56103515625
80_20220831 09,5088.10693359375
80_20220831 10,5192.6396484375
80_20220831 11,5219.068359375
80_20220831 12,5041.44189453125
80_20220831 13,5068.1015625
80_20220831 14,5195.52685546875
80_20220831 15,5098.56005859375
80_20220831 16,4893.8955078125
80_20220831 17,4338.60107421875
80_20220831 18,3161.22705078125
80_20220831 19,2493.5126953125
80_20220831 20,2189.75390625
80_20220831 21,1797.048583984375
80_20220831 22,1483.451904296875
80_20220831 23,1356.0404052734375
81_20220825 00,586.3873291015625
81_20220825 01,534.3602294921875
81_20220825 02,512.5931396484375
81_20220825 03,508.69732666015625
81_20220825 04,506.2279357910156
81_20220825 05,505.1073303222656
81_20220825 06,550.947509765625
81_20220825 07,657.0731201171875
81_20220825 08,784.1882934570312
81_20220825 09,1383.727294921875
81_20220825 10,1916.982177734375
81_20220825 11,2184.66455078125
81_20220825 12,2207.39990234375
81_20220825 13,2186.41552734375
81_20220825 14,2188.550048828125
81_20220825 15,2065.299560546875
81_20220825 16,2088.594970703125
81_20220825 17,2132.984130859375
81_20220825 18,2141.707275390625
81_20220825 19,2159.55712890625
81_20220825 20,2116.7861328125
81_20220825 21,1747.770263671875
81_20220825 22,860.3289794921875
81_20220825 23,665.0949096679688
81_20220826 00,576.6959228515625
81_20220826 01,534.1001586914062
81_20220826 02,501.8180236816406
81_20220826 03,500.39312744140625
81_20220826 04,501.39794921875
81_20220826 05,502.2918395996094
81_20220826 06,596.6434326171875
81_20220826 07,701.1978759765625
81_20220826 08,887.9903564453125
81_20220826 09,1426.5084228515625
81_20220826 10,1974.4534912109375
81_20220826 11,2225.812255859375
81_20220826 12,2222.096435546875
81_20220826 13,2250.609619140625
81_20220826 14,2229.308837890625
81_20220826 15,2232.221923828125
81_20220826 16,2236.449951171875
81_20220826 17,2225.029541015625
81_20220826 18,2241.441650390625
81_20220826 19,2245.057373046875
81_20220826 20,2220.86376953125
81_20220826 21,1842.784423828125
81_20220826 22,969.9359130859375
81_20220826 23,769.6826171875
81_20220827 00,654.4505004882812
81_20220827 01,577.6884155273438
81_20220827 02,513.86328125
81_20220827 03,505.15582275390625
81_20220827 04,502.35992431640625
81_20220827 05,500.25885009765625
81_20220827 06,537.6893310546875
81_20220827 07,645.23291015625
81_20220827 08,835.2623901367188
81_20220827 09,1423.6207275390625
81_20220827 10,1923.279541015625
81_20220827 11,2191.19580078125
81_20220827 12,2221.599365234375
81_20220827 13,2208.53173828125
81_20220827 14,2211.97509765625
81_20220827 15,2224.396484375
81_20220827 16,2214.42138671875
81_20220827 17,2215.73828125
81_20220827 18,2235.266357421875
81_20220827 19,2232.34033203125
81_20220827 20,2185.95458984375
81_20220827 21,1826.6558837890625
81_20220827 22,926.0930786132812
81_20220827 23,745.8457641601562
81_20220828 00,651.5054931640625
81_20220828 01,580.3893432617188
81_20220828 02,505.2237854003906
81_20220828 03,499.95086669921875
81_20220828 04,500.5472106933594
81_20220828 05,503.8789978027344
81_20220828 06,541.1767578125
81_20220828 07,652.3360595703125
81_20220828 08,830.3115234375
81_20220828 09,1398.3997802734375
81_20220828 10,1967.170654296875
81_20220828 11,2228.25244140625
81_20220828 12,2217.771240234375
81_20220828 13,2250.211181640625
81_20220828 14,2263.961669921875
81_20220828 15,2298.84521484375
81_20220828 16,2326.04638671875
81_20220828 17,2338.648193359375
81_20220828 18,2292.57080078125
81_20220828 19,2252.12451171875
81_20220828 20,2229.07568359375
81_20220828 21,1814.482177734375
81_20220828 22,875.1787109375
81_20220828 23,678.4979248046875
81_20220829 00,589.994140625
81_20220829 01,536.1345825195312
81_20220829 02,510.4862365722656
81_20220829 03,507.5282287597656
81_20220829 04,504.7698669433594
81_20220829 05,503.8690490722656
81_20220829 06,547.0770263671875
81_20220829 07,658.06396484375
81_20220829 08,783.4696044921875
81_20220829 09,1372.361328125
81_20220829 10,1894.238037109375
81_20220829 11,2095.893310546875
81_20220829 12,2105.378662109375
81_20220829 13,2168.497314453125
81_20220829 14,2144.92431640625
81_20220829 15,2135.015380859375
81_20220829 16,2144.90966796875
81_20220829 17,2112.440185546875
81_20220829 18,2124.635498046875
81_20220829 19,2147.0498046875
81_20220829 20,2049.180419921875
81_20220829 21,1721.956298828125
81_20220829 22,831.9110107421875
81_20220829 23,666.8062133789062
81_20220830 00,590.8253173828125
81_20220830 01,545.6517333984375
81_20220830 02,510.11083984375
81_20220830 03,507.3755798339844
81_20220830 04,502.7496643066406
81_20220830 05,510.06396484375
81_20220830 06,559.31201171875
81_20220830 07,661.9085083007812
81_20220830 08,787.3728637695312
81_20220830 09,1419.0941162109375
81_20220830 10,1976.205810546875
81_20220830 11,2126.61767578125
81_20220830 12,2123.140625
81_20220830 13,2178.12109375
81_20220830 14,2169.52197265625
81_20220830 15,2129.5205078125
81_20220830 16,2158.95361328125
81_20220830 17,2179.56005859375
81_20220830 18,2179.168701171875
81_20220830 19,2181.70849609375
81_20220830 20,2139.31982421875
81_20220830 21,1791.632568359375
81_20220830 22,872.5969848632812
81_20220830 23,684.6898193359375
81_20220831 00,600.5220947265625
81_20220831 01,548.799560546875
81_20220831 02,520.0106811523438
81_20220831 03,519.1390380859375
81_20220831 04,516.9778442382812
81_20220831 05,519.3865966796875
81_20220831 06,562.95263671875
81_20220831 07,678.2589111328125
81_20220831 08,787.9561767578125
81_20220831 09,1391.2567138671875
81_20220831 10,1848.717041015625
81_20220831 11,2160.90625
81_20220831 12,2148.53369140625
81_20220831 13,2170.466064453125
81_20220831 14,2163.885986328125
81_20220831 15,2150.971435546875
81_20220831 16,2163.927978515625
81_20220831 17,2167.94580078125
81_20220831 18,2167.13134765625
81_20220831 19,2170.52001953125
81_20220831 20,2124.513916015625
81_20220831 21,1778.761962890625
81_20220831 22,835.2369995117188
81_20220831 23,669.9771118164062
82_20220825 00,1435.931884765625
82_20220825 01,1350.456298828125
82_20220825 02,1276.1949462890625
82_20220825 03,1235.235595703125
82_20220825 04,1253.8359375
82_20220825 05,1282.98681640625
82_20220825 06,1464.121826171875
82_20220825 07,1935.8316650390625
82_20220825 08,2853.84619140625
82_20220825 09,3972.3125
82_20220825 10,4269.6162109375
82_20220825 11,4259.6484375
82_20220825 12,4074.17724609375
82_20220825 13,4214.2900390625
82_20220825 14,4273.908203125
82_20220825 15,4284.40185546875
82_20220825 16,4120.05810546875
82_20220825 17,3491.681640625
82_20220825 18,2732.54833984375
82_20220825 19,2287.297119140625
82_20220825 20,2061.890625
82_20220825 21,1886.78515625
82_20220825 22,1706.696044921875
82_20220825 23,1537.85986328125
82_20220826 00,1397.8299560546875
82_20220826 01,1329.61279296875
82_20220826 02,1279.802978515625
82_20220826 03,1244.1588134765625
82_20220826 04,1261.3265380859375
82_20220826 05,1290.576904296875
82_20220826 06,1470.85546875
82_20220826 07,1917.1138916015625
82_20220826 08,2871.186767578125
82_20220826 09,3963.634033203125
82_20220826 10,4301.1162109375
82_20220826 11,4323.52490234375
82_20220826 12,4104.21923828125
82_20220826 13,4288.5205078125
82_20220826 14,4364.01416015625
82_20220826 15,4344.86279296875
82_20220826 16,4171.3056640625
82_20220826 17,3622.96435546875
82_20220826 18,2790.455078125
82_20220826 19,2347.402099609375
82_20220826 20,2140.536865234375
82_20220826 21,2005.857421875
82_20220826 22,1817.6988525390625
82_20220826 23,1681.2740478515625
82_20220827 00,1476.016357421875
82_20220827 01,1386.095703125
82_20220827 02,1325.70458984375
82_20220827 03,1222.0
82_20220827 04,1201.601318359375
82_20220827 05,1204.3388671875
82_20220827 06,1245.7578125
82_20220827 07,1321.399658203125
82_20220827 08,1589.168212890625
82_20220827 09,1852.5419921875
82_20220827 10,2021.8333740234375
82_20220827 11,2094.617431640625
82_20220827 12,2095.5380859375
82_20220827 13,2077.01318359375
82_20220827 14,2061.957763671875
82_20220827 15,2010.205322265625
82_20220827 16,1910.215087890625
82_20220827 17,1776.14453125
82_20220827 18,1597.08935546875
82_20220827 19,1451.94921875
82_20220827 20,1448.7763671875
82_20220827 21,1438.3408203125
82_20220827 22,1361.94091796875
82_20220827 23,1311.918701171875
82_20220828 00,1242.556884765625
82_20220828 01,1170.4927978515625
82_20220828 02,1120.57421875
82_20220828 03,1113.3201904296875
82_20220828 04,1110.930419921875
82_20220828 05,1109.793701171875
82_20220828 06,1112.5106201171875
82_20220828 07,1167.919677734375
82_20220828 08,1315.635009765625
82_20220828 09,1440.828369140625
82_20220828 10,1546.033935546875
82_20220828 11,1590.8218994140625
82_20220828 12,1660.1148681640625
82_20220828 13,1750.630615234375
82_20220828 14,1775.763427734375
82_20220828 15,1775.0543212890625
82_20220828 16,1751.0123291015625
82_20220828 17,1681.3831787109375
82_20220828 18,1530.1839599609375
82_20220828 19,1457.736083984375
82_20220828 20,1458.7650146484375
82_20220828 21,1443.9886474609375
82_20220828 22,1372.909423828125
82_20220828 23,1319.015625
82_20220829 00,1280.26708984375
82_20220829 01,1213.76611328125
82_20220829 02,1128.849853515625
82_20220829 03,1119.335205078125
82_20220829 04,1124.228515625
82_20220829 05,1176.8572998046875
82_20220829 06,1391.47119140625
82_20220829 07,1865.5101318359375
82_20220829 08,2800.916259765625
82_20220829 09,3959.04248046875
82_20220829 10,4236.20263671875
82_20220829 11,4244.1123046875
82_20220829 12,4065.415283203125
82_20220829 13,4220.7626953125
82_20220829 14,4262.04541015625
82_20220829 15,4257.89306640625
82_20220829 16,4082.41943359375
82_20220829 17,3456.807861328125
82_20220829 18,2710.00048828125
82_20220829 19,2271.685791015625
82_20220829 20,2036.6044921875
82_20220829 21,1878.043212890625
82_20220829 22,1700.2451171875
82_20220829 23,1533.629638671875
82_20220830 00,1396.481201171875
82_20220830 01,1308.435791015625
82_20220830 02,1254.4259033203125
82_20220830 03,1241.652587890625
82_20220830 04,1258.3192138671875
82_20220830 05,1300.5072021484375
82_20220830 06,1469.6064453125
82_20220830 07,1926.3431396484375
82_20220830 08,2791.731689453125
82_20220830 09,3940.13623046875
82_20220830 10,4214.7236328125
82_20220830 11,4222.77783203125
82_20220830 12,4074.789794921875
82_20220830 13,4201.83447265625
82_20220830 14,4260.5419921875
82_20220830 15,4253.443359375
82_20220830 16,4097.548828125
82_20220830 17,3496.05859375
82_20220830 18,2791.50927734375
82_20220830 19,2338.366943359375
82_20220830 20,2096.87255859375
82_20220830 21,1951.9407958984375
82_20220830 22,1770.817626953125
82_20220830 23,1574.39208984375
82_20220831 00,1432.2484130859375
82_20220831 01,1350.6553955078125
82_20220831 02,1286.8768310546875
82_20220831 03,1248.6943359375
82_20220831 04,1265.564208984375
82_20220831 05,1286.113037109375
82_20220831 06,1463.816162109375
82_20220831 07,1890.1259765625
82_20220831 08,2800.4599609375
82_20220831 09,3944.299560546875
82_20220831 10,4208.5615234375
82_20220831 11,4235.9326171875
82_20220831 12,4048.55615234375
82_20220831 13,4211.2470703125
82_20220831 14,4293.7197265625
82_20220831 15,4286.25
82_20220831 16,4111.03515625
82_20220831 17,3504.21435546875
82_20220831 18,2712.12353515625
82_20220831 19,2277.944091796875
82_20220831 20,2071.9951171875
82_20220831 21,1949.8160400390625
82_20220831 22,1757.919921875
82_20220831 23,1576.831787109375
83_20220825 00,828.1624755859375
83_20220825 01,804.2378540039062
83_20220825 02,788.3101806640625
83_20220825 03,780.2845458984375
83_20220825 04,775.4561767578125
83_20220825 05,774.8818359375
83_20220825 06,836.3450927734375
83_20220825 07,1098.689453125
83_20220825 08,1923.4876708984375
83_20220825 09,2580.7578125
83_20220825 10,2709.033935546875
83_20220825 11,2710.45263671875
83_20220825 12,2708.457275390625
83_20220825 13,2742.8984375
83_20220825 14,2673.51806640625
83_20220825 15,2591.77783203125
83_20220825 16,2527.86572265625
83_20220825 17,2268.4619140625
83_20220825 18,1627.4813232421875
83_20220825 19,1349.306396484375
83_20220825 20,1136.100341796875
83_20220825 21,1004.9765625
83_20220825 22,931.8402099609375
83_20220825 23,856.27587890625
83_20220826 00,826.1594848632812
83_20220826 01,798.737060546875
83_20220826 02,789.1318359375
83_20220826 03,786.5940551757812
83_20220826 04,785.074462890625
83_20220826 05,786.6047973632812
83_20220826 06,845.1730346679688
83_20220826 07,1094.540283203125
83_20220826 08,1714.738037109375
83_20220826 09,2559.25830078125
83_20220826 10,2740.060302734375
83_20220826 11,2742.120361328125
83_20220826 12,2751.66845703125
83_20220826 13,2857.08837890625
83_20220826 14,2799.3466796875
83_20220826 15,2837.86376953125
83_20220826 16,2724.080810546875
83_20220826 17,2222.39990234375
83_20220826 18,1610.6793212890625
83_20220826 19,1301.8365478515625
83_20220826 20,1122.786865234375
83_20220826 21,976.6945190429688
83_20220826 22,913.7169799804688
83_20220826 23,854.1273193359375
83_20220827 00,801.0538330078125
83_20220827 01,782.8461303710938
83_20220827 02,762.9760131835938
83_20220827 03,752.2189331054688
83_20220827 04,741.096435546875
83_20220827 05,726.406494140625
83_20220827 06,749.0863037109375
83_20220827 07,790.8765869140625
83_20220827 08,842.92236328125
83_20220827 09,910.5289916992188
83_20220827 10,996.5185546875
83_20220827 11,1037.428955078125
83_20220827 12,1039.9345703125
83_20220827 13,1044.708984375
83_20220827 14,1059.292724609375
83_20220827 15,1053.762451171875
83_20220827 16,1045.9765625
83_20220827 17,998.4909057617188
83_20220827 18,906.9490966796875
83_20220827 19,867.0550537109375
83_20220827 20,829.4195556640625
83_20220827 21,803.7491455078125
83_20220827 22,780.4570922851562
83_20220827 23,756.021728515625
83_20220828 00,735.4050903320312
83_20220828 01,716.7107543945312
83_20220828 02,706.0369262695312
83_20220828 03,705.1112060546875
83_20220828 04,705.3231201171875
83_20220828 05,705.2227172851562
83_20220828 06,706.6199951171875
83_20220828 07,722.8296508789062
83_20220828 08,768.9632568359375
83_20220828 09,830.6873779296875
83_20220828 10,881.6648559570312
83_20220828 11,939.4059448242188
83_20220828 12,948.0872192382812
83_20220828 13,973.5686645507812
83_20220828 14,989.1357421875
83_20220828 15,989.1033325195312
83_20220828 16,977.9093627929688
83_20220828 17,945.4105224609375
83_20220828 18,884.76708984375
83_20220828 19,851.880859375
83_20220828 20,816.4177856445312
83_20220828 21,794.3859252929688
83_20220828 22,767.8635864257812
83_20220828 23,746.54052734375
83_20220829 00,748.4224853515625
83_20220829 01,728.9059448242188
83_20220829 02,723.0011596679688
83_20220829 03,719.2649536132812
83_20220829 04,722.4246826171875
83_20220829 05,717.5870971679688
83_20220829 06,787.4631958007812
83_20220829 07,1109.5718994140625
83_20220829 08,1688.183837890625
83_20220829 09,2662.173095703125
83_20220829 10,2703.829833984375
83_20220829 11,2689.5107421875
83_20220829 12,2651.57763671875
83_20220829 13,2683.12646484375
83_20220829 14,2679.6796875
83_20220829 15,2673.395263671875
83_20220829 16,2547.9072265625
83_20220829 17,2241.413818359375
83_20220829 18,1634.2950439453125
83_20220829 19,1306.0384521484375
83_20220829 20,1123.977294921875
83_20220829 21,990.8046875
83_20220829 22,908.7869873046875
83_20220829 23,838.14013671875
83_20220830 00,804.0364379882812
83_20220830 01,779.9441528320312
83_20220830 02,770.9494018554688
83_20220830 03,774.6134033203125
83_20220830 04,773.6473388671875
83_20220830 05,769.402587890625
83_20220830 06,833.9293212890625
83_20220830 07,1101.6507568359375
83_20220830 08,1715.548583984375
83_20220830 09,2699.59375
83_20220830 10,2735.490478515625
83_20220830 11,2719.916748046875
83_20220830 12,2699.79345703125
83_20220830 13,2738.973388671875
83_20220830 14,2730.901123046875
83_20220830 15,2729.947998046875
83_20220830 16,2627.395263671875
83_20220830 17,2257.14990234375
83_20220830 18,1749.651611328125
83_20220830 19,1350.018798828125
83_20220830 20,1136.373779296875
83_20220830 21,1018.83935546875
83_20220830 22,933.8703002929688
83_20220830 23,862.1603393554688
83_20220831 00,823.7413330078125
83_20220831 01,802.7889404296875
83_20220831 02,786.73388671875
83_20220831 03,780.6798706054688
83_20220831 04,779.54296875
83_20220831 05,778.8936767578125
83_20220831 06,844.6103515625
83_20220831 07,1094.5526123046875
83_20220831 08,1740.3472900390625
83_20220831 09,2589.60302734375
83_20220831 10,2627.19873046875
83_20220831 11,2603.864501953125
83_20220831 12,2552.890869140625
83_20220831 13,2621.513671875
83_20220831 14,2638.065673828125
83_20220831 15,2646.943115234375
83_20220831 16,2552.76171875
83_20220831 17,2278.58837890625
83_20220831 18,1695.21875
83_20220831 19,1344.166259765625
83_20220831 20,1135.055908203125
83_20220831 21,992.9185791015625
83_20220831 22,927.8394775390625
83_20220831 23,864.1409301757812
84_20220825 00,1074.7698974609375
84_20220825 01,1021.0946044921875
84_20220825 02,981.3112182617188
84_20220825 03,934.3136596679688
84_20220825 04,889.6285400390625
84_20220825 05,894.5007934570312
84_20220825 06,1003.6561279296875
84_20220825 07,1414.8785400390625
84_20220825 08,2156.43505859375
84_20220825 09,2626.57373046875
84_20220825 10,2805.44580078125
84_20220825 11,2861.268310546875
84_20220825 12,2966.676025390625
84_20220825 13,2894.216064453125
84_20220825 14,2713.298828125
84_20220825 15,2593.333740234375
84_20220825 16,2564.32421875
84_20220825 17,2472.034423828125
84_20220825 18,2200.390625
84_20220825 19,1910.916015625
84_20220825 20,1692.8978271484375
84_20220825 21,1491.2103271484375
84_20220825 22,1294.628173828125
84_20220825 23,1156.46923828125
84_20220826 00,1071.7242431640625
84_20220826 01,1010.0550537109375
84_20220826 02,976.5914916992188
84_20220826 03,933.0567626953125
84_20220826 04,891.5558471679688
84_20220826 05,895.1951293945312
84_20220826 06,1003.6926879882812
84_20220826 07,1413.194091796875
84_20220826 08,2074.713623046875
84_20220826 09,2559.955810546875
84_20220826 10,2821.249267578125
84_20220826 11,2911.97509765625
84_20220826 12,3016.08984375
84_20220826 13,3080.821044921875
84_20220826 14,2856.69873046875
84_20220826 15,2786.54248046875
84_20220826 16,2723.03857421875
84_20220826 17,2535.37109375
84_20220826 18,2276.486572265625
84_20220826 19,1887.066650390625
84_20220826 20,1707.5269775390625
84_20220826 21,1456.3646240234375
84_20220826 22,1269.9136962890625
84_20220826 23,1162.82275390625
84_20220827 00,1084.2750244140625
84_20220827 01,1018.44775390625
84_20220827 02,944.9149169921875
84_20220827 03,910.5379638671875
84_20220827 04,887.7344970703125
84_20220827 05,876.2160034179688
84_20220827 06,903.7771606445312
84_20220827 07,967.07666015625
84_20220827 08,1049.30712890625
84_20220827 09,1288.3499755859375
84_20220827 10,1523.42578125
84_20220827 11,1576.06005859375
84_20220827 12,1621.2855224609375
84_20220827 13,1644.734130859375
84_20220827 14,1639.104248046875
84_20220827 15,1567.5101318359375
84_20220827 16,1505.920654296875
84_20220827 17,1498.4215087890625
84_20220827 18,1488.6656494140625
84_20220827 19,1425.753662109375
84_20220827 20,1383.5035400390625
84_20220827 21,1231.822265625
84_20220827 22,1094.2664794921875
84_20220827 23,1042.1480712890625
84_20220828 00,997.4142456054688
84_20220828 01,954.3665161132812
84_20220828 02,907.9850463867188
84_20220828 03,874.6043090820312
84_20220828 04,866.1895751953125
84_20220828 05,865.64892578125
84_20220828 06,867.44140625
84_20220828 07,912.8782958984375
84_20220828 08,994.6048583984375
84_20220828 09,1185.5338134765625
84_20220828 10,1400.254638671875
84_20220828 11,1468.9730224609375
84_20220828 12,1524.372314453125
84_20220828 13,1554.189697265625
84_20220828 14,1576.4951171875
84_20220828 15,1567.3486328125
84_20220828 16,1553.640869140625
84_20220828 17,1551.909423828125
84_20220828 18,1512.681396484375
84_20220828 19,1460.579833984375
84_20220828 20,1395.756591796875
84_20220828 21,1297.0372314453125
84_20220828 22,1126.8604736328125
84_20220828 23,1067.6124267578125
84_20220829 00,1022.3225708007812
84_20220829 01,987.93994140625
84_20220829 02,952.9826049804688
84_20220829 03,896.1968994140625
84_20220829 04,872.6767578125
84_20220829 05,881.5772705078125
84_20220829 06,982.17919921875
84_20220829 07,1406.354248046875
84_20220829 08,2085.1630859375
84_20220829 09,2572.71484375
84_20220829 10,2723.07861328125
84_20220829 11,2765.805908203125
84_20220829 12,2809.23974609375
84_20220829 13,2772.59814453125
84_20220829 14,2652.620849609375
84_20220829 15,2586.92919921875
84_20220829 16,2541.046875
84_20220829 17,2447.057861328125
84_20220829 18,2146.412109375
84_20220829 19,1868.8447265625
84_20220829 20,1679.198974609375
84_20220829 21,1481.745361328125
84_20220829 22,1286.5592041015625
84_20220829 23,1142.620849609375
84_20220830 00,1053.54638671875
84_20220830 01,1001.5427856445312
84_20220830 02,969.9358520507812
84_20220830 03,932.3469848632812
84_20220830 04,893.6807861328125
84_20220830 05,897.1238403320312
84_20220830 06,1008.5159301757812
84_20220830 07,1425.6805419921875
84_20220830 08,2086.3984375
84_20220830 09,2593.77978515625
84_20220830 10,2773.729248046875
84_20220830 11,2800.9765625
84_20220830 12,2875.003173828125
84_20220830 13,2821.205810546875
84_20220830 14,2705.828857421875
84_20220830 15,2635.044921875
84_20220830 16,2593.19189453125
84_20220830 17,2501.744384765625
84_20220830 18,2231.890625
84_20220830 19,1932.9134521484375
84_20220830 20,1717.021728515625
84_20220830 21,1503.926513671875
84_20220830 22,1306.8909912109375
84_20220830 23,1163.438232421875
84_20220831 00,1073.2261962890625
84_20220831 01,1021.1564331054688
84_20220831 02,982.5178833007812
84_20220831 03,923.9304809570312
84_20220831 04,887.5501098632812
84_20220831 05,897.08935546875
84_20220831 06,995.6965942382812
84_20220831 07,1412.1866455078125
84_20220831 08,2091.49658203125
84_20220831 09,2559.29296875
84_20220831 10,2730.126220703125
84_20220831 11,2769.09326171875
84_20220831 12,2824.469970703125
84_20220831 13,2806.141845703125
84_20220831 14,2657.8896484375
84_20220831 15,2627.660888671875
84_20220831 16,2573.99462890625
84_20220831 17,2493.776123046875
84_20220831 18,2222.50390625
84_20220831 19,1917.3060302734375
84_20220831 20,1712.25390625
84_20220831 21,1493.9298095703125
84_20220831 22,1302.1192626953125
84_20220831 23,1175.237060546875
85_20220825 00,1729.7847900390625
85_20220825 01,1713.1793212890625
85_20220825 02,1719.378173828125
85_20220825 03,1728.909423828125
85_20220825 04,1745.8443603515625
85_20220825 05,1750.7135009765625
85_20220825 06,1860.1312255859375
85_20220825 07,2252.97705078125
85_20220825 08,2561.82177734375
85_20220825 09,2637.44091796875
85_20220825 10,2713.738037109375
85_20220825 11,2724.75537109375
85_20220825 12,2749.5615234375
85_20220825 13,2766.093994140625
85_20220825 14,2775.515625
85_20220825 15,2625.28955078125
85_20220825 16,2626.998779296875
85_20220825 17,2545.747802734375
85_20220825 18,2368.6640625
85_20220825 19,2288.59912109375
85_20220825 20,2232.41650390625
85_20220825 21,2127.3037109375
85_20220825 22,1955.216796875
85_20220825 23,1833.1158447265625
85_20220826 00,1743.939453125
85_20220826 01,1737.8004150390625
85_20220826 02,1738.995849609375
85_20220826 03,1739.451416015625
85_20220826 04,1755.2607421875
85_20220826 05,1750.178955078125
85_20220826 06,1844.2861328125
85_20220826 07,2239.298095703125
85_20220826 08,2570.138427734375
85_20220826 09,2657.662353515625
85_20220826 10,2729.63623046875
85_20220826 11,2786.09716796875
85_20220826 12,2834.25244140625
85_20220826 13,2868.84423828125
85_20220826 14,2842.325439453125
85_20220826 15,2828.404296875
85_20220826 16,2800.3359375
85_20220826 17,2641.239013671875
85_20220826 18,2473.766357421875
85_20220826 19,2386.09521484375
85_20220826 20,2310.661376953125
85_20220826 21,2170.26904296875
85_20220826 22,1980.151611328125
85_20220826 23,1852.955810546875
85_20220827 00,1751.6363525390625
85_20220827 01,1744.2593994140625
85_20220827 02,1753.2633056640625
85_20220827 03,1751.8587646484375
85_20220827 04,1763.4847412109375
85_20220827 05,1767.298828125
85_20220827 06,1844.293701171875
85_20220827 07,2212.32861328125
85_20220827 08,2498.578857421875
85_20220827 09,2550.124267578125
85_20220827 10,2589.312255859375
85_20220827 11,2612.99853515625
85_20220827 12,2655.912841796875
85_20220827 13,2659.3193359375
85_20220827 14,2681.003173828125
85_20220827 15,2664.384521484375
85_20220827 16,2642.42138671875
85_20220827 17,2537.18896484375
85_20220827 18,2389.399169921875
85_20220827 19,2317.426513671875
85_20220827 20,2281.04736328125
85_20220827 21,2147.660888671875
85_20220827 22,2018.0482177734375
85_20220827 23,1883.5283203125
85_20220828 00,1746.613037109375
85_20220828 01,1734.8306884765625
85_20220828 02,1723.4951171875
85_20220828 03,1717.7998046875
85_20220828 04,1744.1556396484375
85_20220828 05,1747.425537109375
85_20220828 06,1830.2064208984375
85_20220828 07,2160.175048828125
85_20220828 08,2429.10791015625
85_20220828 09,2491.186767578125
85_20220828 10,2523.52880859375
85_20220828 11,2593.9677734375
85_20220828 12,2669.1494140625
85_20220828 13,2715.34912109375
85_20220828 14,2766.31884765625
85_20220828 15,2738.49072265625
85_20220828 16,2710.45458984375
85_20220828 17,2640.053955078125
85_20220828 18,2467.890380859375
85_20220828 19,2341.618408203125
85_20220828 20,2325.37451171875
85_20220828 21,2170.14794921875
85_20220828 22,1980.6243896484375
85_20220828 23,1842.0501708984375
85_20220829 00,1738.7197265625
85_20220829 01,1733.299072265625
85_20220829 02,1739.62109375
85_20220829 03,1743.612060546875
85_20220829 04,1769.0023193359375
85_20220829 05,1763.033203125
85_20220829 06,1891.634765625
85_20220829 07,2259.416015625
85_20220829 08,2543.63232421875
85_20220829 09,2549.34228515625
85_20220829 10,2602.51611328125
85_20220829 11,2654.09814453125
85_20220829 12,2692.016845703125
85_20220829 13,2692.40966796875
85_20220829 14,2632.14501953125
85_20220829 15,2606.560302734375
85_20220829 16,2576.669921875
85_20220829 17,2478.259033203125
85_20220829 18,2322.889892578125
85_20220829 19,2265.020263671875
85_20220829 20,2193.92041015625
85_20220829 21,2107.71533203125
85_20220829 22,1969.5380859375
85_20220829 23,1848.475830078125
85_20220830 00,1746.402587890625
85_20220830 01,1739.5484619140625
85_20220830 02,1726.6634521484375
85_20220830 03,1735.832763671875
85_20220830 04,1775.674560546875
85_20220830 05,1766.7340087890625
85_20220830 06,1860.833740234375
85_20220830 07,2266.46826171875
85_20220830 08,2616.638916015625
85_20220830 09,2714.22216796875
85_20220830 10,2715.219970703125
85_20220830 11,2732.465087890625
85_20220830 12,2781.379638671875
85_20220830 13,2775.945068359375
85_20220830 14,2765.83251953125
85_20220830 15,2730.624267578125
85_20220830 16,2694.581298828125
85_20220830 17,2633.4326171875
85_20220830 18,2465.67724609375
85_20220830 19,2429.88330078125
85_20220830 20,2369.067626953125
85_20220830 21,2211.91845703125
85_20220830 22,2022.186279296875
85_20220830 23,1864.434814453125
85_20220831 00,1769.453857421875
85_20220831 01,1760.9693603515625
85_20220831 02,1748.927978515625
85_20220831 03,1744.0081787109375
85_20220831 04,1775.014892578125
85_20220831 05,1788.9847412109375
85_20220831 06,1859.1510009765625
85_20220831 07,2267.12109375
85_20220831 08,2541.59375
85_20220831 09,2618.98291015625
85_20220831 10,2653.906005859375
85_20220831 11,2704.01318359375
85_20220831 12,2756.75439453125
85_20220831 13,2742.86376953125
85_20220831 14,2726.32568359375
85_20220831 15,2687.23583984375
85_20220831 16,2668.589111328125
85_20220831 17,2603.703857421875
85_20220831 18,2417.095703125
85_20220831 19,2317.00341796875
85_20220831 20,2244.0986328125
85_20220831 21,2121.284423828125
85_20220831 22,1967.3746337890625
85_20220831 23,1862.571044921875
86_20220825 00,566.3825073242188
86_20220825 01,554.1023559570312
86_20220825 02,554.3350830078125
86_20220825 03,551.9323120117188
86_20220825 04,553.387939453125
86_20220825 05,552.9454345703125
86_20220825 06,610.3162841796875
86_20220825 07,899.6322021484375
86_20220825 08,1169.1322021484375
86_20220825 09,1371.594482421875
86_20220825 10,1598.5452880859375
86_20220825 11,1599.552978515625
86_20220825 12,1599.62353515625
86_20220825 13,1594.5987548828125
86_20220825 14,1581.8173828125
86_20220825 15,1583.784912109375
86_20220825 16,1569.023193359375
86_20220825 17,1556.9495849609375
86_20220825 18,1532.7962646484375
86_20220825 19,1513.468505859375
86_20220825 20,1438.279052734375
86_20220825 21,1280.84765625
86_20220825 22,1123.6185302734375
86_20220825 23,787.0125122070312
86_20220826 00,558.6868896484375
86_20220826 01,544.8746948242188
86_20220826 02,545.0407104492188
86_20220826 03,547.703125
86_20220826 04,545.9476318359375
86_20220826 05,551.2908325195312
86_20220826 06,619.6708374023438
86_20220826 07,913.4202880859375
86_20220826 08,1137.361572265625
86_20220826 09,1356.699951171875
86_20220826 10,1600.2576904296875
86_20220826 11,1602.9293212890625
86_20220826 12,1608.58203125
86_20220826 13,1611.07958984375
86_20220826 14,1604.51123046875
86_20220826 15,1605.6605224609375
86_20220826 16,1589.2354736328125
86_20220826 17,1572.9912109375
86_20220826 18,1544.771484375
86_20220826 19,1524.5882568359375
86_20220826 20,1464.078369140625
86_20220826 21,1289.6556396484375
86_20220826 22,1155.05859375
86_20220826 23,860.4149169921875
86_20220827 00,584.1751098632812
86_20220827 01,562.28125
86_20220827 02,568.0073852539062
86_20220827 03,576.3677978515625
86_20220827 04,558.4367065429688
86_20220827 05,550.5377197265625
86_20220827 06,611.4013671875
86_20220827 07,921.9386596679688
86_20220827 08,1119.585693359375
86_20220827 09,1354.894287109375
86_20220827 10,1609.9466552734375
86_20220827 11,1612.402587890625
86_20220827 12,1619.368408203125
86_20220827 13,1619.7398681640625
86_20220827 14,1618.123291015625
86_20220827 15,1617.862060546875
86_20220827 16,1608.029052734375
86_20220827 17,1596.540771484375
86_20220827 18,1560.8162841796875
86_20220827 19,1531.4385986328125
86_20220827 20,1444.5389404296875
86_20220827 21,1280.4715576171875
86_20220827 22,1095.1915283203125
86_20220827 23,794.0284423828125
86_20220828 00,551.63427734375
86_20220828 01,535.5745849609375
86_20220828 02,538.5006103515625
86_20220828 03,533.5387573242188
86_20220828 04,538.4908447265625
86_20220828 05,538.0110473632812
86_20220828 06,553.6520385742188
86_20220828 07,567.00830078125
86_20220828 08,591.8903198242188
86_20220828 09,790.9910278320312
86_20220828 10,840.77099609375
86_20220828 11,663.0164794921875
86_20220828 12,692.3201293945312
86_20220828 13,742.7444458007812
86_20220828 14,724.8782958984375
86_20220828 15,750.7772827148438
86_20220828 16,802.2781982421875
86_20220828 17,768.0260620117188
86_20220828 18,697.3946533203125
86_20220828 19,669.4566040039062
86_20220828 20,658.66015625
86_20220828 21,627.5252075195312
86_20220828 22,581.7286987304688
86_20220828 23,581.7750244140625
86_20220829 00,568.7781372070312
86_20220829 01,556.7076416015625
86_20220829 02,553.0909423828125
86_20220829 03,550.32177734375
86_20220829 04,552.8434448242188
86_20220829 05,544.2272338867188
86_20220829 06,614.0321044921875
86_20220829 07,898.9107666015625
86_20220829 08,1119.19970703125
86_20220829 09,1344.8499755859375
86_20220829 10,1598.7020263671875
86_20220829 11,1599.2813720703125
86_20220829 12,1599.123291015625
86_20220829 13,1591.878173828125
86_20220829 14,1582.908935546875
86_20220829 15,1585.2843017578125
86_20220829 16,1567.045654296875
86_20220829 17,1556.630615234375
86_20220829 18,1527.7073974609375
86_20220829 19,1507.0355224609375
86_20220829 20,1424.051025390625
86_20220829 21,1261.6517333984375
86_20220829 22,1099.9085693359375
86_20220829 23,787.5928955078125
86_20220830 00,566.58642578125
86_20220830 01,548.9426879882812
86_20220830 02,545.447265625
86_20220830 03,553.1199951171875
86_20220830 04,559.160888671875
86_20220830 05,569.1243896484375
86_20220830 06,651.5989990234375
86_20220830 07,881.7448120117188
86_20220830 08,1105.552490234375
86_20220830 09,1344.085205078125
86_20220830 10,1591.4697265625
86_20220830 11,1594.78125
86_20220830 12,1603.5372314453125
86_20220830 13,1600.4010009765625
86_20220830 14,1589.469482421875
86_20220830 15,1591.1900634765625
86_20220830 16,1576.515869140625
86_20220830 17,1572.333740234375
86_20220830 18,1548.6982421875
86_20220830 19,1529.3740234375
86_20220830 20,1453.7652587890625
86_20220830 21,1275.026611328125
86_20220830 22,1115.8802490234375
86_20220830 23,797.0731201171875
86_20220831 00,582.9453125
86_20220831 01,562.2198486328125
86_20220831 02,562.4378662109375
86_20220831 03,562.4840698242188
86_20220831 04,562.5850830078125
86_20220831 05,563.1981201171875
86_20220831 06,637.4146728515625
86_20220831 07,881.3024291992188
86_20220831 08,1142.445556640625
86_20220831 09,1338.8984375
86_20220831 10,1588.504150390625
86_20220831 11,1590.168212890625
86_20220831 12,1589.6356201171875
86_20220831 13,1585.571533203125
86_20220831 14,1576.698486328125
86_20220831 15,1579.4447021484375
86_20220831 16,1565.4295654296875
86_20220831 17,1558.66259765625
86_20220831 18,1532.1253662109375
86_20220831 19,1511.9635009765625
86_20220831 20,1443.293701171875
86_20220831 21,1279.559814453125
86_20220831 22,1131.2760009765625
86_20220831 23,823.6890869140625
87_20220825 00,909.68017578125
87_20220825 01,764.2355346679688
87_20220825 02,702.7999877929688
87_20220825 03,682.4318237304688
87_20220825 04,686.0046997070312
87_20220825 05,762.208251953125
87_20220825 06,970.5172729492188
87_20220825 07,1261.6368408203125
87_20220825 08,1606.6697998046875
87_20220825 09,1788.482177734375
87_20220825 10,1739.31640625
87_20220825 11,1779.332275390625
87_20220825 12,1822.341552734375
87_20220825 13,1825.692626953125
87_20220825 14,1800.6888427734375
87_20220825 15,1732.451904296875
87_20220825 16,1727.7581787109375
87_20220825 17,1689.7113037109375
87_20220825 18,1708.3082275390625
87_20220825 19,1595.2100830078125
87_20220825 20,1490.24267578125
87_20220825 21,1271.7261962890625
87_20220825 22,961.4651489257812
87_20220825 23,947.5870361328125
87_20220826 00,851.3795776367188
87_20220826 01,718.58642578125
87_20220826 02,695.7322387695312
87_20220826 03,679.3704223632812
87_20220826 04,686.8789672851562
87_20220826 05,765.1539916992188
87_20220826 06,1087.167724609375
87_20220826 07,1343.117919921875
87_20220826 08,1546.789794921875
87_20220826 09,1768.751953125
87_20220826 10,1825.149658203125
87_20220826 11,1820.7562255859375
87_20220826 12,1824.1839599609375
87_20220826 13,1814.647216796875
87_20220826 14,1817.1236572265625
87_20220826 15,1811.256103515625
87_20220826 16,1806.8773193359375
87_20220826 17,1742.1343994140625
87_20220826 18,1753.558837890625
87_20220826 19,1615.3245849609375
87_20220826 20,1493.367431640625
87_20220826 21,1272.958251953125
87_20220826 22,939.14990234375
87_20220826 23,928.3187255859375
87_20220827 00,888.6691284179688
87_20220827 01,778.9862670898438
87_20220827 02,742.9395751953125
87_20220827 03,728.7515869140625
87_20220827 04,702.10986328125
87_20220827 05,807.033203125
87_20220827 06,1087.5516357421875
87_20220827 07,1391.004638671875
87_20220827 08,1487.0703125
87_20220827 09,1756.891357421875
87_20220827 10,1763.947509765625
87_20220827 11,1761.6123046875
87_20220827 12,1767.9195556640625
87_20220827 13,1791.7529296875
87_20220827 14,1792.2574462890625
87_20220827 15,1784.342529296875
87_20220827 16,1778.7376708984375
87_20220827 17,1742.1158447265625
87_20220827 18,1719.7890625
87_20220827 19,1578.55419921875
87_20220827 20,1467.2552490234375
87_20220827 21,1356.2972412109375
87_20220827 22,990.4197998046875
87_20220827 23,953.84228515625
87_20220828 00,795.2246704101562
87_20220828 01,753.4622802734375
87_20220828 02,741.7615356445312
87_20220828 03,703.2066650390625
87_20220828 04,715.3533325195312
87_20220828 05,810.8082275390625
87_20220828 06,980.8939208984375
87_20220828 07,1327.947998046875
87_20220828 08,1343.62060546875
87_20220828 09,1325.3099365234375
87_20220828 10,1328.689697265625
87_20220828 11,1361.1739501953125
87_20220828 12,1355.9295654296875
87_20220828 13,1370.212890625
87_20220828 14,1379.3154296875
87_20220828 15,1377.925048828125
87_20220828 16,1384.418701171875
87_20220828 17,1290.011474609375
87_20220828 18,1299.5390625
87_20220828 19,1288.991943359375
87_20220828 20,1337.3599853515625
87_20220828 21,1300.851318359375
87_20220828 22,1056.69189453125
87_20220828 23,868.8009033203125
87_20220829 00,849.8935546875
87_20220829 01,777.0928955078125
87_20220829 02,754.8260498046875
87_20220829 03,711.7357177734375
87_20220829 04,757.5382690429688
87_20220829 05,891.9439697265625
87_20220829 06,1116.5753173828125
87_20220829 07,1335.330322265625
87_20220829 08,1491.5426025390625
87_20220829 09,1661.276611328125
87_20220829 10,1778.635009765625
87_20220829 11,1797.143798828125
87_20220829 12,1800.452392578125
87_20220829 13,1768.6412353515625
87_20220829 14,1754.560302734375
87_20220829 15,1735.2236328125
87_20220829 16,1734.0386962890625
87_20220829 17,1702.897216796875
87_20220829 18,1678.3013916015625
87_20220829 19,1571.8057861328125
87_20220829 20,1452.1214599609375
87_20220829 21,1315.1949462890625
87_20220829 22,976.4906005859375
87_20220829 23,981.6007080078125
87_20220830 00,831.9962768554688
87_20220830 01,744.0467529296875
87_20220830 02,695.9956665039062
87_20220830 03,678.8363037109375
87_20220830 04,688.9871215820312
87_20220830 05,777.2855834960938
87_20220830 06,986.8929443359375
87_20220830 07,1320.104736328125
87_20220830 08,1501.207763671875
87_20220830 09,1694.9027099609375
87_20220830 10,1707.3656005859375
87_20220830 11,1677.941162109375
87_20220830 12,1816.1845703125
87_20220830 13,1790.683837890625
87_20220830 14,1806.1331787109375
87_20220830 15,1797.731689453125
87_20220830 16,1793.699951171875
87_20220830 17,1756.716064453125
87_20220830 18,1752.2698974609375
87_20220830 19,1624.1566162109375
87_20220830 20,1542.116455078125
87_20220830 21,1290.91748046875
87_20220830 22,957.3388671875
87_20220830 23,1036.111328125
87_20220831 00,939.8809814453125
87_20220831 01,780.8419189453125
87_20220831 02,748.903076171875
87_20220831 03,685.7899780273438
87_20220831 04,692.1063842773438
87_20220831 05,809.3707275390625
87_20220831 06,1080.861328125
87_20220831 07,1323.815185546875
87_20220831 08,1506.979248046875
87_20220831 09,1709.009765625
87_20220831 10,1763.834716796875
87_20220831 11,1754.583251953125
87_20220831 12,1758.187255859375
87_20220831 13,1787.3179931640625
87_20220831 14,1763.753662109375
87_20220831 15,1754.7484130859375
87_20220831 16,1758.6988525390625
87_20220831 17,1731.638427734375
87_20220831 18,1726.3070068359375
87_20220831 19,1597.29296875
87_20220831 20,1479.4097900390625
87_20220831 21,1279.639404296875
87_20220831 22,954.3509521484375
87_20220831 23,898.1165771484375
88_20220825 00,499.128173828125
88_20220825 01,463.175048828125
88_20220825 02,455.45037841796875
88_20220825 03,457.7645568847656
88_20220825 04,456.7088928222656
88_20220825 05,455.28851318359375
88_20220825 06,512.2617797851562
88_20220825 07,588.9976196289062
88_20220825 08,1018.2101440429688
88_20220825 09,1507.5963134765625
88_20220825 10,1742.912353515625
88_20220825 11,1774.836669921875
88_20220825 12,1769.3671875
88_20220825 13,1751.255126953125
88_20220825 14,1740.6484375
88_20220825 15,1733.4853515625
88_20220825 16,1730.9254150390625
88_20220825 17,1696.9195556640625
88_20220825 18,1652.7728271484375
88_20220825 19,1649.3900146484375
88_20220825 20,1605.255859375
88_20220825 21,1414.575927734375
88_20220825 22,1012.4332275390625
88_20220825 23,619.9806518554688
88_20220826 00,493.77178955078125
88_20220826 01,461.6524963378906
88_20220826 02,455.7479553222656
88_20220826 03,457.4202575683594
88_20220826 04,457.3740234375
88_20220826 05,457.05364990234375
88_20220826 06,519.1068115234375
88_20220826 07,593.2372436523438
88_20220826 08,1029.115966796875
88_20220826 09,1544.1549072265625
88_20220826 10,1777.136962890625
88_20220826 11,1804.494873046875
88_20220826 12,1815.390869140625
88_20220826 13,1807.6165771484375
88_20220826 14,1807.8883056640625
88_20220826 15,1776.087158203125
88_20220826 16,1776.0908203125
88_20220826 17,1746.253662109375
88_20220826 18,1739.2572021484375
88_20220826 19,1724.730224609375
88_20220826 20,1646.4283447265625
88_20220826 21,1499.9921875
88_20220826 22,1052.8172607421875
88_20220826 23,637.6954345703125
88_20220827 00,496.67706298828125
88_20220827 01,465.3518981933594
88_20220827 02,459.5721740722656
88_20220827 03,458.4327087402344
88_20220827 04,453.88409423828125
88_20220827 05,452.71331787109375
88_20220827 06,513.94580078125
88_20220827 07,581.4763793945312
88_20220827 08,977.5228271484375
88_20220827 09,1389.7154541015625
88_20220827 10,1694.5787353515625
88_20220827 11,1785.193359375
88_20220827 12,1791.439697265625
88_20220827 13,1791.2730712890625
88_20220827 14,1783.981201171875
88_20220827 15,1765.92578125
88_20220827 16,1765.0728759765625
88_20220827 17,1730.453369140625
88_20220827 18,1737.2135009765625
88_20220827 19,1712.0540771484375
88_20220827 20,1605.3277587890625
88_20220827 21,1394.689208984375
88_20220827 22,1018.6453247070312
88_20220827 23,614.9637451171875
88_20220828 00,489.94378662109375
88_20220828 01,454.11663818359375
88_20220828 02,449.4615173339844
88_20220828 03,450.41827392578125
88_20220828 04,449.6844787597656
88_20220828 05,449.38409423828125
88_20220828 06,463.3597106933594
88_20220828 07,475.21942138671875
88_20220828 08,493.86578369140625
88_20220828 09,515.0551147460938
88_20220828 10,581.0982055664062
88_20220828 11,649.610595703125
88_20220828 12,537.1884765625
88_20220828 13,603.0367431640625
88_20220828 14,550.2554931640625
88_20220828 15,547.4480590820312
88_20220828 16,555.38525390625
88_20220828 17,521.6574096679688
88_20220828 18,508.9654235839844
88_20220828 19,508.16717529296875
88_20220828 20,501.3515625
88_20220828 21,505.71966552734375
88_20220828 22,479.38800048828125
88_20220828 23,475.020263671875
88_20220829 00,490.327392578125
88_20220829 01,459.5263671875
88_20220829 02,454.0221252441406
88_20220829 03,454.51708984375
88_20220829 04,454.91412353515625
88_20220829 05,453.4725036621094
88_20220829 06,514.19775390625
88_20220829 07,586.0119018554688
88_20220829 08,991.63818359375
88_20220829 09,1417.955810546875
88_20220829 10,1702.8443603515625
88_20220829 11,1730.9154052734375
88_20220829 12,1736.0152587890625
88_20220829 13,1714.3363037109375
88_20220829 14,1746.519775390625
88_20220829 15,1710.781494140625
88_20220829 16,1707.282470703125
88_20220829 17,1681.4241943359375
88_20220829 18,1650.6588134765625
88_20220829 19,1631.728271484375
88_20220829 20,1534.9359130859375
88_20220829 21,1380.537109375
88_20220829 22,1038.307373046875
88_20220829 23,616.5833740234375
88_20220830 00,494.5665588378906
88_20220830 01,459.4786682128906
88_20220830 02,452.28631591796875
88_20220830 03,457.39404296875
88_20220830 04,455.684814453125
88_20220830 05,453.8973693847656
88_20220830 06,518.5638427734375
88_20220830 07,597.3792114257812
88_20220830 08,954.06494140625
88_20220830 09,1357.0782470703125
88_20220830 10,1608.724609375
88_20220830 11,1631.828369140625
88_20220830 12,1637.8255615234375
88_20220830 13,1625.0201416015625
88_20220830 14,1556.864013671875
88_20220830 15,1613.238037109375
88_20220830 16,1607.3421630859375
88_20220830 17,1578.5433349609375
88_20220830 18,1565.6357421875
88_20220830 19,1570.041748046875
88_20220830 20,1492.4495849609375
88_20220830 21,1451.5518798828125
88_20220830 22,1050.537109375
88_20220830 23,644.6246948242188
88_20220831 00,499.53900146484375
88_20220831 01,464.11700439453125
88_20220831 02,459.4496154785156
88_20220831 03,459.8312072753906
88_20220831 04,458.0755920410156
88_20220831 05,455.74676513671875
88_20220831 06,518.2136840820312
88_20220831 07,597.6016235351562
88_20220831 08,964.3343505859375
88_20220831 09,1384.6065673828125
88_20220831 10,1636.4052734375
88_20220831 11,1753.697998046875
88_20220831 12,1765.155517578125
88_20220831 13,1746.6763916015625
88_20220831 14,1763.4224853515625
88_20220831 15,1737.0380859375
88_20220831 16,1734.619873046875
88_20220831 17,1700.362548828125
88_20220831 18,1707.3570556640625
88_20220831 19,1691.0609130859375
88_20220831 20,1633.0299072265625
88_20220831 21,1466.1778564453125
88_20220831 22,1056.17919921875
88_20220831 23,640.252197265625
89_20220825 00,597.9381103515625
89_20220825 01,533.1136474609375
89_20220825 02,530.7484130859375
89_20220825 03,527.5474853515625
89_20220825 04,527.979736328125
89_20220825 05,530.5220947265625
89_20220825 06,625.1820678710938
89_20220825 07,826.7838745117188
89_20220825 08,1021.1985473632812
89_20220825 09,1617.124267578125
89_20220825 10,2162.465087890625
89_20220825 11,2144.732421875
89_20220825 12,2174.64501953125
89_20220825 13,2140.548828125
89_20220825 14,2127.76416015625
89_20220825 15,2135.565673828125
89_20220825 16,2131.9453125
89_20220825 17,2113.05810546875
89_20220825 18,2101.0595703125
89_20220825 19,2086.418701171875
89_20220825 20,1974.414794921875
89_20220825 21,1681.759765625
89_20220825 22,1181.6265869140625
89_20220825 23,921.2027587890625
89_20220826 00,596.6870727539062
89_20220826 01,532.7634887695312
89_20220826 02,532.0615234375
89_20220826 03,527.62255859375
89_20220826 04,527.157470703125
89_20220826 05,530.4274291992188
89_20220826 06,624.3015747070312
89_20220826 07,816.9677124023438
89_20220826 08,990.80712890625
89_20220826 09,1593.3170166015625
89_20220826 10,2190.455078125
89_20220826 11,2215.850341796875
89_20220826 12,2217.662353515625
89_20220826 13,2228.07275390625
89_20220826 14,2227.712646484375
89_20220826 15,2213.934326171875
89_20220826 16,2205.750244140625
89_20220826 17,2195.711181640625
89_20220826 18,2155.74560546875
89_20220826 19,2134.57666015625
89_20220826 20,2042.689208984375
89_20220826 21,1772.7249755859375
89_20220826 22,1161.7818603515625
89_20220826 23,919.0029296875
89_20220827 00,605.2820434570312
89_20220827 01,557.9776000976562
89_20220827 02,530.362060546875
89_20220827 03,527.35205078125
89_20220827 04,520.3142700195312
89_20220827 05,525.4832763671875
89_20220827 06,623.396484375
89_20220827 07,809.9803466796875
89_20220827 08,958.4393310546875
89_20220827 09,1524.0211181640625
89_20220827 10,2156.867919921875
89_20220827 11,2224.530517578125
89_20220827 12,2224.11083984375
89_20220827 13,2239.492919921875
89_20220827 14,2252.1494140625
89_20220827 15,2252.03466796875
89_20220827 16,2245.59619140625
89_20220827 17,2220.70458984375
89_20220827 18,2197.3427734375
89_20220827 19,2154.6123046875
89_20220827 20,2006.381591796875
89_20220827 21,1719.0068359375
89_20220827 22,1154.4560546875
89_20220827 23,918.7681884765625
89_20220828 00,621.5748291015625
89_20220828 01,545.24609375
89_20220828 02,530.4210205078125
89_20220828 03,528.1219482421875
89_20220828 04,524.6643676757812
89_20220828 05,526.1714477539062
89_20220828 06,528.2291259765625
89_20220828 07,532.0755004882812
89_20220828 08,544.6218872070312
89_20220828 09,659.2735595703125
89_20220828 10,704.470458984375
89_20220828 11,667.14892578125
89_20220828 12,679.3770141601562
89_20220828 13,684.4022216796875
89_20220828 14,692.1138916015625
89_20220828 15,705.9124755859375
89_20220828 16,694.0870971679688
89_20220828 17,662.9065551757812
89_20220828 18,612.3339233398438
89_20220828 19,547.8748779296875
89_20220828 20,546.2421875
89_20220828 21,542.4256591796875
89_20220828 22,538.0772705078125
89_20220828 23,535.7269287109375
89_20220829 00,595.2228393554688
89_20220829 01,530.5240478515625
89_20220829 02,529.2646484375
89_20220829 03,526.0240478515625
89_20220829 04,525.9398193359375
89_20220829 05,529.9035034179688
89_20220829 06,623.906005859375
89_20220829 07,814.5103759765625
89_20220829 08,961.1180419921875
89_20220829 09,1492.468505859375
89_20220829 10,2074.40966796875
89_20220829 11,2105.1865234375
89_20220829 12,2127.232177734375
89_20220829 13,2126.557373046875
89_20220829 14,2150.216796875
89_20220829 15,2132.169677734375
89_20220829 16,2117.400390625
89_20220829 17,2077.0185546875
89_20220829 18,2038.727783203125
89_20220829 19,2008.7265625
89_20220829 20,1906.271240234375
89_20220829 21,1633.008056640625
89_20220829 22,1103.598388671875
89_20220829 23,882.6892700195312
89_20220830 00,598.626220703125
89_20220830 01,528.9274291992188
89_20220830 02,526.8087158203125
89_20220830 03,522.7650756835938
89_20220830 04,523.0189208984375
89_20220830 05,528.9108276367188
89_20220830 06,627.8172607421875
89_20220830 07,797.15087890625
89_20220830 08,948.4091796875
89_20220830 09,1493.6024169921875
89_20220830 10,2067.9453125
89_20220830 11,2088.72802734375
89_20220830 12,2105.00146484375
89_20220830 13,2111.12353515625
89_20220830 14,2115.72314453125
89_20220830 15,2114.525390625
89_20220830 16,2108.77880859375
89_20220830 17,2061.796142578125
89_20220830 18,2052.00341796875
89_20220830 19,2039.446044921875
89_20220830 20,1920.661865234375
89_20220830 21,1637.083251953125
89_20220830 22,1155.8702392578125
89_20220830 23,890.2223510742188
89_20220831 00,621.01123046875
89_20220831 01,546.8436889648438
89_20220831 02,543.9876098632812
89_20220831 03,540.3585815429688
89_20220831 04,541.2073364257812
89_20220831 05,525.916259765625
89_20220831 06,622.5765380859375
89_20220831 07,791.35009765625
89_20220831 08,943.2462158203125
89_20220831 09,1478.4080810546875
89_20220831 10,2082.892578125
89_20220831 11,2152.50537109375
89_20220831 12,2167.912109375
89_20220831 13,2166.31298828125
89_20220831 14,2175.712646484375
89_20220831 15,2166.13330078125
89_20220831 16,2160.850341796875
89_20220831 17,2150.61474609375
89_20220831 18,2128.313232421875
89_20220831 19,2118.56982421875
89_20220831 20,2010.834228515625
89_20220831 21,1723.415283203125
89_20220831 22,1213.702392578125
89_20220831 23,939.5560302734375
90_20220825 00,507.03759765625
90_20220825 01,456.850830078125
90_20220825 02,455.0394592285156
90_20220825 03,449.478759765625
90_20220825 04,467.38134765625
90_20220825 05,464.80755615234375
90_20220825 06,533.8289184570312
90_20220825 07,720.4701538085938
90_20220825 08,1314.7919921875
90_20220825 09,1985.790283203125
90_20220825 10,2172.56103515625
90_20220825 11,2196.1123046875
90_20220825 12,2308.943359375
90_20220825 13,2316.818603515625
90_20220825 14,2316.20068359375
90_20220825 15,2314.75830078125
90_20220825 16,2298.765869140625
90_20220825 17,2291.68798828125
90_20220825 18,2205.11962890625
90_20220825 19,2155.364501953125
90_20220825 20,2109.134765625
90_20220825 21,1594.1712646484375
90_20220825 22,1271.2906494140625
90_20220825 23,873.9444580078125
90_20220826 00,509.16766357421875
90_20220826 01,449.6536560058594
90_20220826 02,448.87744140625
90_20220826 03,449.9591369628906
90_20220826 04,461.3040466308594
90_20220826 05,460.74676513671875
90_20220826 06,521.6339721679688
90_20220826 07,719.1578369140625
90_20220826 08,1373.9541015625
90_20220826 09,1884.4202880859375
90_20220826 10,2137.026611328125
90_20220826 11,2198.043701171875
90_20220826 12,2218.127685546875
90_20220826 13,2240.301025390625
90_20220826 14,2303.5732421875
90_20220826 15,2301.008544921875
90_20220826 16,2285.17626953125
90_20220826 17,2268.452880859375
90_20220826 18,2196.485107421875
90_20220826 19,2139.07861328125
90_20220826 20,2046.326904296875
90_20220826 21,1558.5401611328125
90_20220826 22,1261.680908203125
90_20220826 23,873.8916015625
90_20220827 00,505.18487548828125
90_20220827 01,452.72015380859375
90_20220827 02,449.763427734375
90_20220827 03,446.889892578125
90_20220827 04,458.3814392089844
90_20220827 05,458.906982421875
90_20220827 06,523.7948608398438
90_20220827 07,720.9075317382812
90_20220827 08,1356.3687744140625
90_20220827 09,1926.579833984375
90_20220827 10,2216.33349609375
90_20220827 11,2252.358642578125
90_20220827 12,2287.599365234375
90_20220827 13,2302.18115234375
90_20220827 14,2417.72998046875
90_20220827 15,2442.887451171875
90_20220827 16,2417.231689453125
90_20220827 17,2350.059814453125
90_20220827 18,2271.60400390625
90_20220827 19,2160.13232421875
90_20220827 20,2074.03076171875
90_20220827 21,1593.012451171875
90_20220827 22,1255.0201416015625
90_20220827 23,827.5408325195312
90_20220828 00,459.42034912109375
90_20220828 01,432.43377685546875
90_20220828 02,432.57281494140625
90_20220828 03,432.71826171875
90_20220828 04,433.2880859375
90_20220828 05,432.9811096191406
90_20220828 06,437.807861328125
90_20220828 07,453.63983154296875
90_20220828 08,497.34967041015625
90_20220828 09,677.8317260742188
90_20220828 10,533.8233032226562
90_20220828 11,481.12841796875
90_20220828 12,506.1497497558594
90_20220828 13,528.1489868164062
90_20220828 14,531.8385620117188
90_20220828 15,530.7481689453125
90_20220828 16,537.2579956054688
90_20220828 17,518.27734375
90_20220828 18,518.0960083007812
90_20220828 19,509.24371337890625
90_20220828 20,493.5811462402344
90_20220828 21,478.2626037597656
90_20220828 22,490.6365661621094
90_20220828 23,475.60113525390625
90_20220829 00,480.53253173828125
90_20220829 01,437.54150390625
90_20220829 02,434.57818603515625
90_20220829 03,433.19305419921875
90_20220829 04,446.30133056640625
90_20220829 05,448.7190856933594
90_20220829 06,509.54656982421875
90_20220829 07,715.3506469726562
90_20220829 08,1323.33349609375
90_20220829 09,1798.563720703125
90_20220829 10,2085.710205078125
90_20220829 11,2105.96044921875
90_20220829 12,2138.061279296875
90_20220829 13,2183.71630859375
90_20220829 14,2192.798583984375
90_20220829 15,2178.28125
90_20220829 16,2156.065673828125
90_20220829 17,2140.651611328125
90_20220829 18,2052.3369140625
90_20220829 19,2022.1370849609375
90_20220829 20,1986.3306884765625
90_20220829 21,1524.9505615234375
90_20220829 22,1102.521240234375
90_20220829 23,798.3831787109375
90_20220830 00,496.9036560058594
90_20220830 01,446.2646484375
90_20220830 02,446.3536682128906
90_20220830 03,442.13897705078125
90_20220830 04,457.44842529296875
90_20220830 05,454.18829345703125
90_20220830 06,520.4510498046875
90_20220830 07,717.7433471679688
90_20220830 08,1324.7059326171875
90_20220830 09,1829.0228271484375
90_20220830 10,2087.64599609375
90_20220830 11,2107.74365234375
90_20220830 12,2142.090576171875
90_20220830 13,2278.17333984375
90_20220830 14,2277.60693359375
90_20220830 15,2276.569580078125
90_20220830 16,2203.599365234375
90_20220830 17,2189.94921875
90_20220830 18,2163.099853515625
90_20220830 19,2063.2412109375
90_20220830 20,2068.53955078125
90_20220830 21,1461.9561767578125
90_20220830 22,1076.79736328125
90_20220830 23,787.73828125
90_20220831 00,501.0809020996094
90_20220831 01,452.51226806640625
90_20220831 02,451.84521484375
90_20220831 03,449.5440979003906
90_20220831 04,465.8387145996094
90_20220831 05,466.55322265625
90_20220831 06,529.6751708984375
90_20220831 07,706.6113891601562
90_20220831 08,1271.7984619140625
90_20220831 09,2010.2421875
90_20220831 10,2203.4296875
90_20220831 11,2219.7880859375
90_20220831 12,2247.47998046875
90_20220831 13,2265.84716796875
90_20220831 14,2294.79931640625
90_20220831 15,2248.79541015625
90_20220831 16,2237.10205078125
90_20220831 17,2222.80322265625
90_20220831 18,2132.02783203125
90_20220831 19,2029.4791259765625
90_20220831 20,1973.427978515625
90_20220831 21,1523.6572265625
90_20220831 22,1105.0322265625
90_20220831 23,795.46923828125
91_20220825 00,518.9739379882812
91_20220825 01,521.0100708007812
91_20220825 02,520.16748046875
91_20220825 03,510.9713439941406
91_20220825 04,498.75848388671875
91_20220825 05,492.2389221191406
91_20220825 06,518.2999877929688
91_20220825 07,622.4930419921875
91_20220825 08,744.9494018554688
91_20220825 09,1169.9766845703125
91_20220825 10,1938.9156494140625
91_20220825 11,2363.345947265625
91_20220825 12,2315.378662109375
91_20220825 13,2300.65966796875
91_20220825 14,2277.77587890625
91_20220825 15,2252.80419921875
91_20220825 16,2244.4638671875
91_20220825 17,2163.26220703125
91_20220825 18,2090.80859375
91_20220825 19,1901.696533203125
91_20220825 20,1611.039794921875
91_20220825 21,1224.37744140625
91_20220825 22,877.65185546875
91_20220825 23,540.7279052734375
91_20220826 00,507.49200439453125
91_20220826 01,495.93280029296875
91_20220826 02,491.7398986816406
91_20220826 03,491.58551025390625
91_20220826 04,492.7627868652344
91_20220826 05,499.5370178222656
91_20220826 06,519.9682006835938
91_20220826 07,596.176025390625
91_20220826 08,688.8751831054688
91_20220826 09,1104.7484130859375
91_20220826 10,1767.652587890625
91_20220826 11,2231.96240234375
91_20220826 12,2226.152099609375
91_20220826 13,2213.108642578125
91_20220826 14,2257.255126953125
91_20220826 15,2238.12939453125
91_20220826 16,2233.733642578125
91_20220826 17,2172.60009765625
91_20220826 18,2183.240966796875
91_20220826 19,1977.239501953125
91_20220826 20,1661.214599609375
91_20220826 21,1239.0341796875
91_20220826 22,886.3948974609375
91_20220826 23,541.6798706054688
91_20220827 00,500.43121337890625
91_20220827 01,495.17242431640625
91_20220827 02,500.2100524902344
91_20220827 03,495.2781677246094
91_20220827 04,493.0142517089844
91_20220827 05,503.23846435546875
91_20220827 06,522.7867431640625
91_20220827 07,626.9923095703125
91_20220827 08,701.7394409179688
91_20220827 09,1181.572998046875
91_20220827 10,1855.3138427734375
91_20220827 11,2329.361328125
91_20220827 12,2264.05224609375
91_20220827 13,2242.228515625
91_20220827 14,2219.52490234375
91_20220827 15,2208.428466796875
91_20220827 16,2220.164794921875
91_20220827 17,2199.49853515625
91_20220827 18,2054.178466796875
91_20220827 19,1889.6136474609375
91_20220827 20,1572.8717041015625
91_20220827 21,1183.587646484375
91_20220827 22,870.1189575195312
91_20220827 23,540.28466796875
91_20220828 00,508.59136962890625
91_20220828 01,503.94342041015625
91_20220828 02,491.3607482910156
91_20220828 03,491.6315002441406
91_20220828 04,492.23455810546875
91_20220828 05,493.13641357421875
91_20220828 06,510.13458251953125
91_20220828 07,557.8231201171875
91_20220828 08,592.6266479492188
91_20220828 09,680.687255859375
91_20220828 10,1118.75830078125
91_20220828 11,1615.2554931640625
91_20220828 12,1599.9404296875
91_20220828 13,1657.7034912109375
91_20220828 14,1688.263671875
91_20220828 15,1690.5592041015625
91_20220828 16,1699.923095703125
91_20220828 17,1597.0234375
91_20220828 18,1552.0030517578125
91_20220828 19,1477.59033203125
91_20220828 20,1184.30615234375
91_20220828 21,683.8016357421875
91_20220828 22,571.3531494140625
91_20220828 23,519.3259887695312
91_20220829 00,559.0032958984375
91_20220829 01,551.5394287109375
91_20220829 02,550.7373046875
91_20220829 03,550.4140014648438
91_20220829 04,551.2189331054688
91_20220829 05,558.1256713867188
91_20220829 06,573.8646240234375
91_20220829 07,621.9232177734375
91_20220829 08,695.8646850585938
91_20220829 09,1086.787841796875
91_20220829 10,1637.951416015625
91_20220829 11,1906.0758056640625
91_20220829 12,1965.035888671875
91_20220829 13,1993.1402587890625
91_20220829 14,1983.7269287109375
91_20220829 15,1950.0999755859375
91_20220829 16,1976.8812255859375
91_20220829 17,1921.4293212890625
91_20220829 18,1877.104736328125
91_20220829 19,1877.82421875
91_20220829 20,1619.7601318359375
91_20220829 21,1191.919921875
91_20220829 22,944.0445556640625
91_20220829 23,584.5929565429688
91_20220830 00,564.5762939453125
91_20220830 01,563.4544677734375
91_20220830 02,560.3858642578125
91_20220830 03,553.9436645507812
91_20220830 04,554.8440551757812
91_20220830 05,559.1610107421875
91_20220830 06,578.7763671875
91_20220830 07,644.678466796875
91_20220830 08,716.5018310546875
91_20220830 09,1162.3770751953125
91_20220830 10,1973.295166015625
91_20220830 11,2428.28564453125
91_20220830 12,2397.3828125
91_20220830 13,2385.41943359375
91_20220830 14,2380.081787109375
91_20220830 15,2365.444091796875
91_20220830 16,2347.654296875
91_20220830 17,2308.559814453125
91_20220830 18,2295.093017578125
91_20220830 19,2195.100341796875
91_20220830 20,1763.4671630859375
91_20220830 21,1286.37109375
91_20220830 22,925.74560546875
91_20220830 23,611.9276123046875
91_20220831 00,498.2232971191406
91_20220831 01,492.9828186035156
91_20220831 02,491.9705505371094
91_20220831 03,492.19134521484375
91_20220831 04,492.617919921875
91_20220831 05,492.91943359375
91_20220831 06,518.86376953125
91_20220831 07,613.5633544921875
91_20220831 08,714.2799682617188
91_20220831 09,1119.720458984375
91_20220831 10,1846.03515625
91_20220831 11,2312.943603515625
91_20220831 12,2283.0625
91_20220831 13,2248.6123046875
91_20220831 14,2259.45263671875
91_20220831 15,2173.97412109375
91_20220831 16,2173.15625
91_20220831 17,2098.34033203125
91_20220831 18,2164.748779296875
91_20220831 19,1995.0751953125
91_20220831 20,1710.0189208984375
91_20220831 21,1234.279541015625
91_20220831 22,921.7042846679688
91_20220831 23,542.4486083984375
92_20220825 00,533.4464721679688
92_20220825 01,531.2068481445312
92_20220825 02,530.5503540039062
92_20220825 03,525.7871704101562
92_20220825 04,537.1724853515625
92_20220825 05,534.2501831054688
92_20220825 06,634.0281372070312
92_20220825 07,959.4963989257812
92_20220825 08,1070.9815673828125
92_20220825 09,1453.6043701171875
92_20220825 10,1661.028076171875
92_20220825 11,1665.456298828125
92_20220825 12,1690.5123291015625
92_20220825 13,1705.650390625
92_20220825 14,1675.1810302734375
92_20220825 15,1669.1068115234375
92_20220825 16,1663.609375
92_20220825 17,1666.5794677734375
92_20220825 18,1669.5523681640625
92_20220825 19,1667.9290771484375
92_20220825 20,1656.2425537109375
92_20220825 21,1558.271728515625
92_20220825 22,1389.4837646484375
92_20220825 23,821.4456176757812
92_20220826 00,535.3619384765625
92_20220826 01,537.0352783203125
92_20220826 02,539.6248779296875
92_20220826 03,534.1483154296875
92_20220826 04,534.6448974609375
92_20220826 05,554.7579956054688
92_20220826 06,726.9576416015625
92_20220826 07,978.9990234375
92_20220826 08,1084.319091796875
92_20220826 09,1465.4849853515625
92_20220826 10,1677.496826171875
92_20220826 11,1706.297607421875
92_20220826 12,1751.3837890625
92_20220826 13,1754.617919921875
92_20220826 14,1741.938720703125
92_20220826 15,1728.678955078125
92_20220826 16,1720.424560546875
92_20220826 17,1684.0052490234375
92_20220826 18,1685.1392822265625
92_20220826 19,1682.0533447265625
92_20220826 20,1673.93359375
92_20220826 21,1572.77734375
92_20220826 22,1401.090576171875
92_20220826 23,832.0703125
92_20220827 00,556.37548828125
92_20220827 01,554.6900634765625
92_20220827 02,552.0623168945312
92_20220827 03,551.8717041015625
92_20220827 04,543.8068237304688
92_20220827 05,537.989990234375
92_20220827 06,700.2047119140625
92_20220827 07,974.3479614257812
92_20220827 08,1071.873779296875
92_20220827 09,1452.8408203125
92_20220827 10,1730.3896484375
92_20220827 11,1776.9888916015625
92_20220827 12,1811.7796630859375
92_20220827 13,1819.268310546875
92_20220827 14,1827.254150390625
92_20220827 15,1828.6722412109375
92_20220827 16,1829.1044921875
92_20220827 17,1829.066162109375
92_20220827 18,1791.003662109375
92_20220827 19,1774.059326171875
92_20220827 20,1753.7396240234375
92_20220827 21,1557.6044921875
92_20220827 22,1383.9420166015625
92_20220827 23,811.5958251953125
92_20220828 00,532.4862670898438
92_20220828 01,533.82470703125
92_20220828 02,528.67529296875
92_20220828 03,526.4255981445312
92_20220828 04,527.3941040039062
92_20220828 05,529.2496337890625
92_20220828 06,607.7584228515625
92_20220828 07,792.9027709960938
92_20220828 08,842.1744995117188
92_20220828 09,1069.36474609375
92_20220828 10,994.60693359375
92_20220828 11,1011.5821533203125
92_20220828 12,910.0289916992188
92_20220828 13,865.6363525390625
92_20220828 14,873.26416015625
92_20220828 15,847.8345947265625
92_20220828 16,857.5153198242188
92_20220828 17,859.3048095703125
92_20220828 18,851.2457275390625
92_20220828 19,880.82470703125
92_20220828 20,820.9337768554688
92_20220828 21,739.9376220703125
92_20220828 22,703.7394409179688
92_20220828 23,619.0570068359375
92_20220829 00,528.5439453125
92_20220829 01,525.9310913085938
92_20220829 02,520.6508178710938
92_20220829 03,518.1573486328125
92_20220829 04,520.0478515625
92_20220829 05,518.99462890625
92_20220829 06,618.9006958007812
92_20220829 07,974.1305541992188
92_20220829 08,1081.2073974609375
92_20220829 09,1454.899169921875
92_20220829 10,1679.9027099609375
92_20220829 11,1710.3779296875
92_20220829 12,1724.6099853515625
92_20220829 13,1712.3798828125
92_20220829 14,1723.998291015625
92_20220829 15,1721.8040771484375
92_20220829 16,1706.1927490234375
92_20220829 17,1705.731201171875
92_20220829 18,1682.221435546875
92_20220829 19,1685.425048828125
92_20220829 20,1670.083740234375
92_20220829 21,1555.2916259765625
92_20220829 22,1393.240478515625
92_20220829 23,822.6812744140625
92_20220830 00,534.08349609375
92_20220830 01,533.9636840820312
92_20220830 02,541.4552001953125
92_20220830 03,559.2637939453125
92_20220830 04,566.9735107421875
92_20220830 05,563.62353515625
92_20220830 06,670.3892822265625
92_20220830 07,967.9241333007812
92_20220830 08,1082.0406494140625
92_20220830 09,1455.4837646484375
92_20220830 10,1665.916748046875
92_20220830 11,1677.4873046875
92_20220830 12,1691.1810302734375
92_20220830 13,1700.6324462890625
92_20220830 14,1725.4007568359375
92_20220830 15,1706.1663818359375
92_20220830 16,1701.5068359375
92_20220830 17,1699.205078125
92_20220830 18,1721.649658203125
92_20220830 19,1717.344970703125
92_20220830 20,1693.213134765625
92_20220830 21,1566.570068359375
92_20220830 22,1392.697021484375
92_20220830 23,852.0875244140625
92_20220831 00,563.6345825195312
92_20220831 01,561.5342407226562
92_20220831 02,556.8489379882812
92_20220831 03,553.8153076171875
92_20220831 04,555.7589111328125
92_20220831 05,562.7141723632812
92_20220831 06,673.8951416015625
92_20220831 07,969.9000854492188
92_20220831 08,1079.2327880859375
92_20220831 09,1451.31884765625
92_20220831 10,1660.7255859375
92_20220831 11,1668.163818359375
92_20220831 12,1667.2418212890625
92_20220831 13,1666.990234375
92_20220831 14,1674.5960693359375
92_20220831 15,1664.6044921875
92_20220831 16,1659.100341796875
92_20220831 17,1659.11328125
92_20220831 18,1663.568359375
92_20220831 19,1667.238525390625
92_20220831 20,1656.159423828125
92_20220831 21,1563.3111572265625
92_20220831 22,1385.0908203125
92_20220831 23,866.3323974609375
93_20220825 00,715.784423828125
93_20220825 01,633.8802490234375
93_20220825 02,666.6822509765625
93_20220825 03,707.5296020507812
93_20220825 04,723.2903442382812
93_20220825 05,810.169189453125
93_20220825 06,1052.798583984375
93_20220825 07,1177.403076171875
93_20220825 08,1264.8939208984375
93_20220825 09,1305.364501953125
93_20220825 10,1332.268798828125
93_20220825 11,1345.0233154296875
93_20220825 12,1358.344970703125
93_20220825 13,1372.277099609375
93_20220825 14,1377.9954833984375
93_20220825 15,1316.3472900390625
93_20220825 16,1302.6951904296875
93_20220825 17,1315.0997314453125
93_20220825 18,1288.2662353515625
93_20220825 19,1275.7779541015625
93_20220825 20,1246.6820068359375
93_20220825 21,1188.5250244140625
93_20220825 22,986.0012817382812
93_20220825 23,832.2491455078125
93_20220826 00,750.7481689453125
93_20220826 01,650.9281005859375
93_20220826 02,712.0242919921875
93_20220826 03,732.4285278320312
93_20220826 04,759.8754272460938
93_20220826 05,865.6732177734375
93_20220826 06,1070.100830078125
93_20220826 07,1139.239501953125
93_20220826 08,1209.820556640625
93_20220826 09,1294.5340576171875
93_20220826 10,1341.6566162109375
93_20220826 11,1351.9183349609375
93_20220826 12,1384.8701171875
93_20220826 13,1393.2056884765625
93_20220826 14,1394.0711669921875
93_20220826 15,1391.6851806640625
93_20220826 16,1379.7298583984375
93_20220826 17,1358.7003173828125
93_20220826 18,1330.629150390625
93_20220826 19,1306.638671875
93_20220826 20,1280.5667724609375
93_20220826 21,1204.891357421875
93_20220826 22,1011.3045043945312
93_20220826 23,852.0579833984375
93_20220827 00,766.6409912109375
93_20220827 01,643.8567504882812
93_20220827 02,727.7769775390625
93_20220827 03,746.9274291992188
93_20220827 04,740.8373413085938
93_20220827 05,799.6007690429688
93_20220827 06,1018.8092041015625
93_20220827 07,1045.0198974609375
93_20220827 08,1190.9400634765625
93_20220827 09,1269.2799072265625
93_20220827 10,1339.3765869140625
93_20220827 11,1364.6900634765625
93_20220827 12,1360.3385009765625
93_20220827 13,1372.061767578125
93_20220827 14,1379.8624267578125
93_20220827 15,1372.0318603515625
93_20220827 16,1355.440185546875
93_20220827 17,1372.6904296875
93_20220827 18,1366.215087890625
93_20220827 19,1324.527099609375
93_20220827 20,1295.4539794921875
93_20220827 21,1170.459228515625
93_20220827 22,977.9431762695312
93_20220827 23,831.2972412109375
93_20220828 00,766.5521240234375
93_20220828 01,648.9373779296875
93_20220828 02,769.1422119140625
93_20220828 03,731.3263549804688
93_20220828 04,779.1016845703125
93_20220828 05,849.9977416992188
93_20220828 06,995.8566284179688
93_20220828 07,1067.8828125
93_20220828 08,1233.221435546875
93_20220828 09,1310.770751953125
93_20220828 10,1368.602783203125
93_20220828 11,1357.845947265625
93_20220828 12,1384.587158203125
93_20220828 13,1400.392333984375
93_20220828 14,1400.7901611328125
93_20220828 15,1360.9560546875
93_20220828 16,1302.4833984375
93_20220828 17,1308.6204833984375
93_20220828 18,1303.8406982421875
93_20220828 19,1275.0302734375
93_20220828 20,1250.0003662109375
93_20220828 21,1160.1719970703125
93_20220828 22,923.6404418945312
93_20220828 23,764.9014282226562
93_20220829 00,677.9035034179688
93_20220829 01,636.8575439453125
93_20220829 02,663.3118896484375
93_20220829 03,665.6923217773438
93_20220829 04,660.5475463867188
93_20220829 05,775.20263671875
93_20220829 06,1033.136962890625
93_20220829 07,1123.1884765625
93_20220829 08,1156.1455078125
93_20220829 09,1205.950927734375
93_20220829 10,1242.709716796875
93_20220829 11,1257.7982177734375
93_20220829 12,1258.151611328125
93_20220829 13,1265.581298828125
93_20220829 14,1255.6351318359375
93_20220829 15,1244.3775634765625
93_20220829 16,1250.8858642578125
93_20220829 17,1229.5323486328125
93_20220829 18,1222.6080322265625
93_20220829 19,1196.633544921875
93_20220829 20,1163.5985107421875
93_20220829 21,1081.853759765625
93_20220829 22,971.4173583984375
93_20220829 23,790.5231323242188
93_20220830 00,703.1358642578125
93_20220830 01,657.2725830078125
93_20220830 02,634.6506958007812
93_20220830 03,708.7891845703125
93_20220830 04,692.8746337890625
93_20220830 05,813.873046875
93_20220830 06,1002.9422607421875
93_20220830 07,1052.5711669921875
93_20220830 08,1196.367431640625
93_20220830 09,1271.7666015625
93_20220830 10,1313.0882568359375
93_20220830 11,1312.1541748046875
93_20220830 12,1328.4527587890625
93_20220830 13,1320.0462646484375
93_20220830 14,1311.42529296875
93_20220830 15,1300.1859130859375
93_20220830 16,1268.4920654296875
93_20220830 17,1285.6220703125
93_20220830 18,1272.67431640625
93_20220830 19,1260.213134765625
93_20220830 20,1215.1279296875
93_20220830 21,1113.306640625
93_20220830 22,995.4322509765625
93_20220830 23,849.1345825195312
93_20220831 00,753.977783203125
93_20220831 01,706.6295776367188
93_20220831 02,690.58349609375
93_20220831 03,735.7747192382812
93_20220831 04,766.1390380859375
93_20220831 05,855.3992309570312
93_20220831 06,1075.6282958984375
93_20220831 07,1146.1429443359375
93_20220831 08,1200.3863525390625
93_20220831 09,1270.9619140625
93_20220831 10,1316.0888671875
93_20220831 11,1321.0489501953125
93_20220831 12,1332.8466796875
93_20220831 13,1328.125732421875
93_20220831 14,1331.951171875
93_20220831 15,1307.9974365234375
93_20220831 16,1288.22802734375
93_20220831 17,1318.260498046875
93_20220831 18,1297.578857421875
93_20220831 19,1267.653076171875
93_20220831 20,1241.8795166015625
93_20220831 21,1178.700439453125
93_20220831 22,970.8683471679688
93_20220831 23,814.543701171875
94_20220825 00,1777.290771484375
94_20220825 01,1729.2037353515625
94_20220825 02,1634.335205078125
94_20220825 03,1544.019775390625
94_20220825 04,1542.601318359375
94_20220825 05,1630.2127685546875
94_20220825 06,1943.8974609375
94_20220825 07,2193.352294921875
94_20220825 08,2350.9521484375
94_20220825 09,2506.215576171875
94_20220825 10,2591.738525390625
94_20220825 11,2624.56689453125
94_20220825 12,2736.83447265625
94_20220825 13,2815.027587890625
94_20220825 14,2891.626953125
94_20220825 15,2552.89501953125
94_20220825 16,2606.565673828125
94_20220825 17,2657.967529296875
94_20220825 18,2573.630126953125
94_20220825 19,2408.059326171875
94_20220825 20,2322.993896484375
94_20220825 21,2007.0650634765625
94_20220825 22,1814.2099609375
94_20220825 23,1651.866943359375
94_20220826 00,1616.199462890625
94_20220826 01,1539.4644775390625
94_20220826 02,1503.9892578125
94_20220826 03,1500.887451171875
94_20220826 04,1500.5113525390625
94_20220826 05,1593.889892578125
94_20220826 06,2003.9212646484375
94_20220826 07,2298.064453125
94_20220826 08,2428.762451171875
94_20220826 09,2606.179931640625
94_20220826 10,2710.640625
94_20220826 11,2739.063720703125
94_20220826 12,2853.03955078125
94_20220826 13,2960.33837890625
94_20220826 14,2976.70654296875
94_20220826 15,3029.272705078125
94_20220826 16,3070.47705078125
94_20220826 17,2947.3916015625
94_20220826 18,2846.19384765625
94_20220826 19,2730.385009765625
94_20220826 20,2689.797607421875
94_20220826 21,2401.782958984375
94_20220826 22,2042.8560791015625
94_20220826 23,1853.2041015625
94_20220827 00,1799.2900390625
94_20220827 01,1777.8267822265625
94_20220827 02,1546.785888671875
94_20220827 03,1500.369384765625
94_20220827 04,1464.9833984375
94_20220827 05,1545.7474365234375
94_20220827 06,1966.8216552734375
94_20220827 07,2254.40576171875
94_20220827 08,2375.891357421875
94_20220827 09,2431.33740234375
94_20220827 10,2528.477294921875
94_20220827 11,2621.838623046875
94_20220827 12,2687.85107421875
94_20220827 13,2745.01123046875
94_20220827 14,2800.55419921875
94_20220827 15,2772.39111328125
94_20220827 16,2758.61279296875
94_20220827 17,2788.321044921875
94_20220827 18,2770.693603515625
94_20220827 19,2712.840087890625
94_20220827 20,2501.565673828125
94_20220827 21,2202.526123046875
94_20220827 22,1815.9586181640625
94_20220827 23,1693.4547119140625
94_20220828 00,1590.784912109375
94_20220828 01,1462.5111083984375
94_20220828 02,1469.3013916015625
94_20220828 03,1399.002197265625
94_20220828 04,1407.29541015625
94_20220828 05,1495.9659423828125
94_20220828 06,1897.5472412109375
94_20220828 07,2299.718505859375
94_20220828 08,2387.2578125
94_20220828 09,2480.395263671875
94_20220828 10,2618.63037109375
94_20220828 11,2657.013671875
94_20220828 12,2713.92529296875
94_20220828 13,2908.273193359375
94_20220828 14,2952.45361328125
94_20220828 15,3008.751220703125
94_20220828 16,3025.848876953125
94_20220828 17,3066.50146484375
94_20220828 18,2970.666015625
94_20220828 19,2737.218017578125
94_20220828 20,2521.22900390625
94_20220828 21,2193.201171875
94_20220828 22,1916.1998291015625
94_20220828 23,1711.30859375
94_20220829 00,1544.0404052734375
94_20220829 01,1511.9447021484375
94_20220829 02,1465.560546875
94_20220829 03,1411.533935546875
94_20220829 04,1407.838623046875
94_20220829 05,1482.970703125
94_20220829 06,1892.834716796875
94_20220829 07,2173.989013671875
94_20220829 08,2238.9765625
94_20220829 09,2333.341064453125
94_20220829 10,2398.45751953125
94_20220829 11,2507.712646484375
94_20220829 12,2487.33642578125
94_20220829 13,2585.278076171875
94_20220829 14,2564.501953125
94_20220829 15,2575.55712890625
94_20220829 16,2542.305419921875
94_20220829 17,2466.156005859375
94_20220829 18,2345.403076171875
94_20220829 19,2275.766357421875
94_20220829 20,2191.491455078125
94_20220829 21,1870.588623046875
94_20220829 22,1581.3798828125
94_20220829 23,1515.7977294921875
94_20220830 00,1505.0435791015625
94_20220830 01,1482.5135498046875
94_20220830 02,1450.685546875
94_20220830 03,1390.420654296875
94_20220830 04,1352.207763671875
94_20220830 05,1429.411865234375
94_20220830 06,1887.365966796875
94_20220830 07,2281.39892578125
94_20220830 08,2391.260498046875
94_20220830 09,2444.397216796875
94_20220830 10,2558.4423828125
94_20220830 11,2622.57177734375
94_20220830 12,2651.573974609375
94_20220830 13,2791.010009765625
94_20220830 14,2734.8046875
94_20220830 15,2732.86376953125
94_20220830 16,2802.807373046875
94_20220830 17,2805.938720703125
94_20220830 18,2495.962890625
94_20220830 19,2435.435546875
94_20220830 20,2273.07373046875
94_20220830 21,2051.508544921875
94_20220830 22,1687.088623046875
94_20220830 23,1607.3367919921875
94_20220831 00,1548.0416259765625
94_20220831 01,1529.31982421875
94_20220831 02,1472.2244873046875
94_20220831 03,1464.7838134765625
94_20220831 04,1491.447509765625
94_20220831 05,1580.3956298828125
94_20220831 06,1903.9407958984375
94_20220831 07,2205.88330078125
94_20220831 08,2380.48291015625
94_20220831 09,2422.833740234375
94_20220831 10,2443.82275390625
94_20220831 11,2613.4306640625
94_20220831 12,2646.158203125
94_20220831 13,2735.61669921875
94_20220831 14,2767.87353515625
94_20220831 15,2768.822509765625
94_20220831 16,2753.53662109375
94_20220831 17,2767.885009765625
94_20220831 18,2659.478271484375
94_20220831 19,2603.810546875
94_20220831 20,2456.515625
94_20220831 21,2112.098388671875
94_20220831 22,1814.1060791015625
94_20220831 23,1613.823974609375
95_20220825 00,831.8717651367188
95_20220825 01,810.6221923828125
95_20220825 02,795.0227661132812
95_20220825 03,821.08056640625
95_20220825 04,843.3351440429688
95_20220825 05,906.2706909179688
95_20220825 06,939.84765625
95_20220825 07,994.35400390625
95_20220825 08,987.068359375
95_20220825 09,1235.9447021484375
95_20220825 10,1333.2021484375
95_20220825 11,1278.6226806640625
95_20220825 12,1299.135009765625
95_20220825 13,1302.5145263671875
95_20220825 14,1248.7423095703125
95_20220825 15,1288.365234375
95_20220825 16,1274.2047119140625
95_20220825 17,1270.476318359375
95_20220825 18,1162.1270751953125
95_20220825 19,1241.336669921875
95_20220825 20,1029.1666259765625
95_20220825 21,1011.93603515625
95_20220825 22,914.4664916992188
95_20220825 23,862.0485229492188
95_20220826 00,836.09033203125
95_20220826 01,821.1730346679688
95_20220826 02,828.6370239257812
95_20220826 03,798.0305786132812
95_20220826 04,826.4449462890625
95_20220826 05,895.5343627929688
95_20220826 06,945.1199340820312
95_20220826 07,1031.4521484375
95_20220826 08,1055.132568359375
95_20220826 09,1233.275634765625
95_20220826 10,1339.340087890625
95_20220826 11,1400.9375
95_20220826 12,1356.541015625
95_20220826 13,1315.910888671875
95_20220826 14,1337.3389892578125
95_20220826 15,1250.4893798828125
95_20220826 16,1278.7799072265625
95_20220826 17,1281.4755859375
95_20220826 18,1139.606689453125
95_20220826 19,1281.03125
95_20220826 20,1108.21630859375
95_20220826 21,1069.3514404296875
95_20220826 22,953.28955078125
95_20220826 23,906.0379638671875
95_20220827 00,934.4616088867188
95_20220827 01,912.7681884765625
95_20220827 02,842.73583984375
95_20220827 03,837.5813598632812
95_20220827 04,851.2197265625
95_20220827 05,943.19189453125
95_20220827 06,1021.0487060546875
95_20220827 07,1015.6668701171875
95_20220827 08,1192.471435546875
95_20220827 09,1358.635009765625
95_20220827 10,1407.9923095703125
95_20220827 11,1368.217529296875
95_20220827 12,1244.005615234375
95_20220827 13,1411.38037109375
95_20220827 14,1328.673095703125
95_20220827 15,1214.063232421875
95_20220827 16,1240.592041015625
95_20220827 17,1257.935791015625
95_20220827 18,1111.4739990234375
95_20220827 19,1313.92529296875
95_20220827 20,1194.8480224609375
95_20220827 21,1125.2498779296875
95_20220827 22,1042.2008056640625
95_20220827 23,1018.5670166015625
95_20220828 00,1021.1968994140625
95_20220828 01,911.5667724609375
95_20220828 02,887.3106689453125
95_20220828 03,881.8605346679688
95_20220828 04,859.2796630859375
95_20220828 05,956.3743286132812
95_20220828 06,1037.498046875
95_20220828 07,1075.7305908203125
95_20220828 08,1198.18310546875
95_20220828 09,1399.962646484375
95_20220828 10,1406.02978515625
95_20220828 11,1386.252197265625
95_20220828 12,1282.5843505859375
95_20220828 13,1324.130126953125
95_20220828 14,1258.6531982421875
95_20220828 15,1247.064208984375
95_20220828 16,1121.686279296875
95_20220828 17,1071.333251953125
95_20220828 18,1181.8662109375
95_20220828 19,1239.354736328125
95_20220828 20,1091.00439453125
95_20220828 21,975.68408203125
95_20220828 22,930.7371215820312
95_20220828 23,930.8348388671875
95_20220829 00,891.9459838867188
95_20220829 01,886.1077880859375
95_20220829 02,853.1658325195312
95_20220829 03,810.9904174804688
95_20220829 04,805.954833984375
95_20220829 05,910.5838012695312
95_20220829 06,951.16650390625
95_20220829 07,1036.4854736328125
95_20220829 08,1025.9581298828125
95_20220829 09,1237.1556396484375
95_20220829 10,1240.41796875
95_20220829 11,1237.671630859375
95_20220829 12,1225.401611328125
95_20220829 13,1245.99658203125
95_20220829 14,1224.340087890625
95_20220829 15,1214.1802978515625
95_20220829 16,1227.1527099609375
95_20220829 17,1232.0859375
95_20220829 18,1025.411865234375
95_20220829 19,1068.622314453125
95_20220829 20,1086.1956787109375
95_20220829 21,952.8223876953125
95_20220829 22,853.8470458984375
95_20220829 23,919.70068359375
95_20220830 00,834.4588623046875
95_20220830 01,796.482177734375
95_20220830 02,816.3468627929688
95_20220830 03,845.2843017578125
95_20220830 04,807.1682739257812
95_20220830 05,900.0173950195312
95_20220830 06,1010.59326171875
95_20220830 07,1026.3843994140625
95_20220830 08,1026.1031494140625
95_20220830 09,1229.2669677734375
95_20220830 10,1251.9322509765625
95_20220830 11,1311.1119384765625
95_20220830 12,1239.763427734375
95_20220830 13,1216.9244384765625
95_20220830 14,1215.181640625
95_20220830 15,1268.1796875
95_20220830 16,1235.123779296875
95_20220830 17,1187.5750732421875
95_20220830 18,993.96923828125
95_20220830 19,1143.736572265625
95_20220830 20,997.8619995117188
95_20220830 21,923.2428588867188
95_20220830 22,849.5294799804688
95_20220830 23,841.2611083984375
95_20220831 00,848.4444580078125
95_20220831 01,781.3834838867188
95_20220831 02,792.9442138671875
95_20220831 03,777.7136840820312
95_20220831 04,794.6431884765625
95_20220831 05,907.1954956054688
95_20220831 06,1014.0628662109375
95_20220831 07,944.6298828125
95_20220831 08,1059.7818603515625
95_20220831 09,1205.2392578125
95_20220831 10,1234.72314453125
95_20220831 11,1232.65087890625
95_20220831 12,1241.826416015625
95_20220831 13,1255.6905517578125
95_20220831 14,1219.2626953125
95_20220831 15,1253.6649169921875
95_20220831 16,1230.8868408203125
95_20220831 17,1166.908935546875
95_20220831 18,1087.0107421875
95_20220831 19,1224.0980224609375
95_20220831 20,1003.4156494140625
95_20220831 21,930.7062377929688
95_20220831 22,955.732421875
95_20220831 23,845.7967529296875
96_20220825 00,2058.5966796875
96_20220825 01,2039.086669921875
96_20220825 02,2024.76953125
96_20220825 03,2016.659423828125
96_20220825 04,2018.010986328125
96_20220825 05,2048.021484375
96_20220825 06,2289.93017578125
96_20220825 07,2549.264404296875
96_20220825 08,2856.47607421875
96_20220825 09,3163.54052734375
96_20220825 10,3405.69091796875
96_20220825 11,3424.31103515625
96_20220825 12,3546.002685546875
96_20220825 13,3594.380859375
96_20220825 14,3594.78662109375
96_20220825 15,3562.03271484375
96_20220825 16,3547.29931640625
96_20220825 17,3562.564453125
96_20220825 18,3414.156982421875
96_20220825 19,3375.869873046875
96_20220825 20,3262.34423828125
96_20220825 21,3128.418212890625
96_20220825 22,2540.8330078125
96_20220825 23,2361.348876953125
96_20220826 00,2206.631103515625
96_20220826 01,2142.51318359375
96_20220826 02,2069.507080078125
96_20220826 03,2069.71826171875
96_20220826 04,2060.959228515625
96_20220826 05,2080.70947265625
96_20220826 06,2299.664306640625
96_20220826 07,2542.64306640625
96_20220826 08,2799.29052734375
96_20220826 09,3155.01953125
96_20220826 10,3398.38525390625
96_20220826 11,3513.030029296875
96_20220826 12,3584.40185546875
96_20220826 13,3591.698486328125
96_20220826 14,3578.173828125
96_20220826 15,3582.209716796875
96_20220826 16,3555.022705078125
96_20220826 17,3533.84130859375
96_20220826 18,3460.991455078125
96_20220826 19,3322.74609375
96_20220826 20,3147.0859375
96_20220826 21,3074.47119140625
96_20220826 22,2590.259033203125
96_20220826 23,2419.746826171875
96_20220827 00,2225.014404296875
96_20220827 01,2124.199462890625
96_20220827 02,2074.630615234375
96_20220827 03,2069.931884765625
96_20220827 04,2064.608154296875
96_20220827 05,2069.858642578125
96_20220827 06,2286.93701171875
96_20220827 07,2564.904541015625
96_20220827 08,2936.004638671875
96_20220827 09,3249.953125
96_20220827 10,3443.75830078125
96_20220827 11,3510.126953125
96_20220827 12,3562.196044921875
96_20220827 13,3567.884033203125
96_20220827 14,3594.922607421875
96_20220827 15,3615.13720703125
96_20220827 16,3572.77783203125
96_20220827 17,3612.692626953125
96_20220827 18,3588.204345703125
96_20220827 19,3387.328857421875
96_20220827 20,3235.85009765625
96_20220827 21,3137.020751953125
96_20220827 22,2528.61572265625
96_20220827 23,2382.718017578125
96_20220828 00,2210.99609375
96_20220828 01,2183.86669921875
96_20220828 02,2106.887939453125
96_20220828 03,2093.72705078125
96_20220828 04,2075.704345703125
96_20220828 05,2116.67626953125
96_20220828 06,2296.810791015625
96_20220828 07,2558.68115234375
96_20220828 08,2936.539306640625
96_20220828 09,3251.89697265625
96_20220828 10,3386.423095703125
96_20220828 11,3474.41064453125
96_20220828 12,3519.91455078125
96_20220828 13,3517.380859375
96_20220828 14,3506.89306640625
96_20220828 15,3453.24462890625
96_20220828 16,3446.49365234375
96_20220828 17,3443.666748046875
96_20220828 18,3393.44482421875
96_20220828 19,3274.22216796875
96_20220828 20,3129.93505859375
96_20220828 21,3037.84130859375
96_20220828 22,2496.266845703125
96_20220828 23,2373.828125
96_20220829 00,2109.37890625
96_20220829 01,2087.39697265625
96_20220829 02,2030.5767822265625
96_20220829 03,2022.039306640625
96_20220829 04,2013.4759521484375
96_20220829 05,2039.959228515625
96_20220829 06,2271.354248046875
96_20220829 07,2520.22900390625
96_20220829 08,2816.124755859375
96_20220829 09,3169.48974609375
96_20220829 10,3348.33837890625
96_20220829 11,3449.326171875
96_20220829 12,3550.629638671875
96_20220829 13,3609.555419921875
96_20220829 14,3611.27294921875
96_20220829 15,3494.45703125
96_20220829 16,3469.94775390625
96_20220829 17,3446.22216796875
96_20220829 18,3399.15380859375
96_20220829 19,3295.06787109375
96_20220829 20,3129.29736328125
96_20220829 21,3085.17724609375
96_20220829 22,2516.107666015625
96_20220829 23,2352.91015625
96_20220830 00,2133.91748046875
96_20220830 01,2089.94970703125
96_20220830 02,2056.94384765625
96_20220830 03,2040.617431640625
96_20220830 04,2045.8275146484375
96_20220830 05,2096.52099609375
96_20220830 06,2323.423095703125
96_20220830 07,2585.93359375
96_20220830 08,2914.54150390625
96_20220830 09,3226.64501953125
96_20220830 10,3442.959716796875
96_20220830 11,3467.3671875
96_20220830 12,3434.094482421875
96_20220830 13,3442.425048828125
96_20220830 14,3458.3515625
96_20220830 15,3451.806640625
96_20220830 16,3427.83154296875
96_20220830 17,3399.24560546875
96_20220830 18,3349.526123046875
96_20220830 19,3298.91748046875
96_20220830 20,3091.08251953125
96_20220830 21,3009.837890625
96_20220830 22,2574.319091796875
96_20220830 23,2328.016845703125
96_20220831 00,2128.671875
96_20220831 01,2088.010498046875
96_20220831 02,2073.544921875
96_20220831 03,2084.74755859375
96_20220831 04,2087.89306640625
96_20220831 05,2105.76708984375
96_20220831 06,2328.354248046875
96_20220831 07,2566.44482421875
96_20220831 08,2868.976318359375
96_20220831 09,3160.251708984375
96_20220831 10,3336.184814453125
96_20220831 11,3348.466064453125
96_20220831 12,3364.192626953125
96_20220831 13,3375.89501953125
96_20220831 14,3296.33251953125
96_20220831 15,3285.208251953125
96_20220831 16,3258.2177734375
96_20220831 17,3276.00048828125
96_20220831 18,3257.008056640625
96_20220831 19,3192.543212890625
96_20220831 20,2991.1650390625
96_20220831 21,2891.682373046875
96_20220831 22,2491.19189453125
96_20220831 23,2259.392333984375
97_20220825 00,881.8888549804688
97_20220825 01,840.9075927734375
97_20220825 02,817.1945190429688
97_20220825 03,805.2518920898438
97_20220825 04,853.8248901367188
97_20220825 05,948.64697265625
97_20220825 06,970.5725708007812
97_20220825 07,1084.119873046875
97_20220825 08,1263.4267578125
97_20220825 09,1472.5543212890625
97_20220825 10,1548.496826171875
97_20220825 11,1529.75244140625
97_20220825 12,1570.7052001953125
97_20220825 13,1607.7747802734375
97_20220825 14,1639.5208740234375
97_20220825 15,1612.8985595703125
97_20220825 16,1605.477783203125
97_20220825 17,1609.282470703125
97_20220825 18,1486.2996826171875
97_20220825 19,1436.9921875
97_20220825 20,1428.566650390625
97_20220825 21,1348.023193359375
97_20220825 22,1145.3978271484375
97_20220825 23,987.5711669921875
97_20220826 00,914.1024169921875
97_20220826 01,851.2662353515625
97_20220826 02,830.8704833984375
97_20220826 03,812.0909423828125
97_20220826 04,870.6956787109375
97_20220826 05,1003.2220458984375
97_20220826 06,1058.4166259765625
97_20220826 07,1084.5953369140625
97_20220826 08,1232.2982177734375
97_20220826 09,1413.5821533203125
97_20220826 10,1421.142822265625
97_20220826 11,1443.9776611328125
97_20220826 12,1502.7008056640625
97_20220826 13,1532.3773193359375
97_20220826 14,1558.767578125
97_20220826 15,1507.1710205078125
97_20220826 16,1551.010498046875
97_20220826 17,1559.0927734375
97_20220826 18,1500.4390869140625
97_20220826 19,1435.3564453125
97_20220826 20,1435.7406005859375
97_20220826 21,1365.4122314453125
97_20220826 22,1148.706787109375
97_20220826 23,1001.7726440429688
97_20220827 00,894.2302856445312
97_20220827 01,864.8035888671875
97_20220827 02,843.7398681640625
97_20220827 03,820.79296875
97_20220827 04,860.6798095703125
97_20220827 05,1000.30712890625
97_20220827 06,1033.514404296875
97_20220827 07,1106.6820068359375
97_20220827 08,1286.5335693359375
97_20220827 09,1471.06396484375
97_20220827 10,1470.689697265625
97_20220827 11,1546.86083984375
97_20220827 12,1528.3118896484375
97_20220827 13,1582.9359130859375
97_20220827 14,1678.557373046875
97_20220827 15,1698.753662109375
97_20220827 16,1644.410400390625
97_20220827 17,1543.6024169921875
97_20220827 18,1442.920166015625
97_20220827 19,1382.1524658203125
97_20220827 20,1354.4114990234375
97_20220827 21,1270.3680419921875
97_20220827 22,1111.9976806640625
97_20220827 23,972.7214965820312
97_20220828 00,882.2355346679688
97_20220828 01,801.3185424804688
97_20220828 02,760.4749145507812
97_20220828 03,641.3687744140625
97_20220828 04,664.2225341796875
97_20220828 05,885.7078247070312
97_20220828 06,901.8863525390625
97_20220828 07,1076.0555419921875
97_20220828 08,1249.1986083984375
97_20220828 09,1417.4840087890625
97_20220828 10,1461.841552734375
97_20220828 11,1485.215087890625
97_20220828 12,1501.415283203125
97_20220828 13,1564.345947265625
97_20220828 14,1616.6898193359375
97_20220828 15,1602.143310546875
97_20220828 16,1606.6263427734375
97_20220828 17,1462.349365234375
97_20220828 18,1458.290283203125
97_20220828 19,1395.373046875
97_20220828 20,1373.072509765625
97_20220828 21,1223.0645751953125
97_20220828 22,1095.128173828125
97_20220828 23,959.5320434570312
97_20220829 00,871.6602783203125
97_20220829 01,846.3035278320312
97_20220829 02,828.6680908203125
97_20220829 03,775.6923828125
97_20220829 04,828.7001953125
97_20220829 05,1001.9166259765625
97_20220829 06,974.2208862304688
97_20220829 07,1023.4103393554688
97_20220829 08,1213.361083984375
97_20220829 09,1496.5445556640625
97_20220829 10,1555.4224853515625
97_20220829 11,1563.916259765625
97_20220829 12,1570.1829833984375
97_20220829 13,1559.7613525390625
97_20220829 14,1559.566162109375
97_20220829 15,1552.333740234375
97_20220829 16,1580.912353515625
97_20220829 17,1589.1568603515625
97_20220829 18,1568.8487548828125
97_20220829 19,1545.281005859375
97_20220829 20,1553.0439453125
97_20220829 21,1354.581298828125
97_20220829 22,1185.95654296875
97_20220829 23,1025.5390625
97_20220830 00,884.6287231445312
97_20220830 01,851.1502075195312
97_20220830 02,836.12744140625
97_20220830 03,831.3396606445312
97_20220830 04,846.1033325195312
97_20220830 05,999.2267456054688
97_20220830 06,1015.0008544921875
97_20220830 07,1058.515380859375
97_20220830 08,1271.3004150390625
97_20220830 09,1578.260498046875
97_20220830 10,1607.7803955078125
97_20220830 11,1653.3197021484375
97_20220830 12,1717.2366943359375
97_20220830 13,1766.894775390625
97_20220830 14,1791.5032958984375
97_20220830 15,1748.445068359375
97_20220830 16,1595.8046875
97_20220830 17,1652.9547119140625
97_20220830 18,1621.714111328125
97_20220830 19,1604.4244384765625
97_20220830 20,1458.3304443359375
97_20220830 21,1451.201904296875
97_20220830 22,1209.261474609375
97_20220830 23,1008.3798828125
97_20220831 00,895.1519775390625
97_20220831 01,889.9020385742188
97_20220831 02,887.908203125
97_20220831 03,868.33984375
97_20220831 04,911.9976806640625
97_20220831 05,1053.9320068359375
97_20220831 06,1059.0902099609375
97_20220831 07,1106.82080078125
97_20220831 08,1296.0726318359375
97_20220831 09,1572.76904296875
97_20220831 10,1573.2406005859375
97_20220831 11,1514.345458984375
97_20220831 12,1498.288330078125
97_20220831 13,1565.308349609375
97_20220831 14,1544.0357666015625
97_20220831 15,1490.9970703125
97_20220831 16,1464.4459228515625
97_20220831 17,1439.744873046875
97_20220831 18,1408.693603515625
97_20220831 19,1351.8306884765625
97_20220831 20,1335.2650146484375
97_20220831 21,1240.313232421875
97_20220831 22,1110.3443603515625
97_20220831 23,980.5205078125
98_20220825 00,567.7427368164062
98_20220825 01,555.9661254882812
98_20220825 02,554.2752075195312
98_20220825 03,575.6942138671875
98_20220825 04,655.5509033203125
98_20220825 05,736.5643920898438
98_20220825 06,895.4129028320312
98_20220825 07,1135.792236328125
98_20220825 08,1273.731201171875
98_20220825 09,1372.025146484375
98_20220825 10,1497.070556640625
98_20220825 11,1597.5411376953125
98_20220825 12,1607.983154296875
98_20220825 13,1626.59130859375
98_20220825 14,1619.25439453125
98_20220825 15,1563.6707763671875
98_20220825 16,1574.0904541015625
98_20220825 17,1600.571533203125
98_20220825 18,1505.3072509765625
98_20220825 19,1407.93408203125
98_20220825 20,1314.8504638671875
98_20220825 21,1088.14697265625
98_20220825 22,746.1016845703125
98_20220825 23,692.6710205078125
98_20220826 00,606.1975708007812
98_20220826 01,596.959228515625
98_20220826 02,582.285400390625
98_20220826 03,584.0459594726562
98_20220826 04,725.9880981445312
98_20220826 05,741.7116088867188
98_20220826 06,839.9429931640625
98_20220826 07,1082.825927734375
98_20220826 08,1209.9627685546875
98_20220826 09,1280.7109375
98_20220826 10,1563.3770751953125
98_20220826 11,1589.3663330078125
98_20220826 12,1597.599609375
98_20220826 13,1595.467041015625
98_20220826 14,1596.2724609375
98_20220826 15,1591.8388671875
98_20220826 16,1591.712158203125
98_20220826 17,1599.7904052734375
98_20220826 18,1533.9287109375
98_20220826 19,1440.40625
98_20220826 20,1236.0963134765625
98_20220826 21,1093.32373046875
98_20220826 22,722.9523315429688
98_20220826 23,690.857421875
98_20220827 00,609.236328125
98_20220827 01,577.2769775390625
98_20220827 02,549.6856689453125
98_20220827 03,549.8365478515625
98_20220827 04,688.1539306640625
98_20220827 05,708.8941650390625
98_20220827 06,818.2765502929688
98_20220827 07,1093.426025390625
98_20220827 08,1210.2286376953125
98_20220827 09,1291.1927490234375
98_20220827 10,1392.6942138671875
98_20220827 11,1582.3291015625
98_20220827 12,1624.739501953125
98_20220827 13,1638.740478515625
98_20220827 14,1601.4471435546875
98_20220827 15,1597.7921142578125
98_20220827 16,1605.0445556640625
98_20220827 17,1612.9752197265625
98_20220827 18,1531.563720703125
98_20220827 19,1241.6634521484375
98_20220827 20,1171.2950439453125
98_20220827 21,997.4816284179688
98_20220827 22,748.2909545898438
98_20220827 23,698.2918701171875
98_20220828 00,604.8360595703125
98_20220828 01,581.7996826171875
98_20220828 02,570.9927368164062
98_20220828 03,578.8264770507812
98_20220828 04,625.0712890625
98_20220828 05,690.2454833984375
98_20220828 06,726.9593505859375
98_20220828 07,957.1695556640625
98_20220828 08,1125.6036376953125
98_20220828 09,1249.56982421875
98_20220828 10,1324.4508056640625
98_20220828 11,1438.477783203125
98_20220828 12,1510.066162109375
98_20220828 13,1560.4090576171875
98_20220828 14,1567.701171875
98_20220828 15,1566.303955078125
98_20220828 16,1564.7303466796875
98_20220828 17,1549.997314453125
98_20220828 18,1254.051513671875
98_20220828 19,1177.288818359375
98_20220828 20,1064.035888671875
98_20220828 21,893.2276611328125
98_20220828 22,748.0284423828125
98_20220828 23,701.69677734375
98_20220829 00,580.2031860351562
98_20220829 01,565.8729248046875
98_20220829 02,545.787841796875
98_20220829 03,543.7316284179688
98_20220829 04,637.9144287109375
98_20220829 05,724.3348388671875
98_20220829 06,751.6385498046875
98_20220829 07,997.3929443359375
98_20220829 08,1151.046630859375
98_20220829 09,1268.756591796875
98_20220829 10,1463.2303466796875
98_20220829 11,1526.1099853515625
98_20220829 12,1531.9134521484375
98_20220829 13,1578.4814453125
98_20220829 14,1549.476318359375
98_20220829 15,1510.444580078125
98_20220829 16,1549.731689453125
98_20220829 17,1491.587646484375
98_20220829 18,1353.9000244140625
98_20220829 19,1282.213134765625
98_20220829 20,1233.771484375
98_20220829 21,1062.2222900390625
98_20220829 22,717.3301391601562
98_20220829 23,679.79833984375
98_20220830 00,593.4490966796875
98_20220830 01,571.3748779296875
98_20220830 02,549.540283203125
98_20220830 03,549.2520751953125
98_20220830 04,673.0457763671875
98_20220830 05,707.5304565429688
98_20220830 06,769.4359130859375
98_20220830 07,1070.31884765625
98_20220830 08,1206.4095458984375
98_20220830 09,1318.33984375
98_20220830 10,1381.8826904296875
98_20220830 11,1466.6795654296875
98_20220830 12,1397.324951171875
98_20220830 13,1406.1029052734375
98_20220830 14,1483.3310546875
98_20220830 15,1469.423583984375
98_20220830 16,1489.650146484375
98_20220830 17,1491.1099853515625
98_20220830 18,1445.616943359375
98_20220830 19,1344.8167724609375
98_20220830 20,1237.8824462890625
98_20220830 21,1067.4915771484375
98_20220830 22,767.8069458007812
98_20220830 23,665.2593994140625
98_20220831 00,566.404541015625
98_20220831 01,552.9718017578125
98_20220831 02,553.5654907226562
98_20220831 03,571.466796875
98_20220831 04,756.75439453125
98_20220831 05,798.1871948242188
98_20220831 06,930.3342895507812
98_20220831 07,1071.487548828125
98_20220831 08,1193.713623046875
98_20220831 09,1269.7767333984375
98_20220831 10,1359.3544921875
98_20220831 11,1376.765869140625
98_20220831 12,1388.076416015625
98_20220831 13,1418.9449462890625
98_20220831 14,1395.927490234375
98_20220831 15,1395.62158203125
98_20220831 16,1400.2601318359375
98_20220831 17,1399.869873046875
98_20220831 18,1353.416748046875
98_20220831 19,1304.014404296875
98_20220831 20,1185.903564453125
98_20220831 21,967.9710693359375
98_20220831 22,701.4140625
98_20220831 23,630.9088134765625
99_20220825 00,737.8389892578125
99_20220825 01,679.1386108398438
99_20220825 02,649.1556396484375
99_20220825 03,639.7249755859375
99_20220825 04,632.9949340820312
99_20220825 05,659.7415161132812
99_20220825 06,808.0664672851562
99_20220825 07,890.2945556640625
99_20220825 08,1104.6671142578125
99_20220825 09,1337.79296875
99_20220825 10,1422.2103271484375
99_20220825 11,1345.362060546875
99_20220825 12,1349.5670166015625
99_20220825 13,1383.6943359375
99_20220825 14,1419.4578857421875
99_20220825 15,1482.355712890625
99_20220825 16,1472.30517578125
99_20220825 17,1442.279541015625
99_20220825 18,1374.1112060546875
99_20220825 19,1281.822509765625
99_20220825 20,1273.3236083984375
99_20220825 21,1105.7672119140625
99_20220825 22,885.1149291992188
99_20220825 23,789.791748046875
99_20220826 00,702.2239379882812
99_20220826 01,656.5526123046875
99_20220826 02,632.3995361328125
99_20220826 03,633.8280029296875
99_20220826 04,636.0999755859375
99_20220826 05,659.91064453125
99_20220826 06,794.185546875
99_20220826 07,990.5578002929688
99_20220826 08,1230.4844970703125
99_20220826 09,1536.50439453125
99_20220826 10,1558.4080810546875
99_20220826 11,1432.0198974609375
99_20220826 12,1405.9847412109375
99_20220826 13,1419.180419921875
99_20220826 14,1478.026611328125
99_20220826 15,1548.5223388671875
99_20220826 16,1552.117431640625
99_20220826 17,1537.512939453125
99_20220826 18,1458.1953125
99_20220826 19,1345.652587890625
99_20220826 20,1320.8070068359375
99_20220826 21,1217.4732666015625
99_20220826 22,941.2424926757812
99_20220826 23,839.9029541015625
99_20220827 00,750.2071533203125
99_20220827 01,690.3401489257812
99_20220827 02,667.1296997070312
99_20220827 03,640.125244140625
99_20220827 04,633.4053955078125
99_20220827 05,672.1800537109375
99_20220827 06,800.1838989257812
99_20220827 07,926.83935546875
99_20220827 08,1143.1754150390625
99_20220827 09,1404.06201171875
99_20220827 10,1469.080078125
99_20220827 11,1350.2703857421875
99_20220827 12,1354.34228515625
99_20220827 13,1388.851318359375
99_20220827 14,1427.986572265625
99_20220827 15,1442.7218017578125
99_20220827 16,1454.4757080078125
99_20220827 17,1445.486572265625
99_20220827 18,1404.498046875
99_20220827 19,1315.438232421875
99_20220827 20,1268.7911376953125
99_20220827 21,1142.747802734375
99_20220827 22,932.3192138671875
99_20220827 23,824.3013916015625
99_20220828 00,744.6788330078125
99_20220828 01,680.3092041015625
99_20220828 02,655.4951171875
99_20220828 03,646.069580078125
99_20220828 04,632.3468017578125
99_20220828 05,655.9088134765625
99_20220828 06,795.8684692382812
99_20220828 07,907.2421875
99_20220828 08,1150.095947265625
99_20220828 09,1413.734130859375
99_20220828 10,1464.70458984375
99_20220828 11,1362.123779296875
99_20220828 12,1343.7650146484375
99_20220828 13,1396.325927734375
99_20220828 14,1454.5123291015625
99_20220828 15,1466.536865234375
99_20220828 16,1443.217041015625
99_20220828 17,1455.0228271484375
99_20220828 18,1414.324462890625
99_20220828 19,1317.4659423828125
99_20220828 20,1271.600830078125
99_20220828 21,1143.124755859375
99_20220828 22,913.77001953125
99_20220828 23,811.8323974609375
99_20220829 00,718.5995483398438
99_20220829 01,672.2355346679688
99_20220829 02,644.2440185546875
99_20220829 03,629.2711791992188
99_20220829 04,636.9459838867188
99_20220829 05,673.2664794921875
99_20220829 06,800.3751220703125
99_20220829 07,895.8806762695312
99_20220829 08,1081.5457763671875
99_20220829 09,1336.696044921875
99_20220829 10,1371.721923828125
99_20220829 11,1290.994873046875
99_20220829 12,1297.286376953125
99_20220829 13,1324.9490966796875
99_20220829 14,1369.985107421875
99_20220829 15,1373.610107421875
99_20220829 16,1417.744873046875
99_20220829 17,1407.512939453125
99_20220829 18,1359.495361328125
99_20220829 19,1297.433837890625
99_20220829 20,1277.5989990234375
99_20220829 21,1122.29296875
99_20220829 22,893.3543701171875
99_20220829 23,799.9376220703125
99_20220830 00,725.529296875
99_20220830 01,665.2012939453125
99_20220830 02,644.8119506835938
99_20220830 03,631.5987548828125
99_20220830 04,631.9932861328125
99_20220830 05,673.8177490234375
99_20220830 06,800.1172485351562
99_20220830 07,898.45556640625
99_20220830 08,1094.68798828125
99_20220830 09,1371.1971435546875
99_20220830 10,1356.524658203125
99_20220830 11,1259.9622802734375
99_20220830 12,1255.028564453125
99_20220830 13,1278.095458984375
99_20220830 14,1374.2437744140625
99_20220830 15,1421.0423583984375
99_20220830 16,1430.142578125
99_20220830 17,1436.23046875
99_20220830 18,1340.369873046875
99_20220830 19,1289.5496826171875
99_20220830 20,1281.70654296875
99_20220830 21,1143.6337890625
99_20220830 22,947.0838012695312
99_20220830 23,812.5081787109375
99_20220831 00,706.3424072265625
99_20220831 01,672.3280029296875
99_20220831 02,651.6929931640625
99_20220831 03,646.9037475585938
99_20220831 04,650.7386474609375
99_20220831 05,682.2716064453125
99_20220831 06,822.9903564453125
99_20220831 07,946.7869873046875
99_20220831 08,1120.7581787109375
99_20220831 09,1359.38671875
99_20220831 10,1348.98388671875
99_20220831 11,1236.6588134765625
99_20220831 12,1294.4317626953125
99_20220831 13,1303.8941650390625
99_20220831 14,1340.883056640625
99_20220831 15,1385.0472412109375
99_20220831 16,1388.8626708984375
99_20220831 17,1391.3941650390625
99_20220831 18,1311.661865234375
99_20220831 19,1250.7811279296875
99_20220831 20,1236.164306640625
99_20220831 21,1089.5478515625
99_20220831 22,877.4773559570312
99_20220831 23,784.2659912109375
100_20220825 00,420.8568420410156
100_20220825 01,388.0776062011719
100_20220825 02,374.9359130859375
100_20220825 03,375.19146728515625
100_20220825 04,373.9049377441406
100_20220825 05,398.24310302734375
100_20220825 06,584.7142333984375
100_20220825 07,774.8519287109375
100_20220825 08,913.7861328125
100_20220825 09,1014.197265625
100_20220825 10,1084.3052978515625
100_20220825 11,1101.897705078125
100_20220825 12,1122.802490234375
100_20220825 13,1131.0712890625
100_20220825 14,1125.888427734375
100_20220825 15,1136.611572265625
100_20220825 16,1085.996826171875
100_20220825 17,972.7236328125
100_20220825 18,960.8263549804688
100_20220825 19,863.9984130859375
100_20220825 20,805.1392211914062
100_20220825 21,718.9052124023438
100_20220825 22,635.5930786132812
100_20220825 23,532.8555297851562
100_20220826 00,410.89678955078125
100_20220826 01,386.5058288574219
100_20220826 02,374.9577331542969
100_20220826 03,367.9541320800781
100_20220826 04,367.7315979003906
100_20220826 05,407.4082946777344
100_20220826 06,556.6900634765625
100_20220826 07,786.33349609375
100_20220826 08,870.21337890625
100_20220826 09,993.083984375
100_20220826 10,1059.9920654296875
100_20220826 11,1084.4002685546875
100_20220826 12,1059.927978515625
100_20220826 13,1122.2242431640625
100_20220826 14,1115.545166015625
100_20220826 15,1129.7447509765625
100_20220826 16,1139.1361083984375
100_20220826 17,1124.0556640625
100_20220826 18,1132.6409912109375
100_20220826 19,982.8243408203125
100_20220826 20,932.3982543945312
100_20220826 21,832.3043212890625
100_20220826 22,734.4281005859375
100_20220826 23,603.4680786132812
100_20220827 00,433.2638244628906
100_20220827 01,401.0293273925781
100_20220827 02,381.70660400390625
100_20220827 03,378.01763916015625
100_20220827 04,373.85430908203125
100_20220827 05,411.62335205078125
100_20220827 06,603.056396484375
100_20220827 07,786.9750366210938
100_20220827 08,854.5139770507812
100_20220827 09,977.8350830078125
100_20220827 10,1026.56005859375
100_20220827 11,1016.7056884765625
100_20220827 12,1039.324951171875
100_20220827 13,1081.242919921875
100_20220827 14,1083.5506591796875
100_20220827 15,1117.84912109375
100_20220827 16,1110.3167724609375
100_20220827 17,1083.8134765625
100_20220827 18,987.5623168945312
100_20220827 19,915.0633544921875
100_20220827 20,869.9791259765625
100_20220827 21,791.8746948242188
100_20220827 22,690.8601684570312
100_20220827 23,584.9755859375
100_20220828 00,424.6383361816406
100_20220828 01,396.23602294921875
100_20220828 02,380.9085998535156
100_20220828 03,374.88519287109375
100_20220828 04,368.64422607421875
100_20220828 05,403.4384460449219
100_20220828 06,578.8272094726562
100_20220828 07,715.6802978515625
100_20220828 08,850.0657958984375
100_20220828 09,982.9576416015625
100_20220828 10,1016.3841552734375
100_20220828 11,1027.8023681640625
100_20220828 12,1030.2569580078125
100_20220828 13,1086.738037109375
100_20220828 14,1091.194580078125
100_20220828 15,1129.4423828125
100_20220828 16,1128.3997802734375
100_20220828 17,1123.00048828125
100_20220828 18,1104.280029296875
100_20220828 19,934.1119995117188
100_20220828 20,850.0402221679688
100_20220828 21,783.3378295898438
100_20220828 22,681.4530029296875
100_20220828 23,579.7098999023438
100_20220829 00,417.75762939453125
100_20220829 01,393.3244934082031
100_20220829 02,376.7099914550781
100_20220829 03,373.0267639160156
100_20220829 04,371.01129150390625
100_20220829 05,404.75689697265625
100_20220829 06,563.6661376953125
100_20220829 07,720.5904541015625
100_20220829 08,832.9490356445312
100_20220829 09,964.4263916015625
100_20220829 10,1013.59326171875
100_20220829 11,996.4660034179688
100_20220829 12,995.2518310546875
100_20220829 13,997.0260009765625
100_20220829 14,991.5972900390625
100_20220829 15,1007.3173828125
100_20220829 16,1008.5276489257812
100_20220829 17,986.6171875
100_20220829 18,973.4226684570312
100_20220829 19,934.2112426757812
100_20220829 20,881.3445434570312
100_20220829 21,774.1924438476562
100_20220829 22,628.5271606445312
100_20220829 23,534.8603515625
100_20220830 00,403.27777099609375
100_20220830 01,383.4974670410156
100_20220830 02,373.7856750488281
100_20220830 03,366.955078125
100_20220830 04,366.17327880859375
100_20220830 05,397.07843017578125
100_20220830 06,548.1456909179688
100_20220830 07,761.8797607421875
100_20220830 08,884.6423950195312
100_20220830 09,985.1065673828125
100_20220830 10,1021.2091674804688
100_20220830 11,1019.0211791992188
100_20220830 12,1023.3234252929688
100_20220830 13,1032.2435302734375
100_20220830 14,1017.8797607421875
100_20220830 15,1022.6383056640625
100_20220830 16,1028.9732666015625
100_20220830 17,1019.6021728515625
100_20220830 18,994.46630859375
100_20220830 19,908.8888549804688
100_20220830 20,839.0753784179688
100_20220830 21,757.6984252929688
100_20220830 22,637.3734130859375
100_20220830 23,547.2261962890625
100_20220831 00,404.3564147949219
100_20220831 01,376.76629638671875
100_20220831 02,366.08978271484375
100_20220831 03,366.3962707519531
100_20220831 04,365.6631774902344
100_20220831 05,394.66009521484375
100_20220831 06,589.3793334960938
100_20220831 07,764.1875
100_20220831 08,853.89453125
100_20220831 09,990.7239990234375
100_20220831 10,1048.7542724609375
100_20220831 11,998.0911865234375
100_20220831 12,1069.8795166015625
100_20220831 13,1034.269775390625
100_20220831 14,1030.4609375
100_20220831 15,1069.4993896484375
100_20220831 16,1071.4439697265625
100_20220831 17,1030.6568603515625
100_20220831 18,1003.7872924804688
100_20220831 19,908.6964721679688
100_20220831 20,854.9410400390625
100_20220831 21,767.3255615234375
100_20220831 22,636.8394775390625
100_20220831 23,551.3538208007812
