num_date_time,answer
1_20220825 00,1878.0862365525643
1_20220825 01,1820.8153495574197
1_20220825 02,1677.0925585394205
1_20220825 03,1591.0843438654329
1_20220825 04,1622.7778515748241
1_20220825 05,1798.7318418624714
1_20220825 06,2076.2828775950466
1_20220825 07,2401.750730958922
1_20220825 08,2895.4578840603012
1_20220825 09,3200.0092850712726
1_20220825 10,3711.302257802116
1_20220825 11,3978.360072930368
1_20220825 12,3979.547972260443
1_20220825 13,3966.710387631643
1_20220825 14,3985.252734873459
1_20220825 15,3753.3641514590163
1_20220825 16,3700.6120867482427
1_20220825 17,3284.4893028054316
1_20220825 18,2760.5875386740704
1_20220825 19,2584.2015588554423
1_20220825 20,2393.2933804173326
1_20220825 21,1995.3927762105327
1_20220825 22,1573.7083368016247
1_20220825 23,1951.6109428729844
1_20220826 00,1954.1194225832942
1_20220826 01,1876.2874093961118
1_20220826 02,1754.6130981971307
1_20220826 03,1682.945390487295
1_20220826 04,1697.381215352959
1_20220826 05,1850.7114366563783
1_20220826 06,2073.801232529945
1_20220826 07,2388.025272376828
1_20220826 08,2852.5357737174368
1_20220826 09,3193.7620314582346
1_20220826 10,3790.5302164939803
1_20220826 11,4020.0798020087313
1_20220826 12,4005.622375804569
1_20220826 13,4021.0155657765304
1_20220826 14,3989.5063367977805
1_20220826 15,3967.4727315969003
1_20220826 16,3837.5560629547012
1_20220826 17,3340.79685088142
1_20220826 18,2844.815525975371
1_20220826 19,2670.523323784913
1_20220826 20,2451.826680671637
1_20220826 21,2042.6919478593895
1_20220826 22,1576.6119258950782
1_20220826 23,1962.8940199900826
1_20220827 00,1892.0329748921254
1_20220827 01,1827.3925985420424
1_20220827 02,1685.645935528678
1_20220827 03,1600.6251831615791
1_20220827 04,1635.26236413502
1_20220827 05,1770.7165122560582
1_20220827 06,1952.81331475663
1_20220827 07,2106.2227562458174
1_20220827 08,2376.975107542052
1_20220827 09,2763.7875461471795
1_20220827 10,3251.5161032578426
1_20220827 11,3340.3737289691508
1_20220827 12,3341.875871195261
1_20220827 13,3397.298381775109
1_20220827 14,3398.1077843763796
1_20220827 15,3382.0175063416145
1_20220827 16,3306.7521438885906
1_20220827 17,3110.5942540429714
1_20220827 18,2681.51556622761
1_20220827 19,2492.3384480182617
1_20220827 20,2356.485859041327
1_20220827 21,1928.287035081852
1_20220827 22,1432.9184448113092
1_20220827 23,1776.9571551031415
1_20220828 00,1618.5672944524908
1_20220828 01,1510.361598765525
1_20220828 02,1407.9640840797324
1_20220828 03,1308.3125566712097
1_20220828 04,1321.0107570837986
1_20220828 05,1450.6579705120935
1_20220828 06,1596.381049165242
1_20220828 07,1668.9998915340234
1_20220828 08,1920.6880661696523
1_20220828 09,2254.901880267177
1_20220828 10,2658.924154903862
1_20220828 11,2860.004050078105
1_20220828 12,2884.647720464337
1_20220828 13,2939.4962750874456
1_20220828 14,2960.297446371659
1_20220828 15,2948.251667456725
1_20220828 16,2958.335589058771
1_20220828 17,2882.142447903924
1_20220828 18,2679.6073084861173
1_20220828 19,2374.581040515195
1_20220828 20,2261.467196456306
1_20220828 21,1907.4894235237912
1_20220828 22,1456.236535251644
1_20220828 23,1885.292278298649
1_20220829 00,1903.8419505002257
1_20220829 01,1854.2453019962602
1_20220829 02,1769.420074160625
1_20220829 03,1698.1041999355132
1_20220829 04,1726.2653916595664
1_20220829 05,1873.2602528091825
1_20220829 06,2084.835896926154
1_20220829 07,2274.945605765051
1_20220829 08,2671.055720460071
1_20220829 09,3063.6900390369565
1_20220829 10,3624.725950142192
1_20220829 11,3718.911589851892
1_20220829 12,3729.1443336002762
1_20220829 13,3765.0069495195103
1_20220829 14,3802.459013745145
1_20220829 15,3644.634362465472
1_20220829 16,3569.60012347137
1_20220829 17,3175.173557891239
1_20220829 18,2604.3450076599597
1_20220829 19,2417.531705899615
1_20220829 20,2210.226990530479
1_20220829 21,1913.9121490668003
1_20220829 22,1460.5339052410766
1_20220829 23,1856.2800462008536
1_20220830 00,1834.9354896826062
1_20220830 01,1750.516922978829
1_20220830 02,1656.2090565926846
1_20220830 03,1558.8294397739742
1_20220830 04,1586.556114427618
1_20220830 05,1732.3723538618149
1_20220830 06,1940.8062285119295
1_20220830 07,2236.15956473839
1_20220830 08,2728.0909314653836
1_20220830 09,3010.730671227691
1_20220830 10,3558.2422929833156
1_20220830 11,3858.641165278826
1_20220830 12,3831.2499172816692
1_20220830 13,3846.7317207387046
1_20220830 14,3792.083382360178
1_20220830 15,3686.6514290074047
1_20220830 16,3544.5084926504865
1_20220830 17,3167.248608196205
1_20220830 18,2632.8918926608058
1_20220830 19,2466.241188172866
1_20220830 20,2278.8837306094047
1_20220830 21,1885.3933658781605
1_20220830 22,1490.6803588656649
1_20220830 23,1907.6228767804766
1_20220831 00,1865.4619706649266
1_20220831 01,1800.2344343708212
1_20220831 02,1676.055706770108
1_20220831 03,1613.3811122353845
1_20220831 04,1620.1333394375392
1_20220831 05,1770.7116063545213
1_20220831 06,1980.3741522097707
1_20220831 07,2245.068819929123
1_20220831 08,2707.1005379731846
1_20220831 09,3040.690672054947
1_20220831 10,3554.341089095243
1_20220831 11,3723.856404846304
1_20220831 12,3802.5214020609965
1_20220831 13,3808.5187670140517
1_20220831 14,3778.6024584570673
1_20220831 15,3676.4025948845397
1_20220831 16,3577.2870083378257
1_20220831 17,3199.699366230427
1_20220831 18,2549.8623507607126
1_20220831 19,2446.439515146142
1_20220831 20,2245.6668856562555
1_20220831 21,1903.7199342648746
1_20220831 22,1427.7599079300885
1_20220831 23,1822.2880494629358
2_20220825 00,1249.4957193428888
2_20220825 01,1243.7501639963912
2_20220825 02,1243.1418420570913
2_20220825 03,1244.744064053682
2_20220825 04,1244.99048767859
2_20220825 05,1212.319745208958
2_20220825 06,1201.4812109096251
2_20220825 07,1200.5124470138892
2_20220825 08,1676.298004878045
2_20220825 09,1973.360209545049
2_20220825 10,2203.5223152527496
2_20220825 11,2166.6796341614618
2_20220825 12,2213.9371406640753
2_20220825 13,2245.499063964204
2_20220825 14,2301.6799025532514
2_20220825 15,2131.0771332856475
2_20220825 16,2226.0585205976545
2_20220825 17,2204.9536096164243
2_20220825 18,2215.248231727529
2_20220825 19,2045.647146956403
2_20220825 20,1894.7416221326691
2_20220825 21,1623.7161303333828
2_20220825 22,1005.5051999316717
2_20220825 23,1284.4359175878853
2_20220826 00,1253.5161674593498
2_20220826 01,1247.3485837344892
2_20220826 02,1245.470263906226
2_20220826 03,1233.7500002275476
2_20220826 04,1208.6278162695276
2_20220826 05,1153.8745975093816
2_20220826 06,1144.8257829935117
2_20220826 07,1123.1104571105338
2_20220826 08,1634.665575591945
2_20220826 09,1919.9910955738258
2_20220826 10,2134.416028223148
2_20220826 11,2078.481119569186
2_20220826 12,2046.5492713266376
2_20220826 13,2119.991239763006
2_20220826 14,2106.755113345804
2_20220826 15,2152.8013055621045
2_20220826 16,2100.546743677942
2_20220826 17,2027.5719596530566
2_20220826 18,2125.3126205096796
2_20220826 19,1908.6175808748353
2_20220826 20,1850.4660736480773
2_20220826 21,1626.6513628041826
2_20220826 22,1036.635505692911
2_20220826 23,1288.7368010291693
2_20220827 00,1254.6594531277442
2_20220827 01,1253.6601742594858
2_20220827 02,1263.6186244177084
2_20220827 03,1235.5042133790694
2_20220827 04,1216.9766817854324
2_20220827 05,1169.5225544291497
2_20220827 06,1178.2594257334042
2_20220827 07,1102.2051940874671
2_20220827 08,1509.4688611941801
2_20220827 09,1755.2522204370334
2_20220827 10,1925.637623312458
2_20220827 11,1959.4154941375423
2_20220827 12,2087.963895642767
2_20220827 13,2156.7574681097085
2_20220827 14,2195.099496264166
2_20220827 15,2225.3699502747086
2_20220827 16,2203.5655082586227
2_20220827 17,2137.454081893561
2_20220827 18,2016.0775889522727
2_20220827 19,1722.6199939993217
2_20220827 20,1522.7446062927893
2_20220827 21,1313.1515607488159
2_20220827 22,822.4763976687832
2_20220827 23,1230.334806745699
2_20220828 00,1211.8451457762849
2_20220828 01,1198.6544192706788
2_20220828 02,1213.0106593504474
2_20220828 03,1134.353401847126
2_20220828 04,1106.1631953994734
2_20220828 05,1077.8209428515468
2_20220828 06,1030.3679735636742
2_20220828 07,973.6381682239982
2_20220828 08,1373.820302692293
2_20220828 09,1567.8180756605068
2_20220828 10,1813.201566040809
2_20220828 11,1808.2466456047127
2_20220828 12,1894.9050930327398
2_20220828 13,2007.255794550469
2_20220828 14,2092.512496948914
2_20220828 15,2112.705479136574
2_20220828 16,2144.4204920020034
2_20220828 17,2053.8384785925587
2_20220828 18,1939.1633294798776
2_20220828 19,1593.562075432106
2_20220828 20,1419.82635081885
2_20220828 21,1245.141997903284
2_20220828 22,826.040421621977
2_20220828 23,1241.7035098207089
2_20220829 00,1201.4096785319766
2_20220829 01,1203.01725887173
2_20220829 02,1207.037706971194
2_20220829 03,1194.8631607333032
2_20220829 04,1185.1439751847315
2_20220829 05,1116.9125596955032
2_20220829 06,1139.0951857112514
2_20220829 07,1039.621341451244
2_20220829 08,1194.924717358013
2_20220829 09,1200.6084656088756
2_20220829 10,1278.1824808041663
2_20220829 11,1258.150045402128
2_20220829 12,1243.842146015943
2_20220829 13,1295.7540871944448
2_20220829 14,1223.0936956456571
2_20220829 15,1333.863126577244
2_20220829 16,1297.2244501188488
2_20220829 17,1195.7689902770758
2_20220829 18,1081.8246754139468
2_20220829 19,1118.2307849684591
2_20220829 20,1038.7197983928922
2_20220829 21,932.7932009278263
2_20220829 22,774.8943859662237
2_20220829 23,1094.6067179224829
2_20220830 00,1127.2332614916934
2_20220830 01,1143.7631806905615
2_20220830 02,1154.8769939047436
2_20220830 03,1137.3812191034513
2_20220830 04,1084.410969386993
2_20220830 05,1058.4248981498818
2_20220830 06,1046.8372498503409
2_20220830 07,1059.2711983408499
2_20220830 08,1563.2463889861751
2_20220830 09,1772.1012338031783
2_20220830 10,1996.713123103677
2_20220830 11,1994.902689334202
2_20220830 12,1955.0046066150533
2_20220830 13,2170.6165626032357
2_20220830 14,2153.3649337937463
2_20220830 15,2215.5516403564784
2_20220830 16,2216.74317658933
2_20220830 17,2189.995865948308
2_20220830 18,2163.920220932612
2_20220830 19,2006.8809464698036
2_20220830 20,1846.9531600083455
2_20220830 21,1599.5882122893595
2_20220830 22,970.0320221611232
2_20220830 23,1228.5426808303578
2_20220831 00,1204.1651862105764
2_20220831 01,1198.5526763117882
2_20220831 02,1192.5713487284045
2_20220831 03,1179.1250769551507
2_20220831 04,1143.035669204909
2_20220831 05,1118.4570376817192
2_20220831 06,1109.8238708208692
2_20220831 07,1115.2281124505362
2_20220831 08,1567.441239645002
2_20220831 09,1767.109367103322
2_20220831 10,1963.9580802661699
2_20220831 11,1961.7874039610908
2_20220831 12,2018.4299918641295
2_20220831 13,2164.7678598921552
2_20220831 14,2201.4226497512136
2_20220831 15,2225.1766962391457
2_20220831 16,2209.6682832899733
2_20220831 17,2167.4922726017558
2_20220831 18,2142.7783391987123
2_20220831 19,1975.495561565523
2_20220831 20,1820.7270088626997
2_20220831 21,1525.7839300032279
2_20220831 22,960.4816712965096
2_20220831 23,1259.9435249267299
3_20220825 00,997.018882457882
3_20220825 01,964.7239816324018
3_20220825 02,939.6448746847925
3_20220825 03,909.2339460202813
3_20220825 04,875.7950894647618
3_20220825 05,893.722895012121
3_20220825 06,931.2888030441645
3_20220825 07,1032.7643288987076
3_20220825 08,1174.849406674562
3_20220825 09,1289.9860037118924
3_20220825 10,1365.5740707102807
3_20220825 11,1397.9733868215455
3_20220825 12,1471.7475336759328
3_20220825 13,1558.2730088550222
3_20220825 14,1652.7173613457048
3_20220825 15,1767.98224661141
3_20220825 16,1876.8645189479416
3_20220825 17,1882.471555427236
3_20220825 18,2304.6715372223125
3_20220825 19,2490.7297932621286
3_20220825 20,2387.615072685798
3_20220825 21,1926.516917323971
3_20220825 22,1237.7701602562684
3_20220825 23,1016.6103832846965
3_20220826 00,959.3723558317365
3_20220826 01,918.8645475316366
3_20220826 02,903.1956860676366
3_20220826 03,885.0259104864401
3_20220826 04,851.764255718505
3_20220826 05,879.0658021436597
3_20220826 06,905.7782599555198
3_20220826 07,999.1979797962189
3_20220826 08,1104.5449023632289
3_20220826 09,1235.4149135205373
3_20220826 10,1317.873515184735
3_20220826 11,1384.2596235996
3_20220826 12,1402.60795127564
3_20220826 13,1527.7442684411444
3_20220826 14,1653.447325129827
3_20220826 15,1799.856100593779
3_20220826 16,1899.1372635068285
3_20220826 17,1931.9854379357448
3_20220826 18,2452.321604735696
3_20220826 19,2558.2796531747986
3_20220826 20,2503.705140464232
3_20220826 21,2141.2781503943925
3_20220826 22,1348.29808060028
3_20220826 23,1068.3600168689131
3_20220827 00,998.2869167268191
3_20220827 01,951.9201531981596
3_20220827 02,907.2430430036306
3_20220827 03,883.851662517613
3_20220827 04,860.6476421090435
3_20220827 05,846.4066912911826
3_20220827 06,843.3892555591879
3_20220827 07,918.7194404611664
3_20220827 08,1007.6861331980302
3_20220827 09,1130.225508548955
3_20220827 10,1198.6248842967339
3_20220827 11,1268.595103766723
3_20220827 12,1386.4331136738176
3_20220827 13,1480.734741295835
3_20220827 14,1654.4948140260515
3_20220827 15,1785.907634014855
3_20220827 16,1922.6977971971928
3_20220827 17,2083.18193557227
3_20220827 18,2368.0505874770806
3_20220827 19,2371.303362206665
3_20220827 20,2258.351909058641
3_20220827 21,1736.1696722791496
3_20220827 22,1228.9526861518266
3_20220827 23,1041.4493856753863
3_20220828 00,942.4471850771313
3_20220828 01,890.1178399231665
3_20220828 02,892.2326331301965
3_20220828 03,863.0171462015714
3_20220828 04,838.0906229680529
3_20220828 05,814.0785545122604
3_20220828 06,805.9433019197497
3_20220828 07,877.6142188565536
3_20220828 08,970.8161743207
3_20220828 09,1052.9412262246547
3_20220828 10,1111.0841963816947
3_20220828 11,1150.721631703229
3_20220828 12,1238.105482806129
3_20220828 13,1352.8263552774456
3_20220828 14,1506.6148903213614
3_20220828 15,1655.8529101720796
3_20220828 16,1770.003252565245
3_20220828 17,2052.526622969199
3_20220828 18,2210.037215223301
3_20220828 19,2204.1345451805087
3_20220828 20,1890.5209446380616
3_20220828 21,1525.620106495735
3_20220828 22,1158.4023963372395
3_20220828 23,1014.3714253074725
3_20220829 00,1000.6410653143347
3_20220829 01,962.5362005569791
3_20220829 02,917.3988553430117
3_20220829 03,879.6785566338575
3_20220829 04,867.7648503362728
3_20220829 05,870.5016413961731
3_20220829 06,871.6595198200569
3_20220829 07,928.2214479445065
3_20220829 08,1007.8143847254436
3_20220829 09,1088.2101914830869
3_20220829 10,1129.1644765331366
3_20220829 11,1160.484977064038
3_20220829 12,1149.1644911695496
3_20220829 13,1154.6529352065259
3_20220829 14,1166.131532460217
3_20220829 15,1166.4680326662833
3_20220829 16,1122.8677461220068
3_20220829 17,1101.982565850587
3_20220829 18,1028.3083535305134
3_20220829 19,1066.1402686009155
3_20220829 20,1056.6455971296004
3_20220829 21,936.392353584255
3_20220829 22,870.108127545458
3_20220829 23,834.6699124253896
3_20220830 00,846.5036870780646
3_20220830 01,817.8688818640932
3_20220830 02,819.3535257964088
3_20220830 03,806.064975595548
3_20220830 04,793.4718304518058
3_20220830 05,812.893593404356
3_20220830 06,838.7660148200423
3_20220830 07,945.7074084302471
3_20220830 08,1041.809407483916
3_20220830 09,1168.5806096526749
3_20220830 10,1242.3129785345166
3_20220830 11,1285.9403270213522
3_20220830 12,1332.3457449633186
3_20220830 13,1424.4338349862348
3_20220830 14,1483.6665664509203
3_20220830 15,1596.5349975599665
3_20220830 16,1630.6451302166977
3_20220830 17,1625.0769201721516
3_20220830 18,1847.039394809689
3_20220830 19,1823.3281429437272
3_20220830 20,1724.0124282911556
3_20220830 21,1503.4489479430454
3_20220830 22,1087.064831920647
3_20220830 23,955.78760695322
3_20220831 00,912.3483754356466
3_20220831 01,874.1575635486604
3_20220831 02,864.3559723794508
3_20220831 03,852.1560639070353
3_20220831 04,843.8251171915624
3_20220831 05,858.3563736336166
3_20220831 06,857.821060540632
3_20220831 07,968.0004989111662
3_20220831 08,1045.1194323873015
3_20220831 09,1176.6327856306473
3_20220831 10,1249.123312060372
3_20220831 11,1271.413409672966
3_20220831 12,1331.5460535661957
3_20220831 13,1441.8556420679063
3_20220831 14,1565.5021907662235
3_20220831 15,1668.5271928542516
3_20220831 16,1763.8555766904492
3_20220831 17,1835.7044419711956
3_20220831 18,2275.44169538789
3_20220831 19,2409.9145658812845
3_20220831 20,2259.636975316547
3_20220831 21,1846.7201384300497
3_20220831 22,1196.450314053112
3_20220831 23,982.5568792712404
4_20220825 00,716.7863815400243
4_20220825 01,719.9614310823122
4_20220825 02,724.446803286327
4_20220825 03,720.0858860497344
4_20220825 04,721.9993925813637
4_20220825 05,726.923341378026
4_20220825 06,775.572957849876
4_20220825 07,875.5495914129023
4_20220825 08,1058.634067266667
4_20220825 09,1222.433968541276
4_20220825 10,1338.1838155257578
4_20220825 11,1382.4428489948546
4_20220825 12,1343.314361029477
4_20220825 13,1310.7564554152268
4_20220825 14,1272.5309708327543
4_20220825 15,1261.857010973744
4_20220825 16,1234.660988977223
4_20220825 17,1148.8498570731913
4_20220825 18,1006.2187963520518
4_20220825 19,865.4378444541786
4_20220825 20,801.1880642789846
4_20220825 21,756.4988054648825
4_20220825 22,749.7010685641163
4_20220825 23,707.6877368389868
4_20220826 00,720.6578563452817
4_20220826 01,718.6195299954928
4_20220826 02,728.5344002926659
4_20220826 03,717.289371234563
4_20220826 04,715.934883685077
4_20220826 05,724.4266016720585
4_20220826 06,772.8408810661028
4_20220826 07,870.0962999292549
4_20220826 08,1063.8468931438085
4_20220826 09,1224.862276921508
4_20220826 10,1330.6391570677586
4_20220826 11,1382.4254156365814
4_20220826 12,1336.4547752572212
4_20220826 13,1334.8669494726437
4_20220826 14,1312.8259048643574
4_20220826 15,1323.9936592953375
4_20220826 16,1285.2871171034556
4_20220826 17,1174.5536689410803
4_20220826 18,1036.791721560078
4_20220826 19,874.1730115863535
4_20220826 20,815.5309497172691
4_20220826 21,768.6848881201756
4_20220826 22,751.8044616644394
4_20220826 23,719.6189154635651
4_20220827 00,721.7130963308223
4_20220827 01,711.4984147375458
4_20220827 02,711.8639097254047
4_20220827 03,702.9566210649705
4_20220827 04,705.482346514691
4_20220827 05,708.0448699133301
4_20220827 06,766.5933076411307
4_20220827 07,858.5412099035198
4_20220827 08,1052.689877908984
4_20220827 09,1217.8572072215584
4_20220827 10,1331.9765236928429
4_20220827 11,1346.1527334623725
4_20220827 12,1361.5471773628196
4_20220827 13,1344.7836619329123
4_20220827 14,1291.015407461768
4_20220827 15,1289.1412436288379
4_20220827 16,1242.61076635767
4_20220827 17,1161.8357984285635
4_20220827 18,1001.6575634215541
4_20220827 19,856.535625331604
4_20220827 20,795.7928823879017
4_20220827 21,768.4156154403697
4_20220827 22,751.4865139903713
4_20220827 23,718.4914179219902
4_20220828 00,709.6282388215507
4_20220828 01,698.8958484296345
4_20220828 02,705.7649974230455
4_20220828 03,709.0062755155291
4_20220828 04,703.8171410476652
4_20220828 05,714.8721664323245
4_20220828 06,765.2693022767751
4_20220828 07,851.2114308424595
4_20220828 08,1035.2071328984848
4_20220828 09,1194.0971761594856
4_20220828 10,1306.6839801893527
4_20220828 11,1349.247404760842
4_20220828 12,1353.629182670189
4_20220828 13,1351.170703274305
4_20220828 14,1299.112833367752
4_20220828 15,1321.6172815498799
4_20220828 16,1285.1907252681926
4_20220828 17,1198.700364926739
4_20220828 18,1007.4956079857222
4_20220828 19,858.5540097256383
4_20220828 20,797.8868085635979
4_20220828 21,764.0521924965283
4_20220828 22,751.3984374240499
4_20220828 23,714.894711760106
4_20220829 00,699.1253979974063
4_20220829 01,700.0595299652907
4_20220829 02,707.1811174461675
4_20220829 03,698.6280489365724
4_20220829 04,696.2953435006057
4_20220829 05,704.6431992279981
4_20220829 06,761.0527161486712
4_20220829 07,868.1998287275932
4_20220829 08,1043.1387627227468
4_20220829 09,1209.096535453433
4_20220829 10,1317.6688024378518
4_20220829 11,1337.6170335232953
4_20220829 12,1315.3551007261813
4_20220829 13,1305.4174156789754
4_20220829 14,1265.6740994302763
4_20220829 15,1263.966537033833
4_20220829 16,1221.806660122597
4_20220829 17,1150.5330323557587
4_20220829 18,1007.8519947606914
4_20220829 19,863.5131064675303
4_20220829 20,805.1527929450482
4_20220829 21,753.9452626914292
4_20220829 22,727.6560069910503
4_20220829 23,696.3623259857075
4_20220830 00,689.275596577995
4_20220830 01,689.4718249287162
4_20220830 02,697.5630624368989
4_20220830 03,699.0258442292945
4_20220830 04,701.7569525340875
4_20220830 05,713.176559358011
4_20220830 06,765.8925501149236
4_20220830 07,864.8706550764427
4_20220830 08,1034.903920786312
4_20220830 09,1179.4009641010564
4_20220830 10,1287.0022474086609
4_20220830 11,1321.428993194471
4_20220830 12,1293.0272185566068
4_20220830 13,1282.1125348465403
4_20220830 14,1246.9892341021687
4_20220830 15,1243.789555287899
4_20220830 16,1211.5124141251893
4_20220830 17,1137.9200745800551
4_20220830 18,996.215134799956
4_20220830 19,877.3870251109307
4_20220830 20,816.2502657849747
4_20220830 21,759.1175825435912
4_20220830 22,745.1357674390139
4_20220830 23,702.7486307229053
4_20220831 00,706.3966892832202
4_20220831 01,699.2023516954015
4_20220831 02,705.0752059472344
4_20220831 03,701.6679436895698
4_20220831 04,700.077936824847
4_20220831 05,710.8332878824724
4_20220831 06,764.3866622553708
4_20220831 07,864.8413405258952
4_20220831 08,1040.1836383425484
4_20220831 09,1189.0549280548655
4_20220831 10,1301.2418349514269
4_20220831 11,1343.7072410293308
4_20220831 12,1318.9036730438436
4_20220831 13,1286.0058673396643
4_20220831 14,1252.5370255529372
4_20220831 15,1245.7345874249604
4_20220831 16,1211.6796421520908
4_20220831 17,1136.7239397653705
4_20220831 18,995.3267082244656
4_20220831 19,855.135932835154
4_20220831 20,796.0361848810588
4_20220831 21,748.8921580353217
4_20220831 22,731.4927590306188
4_20220831 23,696.8654669597279
5_20220825 00,1842.6385921242031
5_20220825 01,1844.1705902432955
5_20220825 02,1841.3673601210821
5_20220825 03,1838.3859523662368
5_20220825 04,1839.40468083303
5_20220825 05,1910.551563943412
5_20220825 06,1943.0714227478284
5_20220825 07,2119.623148581029
5_20220825 08,2655.351715263354
5_20220825 09,3239.5707754920477
5_20220825 10,3375.533138799963
5_20220825 11,3276.883707157779
5_20220825 12,3189.5377037084413
5_20220825 13,3330.5703285469863
5_20220825 14,3424.665143425281
5_20220825 15,3195.582959073491
5_20220825 16,2924.979903615448
5_20220825 17,2645.0323717852693
5_20220825 18,2057.457199314823
5_20220825 19,1833.474446586653
5_20220825 20,1744.318931553692
5_20220825 21,1665.790434485676
5_20220825 22,1607.9105871332176
5_20220825 23,1583.08136395145
5_20220826 00,1840.6281882359992
5_20220826 01,1854.7021921493206
5_20220826 02,1837.517259277061
5_20220826 03,1828.6684324983853
5_20220826 04,1843.229755305737
5_20220826 05,1930.6147126348676
5_20220826 06,1957.9881771622966
5_20220826 07,2148.9268350469556
5_20220826 08,2821.823299965561
5_20220826 09,3682.7719674319815
5_20220826 10,3914.111574384987
5_20220826 11,5279.205331470473
5_20220826 12,5881.583121359018
5_20220826 13,5920.48135261303
5_20220826 14,5396.183620337345
5_20220826 15,5572.325743690779
5_20220826 16,5294.899968775788
5_20220826 17,5342.804476000908
5_20220826 18,4929.480643870576
5_20220826 19,4676.199016857094
5_20220826 20,4350.266583107438
5_20220826 21,2474.7115882440676
5_20220826 22,1748.4152157357798
5_20220826 23,1684.3188354572985
5_20220827 00,1919.066039124838
5_20220827 01,1912.2727252023765
5_20220827 02,1857.2331610101207
5_20220827 03,1843.144248628972
5_20220827 04,1854.9937491819207
5_20220827 05,1947.7444851361363
5_20220827 06,1998.584725258847
5_20220827 07,2265.287796196365
5_20220827 08,3131.91584918635
5_20220827 09,3785.601643148288
5_20220827 10,4071.4295485699677
5_20220827 11,5724.349463924961
5_20220827 12,6552.244817330441
5_20220827 13,6599.3635740040945
5_20220827 14,6647.366651145346
5_20220827 15,6577.603534672422
5_20220827 16,6562.483010599701
5_20220827 17,6426.466766030943
5_20220827 18,5663.814993838981
5_20220827 19,4989.6573952919225
5_20220827 20,4948.621381457378
5_20220827 21,2704.1221110528313
5_20220827 22,1685.8086652029006
5_20220827 23,1622.5254674835878
5_20220828 00,1628.0100979829645
5_20220828 01,1630.992542364172
5_20220828 02,1612.3474007749087
5_20220828 03,1591.5243975061057
5_20220828 04,1611.6552977642282
5_20220828 05,1723.4609884977417
5_20220828 06,1931.5519632503788
5_20220828 07,2337.009837443019
5_20220828 08,4649.810248529038
5_20220828 09,6012.875081183843
5_20220828 10,6320.536406698023
5_20220828 11,6353.803788274799
5_20220828 12,6420.763240726468
5_20220828 13,6388.669948707608
5_20220828 14,6421.781484198502
5_20220828 15,6501.638756378148
5_20220828 16,6361.811221280084
5_20220828 17,6021.626680211842
5_20220828 18,2833.079490046169
5_20220828 19,1687.6654302639029
5_20220828 20,1656.1909365793633
5_20220828 21,1709.2621884840173
5_20220828 22,1611.863700550714
5_20220828 23,1582.886734652447
5_20220829 00,1714.538838629584
5_20220829 01,1711.656992028843
5_20220829 02,1710.619797401839
5_20220829 03,1694.0291081050373
5_20220829 04,1689.4621193656394
5_20220829 05,1719.0136691072923
5_20220829 06,1730.8131991036407
5_20220829 07,1772.9437254797058
5_20220829 08,1858.216441618407
5_20220829 09,1865.3345684176393
5_20220829 10,1907.8953778955843
5_20220829 11,1880.2963641481863
5_20220829 12,1829.2762054019586
5_20220829 13,1845.557130355693
5_20220829 14,1524.7849640994507
5_20220829 15,1454.8533915335888
5_20220829 16,1497.7445243643137
5_20220829 17,1771.700842605429
5_20220829 18,1724.7151011776195
5_20220829 19,1639.859094377931
5_20220829 20,1607.319301589193
5_20220829 21,1602.4034361658614
5_20220829 22,1542.0720376862996
5_20220829 23,1537.403449680711
5_20220830 00,1734.8641350169823
5_20220830 01,1747.659874673011
5_20220830 02,1731.925071907709
5_20220830 03,1708.7102416273333
5_20220830 04,1717.8901158623185
5_20220830 05,1722.0469773846603
5_20220830 06,1688.3104865042817
5_20220830 07,1795.9577036682813
5_20220830 08,1947.548565141863
5_20220830 09,1969.9961752252432
5_20220830 10,2053.956423428498
5_20220830 11,1997.273053114307
5_20220830 12,2001.4419124929937
5_20220830 13,2047.242389735532
5_20220830 14,1596.3412071422076
5_20220830 15,1524.9529848993022
5_20220830 16,1593.970555841338
5_20220830 17,1888.3448905923938
5_20220830 18,1762.1468143716766
5_20220830 19,1667.9811777778436
5_20220830 20,1607.6713442554662
5_20220830 21,1593.9948943201582
5_20220830 22,1555.2234691908984
5_20220830 23,1534.2252751649398
5_20220831 00,1736.8637298526955
5_20220831 01,1757.901119374851
5_20220831 02,1747.0621259852446
5_20220831 03,1737.4659545622558
5_20220831 04,1771.298885212489
5_20220831 05,1851.4625712848983
5_20220831 06,1896.857848777133
5_20220831 07,2030.236476949038
5_20220831 08,2342.8414897721377
5_20220831 09,2693.5096104173635
5_20220831 10,2785.4432712003127
5_20220831 11,2678.113067908967
5_20220831 12,2597.167098719196
5_20220831 13,2785.7992285231594
5_20220831 14,2424.462208779448
5_20220831 15,2153.937182112917
5_20220831 16,2118.378363864494
5_20220831 17,2242.5644755551093
5_20220831 18,1912.922157525357
5_20220831 19,1739.836612919979
5_20220831 20,1670.4037200573666
5_20220831 21,1636.8789078817067
5_20220831 22,1559.4395608024258
5_20220831 23,1543.688404598971
6_20220825 00,1165.1048824720751
6_20220825 01,1025.6306722821237
6_20220825 02,993.6121366194013
6_20220825 03,992.5123539115838
6_20220825 04,982.6056514131672
6_20220825 05,1027.4215710721878
6_20220825 06,1193.187017933023
6_20220825 07,1457.9728676865566
6_20220825 08,1692.4272296901834
6_20220825 09,2207.118869903631
6_20220825 10,2779.031228597642
6_20220825 11,2817.0634333510643
6_20220825 12,2808.078077501882
6_20220825 13,2820.405765773045
6_20220825 14,2831.1990809410036
6_20220825 15,2803.3552299096905
6_20220825 16,2752.500485759335
6_20220825 17,2732.892809100053
6_20220825 18,2362.8336775960784
6_20220825 19,2140.4355228949066
6_20220825 20,1956.3029770132598
6_20220825 21,1782.7707131894279
6_20220825 22,1612.7255483451463
6_20220825 23,1477.965985511305
6_20220826 00,1150.85267748051
6_20220826 01,1012.2240845223897
6_20220826 02,985.959013094483
6_20220826 03,998.6003612166512
6_20220826 04,985.8892535990947
6_20220826 05,1039.3173087774026
6_20220826 06,1197.8016162696028
6_20220826 07,1460.5316557482488
6_20220826 08,1657.16140324776
6_20220826 09,2171.3648878196564
6_20220826 10,2742.758771506467
6_20220826 11,2794.300151292547
6_20220826 12,2799.512756891948
6_20220826 13,2805.2840887359685
6_20220826 14,2847.073969605127
6_20220826 15,2849.2957024371585
6_20220826 16,2810.6392178608526
6_20220826 17,2743.2078134401027
6_20220826 18,2386.419171353418
6_20220826 19,2174.5579841538074
6_20220826 20,1995.123544668368
6_20220826 21,1824.8768091033132
6_20220826 22,1674.5921799309099
6_20220826 23,1510.5035169178602
6_20220827 00,1201.1348293064334
6_20220827 01,1039.0442423712143
6_20220827 02,1017.8765834433184
6_20220827 03,1019.677721697813
6_20220827 04,999.2793122034609
6_20220827 05,1032.9610267646522
6_20220827 06,1206.9214523570745
6_20220827 07,1461.4724894741323
6_20220827 08,1662.2011737049115
6_20220827 09,2080.4229651907062
6_20220827 10,2610.6761179434866
6_20220827 11,2691.1442341324864
6_20220827 12,2767.324083176156
6_20220827 13,2767.496818746943
6_20220827 14,2796.1297321576267
6_20220827 15,2796.746135106612
6_20220827 16,2750.249426986482
6_20220827 17,2729.7189970584577
6_20220827 18,2298.3025477551946
6_20220827 19,2095.736056136514
6_20220827 20,1965.1984511041956
6_20220827 21,1795.422030442281
6_20220827 22,1611.596263980175
6_20220827 23,1486.1526144805136
6_20220828 00,1163.3219774718293
6_20220828 01,999.0621380821867
6_20220828 02,984.1111577106111
6_20220828 03,984.8654847398044
6_20220828 04,955.431132970026
6_20220828 05,997.9630177801976
6_20220828 06,1131.9562201439885
6_20220828 07,1347.7800428098976
6_20220828 08,1567.2505346517273
6_20220828 09,1914.883604126708
6_20220828 10,2329.605472116331
6_20220828 11,2429.8764285622656
6_20220828 12,2480.418645764981
6_20220828 13,2470.960076086752
6_20220828 14,2510.066919475945
6_20220828 15,2548.2970867994973
6_20220828 16,2534.3530212285314
6_20220828 17,2511.3635426758146
6_20220828 18,2204.6627127434863
6_20220828 19,1993.7027355250432
6_20220828 20,1856.4216785126764
6_20220828 21,1711.5439016575242
6_20220828 22,1564.6760965995418
6_20220828 23,1431.633545968857
6_20220829 00,1144.3668776378227
6_20220829 01,1009.9181194956808
6_20220829 02,980.5266719271716
6_20220829 03,969.7101725199859
6_20220829 04,956.7097774978301
6_20220829 05,1005.6659220220301
6_20220829 06,1175.9198228041623
6_20220829 07,1436.9722123912086
6_20220829 08,1645.0319943355553
6_20220829 09,2152.33337669598
6_20220829 10,2630.7454617211743
6_20220829 11,2692.8595844741685
6_20220829 12,2698.362035043197
6_20220829 13,2686.643919890066
6_20220829 14,2702.8138264829813
6_20220829 15,2709.3821140457335
6_20220829 16,2628.4518614054728
6_20220829 17,2576.885286560868
6_20220829 18,2262.7712257566473
6_20220829 19,2099.9363845202806
6_20220829 20,1916.8525424714617
6_20220829 21,1744.7568866647787
6_20220829 22,1586.9816710061982
6_20220829 23,1445.1528461756566
6_20220830 00,1108.2076234810647
6_20220830 01,988.3996584186391
6_20220830 02,969.59847950673
6_20220830 03,970.3411271034004
6_20220830 04,962.7827472212757
6_20220830 05,1013.859802867998
6_20220830 06,1183.4273577369813
6_20220830 07,1438.9129803819355
6_20220830 08,1650.1300481352357
6_20220830 09,2141.04693706831
6_20220830 10,2570.596047817203
6_20220830 11,2616.5272844271076
6_20220830 12,2618.509389511676
6_20220830 13,2618.1431507906436
6_20220830 14,2621.6049605153785
6_20220830 15,2623.9758760772156
6_20220830 16,2598.3342895652277
6_20220830 17,2571.9217269609685
6_20220830 18,2268.813817412173
6_20220830 19,2067.4915052821057
6_20220830 20,1898.3420461693556
6_20220830 21,1744.4361078404352
6_20220830 22,1600.6734418600404
6_20220830 23,1460.897368375741
6_20220831 00,1152.604353816697
6_20220831 01,1008.6123973390602
6_20220831 02,996.7966621656317
6_20220831 03,993.945494469958
6_20220831 04,973.4722396436214
6_20220831 05,1014.0728263454472
6_20220831 06,1193.9432521498272
6_20220831 07,1448.402733699332
6_20220831 08,1655.1145555592443
6_20220831 09,2119.803233779382
6_20220831 10,2597.3402884915185
6_20220831 11,2662.9362377711836
6_20220831 12,2666.8745135059166
6_20220831 13,2663.472361024621
6_20220831 14,2699.45557744667
6_20220831 15,2693.774946477668
6_20220831 16,2632.6755600304487
6_20220831 17,2593.2808841742703
6_20220831 18,2302.7637286708955
6_20220831 19,2091.482061789297
6_20220831 20,1897.589907083808
6_20220831 21,1754.8354075295792
6_20220831 22,1609.7273129422483
6_20220831 23,1476.622378414013
7_20220825 00,374.3619152236953
7_20220825 01,369.65842149187154
7_20220825 02,367.9031447322817
7_20220825 03,361.8186385545706
7_20220825 04,368.89010995929016
7_20220825 05,557.4931996829223
7_20220825 06,760.9048270462758
7_20220825 07,828.2621649710115
7_20220825 08,905.8710830811974
7_20220825 09,957.1152664134594
7_20220825 10,1018.3628584911565
7_20220825 11,993.9233914942225
7_20220825 12,954.1498700485374
7_20220825 13,984.6417256440177
7_20220825 14,978.5690672441492
7_20220825 15,956.3845365774721
7_20220825 16,964.751738153159
7_20220825 17,924.0609773799479
7_20220825 18,846.9326105606536
7_20220825 19,880.3802105168425
7_20220825 20,839.5703512543887
7_20220825 21,602.5962212000682
7_20220825 22,464.1534179767167
7_20220825 23,406.1077483913215
7_20220826 00,379.07380388453
7_20220826 01,377.50475841619607
7_20220826 02,381.7989946663729
7_20220826 03,381.9290953728239
7_20220826 04,383.9195350530739
7_20220826 05,562.2527518944678
7_20220826 06,768.0147666267317
7_20220826 07,829.4087449739111
7_20220826 08,890.1062058465313
7_20220826 09,935.6298182029425
7_20220826 10,1005.627400376898
7_20220826 11,987.4250245813481
7_20220826 12,952.6940079276925
7_20220826 13,987.4732267418312
7_20220826 14,978.8737620400802
7_20220826 15,983.8842634246669
7_20220826 16,999.2807761562809
7_20220826 17,955.0506080046745
7_20220826 18,872.1746073363197
7_20220826 19,899.9416171516111
7_20220826 20,882.1801641139045
7_20220826 21,623.8676751542332
7_20220826 22,478.4747336003586
7_20220826 23,377.8559160196434
7_20220827 00,356.0858892039836
7_20220827 01,359.6364396111803
7_20220827 02,349.19403485585747
7_20220827 03,346.9164354534811
7_20220827 04,381.50267129007307
7_20220827 05,415.6117083063253
7_20220827 06,428.45551723851224
7_20220827 07,440.69344967624534
7_20220827 08,603.129917634458
7_20220827 09,782.8640693306368
7_20220827 10,860.0307154188476
7_20220827 11,876.9476179553449
7_20220827 12,845.6279363358678
7_20220827 13,847.0301930661067
7_20220827 14,876.9146581075855
7_20220827 15,836.436960417212
7_20220827 16,849.6018109654843
7_20220827 17,832.8729610211301
7_20220827 18,595.4895040484859
7_20220827 19,533.937069462175
7_20220827 20,541.4770423008581
7_20220827 21,465.7357158806042
7_20220827 22,416.310139694157
7_20220827 23,394.89077745182453
7_20220828 00,362.82355751905897
7_20220828 01,347.79258761629984
7_20220828 02,344.03803192895333
7_20220828 03,343.33105890308764
7_20220828 04,347.52146093978524
7_20220828 05,366.60819777861985
7_20220828 06,386.915455653722
7_20220828 07,392.20115843886595
7_20220828 08,548.1424816422971
7_20220828 09,641.3451215024354
7_20220828 10,722.1935401483535
7_20220828 11,690.0603376839324
7_20220828 12,670.677313268919
7_20220828 13,681.861406828448
7_20220828 14,692.8979702234749
7_20220828 15,678.460721938068
7_20220828 16,692.0328899132685
7_20220828 17,694.2609758935406
7_20220828 18,565.6056391974798
7_20220828 19,506.1555359626014
7_20220828 20,496.97526234362635
7_20220828 21,414.35673508446695
7_20220828 22,366.16932988250176
7_20220828 23,356.3948914197063
7_20220829 00,366.4137968602454
7_20220829 01,370.62768453829665
7_20220829 02,368.83554251869236
7_20220829 03,368.61865313528233
7_20220829 04,386.1174548105249
7_20220829 05,556.6508192422073
7_20220829 06,725.81266230027
7_20220829 07,786.2560296872401
7_20220829 08,871.137074800861
7_20220829 09,924.1716089416677
7_20220829 10,974.5556842759102
7_20220829 11,957.684386388473
7_20220829 12,923.2707240034055
7_20220829 13,944.5107849779835
7_20220829 14,935.9987454228069
7_20220829 15,934.5928364427912
7_20220829 16,916.8824230638858
7_20220829 17,870.596311963988
7_20220829 18,761.0224548551629
7_20220829 19,779.1411303146915
7_20220829 20,767.0746984691491
7_20220829 21,564.3769053781523
7_20220829 22,443.6380259339345
7_20220829 23,372.710074545212
7_20220830 00,348.1375738700092
7_20220830 01,350.9649061874363
7_20220830 02,358.5497676690831
7_20220830 03,330.06389933410753
7_20220830 04,323.97882056181834
7_20220830 05,548.6770517274122
7_20220830 06,743.9810985225315
7_20220830 07,810.8579845329934
7_20220830 08,888.6992999214995
7_20220830 09,929.8533633218365
7_20220830 10,995.1034875260373
7_20220830 11,965.0065586555125
7_20220830 12,939.0760542724066
7_20220830 13,958.5401574589364
7_20220830 14,957.9937566662912
7_20220830 15,957.8058879251942
7_20220830 16,969.9092910011103
7_20220830 17,909.5984464395565
7_20220830 18,847.2488511372987
7_20220830 19,881.8532741057211
7_20220830 20,850.4177251691275
7_20220830 21,588.9436699170609
7_20220830 22,452.8530040913359
7_20220830 23,367.5151815609777
7_20220831 00,335.1225454320286
7_20220831 01,339.31172919401473
7_20220831 02,341.5164299796368
7_20220831 03,324.6480000917642
7_20220831 04,334.3061977011674
7_20220831 05,542.101658712828
7_20220831 06,736.2060617400923
7_20220831 07,793.6534213186914
7_20220831 08,879.4294121405055
7_20220831 09,927.3433431541284
7_20220831 10,984.3589471166539
7_20220831 11,971.1160643571418
7_20220831 12,929.9621657831109
7_20220831 13,965.842854974523
7_20220831 14,961.6898072830755
7_20220831 15,947.0165741256359
7_20220831 16,944.7580705476038
7_20220831 17,915.1433998200793
7_20220831 18,821.6723519380168
7_20220831 19,859.1711970408563
7_20220831 20,821.743898188921
7_20220831 21,588.9849030399257
7_20220831 22,448.22715810166176
7_20220831 23,357.2662886906863
8_20220825 00,1324.245893967383
8_20220825 01,1223.2834648215578
8_20220825 02,1200.571608294032
8_20220825 03,1278.9275888596012
8_20220825 04,1361.2251083778447
8_20220825 05,1383.2813619691124
8_20220825 06,1209.0713529449308
8_20220825 07,1308.073743368996
8_20220825 08,1520.1216345269165
8_20220825 09,1527.7657782428973
8_20220825 10,1308.5243108403374
8_20220825 11,1308.8486953588554
8_20220825 12,1285.804842463709
8_20220825 13,1380.0838330391675
8_20220825 14,1389.260400290878
8_20220825 15,1450.6908185884818
8_20220825 16,1496.4487083320653
8_20220825 17,1393.2519746462297
8_20220825 18,1280.0627781605895
8_20220825 19,1282.247251278265
8_20220825 20,1274.7956607506653
8_20220825 21,1249.8726296569102
8_20220825 22,1175.3462984739388
8_20220825 23,1150.337260757734
8_20220826 00,1292.0677282936717
8_20220826 01,1198.901541431158
8_20220826 02,1206.421353928964
8_20220826 03,1296.3513871836817
8_20220826 04,1363.089964514295
8_20220826 05,1390.0960632227557
8_20220826 06,1202.7084241606253
8_20220826 07,1217.1290647305925
8_20220826 08,1527.8880453214265
8_20220826 09,1521.5193041939156
8_20220826 10,1311.9801923163493
8_20220826 11,1334.7772363104898
8_20220826 12,1301.824557238614
8_20220826 13,1366.5210434502108
8_20220826 14,1388.801224305305
8_20220826 15,1468.8302623239742
8_20220826 16,1502.2553036812778
8_20220826 17,1408.6594764654499
8_20220826 18,1332.0829831325598
8_20220826 19,1320.6241913807353
8_20220826 20,1306.611119435693
8_20220826 21,1273.9458336181765
8_20220826 22,1236.0019579922762
8_20220826 23,1192.8364921193843
8_20220827 00,1276.8415938699331
8_20220827 01,1201.9646613644368
8_20220827 02,1265.8628926733618
8_20220827 03,1300.8994716009324
8_20220827 04,1348.8613027372462
8_20220827 05,1366.1124623361684
8_20220827 06,1316.2191126708212
8_20220827 07,1355.1322952724045
8_20220827 08,1403.8738764567465
8_20220827 09,1422.4572496999895
8_20220827 10,1224.3923323888725
8_20220827 11,1223.3098621820927
8_20220827 12,1180.7853466507256
8_20220827 13,1270.6869522209913
8_20220827 14,1288.628698225536
8_20220827 15,1351.4181441140097
8_20220827 16,1434.8371594634086
8_20220827 17,1360.6408109760541
8_20220827 18,1243.6633523203177
8_20220827 19,1194.1664643029512
8_20220827 20,1181.765078076752
8_20220827 21,1151.1494734284888
8_20220827 22,1138.0239081336015
8_20220827 23,1098.2064816221173
8_20220828 00,1026.886396792548
8_20220828 01,985.2680328930369
8_20220828 02,985.257732095339
8_20220828 03,963.1364484415448
8_20220828 04,969.2623905186204
8_20220828 05,980.129264102125
8_20220828 06,937.5369454986222
8_20220828 07,959.4195274980489
8_20220828 08,1037.330781999233
8_20220828 09,1086.8495482722765
8_20220828 10,1067.9926525943306
8_20220828 11,1048.6592003413969
8_20220828 12,1008.864122292598
8_20220828 13,1074.3673133712596
8_20220828 14,1094.803339163128
8_20220828 15,1142.527945326901
8_20220828 16,1161.269311421028
8_20220828 17,1123.7312517049804
8_20220828 18,1073.6249245757479
8_20220828 19,1084.0406339269261
8_20220828 20,1092.1206496616844
8_20220828 21,1044.5692338007875
8_20220828 22,1040.1065623965642
8_20220828 23,1029.8954672765938
8_20220829 00,1190.9368829938157
8_20220829 01,1124.3028425726861
8_20220829 02,1140.48774252844
8_20220829 03,1203.537521027356
8_20220829 04,1313.7685254654457
8_20220829 05,1341.4954911211848
8_20220829 06,1150.7692773143049
8_20220829 07,1233.9218383186885
8_20220829 08,1465.2696010450234
8_20220829 09,1472.3389363267931
8_20220829 10,1260.971875896835
8_20220829 11,1251.892810587259
8_20220829 12,1252.5097862386317
8_20220829 13,1310.5098887328825
8_20220829 14,1316.0561890091042
8_20220829 15,1369.54368193891
8_20220829 16,1449.4760391258678
8_20220829 17,1391.7436909689993
8_20220829 18,1287.1034282365167
8_20220829 19,1269.7542342635302
8_20220829 20,1259.6283988336186
8_20220829 21,1228.9379271705382
8_20220829 22,1204.8058640695936
8_20220829 23,1158.2639143835304
8_20220830 00,1229.0320461317988
8_20220830 01,1138.176268408739
8_20220830 02,1155.5801012427582
8_20220830 03,1226.743467089102
8_20220830 04,1314.1584892356811
8_20220830 05,1333.6572028167034
8_20220830 06,1187.3801133008747
8_20220830 07,1239.8320437795028
8_20220830 08,1460.8888528471402
8_20220830 09,1488.7029863354303
8_20220830 10,1280.0261991859086
8_20220830 11,1281.514033823329
8_20220830 12,1243.0604622733722
8_20220830 13,1324.621818379467
8_20220830 14,1333.1873188317115
8_20220830 15,1407.1609229550259
8_20220830 16,1460.1580099532741
8_20220830 17,1364.668910969531
8_20220830 18,1260.535540109132
8_20220830 19,1236.215353636915
8_20220830 20,1234.7864081236146
8_20220830 21,1207.5088715299626
8_20220830 22,1148.4701218630125
8_20220830 23,1106.6681533081796
8_20220831 00,1229.2974418049753
8_20220831 01,1136.9843242212546
8_20220831 02,1136.039798759198
8_20220831 03,1199.0856901483742
8_20220831 04,1290.867070148303
8_20220831 05,1328.0543818239664
8_20220831 06,1151.8876117531731
8_20220831 07,1162.8286718547618
8_20220831 08,1476.9779326429884
8_20220831 09,1481.302622672567
8_20220831 10,1256.0769448249614
8_20220831 11,1276.518679823273
8_20220831 12,1250.4231790929252
8_20220831 13,1302.6427171945309
8_20220831 14,1323.0039468459986
8_20220831 15,1378.6288990686166
8_20220831 16,1456.4785474222895
8_20220831 17,1352.6724320793182
8_20220831 18,1254.9292189945036
8_20220831 19,1242.6552700119187
8_20220831 20,1234.854191954042
8_20220831 21,1215.7026386008856
8_20220831 22,1190.8175182689338
8_20220831 23,1149.0487290573542
9_20220825 00,1441.045882384426
9_20220825 01,1253.1763787548198
9_20220825 02,1174.2965610708463
9_20220825 03,1136.4000013187501
9_20220825 04,1132.5411491859538
9_20220825 05,1239.3840187912062
9_20220825 06,1414.213801171579
9_20220825 07,1605.2240517564546
9_20220825 08,2006.8620840014105
9_20220825 09,2585.373214414232
9_20220825 10,3035.324389257883
9_20220825 11,3170.668744181094
9_20220825 12,3231.523180658609
9_20220825 13,3210.4906398112735
9_20220825 14,3224.373632539008
9_20220825 15,3326.3772583807927
9_20220825 16,3324.342867753463
9_20220825 17,3257.242024999202
9_20220825 18,3145.095052272131
9_20220825 19,3013.994578668633
9_20220825 20,2815.926663767841
9_20220825 21,2540.4159375835443
9_20220825 22,2094.311551999595
9_20220825 23,1835.616714955945
9_20220826 00,1496.1084433268693
9_20220826 01,1298.964344987627
9_20220826 02,1227.6589328643242
9_20220826 03,1182.6185414882648
9_20220826 04,1184.7491206404256
9_20220826 05,1284.2848754242175
9_20220826 06,1449.013037345061
9_20220826 07,1670.0499873472454
9_20220826 08,2082.6900649916115
9_20220826 09,2640.907674592617
9_20220826 10,3090.0531211906414
9_20220826 11,3239.5331199211278
9_20220826 12,3278.29593597746
9_20220826 13,3279.3509775939224
9_20220826 14,3379.5732958527624
9_20220826 15,3306.635671423271
9_20220826 16,3294.6093522352508
9_20220826 17,3286.823875467943
9_20220826 18,3088.2666345061784
9_20220826 19,2939.575597561606
9_20220826 20,2757.74518725506
9_20220826 21,2513.214584830547
9_20220826 22,2043.7224704652224
9_20220826 23,1854.5028277900337
9_20220827 00,1476.9721971182535
9_20220827 01,1290.0835306707845
9_20220827 02,1192.2606556345236
9_20220827 03,1152.9355361016821
9_20220827 04,1141.471452176432
9_20220827 05,1201.5436091441397
9_20220827 06,1322.6521033774234
9_20220827 07,1550.7275848797278
9_20220827 08,1939.3149869367394
9_20220827 09,2457.783993667498
9_20220827 10,2980.776831920336
9_20220827 11,3071.846164194172
9_20220827 12,3102.77182608041
9_20220827 13,3100.982768877385
9_20220827 14,3094.765308278546
9_20220827 15,3088.637729301708
9_20220827 16,3083.468136685527
9_20220827 17,3087.4704518889366
9_20220827 18,2971.452584639398
9_20220827 19,2726.8542859269664
9_20220827 20,2574.444854259198
9_20220827 21,2295.8358612149195
9_20220827 22,1947.8378105605234
9_20220827 23,1752.2489240494824
9_20220828 00,1415.7109987491322
9_20220828 01,1244.0683838704467
9_20220828 02,1152.5471457071071
9_20220828 03,1104.108417512116
9_20220828 04,1098.260428239426
9_20220828 05,1141.2946437108017
9_20220828 06,1248.9977846849742
9_20220828 07,1447.32652179965
9_20220828 08,1696.1895428550001
9_20220828 09,2083.3298345653293
9_20220828 10,2408.50349373136
9_20220828 11,2583.470305717974
9_20220828 12,2615.235808724804
9_20220828 13,2610.0814478062016
9_20220828 14,2627.5289268614297
9_20220828 15,2674.8656758010084
9_20220828 16,2665.3518490458505
9_20220828 17,2653.9134805107215
9_20220828 18,2532.9850784650375
9_20220828 19,2429.5410518040267
9_20220828 20,2323.1621819627117
9_20220828 21,2096.6952767239227
9_20220828 22,1817.3375336757713
9_20220828 23,1649.859868098445
9_20220829 00,1428.6426881869852
9_20220829 01,1236.9072230102765
9_20220829 02,1157.271059889517
9_20220829 03,1121.0761297699057
9_20220829 04,1114.7346371143403
9_20220829 05,1221.1208274189435
9_20220829 06,1392.9701670835448
9_20220829 07,1602.1754626473084
9_20220829 08,2006.0684177483886
9_20220829 09,2570.2360712414793
9_20220829 10,3039.150641239011
9_20220829 11,3180.587055953357
9_20220829 12,3182.377151918954
9_20220829 13,3163.31928509591
9_20220829 14,3148.890257372454
9_20220829 15,3120.9894629904734
9_20220829 16,3091.3875293697965
9_20220829 17,3076.5146777832183
9_20220829 18,3016.7614749041372
9_20220829 19,2904.549268697208
9_20220829 20,2743.919650440571
9_20220829 21,2490.918696575178
9_20220829 22,2050.9248895268656
9_20220829 23,1827.6806923690874
9_20220830 00,1457.6067370360236
9_20220830 01,1254.154265508212
9_20220830 02,1184.302339918324
9_20220830 03,1149.7012031038137
9_20220830 04,1155.2959854190403
9_20220830 05,1252.006112545003
9_20220830 06,1439.4829473359573
9_20220830 07,1632.7676955150569
9_20220830 08,2046.1682383453717
9_20220830 09,2611.589704034386
9_20220830 10,3057.288878162354
9_20220830 11,3201.144895476061
9_20220830 12,3106.7461107222457
9_20220830 13,3054.316178205768
9_20220830 14,3080.9109291273007
9_20220830 15,3045.067494604398
9_20220830 16,3106.0291743677
9_20220830 17,3089.0876609630127
9_20220830 18,2996.1225551385824
9_20220830 19,2877.127594875842
9_20220830 20,2744.6494244594915
9_20220830 21,2498.995493665516
9_20220830 22,2031.8569824217202
9_20220830 23,1828.0391764059268
9_20220831 00,1437.3090389136441
9_20220831 01,1255.6550360304568
9_20220831 02,1200.6133785172367
9_20220831 03,1163.6192649758145
9_20220831 04,1167.8280146150169
9_20220831 05,1260.897596464411
9_20220831 06,1440.5885660178756
9_20220831 07,1663.3769654313294
9_20220831 08,2074.632841857394
9_20220831 09,2618.4108607917383
9_20220831 10,3012.9413544324925
9_20220831 11,3100.3778827465703
9_20220831 12,3060.3223847339664
9_20220831 13,3002.087680917104
9_20220831 14,2981.2689755053075
9_20220831 15,2996.0314455062403
9_20220831 16,2918.242083239435
9_20220831 17,2914.4136543228424
9_20220831 18,2808.3841127887717
9_20220831 19,2673.5532333108968
9_20220831 20,2579.839305043507
9_20220831 21,2326.2172344520723
9_20220831 22,1937.6631644304748
9_20220831 23,1712.810104296821
10_20220825 00,3953.033769360687
10_20220825 01,3937.093312551934
10_20220825 02,3898.623485893763
10_20220825 03,3889.444343696812
10_20220825 04,3884.107588187793
10_20220825 05,3624.343371386719
10_20220825 06,3291.248682033797
10_20220825 07,3198.60137697958
10_20220825 08,3538.6502021841825
10_20220825 09,3756.4882811903262
10_20220825 10,4263.270890668625
10_20220825 11,4356.044522038287
10_20220825 12,4132.737905021157
10_20220825 13,4191.287600974432
10_20220825 14,4189.982087975963
10_20220825 15,4195.8338420637565
10_20220825 16,4098.934553444833
10_20220825 17,3910.553184815287
10_20220825 18,3649.3788342210664
10_20220825 19,4026.2837484409247
10_20220825 20,4303.275180208079
10_20220825 21,4309.70222166139
10_20220825 22,4183.6033360704105
10_20220825 23,4155.777161021281
10_20220826 00,4108.316879125366
10_20220826 01,4101.407760078822
10_20220826 02,4088.3109258942486
10_20220826 03,4072.9731754528493
10_20220826 04,4058.375206798669
10_20220826 05,3765.9713665006857
10_20220826 06,3357.524835855773
10_20220826 07,3360.925841367717
10_20220826 08,3622.481001826789
10_20220826 09,3846.20079055577
10_20220826 10,4256.789558301891
10_20220826 11,4411.690246151654
10_20220826 12,4277.374931611923
10_20220826 13,4307.467033275124
10_20220826 14,4197.086730181424
10_20220826 15,4177.274561030893
10_20220826 16,4042.483975608488
10_20220826 17,3858.4410338047155
10_20220826 18,3639.0873047137666
10_20220826 19,4031.8260691220744
10_20220826 20,4233.425439275347
10_20220826 21,4235.778174287061
10_20220826 22,4184.551836243009
10_20220826 23,4193.632259173237
10_20220827 00,4140.714855862445
10_20220827 01,4096.7057475729525
10_20220827 02,4069.4343699987144
10_20220827 03,4039.476964548145
10_20220827 04,4038.039073686685
10_20220827 05,3700.6688316643813
10_20220827 06,3370.893747667129
10_20220827 07,3311.2855550427084
10_20220827 08,3532.435175487337
10_20220827 09,3613.8094217938765
10_20220827 10,3792.868581731467
10_20220827 11,3747.942817830447
10_20220827 12,3723.7623913666575
10_20220827 13,3762.848127749886
10_20220827 14,3767.8118491121113
10_20220827 15,3862.99165686299
10_20220827 16,3747.188526692651
10_20220827 17,3662.59683464703
10_20220827 18,3580.908344799046
10_20220827 19,3948.8596007907036
10_20220827 20,4135.020528908846
10_20220827 21,4116.480549120848
10_20220827 22,4038.1663666700747
10_20220827 23,3994.5818092599993
10_20220828 00,3965.245196581708
10_20220828 01,3921.0827951713354
10_20220828 02,3927.6228744189907
10_20220828 03,3896.2761718240126
10_20220828 04,3874.9140468623323
10_20220828 05,3530.4969442881006
10_20220828 06,3209.447018888991
10_20220828 07,3105.3229393046477
10_20220828 08,3294.743392425981
10_20220828 09,3419.509219470887
10_20220828 10,3475.365564090508
10_20220828 11,3470.979110166708
10_20220828 12,3456.28402343397
10_20220828 13,3508.804429771926
10_20220828 14,3568.7965294038086
10_20220828 15,3596.521685429925
10_20220828 16,3565.2326796757425
10_20220828 17,3494.528461733161
10_20220828 18,3364.6735550284147
10_20220828 19,3814.1614205099568
10_20220828 20,3955.813457248862
10_20220828 21,3923.389046669159
10_20220828 22,3842.888541840398
10_20220828 23,3839.1249445949575
10_20220829 00,3761.927253076209
10_20220829 01,3719.8419405785244
10_20220829 02,3688.187709756122
10_20220829 03,3621.3619812264196
10_20220829 04,3638.756369371059
10_20220829 05,3439.334565104331
10_20220829 06,3079.0503346389005
10_20220829 07,3051.3064857951817
10_20220829 08,3424.8386157888217
10_20220829 09,3621.756144933504
10_20220829 10,4046.0016015129618
10_20220829 11,4179.005037164378
10_20220829 12,4139.762465445282
10_20220829 13,4170.664988024055
10_20220829 14,4049.6992669515876
10_20220829 15,3978.707058596783
10_20220829 16,3810.810570788319
10_20220829 17,3664.4425504244455
10_20220829 18,3514.9645609460244
10_20220829 19,3903.400950721693
10_20220829 20,4118.881053939786
10_20220829 21,4114.984409625157
10_20220829 22,4073.6081098845316
10_20220829 23,4068.8145339223593
10_20220830 00,4013.4353136773007
10_20220830 01,3962.9859599286497
10_20220830 02,3923.1948968236125
10_20220830 03,3870.453947033645
10_20220830 04,3895.7123733293142
10_20220830 05,3708.849974193875
10_20220830 06,3369.816530606848
10_20220830 07,3329.47927399753
10_20220830 08,3653.238995532879
10_20220830 09,3827.0051316381446
10_20220830 10,4234.182977669796
10_20220830 11,4399.508257879377
10_20220830 12,4159.304611406026
10_20220830 13,4140.498589678022
10_20220830 14,4021.170767798086
10_20220830 15,4002.141234600422
10_20220830 16,3821.8998647571643
10_20220830 17,3718.592034587914
10_20220830 18,3575.9269246702925
10_20220830 19,4011.335600217502
10_20220830 20,4147.028653981516
10_20220830 21,4137.9533772873465
10_20220830 22,4058.2846059453855
10_20220830 23,4084.830461110918
10_20220831 00,3929.5890950138973
10_20220831 01,3927.3258601852435
10_20220831 02,3888.8073489561216
10_20220831 03,3878.952657071899
10_20220831 04,3874.9044718061277
10_20220831 05,3642.7562263366417
10_20220831 06,3293.0027568576515
10_20220831 07,3263.30988170478
10_20220831 08,3532.234175839444
10_20220831 09,3698.5875168766297
10_20220831 10,4052.4930230682526
10_20220831 11,4112.29783758852
10_20220831 12,3926.3710441563157
10_20220831 13,3899.713151719459
10_20220831 14,3764.6120258116157
10_20220831 15,3788.0464327790432
10_20220831 16,3635.794200396203
10_20220831 17,3506.8671128323767
10_20220831 18,3328.030098240114
10_20220831 19,3746.5400972918346
10_20220831 20,3889.2383234076583
10_20220831 21,3772.011640415374
10_20220831 22,3711.96876480469
10_20220831 23,3716.537787746798
11_20220825 00,1637.7836149270568
11_20220825 01,1696.5001469714935
11_20220825 02,1593.3061144504613
11_20220825 03,1569.4870991256441
11_20220825 04,1548.633342626624
11_20220825 05,1558.0710261363834
11_20220825 06,1553.3686832315482
11_20220825 07,1666.4504194384251
11_20220825 08,2059.568615705091
11_20220825 09,2207.1695290002945
11_20220825 10,2185.704405489665
11_20220825 11,2158.482167962859
11_20220825 12,2210.0796731986306
11_20220825 13,2211.6302548717663
11_20220825 14,2123.884894140841
11_20220825 15,2244.3382205557696
11_20220825 16,2209.045408300698
11_20220825 17,1998.464307237129
11_20220825 18,1866.9130593570524
11_20220825 19,1753.5765969145957
11_20220825 20,1690.673409376649
11_20220825 21,1645.5865614811692
11_20220825 22,1596.1629608632163
11_20220825 23,1571.975224813831
11_20220826 00,1624.575511598065
11_20220826 01,1690.5278838193233
11_20220826 02,1567.3142999034608
11_20220826 03,1540.581432972665
11_20220826 04,1533.2764859873284
11_20220826 05,1528.761892148194
11_20220826 06,1530.0166449401265
11_20220826 07,1635.4951241400568
11_20220826 08,2074.8528392593325
11_20220826 09,2268.734516703955
11_20220826 10,2207.380094140551
11_20220826 11,2169.0185006817564
11_20220826 12,2246.068545184839
11_20220826 13,2279.8100024583096
11_20220826 14,2147.4892337539777
11_20220826 15,2281.310698831294
11_20220826 16,2246.7736553031027
11_20220826 17,2025.7875746362781
11_20220826 18,1898.757946298917
11_20220826 19,1809.1032076093306
11_20220826 20,1730.0458861159336
11_20220826 21,1679.9681040864614
11_20220826 22,1640.2179750516943
11_20220826 23,1607.8100968452559
11_20220827 00,1643.4601762914995
11_20220827 01,1682.9225790143944
11_20220827 02,1563.7193739645134
11_20220827 03,1566.5829667948108
11_20220827 04,1550.1933848017738
11_20220827 05,1543.4935187724925
11_20220827 06,1533.3791851830915
11_20220827 07,1600.4049386559723
11_20220827 08,1976.0194349996773
11_20220827 09,2090.7826297314914
11_20220827 10,2037.2166329257125
11_20220827 11,2054.837450321911
11_20220827 12,2080.2625132270136
11_20220827 13,2117.22650518705
11_20220827 14,2062.2674845223464
11_20220827 15,2156.136777585036
11_20220827 16,2116.697939718925
11_20220827 17,1929.2552959414465
11_20220827 18,1769.5589673608133
11_20220827 19,1646.5116224015364
11_20220827 20,1634.3520295106166
11_20220827 21,1598.334221270537
11_20220827 22,1547.8573050866885
11_20220827 23,1519.2450435332134
11_20220828 00,1538.084236414915
11_20220828 01,1535.6350560429044
11_20220828 02,1501.6398681139196
11_20220828 03,1502.7692921715163
11_20220828 04,1503.1258694752617
11_20220828 05,1501.4125013207843
11_20220828 06,1474.0247893713458
11_20220828 07,1530.9232497300193
11_20220828 08,1863.0875426859816
11_20220828 09,1994.2083302424899
11_20220828 10,1968.2990741224307
11_20220828 11,1951.4653233083186
11_20220828 12,1971.1364598977727
11_20220828 13,2013.8445963862014
11_20220828 14,1983.429372596525
11_20220828 15,2042.361258577635
11_20220828 16,1992.076041773735
11_20220828 17,1856.7407063466812
11_20220828 18,1694.2182289461803
11_20220828 19,1614.6298506247701
11_20220828 20,1597.0314815090014
11_20220828 21,1555.2456474027858
11_20220828 22,1525.6104797016446
11_20220828 23,1503.7346171342065
11_20220829 00,1543.9982997174006
11_20220829 01,1607.0762318154157
11_20220829 02,1492.261063986398
11_20220829 03,1476.4190882529792
11_20220829 04,1470.8323155693047
11_20220829 05,1472.3856219836237
11_20220829 06,1481.9011222639074
11_20220829 07,1598.7741210679774
11_20220829 08,1970.7343405596973
11_20220829 09,2146.795137289899
11_20220829 10,2102.5935036006927
11_20220829 11,2054.5647868648925
11_20220829 12,2120.8467087308945
11_20220829 13,2111.1525340657945
11_20220829 14,1996.6087410579921
11_20220829 15,2094.4555366995687
11_20220829 16,2108.7782796880992
11_20220829 17,1915.8716469792116
11_20220829 18,1691.0488613835407
11_20220829 19,1634.7367302223606
11_20220829 20,1637.2307595887635
11_20220829 21,1560.4859741309801
11_20220829 22,1527.9737166467858
11_20220829 23,1513.727111385274
11_20220830 00,1536.2528981483672
11_20220830 01,1601.450062888926
11_20220830 02,1480.0262714158416
11_20220830 03,1492.9879266983571
11_20220830 04,1475.2285480754863
11_20220830 05,1464.2119946795733
11_20220830 06,1467.1126605419117
11_20220830 07,1558.3177443897082
11_20220830 08,1966.74091953305
11_20220830 09,2083.011320321451
11_20220830 10,2107.362503840512
11_20220830 11,2077.8513553038
11_20220830 12,2120.5501315305573
11_20220830 13,2129.364725613266
11_20220830 14,2028.0047470512798
11_20220830 15,2126.277335300453
11_20220830 16,2125.2149519463883
11_20220830 17,1920.9853034304676
11_20220830 18,1710.9155365218664
11_20220830 19,1650.0573022170042
11_20220830 20,1643.7540592013324
11_20220830 21,1601.2350769008071
11_20220830 22,1560.0827432568467
11_20220830 23,1530.2720976842168
11_20220831 00,1578.0827047550647
11_20220831 01,1641.5202828670044
11_20220831 02,1524.2231887123967
11_20220831 03,1490.176275841779
11_20220831 04,1492.7091255660262
11_20220831 05,1494.2137605256821
11_20220831 06,1499.9116090939642
11_20220831 07,1576.566384449502
11_20220831 08,2014.7576834141782
11_20220831 09,2159.4170440403263
11_20220831 10,2119.470822493881
11_20220831 11,2067.8067778713817
11_20220831 12,2145.5986476866183
11_20220831 13,2148.9157924985534
11_20220831 14,2024.1204758265874
11_20220831 15,2151.3138952053223
11_20220831 16,2148.9367575567526
11_20220831 17,1953.4563120573528
11_20220831 18,1817.5441141841102
11_20220831 19,1690.4272938202841
11_20220831 20,1625.3772397801026
11_20220831 21,1612.8200833762905
11_20220831 22,1568.203281436815
11_20220831 23,1544.411418649885
12_20220825 00,1123.8119603680439
12_20220825 01,1130.2679662837627
12_20220825 02,1120.892445544762
12_20220825 03,1134.9444032800802
12_20220825 04,1192.3711880698447
12_20220825 05,1290.9203504686975
12_20220825 06,1379.1225641156996
12_20220825 07,1419.9499908336343
12_20220825 08,1468.8422507113219
12_20220825 09,1484.515527429445
12_20220825 10,1533.0827587129886
12_20220825 11,1652.341120225492
12_20220825 12,1653.8815064927646
12_20220825 13,1646.121263485854
12_20220825 14,1620.4952760815145
12_20220825 15,1581.5167763593386
12_20220825 16,1616.4526718650832
12_20220825 17,1615.1303996300903
12_20220825 18,1591.0573059467338
12_20220825 19,1531.698949561426
12_20220825 20,1412.7172695668196
12_20220825 21,1279.1411059978777
12_20220825 22,1137.7737258704956
12_20220825 23,1099.9427429996908
12_20220826 00,1090.8417371237065
12_20220826 01,1093.4835835174208
12_20220826 02,1091.8621950936238
12_20220826 03,1108.4576665834443
12_20220826 04,1178.2749016205826
12_20220826 05,1292.754040419472
12_20220826 06,1371.6151151833237
12_20220826 07,1402.5244122462682
12_20220826 08,1426.6878994056372
12_20220826 09,1457.1364383844625
12_20220826 10,1522.9719258840075
12_20220826 11,1633.3429193126874
12_20220826 12,1626.3630828532823
12_20220826 13,1654.0257467971362
12_20220826 14,1634.6680004022428
12_20220826 15,1659.3439694276283
12_20220826 16,1687.509199925548
12_20220826 17,1675.4807877800786
12_20220826 18,1663.6727105636473
12_20220826 19,1629.305549598903
12_20220826 20,1509.200442367548
12_20220826 21,1364.1761469985913
12_20220826 22,1193.4886227275288
12_20220826 23,1156.332136949179
12_20220827 00,1121.329098236773
12_20220827 01,1123.8431828112439
12_20220827 02,1109.0482395093404
12_20220827 03,1112.0638577922796
12_20220827 04,1153.1812364876996
12_20220827 05,1216.7350249890355
12_20220827 06,1301.8653828156985
12_20220827 07,1306.866678906451
12_20220827 08,1316.8324843554537
12_20220827 09,1309.499173290052
12_20220827 10,1389.6515335340719
12_20220827 11,1467.927905367981
12_20220827 12,1479.791550761996
12_20220827 13,1486.3686681026
12_20220827 14,1489.0492552070586
12_20220827 15,1499.4511437250153
12_20220827 16,1519.3823152446985
12_20220827 17,1559.0563450772124
12_20220827 18,1557.7864077855934
12_20220827 19,1515.7720271835424
12_20220827 20,1388.31074875844
12_20220827 21,1191.3403232957687
12_20220827 22,1064.9391221607298
12_20220827 23,1050.630343738168
12_20220828 00,1004.5915413136045
12_20220828 01,991.6267819811616
12_20220828 02,986.3462752896924
12_20220828 03,985.4349621649274
12_20220828 04,998.8711994904454
12_20220828 05,1042.7585054906858
12_20220828 06,1084.1833975819854
12_20220828 07,1089.347299747202
12_20220828 08,1080.639115594564
12_20220828 09,1070.4070911431381
12_20220828 10,1112.8837441308833
12_20220828 11,1137.5422148265302
12_20220828 12,1166.318575895011
12_20220828 13,1205.3132343136904
12_20220828 14,1210.4046286766836
12_20220828 15,1239.2666854715198
12_20220828 16,1300.4102493404664
12_20220828 17,1344.6660835234495
12_20220828 18,1305.7285145751462
12_20220828 19,1293.3693210956292
12_20220828 20,1251.5902346427015
12_20220828 21,1151.266104140745
12_20220828 22,1061.4917559026303
12_20220828 23,1064.074885620167
12_20220829 00,1092.673688647134
12_20220829 01,1108.736182702728
12_20220829 02,1095.1383476362491
12_20220829 03,1097.244999808341
12_20220829 04,1154.5101051791394
12_20220829 05,1260.9906528411873
12_20220829 06,1346.273541678856
12_20220829 07,1399.8650711771252
12_20220829 08,1433.9745598219924
12_20220829 09,1437.3269446895654
12_20220829 10,1499.361608531983
12_20220829 11,1574.3760404255393
12_20220829 12,1568.678545783082
12_20220829 13,1579.3389873702524
12_20220829 14,1536.9219494223078
12_20220829 15,1541.7020224795026
12_20220829 16,1561.1687276058617
12_20220829 17,1547.4859274524645
12_20220829 18,1514.9055936873567
12_20220829 19,1486.0147298394727
12_20220829 20,1362.8531507562077
12_20220829 21,1260.9696040971999
12_20220829 22,1109.9372308259021
12_20220829 23,1092.275894566034
12_20220830 00,1054.3526638077456
12_20220830 01,1069.4867990054872
12_20220830 02,1067.6893106993584
12_20220830 03,1093.5961554954729
12_20220830 04,1165.4265806835574
12_20220830 05,1267.0551902412435
12_20220830 06,1344.1239852095978
12_20220830 07,1361.6615484167478
12_20220830 08,1390.1156856068205
12_20220830 09,1398.754563369061
12_20220830 10,1430.8357726533284
12_20220830 11,1533.7939945041107
12_20220830 12,1553.2743822552666
12_20220830 13,1563.1274228198963
12_20220830 14,1542.783584934063
12_20220830 15,1533.7042248661876
12_20220830 16,1573.2689790967427
12_20220830 17,1574.2946144081423
12_20220830 18,1545.54027040002
12_20220830 19,1487.7938142361818
12_20220830 20,1368.1135837596191
12_20220830 21,1276.9730303821484
12_20220830 22,1120.6016644241276
12_20220830 23,1097.2442851395076
12_20220831 00,1070.3368829272067
12_20220831 01,1071.0326477233502
12_20220831 02,1073.5793238797164
12_20220831 03,1088.8546059819525
12_20220831 04,1158.9123753751446
12_20220831 05,1267.70054917384
12_20220831 06,1347.8346286098053
12_20220831 07,1369.307244155638
12_20220831 08,1399.529362111608
12_20220831 09,1391.6905213023192
12_20220831 10,1433.9875694465873
12_20220831 11,1524.4367143243367
12_20220831 12,1527.3701754960673
12_20220831 13,1552.1211485831238
12_20220831 14,1517.6772512733207
12_20220831 15,1543.6152000287868
12_20220831 16,1565.0358055652252
12_20220831 17,1568.521675505438
12_20220831 18,1534.2481937525913
12_20220831 19,1473.7252989935926
12_20220831 20,1365.0213856742191
12_20220831 21,1272.2062173371012
12_20220831 22,1123.4736503036029
12_20220831 23,1094.9549379152204
13_20220825 00,2671.092046047839
13_20220825 01,2618.879948873744
13_20220825 02,2616.904409692147
13_20220825 03,2606.235653047038
13_20220825 04,2621.0336664586666
13_20220825 05,2389.5928305570906
13_20220825 06,2192.0518438365884
13_20220825 07,2108.9077254452463
13_20220825 08,2256.916492842208
13_20220825 09,2341.665696035505
13_20220825 10,2544.7378795697214
13_20220825 11,2485.792450791982
13_20220825 12,2450.1212866329997
13_20220825 13,2469.3874476687115
13_20220825 14,2521.693436036322
13_20220825 15,2467.728704856649
13_20220825 16,2463.2543626806105
13_20220825 17,2425.127085194573
13_20220825 18,2356.193940549411
13_20220825 19,2744.3148678605207
13_20220825 20,2805.203436813918
13_20220825 21,2780.5687071198868
13_20220825 22,2751.139117648656
13_20220825 23,2731.5024642281505
13_20220826 00,2676.2422922004644
13_20220826 01,2649.5579913822503
13_20220826 02,2646.7897040483813
13_20220826 03,2627.814964789756
13_20220826 04,2624.488157991642
13_20220826 05,2445.888019428856
13_20220826 06,2215.000035952475
13_20220826 07,2121.109626694467
13_20220826 08,2219.13525815534
13_20220826 09,2304.0721082174205
13_20220826 10,2525.584114930643
13_20220826 11,2557.8086983655185
13_20220826 12,2529.1576293664407
13_20220826 13,2498.9079337620933
13_20220826 14,2509.942432545004
13_20220826 15,2528.855686066529
13_20220826 16,2481.759538890307
13_20220826 17,2427.3638099204486
13_20220826 18,2349.9103353385503
13_20220826 19,2738.9195358340535
13_20220826 20,2795.980548155758
13_20220826 21,2765.5055664871434
13_20220826 22,2736.5461622839953
13_20220826 23,2708.017660111161
13_20220827 00,2664.32453353761
13_20220827 01,2620.0058656502333
13_20220827 02,2606.8961360688454
13_20220827 03,2599.5584465997554
13_20220827 04,2597.564526864525
13_20220827 05,2355.55288346417
13_20220827 06,2166.7432806736315
13_20220827 07,2106.032907083245
13_20220827 08,2228.963870149006
13_20220827 09,2298.265025963422
13_20220827 10,2371.146185140842
13_20220827 11,2389.448818065631
13_20220827 12,2381.6931687592833
13_20220827 13,2398.0637369704286
13_20220827 14,2397.498999177025
13_20220827 15,2431.1252762475906
13_20220827 16,2354.1635399061133
13_20220827 17,2320.909951677087
13_20220827 18,2293.962637272921
13_20220827 19,2665.9740220590875
13_20220827 20,2706.285278560107
13_20220827 21,2713.2631399166767
13_20220827 22,2689.521798230224
13_20220827 23,2660.557472288233
13_20220828 00,2611.622987434338
13_20220828 01,2535.3068469242025
13_20220828 02,2518.7675534000673
13_20220828 03,2488.579710785415
13_20220828 04,2490.4719601542124
13_20220828 05,2243.0213918315785
13_20220828 06,2059.404647971897
13_20220828 07,2017.5067543658438
13_20220828 08,2107.1725920682334
13_20220828 09,2152.167412830766
13_20220828 10,2192.296457029497
13_20220828 11,2273.3257544548414
13_20220828 12,2296.1937664872503
13_20220828 13,2317.6959389590866
13_20220828 14,2282.614837653775
13_20220828 15,2285.8464213870366
13_20220828 16,2257.7470520957786
13_20220828 17,2227.8866888550538
13_20220828 18,2189.8192249472318
13_20220828 19,2607.9124942174835
13_20220828 20,2671.5911114934606
13_20220828 21,2666.6321058330545
13_20220828 22,2641.056740808856
13_20220828 23,2591.1816914223864
13_20220829 00,2622.09838605834
13_20220829 01,2588.344091110753
13_20220829 02,2565.0913509107486
13_20220829 03,2566.4348935258085
13_20220829 04,2571.692221117338
13_20220829 05,2369.281994022752
13_20220829 06,2133.0450643990935
13_20220829 07,2093.869549970309
13_20220829 08,2240.3007789558733
13_20220829 09,2353.494433898232
13_20220829 10,2506.0663138135037
13_20220829 11,2521.5061366480436
13_20220829 12,2469.769854728065
13_20220829 13,2505.2807218925554
13_20220829 14,2487.645298968603
13_20220829 15,2446.8059231412717
13_20220829 16,2417.986434211923
13_20220829 17,2389.434017021479
13_20220829 18,2308.0165450323766
13_20220829 19,2747.513761752557
13_20220829 20,2801.214420827256
13_20220829 21,2769.405203930881
13_20220829 22,2762.181748145672
13_20220829 23,2743.3690829587113
13_20220830 00,2707.1523858253413
13_20220830 01,2667.1003295431938
13_20220830 02,2624.9044970297787
13_20220830 03,2608.060813328395
13_20220830 04,2607.35449842476
13_20220830 05,2378.2544659098976
13_20220830 06,2193.4253308029156
13_20220830 07,2119.6342713030713
13_20220830 08,2239.994979167959
13_20220830 09,2376.024559413865
13_20220830 10,2526.8043749076433
13_20220830 11,2479.78724700725
13_20220830 12,2416.6763444299127
13_20220830 13,2394.343914984598
13_20220830 14,2399.72176760471
13_20220830 15,2406.330826502223
13_20220830 16,2398.9485427172517
13_20220830 17,2300.7249412190217
13_20220830 18,2248.8547785914384
13_20220830 19,2686.6099543938276
13_20220830 20,2731.979120565427
13_20220830 21,2705.6727948570697
13_20220830 22,2695.121553391881
13_20220830 23,2669.9874461901827
13_20220831 00,2616.8684568868402
13_20220831 01,2567.3456582193776
13_20220831 02,2553.052449320324
13_20220831 03,2558.321865557727
13_20220831 04,2550.052539451116
13_20220831 05,2380.334569053427
13_20220831 06,2205.686677097502
13_20220831 07,2160.0508431391513
13_20220831 08,2235.2826272366533
13_20220831 09,2351.850011453818
13_20220831 10,2435.1292579385204
13_20220831 11,2445.4983005285917
13_20220831 12,2397.243236897726
13_20220831 13,2359.7217967676615
13_20220831 14,2361.163709572086
13_20220831 15,2362.509894866062
13_20220831 16,2359.3470820323273
13_20220831 17,2289.6835736875782
13_20220831 18,2236.0881794542156
13_20220831 19,2627.822933026461
13_20220831 20,2660.208516556334
13_20220831 21,2646.0431617891263
13_20220831 22,2620.6217833640676
13_20220831 23,2592.3716792655323
14_20220825 00,1636.2552936472412
14_20220825 01,1971.3014651795656
14_20220825 02,2052.1802361823593
14_20220825 03,1989.0551372975901
14_20220825 04,1960.102189694349
14_20220825 05,1874.7788163312453
14_20220825 06,1631.6804541557963
14_20220825 07,1367.2820098449056
14_20220825 08,1788.1917244489664
14_20220825 09,2079.713321922583
14_20220825 10,2134.5693163158926
14_20220825 11,2072.4340499071395
14_20220825 12,1839.214853873261
14_20220825 13,2086.2654350090966
14_20220825 14,2153.131927244815
14_20220825 15,2131.0045203880877
14_20220825 16,2086.762723357441
14_20220825 17,1983.3509903855745
14_20220825 18,1664.8141133199663
14_20220825 19,1974.6038362492684
14_20220825 20,2146.6120463841144
14_20220825 21,2061.552259957104
14_20220825 22,2018.0090937893424
14_20220825 23,1966.0568173881093
14_20220826 00,1610.7298034351147
14_20220826 01,1930.4745216884103
14_20220826 02,1899.7265844112692
14_20220826 03,1867.2936192541524
14_20220826 04,1844.9285246816733
14_20220826 05,1743.4614580589266
14_20220826 06,1550.1492211905752
14_20220826 07,1355.381710678148
14_20220826 08,1701.9972109861078
14_20220826 09,1913.2795601207301
14_20220826 10,1995.5804282959034
14_20220826 11,1948.9785295363588
14_20220826 12,1812.6800877019907
14_20220826 13,2002.4360430468062
14_20220826 14,2011.8176911222572
14_20220826 15,1959.2643838991025
14_20220826 16,1986.6423767657534
14_20220826 17,1879.5649750326168
14_20220826 18,1487.3031080822102
14_20220826 19,1899.5030626407695
14_20220826 20,2105.015824566227
14_20220826 21,2069.5915116189503
14_20220826 22,2081.7005802487693
14_20220826 23,1944.572246127977
14_20220827 00,1710.916651052829
14_20220827 01,1994.9309126068824
14_20220827 02,1973.5253837209762
14_20220827 03,1926.5122426418147
14_20220827 04,1921.387341532747
14_20220827 05,1689.2110391886156
14_20220827 06,1421.4144743855786
14_20220827 07,1316.8099806148027
14_20220827 08,1697.696124262377
14_20220827 09,1838.096965528805
14_20220827 10,1825.1185985192146
14_20220827 11,1688.16599813637
14_20220827 12,1333.1039580980034
14_20220827 13,1646.40838772315
14_20220827 14,1681.4345738238985
14_20220827 15,1612.0621500867337
14_20220827 16,1599.86618178111
14_20220827 17,1425.063332509401
14_20220827 18,1162.1896940030153
14_20220827 19,1655.1897853376481
14_20220827 20,1897.9033861170262
14_20220827 21,1884.6611571606663
14_20220827 22,1886.2508683686347
14_20220827 23,1778.4106310789903
14_20220828 00,1425.7101759656111
14_20220828 01,1857.623266719695
14_20220828 02,1874.2375658592778
14_20220828 03,1774.0595842989214
14_20220828 04,1727.7042889583195
14_20220828 05,1500.162079848717
14_20220828 06,1224.2061407834308
14_20220828 07,1121.5817344125223
14_20220828 08,1497.5850271280315
14_20220828 09,1545.2947419642846
14_20220828 10,1493.3934276720115
14_20220828 11,1342.722741718446
14_20220828 12,1051.0084531218072
14_20220828 13,1436.492987376926
14_20220828 14,1480.6537051714263
14_20220828 15,1465.6294563901074
14_20220828 16,1469.937270776207
14_20220828 17,1350.2520502039783
14_20220828 18,1131.4898681559607
14_20220828 19,1620.2884888136364
14_20220828 20,1836.313298872671
14_20220828 21,1797.5014079910777
14_20220828 22,1763.3920433447627
14_20220828 23,1743.3298261444338
14_20220829 00,1474.52140400494
14_20220829 01,1889.2755795336893
14_20220829 02,1915.9080254977462
14_20220829 03,1917.2582776262811
14_20220829 04,1905.358927606907
14_20220829 05,1787.923576704859
14_20220829 06,1554.4231896516876
14_20220829 07,1394.078539675526
14_20220829 08,1752.7048953159906
14_20220829 09,1993.5354127353303
14_20220829 10,2071.607101615956
14_20220829 11,2015.6424153805206
14_20220829 12,1759.2662968347943
14_20220829 13,1894.294723958847
14_20220829 14,1902.8208062204642
14_20220829 15,1932.7610957414145
14_20220829 16,1925.0641523038257
14_20220829 17,1885.0444167827739
14_20220829 18,1571.7636232131006
14_20220829 19,1902.413718777213
14_20220829 20,2010.9439024929318
14_20220829 21,1967.994948388939
14_20220829 22,1955.8528491177235
14_20220829 23,1925.353438544335
14_20220830 00,1533.6220776435694
14_20220830 01,1868.4723870282178
14_20220830 02,1797.0771939443212
14_20220830 03,1715.0769730446498
14_20220830 04,1713.671451054271
14_20220830 05,1687.018235083197
14_20220830 06,1462.7193493470616
14_20220830 07,1312.4258954387424
14_20220830 08,1660.1024880061725
14_20220830 09,1910.9162541359112
14_20220830 10,2005.1663263301332
14_20220830 11,1901.9062738038306
14_20220830 12,1710.0023157391504
14_20220830 13,1969.244615579722
14_20220830 14,2045.9992880659559
14_20220830 15,2068.8164204342042
14_20220830 16,2036.8818212531453
14_20220830 17,1911.5199105008664
14_20220830 18,1589.2908024226608
14_20220830 19,1971.858183437766
14_20220830 20,2088.655513347708
14_20220830 21,2015.0358535522046
14_20220830 22,1982.4169122379767
14_20220830 23,1898.1598231465673
14_20220831 00,1564.2602215511793
14_20220831 01,1854.7794201364723
14_20220831 02,1829.1388088928206
14_20220831 03,1806.1236035469228
14_20220831 04,1734.153084011124
14_20220831 05,1640.2809482261139
14_20220831 06,1492.4246702497471
14_20220831 07,1332.852048009596
14_20220831 08,1694.1645462959118
14_20220831 09,1907.4837692247536
14_20220831 10,2032.3828049222022
14_20220831 11,1980.5721231188286
14_20220831 12,1737.4923107645875
14_20220831 13,1950.3554895073794
14_20220831 14,2033.7096561043256
14_20220831 15,1993.553273352988
14_20220831 16,1990.8193514088746
14_20220831 17,1884.4867704178043
14_20220831 18,1560.6229339057095
14_20220831 19,1993.9985151562078
14_20220831 20,2147.842555512516
14_20220831 21,2032.8202699380247
14_20220831 22,2033.9166249785374
14_20220831 23,1913.270028795486
15_20220825 00,1875.31542731864
15_20220825 01,1889.5986249203288
15_20220825 02,1958.31410822509
15_20220825 03,1901.2573831465038
15_20220825 04,1767.7862217066686
15_20220825 05,1672.2353409905893
15_20220825 06,1481.0439970825105
15_20220825 07,1376.9883566962721
15_20220825 08,1491.316197426664
15_20220825 09,1635.4104820487216
15_20220825 10,1706.8582572314556
15_20220825 11,1727.4114130524638
15_20220825 12,1751.1498522155528
15_20220825 13,1714.4246273856295
15_20220825 14,1745.632881130723
15_20220825 15,1693.9647497827473
15_20220825 16,1707.2012454180501
15_20220825 17,1729.300440173803
15_20220825 18,1757.4746564740294
15_20220825 19,1867.7267929077718
15_20220825 20,1956.948918961176
15_20220825 21,2017.6740958343962
15_20220825 22,2044.6803660660205
15_20220825 23,2015.4999220408333
15_20220826 00,1892.6599931989554
15_20220826 01,1904.0849888555547
15_20220826 02,1957.0020467325708
15_20220826 03,1906.7857851661934
15_20220826 04,1763.6204428976384
15_20220826 05,1690.120391268254
15_20220826 06,1508.0209095910968
15_20220826 07,1419.4049238170408
15_20220826 08,1528.0628802246058
15_20220826 09,1673.1420160665518
15_20220826 10,1757.71499399854
15_20220826 11,1795.112855599175
15_20220826 12,1774.5278641703403
15_20220826 13,1723.2655029457303
15_20220826 14,1746.9484962453414
15_20220826 15,1711.5204888285673
15_20220826 16,1708.5553220403697
15_20220826 17,1742.8803256018161
15_20220826 18,1744.570919121276
15_20220826 19,1863.6161328161143
15_20220826 20,1950.3859295414209
15_20220826 21,2008.9629863133764
15_20220826 22,2030.3135769667645
15_20220826 23,1984.003598772275
15_20220827 00,1781.5083204226446
15_20220827 01,1805.0314563687305
15_20220827 02,1873.5937569408234
15_20220827 03,1831.28249823132
15_20220827 04,1692.9938230290686
15_20220827 05,1601.363326536638
15_20220827 06,1376.9452432515145
15_20220827 07,1283.291864823396
15_20220827 08,1363.3459646162983
15_20220827 09,1521.5975748054625
15_20220827 10,1568.6765524968332
15_20220827 11,1604.747353277634
15_20220827 12,1603.7894482749657
15_20220827 13,1556.4369558138042
15_20220827 14,1611.4115483434384
15_20220827 15,1566.3027084318082
15_20220827 16,1565.1954893366585
15_20220827 17,1570.1695255126583
15_20220827 18,1501.377597249635
15_20220827 19,1572.3718493100664
15_20220827 20,1638.534074268579
15_20220827 21,1632.6838215686325
15_20220827 22,1639.3794174704385
15_20220827 23,1593.2310899842812
15_20220828 00,1575.3652178792868
15_20220828 01,1601.8972224992913
15_20220828 02,1619.6047299487218
15_20220828 03,1545.4250975089653
15_20220828 04,1374.7824009931196
15_20220828 05,1261.7299726317847
15_20220828 06,1171.8941674880741
15_20220828 07,1144.3227940598658
15_20220828 08,1193.397107890254
15_20220828 09,1360.4676398772847
15_20220828 10,1445.3617271840415
15_20220828 11,1495.5171407877424
15_20220828 12,1502.8351174848099
15_20220828 13,1456.134635369871
15_20220828 14,1493.0205832152637
15_20220828 15,1441.2848601230658
15_20220828 16,1460.2790221630953
15_20220828 17,1471.1206837726904
15_20220828 18,1411.8201635061605
15_20220828 19,1502.4767812108746
15_20220828 20,1600.2480447089001
15_20220828 21,1600.964622989503
15_20220828 22,1606.5560199776392
15_20220828 23,1575.4092685217083
15_20220829 00,1589.7875422950451
15_20220829 01,1613.935623020676
15_20220829 02,1658.0724397308659
15_20220829 03,1588.7476329236765
15_20220829 04,1461.0241661153555
15_20220829 05,1350.647701540688
15_20220829 06,1247.0409018826458
15_20220829 07,1238.6265028846815
15_20220829 08,1364.8697851046381
15_20220829 09,1514.1014871333057
15_20220829 10,1597.3014815756394
15_20220829 11,1648.3600895175935
15_20220829 12,1665.2847745324477
15_20220829 13,1618.9618033177678
15_20220829 14,1629.4502337124118
15_20220829 15,1571.4525574569427
15_20220829 16,1587.3627092142056
15_20220829 17,1640.9803538712783
15_20220829 18,1669.7170584665291
15_20220829 19,1799.5081638957838
15_20220829 20,1897.60827881933
15_20220829 21,1950.037159792184
15_20220829 22,1969.2546196042645
15_20220829 23,1949.29741065953
15_20220830 00,1807.087385619438
15_20220830 01,1818.2442628002855
15_20220830 02,1878.0880992108914
15_20220830 03,1815.9936335414982
15_20220830 04,1673.3044062158137
15_20220830 05,1590.593064762365
15_20220830 06,1445.2527976823922
15_20220830 07,1358.0369807688135
15_20220830 08,1439.2597565577626
15_20220830 09,1559.0112625742577
15_20220830 10,1649.8526926763025
15_20220830 11,1665.5424438627003
15_20220830 12,1662.6019270988274
15_20220830 13,1600.559305204349
15_20220830 14,1611.2333015618412
15_20220830 15,1559.047697036131
15_20220830 16,1566.0997318509374
15_20220830 17,1608.110175361121
15_20220830 18,1635.8141282516503
15_20220830 19,1777.6373264387032
15_20220830 20,1875.7325111155008
15_20220830 21,1943.9453650436135
15_20220830 22,1969.8943354745702
15_20220830 23,1948.8204721608408
15_20220831 00,1824.7276471749612
15_20220831 01,1844.69688663517
15_20220831 02,1910.4022871094412
15_20220831 03,1867.1783279249732
15_20220831 04,1713.352724051579
15_20220831 05,1662.942102757193
15_20220831 06,1463.248554114679
15_20220831 07,1377.5668305272566
15_20220831 08,1463.5065575283134
15_20220831 09,1594.0254866803082
15_20220831 10,1654.6481717238194
15_20220831 11,1676.789441008012
15_20220831 12,1677.4905924847653
15_20220831 13,1613.529852561693
15_20220831 14,1623.7464693289203
15_20220831 15,1575.4355276564006
15_20220831 16,1592.272404558472
15_20220831 17,1619.541312324887
15_20220831 18,1630.7158939805418
15_20220831 19,1752.938022911915
15_20220831 20,1836.4747752528706
15_20220831 21,1932.139674459302
15_20220831 22,1965.1116288910678
15_20220831 23,1938.7875452645592
16_20220825 00,1298.1031989645442
16_20220825 01,1283.6253437532898
16_20220825 02,1288.0210854481204
16_20220825 03,1291.5391277312099
16_20220825 04,1490.0483802627655
16_20220825 05,3097.1416528733585
16_20220825 06,3999.5351032179324
16_20220825 07,4249.535576728396
16_20220825 08,4407.438339737982
16_20220825 09,4548.37228882989
16_20220825 10,4539.250190908199
16_20220825 11,4523.741234693702
16_20220825 12,4405.183926000595
16_20220825 13,4421.499028054874
16_20220825 14,4397.74647400689
16_20220825 15,4388.775432415947
16_20220825 16,4503.251304352503
16_20220825 17,4509.244171514198
16_20220825 18,4207.460060068555
16_20220825 19,4198.667127918879
16_20220825 20,4034.3861912876805
16_20220825 21,3107.893082701005
16_20220825 22,2063.4031503936885
16_20220825 23,1510.6661913845699
16_20220826 00,1342.9027237848168
16_20220826 01,1325.0345007507258
16_20220826 02,1328.3660990270641
16_20220826 03,1319.2197157746791
16_20220826 04,1521.3147450231077
16_20220826 05,3293.0697564538523
16_20220826 06,4109.445446531201
16_20220826 07,4311.6095824095
16_20220826 08,4433.970959424105
16_20220826 09,4590.930856698484
16_20220826 10,4564.481660022237
16_20220826 11,4544.2120792337455
16_20220826 12,4405.852051133662
16_20220826 13,4383.903384771051
16_20220826 14,4402.28668032031
16_20220826 15,4481.878888272818
16_20220826 16,4458.605451592641
16_20220826 17,4364.418259155065
16_20220826 18,4071.264270176405
16_20220826 19,4066.4184981217
16_20220826 20,3839.349175988213
16_20220826 21,2924.006000122729
16_20220826 22,2036.7495705306324
16_20220826 23,1467.5835659131565
16_20220827 00,1300.7698723981257
16_20220827 01,1269.516346035404
16_20220827 02,1274.8572299299917
16_20220827 03,1265.8802914961477
16_20220827 04,1453.4255220036532
16_20220827 05,3150.4823144794373
16_20220827 06,3987.696780318516
16_20220827 07,4119.969634001684
16_20220827 08,4107.798994049827
16_20220827 09,4165.639969171257
16_20220827 10,4110.113114652812
16_20220827 11,3990.2374582885145
16_20220827 12,4007.073791807075
16_20220827 13,4034.374266327209
16_20220827 14,4058.0007960846765
16_20220827 15,4001.783937909794
16_20220827 16,4037.716028928604
16_20220827 17,4073.4288037608067
16_20220827 18,3966.05914392464
16_20220827 19,3985.1193482213694
16_20220827 20,3758.1966646909714
16_20220827 21,2666.1531443548984
16_20220827 22,1940.6491414008317
16_20220827 23,1359.1355509179698
16_20220828 00,1245.7736838047665
16_20220828 01,1244.3888126487525
16_20220828 02,1241.8329090207353
16_20220828 03,1246.9277739787353
16_20220828 04,1418.0590255410852
16_20220828 05,3062.6342199681376
16_20220828 06,3865.0704102601767
16_20220828 07,3972.9577170903967
16_20220828 08,3871.4433521222895
16_20220828 09,3917.4082213878437
16_20220828 10,3943.9260704255603
16_20220828 11,3928.88476042611
16_20220828 12,3957.2199838808556
16_20220828 13,3907.6952959533705
16_20220828 14,3927.0539098822683
16_20220828 15,3905.2198845910293
16_20220828 16,3978.815800700091
16_20220828 17,4009.088707869719
16_20220828 18,3946.121479450974
16_20220828 19,4003.309172404283
16_20220828 20,3786.184638592316
16_20220828 21,2979.458168492485
16_20220828 22,2006.0857798988538
16_20220828 23,1408.1888925305548
16_20220829 00,1257.2326735501747
16_20220829 01,1244.5617981465923
16_20220829 02,1254.8359380300399
16_20220829 03,1248.5975169594844
16_20220829 04,1475.6334866674893
16_20220829 05,3111.156679597616
16_20220829 06,3956.165120791614
16_20220829 07,4156.142357295876
16_20220829 08,4309.5343793318825
16_20220829 09,4456.153203382166
16_20220829 10,4462.706640346641
16_20220829 11,4273.744524273373
16_20220829 12,4217.273555986345
16_20220829 13,4129.4888957061685
16_20220829 14,4125.3553032209975
16_20220829 15,4103.20275008392
16_20220829 16,4098.2266629755795
16_20220829 17,4090.959285354594
16_20220829 18,3704.1343611777293
16_20220829 19,3601.7221911075385
16_20220829 20,3367.572904849119
16_20220829 21,2563.738382366353
16_20220829 22,1941.9355911166115
16_20220829 23,1412.0078904417496
16_20220830 00,1276.8132920243538
16_20220830 01,1274.3657007796737
16_20220830 02,1284.625756201913
16_20220830 03,1274.5329802551073
16_20220830 04,1481.8001434583985
16_20220830 05,3198.514790460962
16_20220830 06,4135.347284884745
16_20220830 07,4365.493430171311
16_20220830 08,4433.725407216071
16_20220830 09,4512.145297806072
16_20220830 10,4502.502631365816
16_20220830 11,4403.032513695824
16_20220830 12,4332.630344836565
16_20220830 13,4332.401481272519
16_20220830 14,4336.319460234852
16_20220830 15,4374.057454033544
16_20220830 16,4349.949182798721
16_20220830 17,4338.577877903448
16_20220830 18,4024.967511092372
16_20220830 19,3952.779132597154
16_20220830 20,3623.026036866902
16_20220830 21,2627.1359775021892
16_20220830 22,1971.1564584027317
16_20220830 23,1415.7334167367092
16_20220831 00,1288.4925197211232
16_20220831 01,1265.554761092808
16_20220831 02,1280.3357789046584
16_20220831 03,1271.2798404126618
16_20220831 04,1494.4841919922114
16_20220831 05,3234.0349555175935
16_20220831 06,4136.386643198375
16_20220831 07,4252.92174977051
16_20220831 08,4305.112004621392
16_20220831 09,4311.495936630853
16_20220831 10,4296.6954412449095
16_20220831 11,4231.603075043104
16_20220831 12,4167.44297781793
16_20220831 13,4176.045951653582
16_20220831 14,4156.186508280455
16_20220831 15,4174.681441442695
16_20220831 16,4169.243013362673
16_20220831 17,4187.153193658476
16_20220831 18,3878.2112332646493
16_20220831 19,3903.306313634216
16_20220831 20,3514.5826120609736
16_20220831 21,2564.497818880832
16_20220831 22,1943.3241559203686
16_20220831 23,1411.937613268632
17_20220825 00,654.116180105697
17_20220825 01,620.630147938606
17_20220825 02,623.1266167925169
17_20220825 03,626.4133133223636
17_20220825 04,823.35917077979
17_20220825 05,1127.9194330700502
17_20220825 06,1195.3437951766473
17_20220825 07,1279.1925068173164
17_20220825 08,1484.9315051056665
17_20220825 09,1502.3292868888752
17_20220825 10,1494.1768880645343
17_20220825 11,1494.0443821085446
17_20220825 12,1422.534468940756
17_20220825 13,1491.7311870477768
17_20220825 14,1432.1260239303188
17_20220825 15,1452.817092036947
17_20220825 16,1436.903253308784
17_20220825 17,1407.8986882594636
17_20220825 18,1368.6574901503357
17_20220825 19,935.3515196771503
17_20220825 20,811.3702093496278
17_20220825 21,748.1631525611594
17_20220825 22,724.8318039088107
17_20220825 23,690.422351364871
17_20220826 00,632.8091312197994
17_20220826 01,608.2550578621613
17_20220826 02,615.4010720133547
17_20220826 03,620.6054204267821
17_20220826 04,816.8029764929313
17_20220826 05,1105.1667081824698
17_20220826 06,1151.1548684368267
17_20220826 07,1248.3445758648304
17_20220826 08,1462.827988138868
17_20220826 09,1489.2602086252473
17_20220826 10,1487.7502653036847
17_20220826 11,1485.2605686942281
17_20220826 12,1419.252834635394
17_20220826 13,1486.4207350245651
17_20220826 14,1429.4482853747531
17_20220826 15,1473.1481965600067
17_20220826 16,1445.4277262000298
17_20220826 17,1410.4093519742098
17_20220826 18,1349.9664274579907
17_20220826 19,891.919542209587
17_20220826 20,812.0501302769325
17_20220826 21,742.2864650063668
17_20220826 22,717.497441750843
17_20220826 23,668.8016307544917
17_20220827 00,571.389054293626
17_20220827 01,562.5473567643871
17_20220827 02,556.7446951899773
17_20220827 03,563.3089277483471
17_20220827 04,570.9493991081761
17_20220827 05,569.7682202939304
17_20220827 06,569.8931738211395
17_20220827 07,568.5875365686709
17_20220827 08,583.4622411228509
17_20220827 09,608.7407452184874
17_20220827 10,604.1096645749814
17_20220827 11,602.080581059314
17_20220827 12,611.6549013103122
17_20220827 13,603.2093722384051
17_20220827 14,606.2193573388623
17_20220827 15,627.2188215036078
17_20220827 16,618.8002896309672
17_20220827 17,604.5341046813074
17_20220827 18,605.9587391428953
17_20220827 19,610.2173628393955
17_20220827 20,614.6499236969037
17_20220827 21,611.4646865992195
17_20220827 22,607.6398671661923
17_20220827 23,594.1295344340709
17_20220828 00,560.2207037042331
17_20220828 01,554.5401759862303
17_20220828 02,546.4605091256587
17_20220828 03,547.9256979631866
17_20220828 04,554.9790726518954
17_20220828 05,560.1011188132472
17_20220828 06,565.1774120990414
17_20220828 07,562.1472962972687
17_20220828 08,581.5024237319755
17_20220828 09,595.8809601770795
17_20220828 10,599.2584125801882
17_20220828 11,596.6416224886943
17_20220828 12,581.7310899420132
17_20220828 13,578.6207333926112
17_20220828 14,580.8118729905732
17_20220828 15,590.8174564140685
17_20220828 16,589.2149338130808
17_20220828 17,567.075582268325
17_20220828 18,581.6615783004645
17_20220828 19,581.3876115834756
17_20220828 20,601.6525114247013
17_20220828 21,601.8945065283906
17_20220828 22,592.4908791663352
17_20220828 23,581.3674442831874
17_20220829 00,628.6029977843805
17_20220829 01,607.3761786409776
17_20220829 02,609.1903281395694
17_20220829 03,614.1633587587535
17_20220829 04,940.453950692764
17_20220829 05,1129.4494084907788
17_20220829 06,1200.2012972914424
17_20220829 07,1281.967267264055
17_20220829 08,1498.7819624540302
17_20220829 09,1509.4383942678287
17_20220829 10,1495.1478143529187
17_20220829 11,1501.013031086393
17_20220829 12,1437.6715314871042
17_20220829 13,1504.335801808941
17_20220829 14,1435.717609010299
17_20220829 15,1458.8871814902495
17_20220829 16,1444.553243018411
17_20220829 17,1414.852966712121
17_20220829 18,1336.3211394083435
17_20220829 19,936.5352886688097
17_20220829 20,838.6426942784746
17_20220829 21,786.2692365713003
17_20220829 22,769.6565390888363
17_20220829 23,729.5249349748128
17_20220830 00,668.4023267179626
17_20220830 01,628.6351214334936
17_20220830 02,626.3463485609252
17_20220830 03,637.1632800034283
17_20220830 04,859.4486523280598
17_20220830 05,1108.514743651171
17_20220830 06,1122.276269263256
17_20220830 07,1243.852445149303
17_20220830 08,1434.088976902285
17_20220830 09,1442.5079483517343
17_20220830 10,1435.0941053546917
17_20220830 11,1440.1656986105654
17_20220830 12,1396.4032577430853
17_20220830 13,1459.1487786831965
17_20220830 14,1396.3898513704828
17_20220830 15,1430.509991122885
17_20220830 16,1418.7216059415089
17_20220830 17,1398.7345125059433
17_20220830 18,1355.4614521303627
17_20220830 19,974.317780398278
17_20220830 20,866.4065622208344
17_20220830 21,793.7928966460825
17_20220830 22,769.2588924601644
17_20220830 23,737.734583362412
17_20220831 00,636.252718244727
17_20220831 01,607.0365129991062
17_20220831 02,605.0512117368074
17_20220831 03,607.7620462304732
17_20220831 04,811.4109866174277
17_20220831 05,1105.2975639810857
17_20220831 06,1133.1068678298232
17_20220831 07,1207.927309873141
17_20220831 08,1421.0701584852302
17_20220831 09,1445.4693173431415
17_20220831 10,1432.1499765010465
17_20220831 11,1444.3890850596952
17_20220831 12,1399.1460976812969
17_20220831 13,1455.8495512894483
17_20220831 14,1403.1047805999149
17_20220831 15,1424.0820676963217
17_20220831 16,1414.0728151106468
17_20220831 17,1399.1022395636176
17_20220831 18,1349.5634007529984
17_20220831 19,911.6283709910168
17_20220831 20,806.0245826415105
17_20220831 21,746.952116770896
17_20220831 22,723.1174884763542
17_20220831 23,700.4567824804215
18_20220825 00,983.5279024260665
18_20220825 01,979.1997295612653
18_20220825 02,977.4692277704972
18_20220825 03,971.2510187598701
18_20220825 04,976.5841016696533
18_20220825 05,979.5681993226922
18_20220825 06,1300.3480178803966
18_20220825 07,1773.7569284317408
18_20220825 08,2078.4158907097744
18_20220825 09,2187.020566584296
18_20220825 10,2157.513363704838
18_20220825 11,2184.685446130185
18_20220825 12,2109.307856567025
18_20220825 13,2198.848172378087
18_20220825 14,2152.1892656086393
18_20220825 15,2120.605863908123
18_20220825 16,2045.6804379575915
18_20220825 17,1974.799816986499
18_20220825 18,1664.3581791883064
18_20220825 19,1585.241893495177
18_20220825 20,1366.4972173128695
18_20220825 21,1217.7965659410743
18_20220825 22,1071.917906195701
18_20220825 23,1026.5049930097052
18_20220826 00,967.5374209638419
18_20220826 01,967.19713766778
18_20220826 02,969.9841929083154
18_20220826 03,970.0068448327838
18_20220826 04,977.8192596110796
18_20220826 05,998.7576064621547
18_20220826 06,1294.0871633350148
18_20220826 07,1762.5035998996218
18_20220826 08,2040.4236535332052
18_20220826 09,2135.2985010835373
18_20220826 10,2122.0846650896283
18_20220826 11,2176.4939937505374
18_20220826 12,2103.3945768677713
18_20220826 13,2169.181732306115
18_20220826 14,2152.2932829020147
18_20220826 15,2143.591021799014
18_20220826 16,2092.683321690667
18_20220826 17,2025.993107759661
18_20220826 18,1731.2586717412526
18_20220826 19,1631.4078628300713
18_20220826 20,1390.2217418339033
18_20220826 21,1238.2833949146768
18_20220826 22,1116.2426021672925
18_20220826 23,1050.914508813532
18_20220827 00,975.4288316462153
18_20220827 01,967.9048169884773
18_20220827 02,964.2917262448603
18_20220827 03,967.6686525875255
18_20220827 04,966.1792093585185
18_20220827 05,964.2238729600042
18_20220827 06,1015.1643783713764
18_20220827 07,1164.283820990517
18_20220827 08,1207.4398944994964
18_20220827 09,1235.4383938485425
18_20220827 10,1250.6143137198806
18_20220827 11,1293.0557899237933
18_20220827 12,1323.5734901320238
18_20220827 13,1322.8996026743714
18_20220827 14,1340.8503371833926
18_20220827 15,1336.8369299023484
18_20220827 16,1313.6898906396295
18_20220827 17,1240.9137841128932
18_20220827 18,1143.948196674525
18_20220827 19,1082.4263756304408
18_20220827 20,1041.0662552788535
18_20220827 21,1031.894269916762
18_20220827 22,990.1705544042583
18_20220827 23,964.3007137802776
18_20220828 00,945.9423167472025
18_20220828 01,945.1351417948555
18_20220828 02,946.1872383622406
18_20220828 03,940.441678306701
18_20220828 04,947.9416293684385
18_20220828 05,947.3966665600888
18_20220828 06,1032.5979316994403
18_20220828 07,1124.3979363816106
18_20220828 08,1157.0744517314492
18_20220828 09,1189.4175780089258
18_20220828 10,1230.748502006175
18_20220828 11,1267.1975498353927
18_20220828 12,1299.743264583792
18_20220828 13,1298.9300151776022
18_20220828 14,1309.7396635403559
18_20220828 15,1317.933686689816
18_20220828 16,1327.1083689566017
18_20220828 17,1261.428811333451
18_20220828 18,1144.4634810548123
18_20220828 19,1132.341979700937
18_20220828 20,1083.2827673596717
18_20220828 21,1065.2160960252495
18_20220828 22,1017.4682572229528
18_20220828 23,999.0752623007759
18_20220829 00,994.4638201562948
18_20220829 01,993.2589779351651
18_20220829 02,985.8070985246595
18_20220829 03,969.0728905671903
18_20220829 04,978.1797532101439
18_20220829 05,1019.0644551011993
18_20220829 06,1341.1312724434893
18_20220829 07,1813.6223969701543
18_20220829 08,2076.2029088363033
18_20220829 09,2124.333878334853
18_20220829 10,2109.6576299874596
18_20220829 11,2113.3589560766095
18_20220829 12,2056.9924687175567
18_20220829 13,2117.4946303396723
18_20220829 14,2088.207391230857
18_20220829 15,2078.723202930953
18_20220829 16,2014.8329108253918
18_20220829 17,1909.0623027422575
18_20220829 18,1566.5817451805283
18_20220829 19,1495.3445389753817
18_20220829 20,1306.911923566394
18_20220829 21,1160.1653925395408
18_20220829 22,1066.6178873670515
18_20220829 23,1026.4164392196858
18_20220830 00,993.7435608607265
18_20220830 01,995.7361276673382
18_20220830 02,981.6316054845533
18_20220830 03,975.6102528183696
18_20220830 04,979.1727141376186
18_20220830 05,996.9891136414365
18_20220830 06,1322.989345856043
18_20220830 07,1806.4805642249432
18_20220830 08,2047.6238200738753
18_20220830 09,2100.624882881234
18_20220830 10,2088.919071961029
18_20220830 11,2097.058757029783
18_20220830 12,2043.8773095538168
18_20220830 13,2107.820234646258
18_20220830 14,2071.640533348373
18_20220830 15,2072.3940944739297
18_20220830 16,2019.3856312036905
18_20220830 17,1952.6361615552598
18_20220830 18,1616.1609134269954
18_20220830 19,1537.1623788433576
18_20220830 20,1330.323999297497
18_20220830 21,1187.2201586750084
18_20220830 22,1078.6581333368918
18_20220830 23,1024.8008804096216
18_20220831 00,967.5147599155875
18_20220831 01,962.1238979721311
18_20220831 02,965.3595118961537
18_20220831 03,958.4884206938382
18_20220831 04,965.6531381599043
18_20220831 05,974.4413214219198
18_20220831 06,1247.1212725866305
18_20220831 07,1700.1812026067496
18_20220831 08,1981.7141368551668
18_20220831 09,2084.819922908222
18_20220831 10,2059.4709821522633
18_20220831 11,2080.982415906468
18_20220831 12,2012.4397112337078
18_20220831 13,2096.9189655828914
18_20220831 14,2056.983778691447
18_20220831 15,2062.573825986825
18_20220831 16,1964.2367636643244
18_20220831 17,1907.03606725665
18_20220831 18,1538.5816509675017
18_20220831 19,1454.0067516337945
18_20220831 20,1206.0178250144113
18_20220831 21,1096.4943288462086
18_20220831 22,1010.7490036473105
18_20220831 23,988.3013344967146
19_20220825 00,827.0319569752608
19_20220825 01,813.4218227969671
19_20220825 02,805.392375693054
19_20220825 03,777.9248151375826
19_20220825 04,776.0957427320354
19_20220825 05,1076.212966281463
19_20220825 06,1448.5650179119739
19_20220825 07,1871.2207804755149
19_20220825 08,2146.702785000347
19_20220825 09,2392.4096828153724
19_20220825 10,2420.1219014911803
19_20220825 11,2419.945578118141
19_20220825 12,2361.815404702831
19_20220825 13,2428.685209024396
19_20220825 14,2418.4365893521813
19_20220825 15,2347.2738599625736
19_20220825 16,2303.7558578009493
19_20220825 17,2300.38821353163
19_20220825 18,1846.821283037591
19_20220825 19,1647.6162686938717
19_20220825 20,1458.0085487405652
19_20220825 21,1217.646159741696
19_20220825 22,1059.9080012567608
19_20220825 23,957.8213997206227
19_20220826 00,811.1020719294255
19_20220826 01,800.3464130033649
19_20220826 02,798.5763742794757
19_20220826 03,776.8413022450682
19_20220826 04,777.0212262557177
19_20220826 05,1078.708284535599
19_20220826 06,1413.2287490245644
19_20220826 07,1838.8585349433183
19_20220826 08,2105.1551720578555
19_20220826 09,2365.716737190622
19_20220826 10,2375.1631269101094
19_20220826 11,2378.8261754593454
19_20220826 12,2321.4428872588796
19_20220826 13,2387.2658164750087
19_20220826 14,2366.2189583983763
19_20220826 15,2331.9711623137237
19_20220826 16,2289.5090485586966
19_20220826 17,2273.679016848752
19_20220826 18,1697.5970595893225
19_20220826 19,1583.0539182124644
19_20220826 20,1422.4213105256943
19_20220826 21,1210.8475837057376
19_20220826 22,1064.379280467053
19_20220826 23,962.194880724098
19_20220827 00,796.8429507359127
19_20220827 01,776.6762981767836
19_20220827 02,755.792065120859
19_20220827 03,753.38626166386
19_20220827 04,742.0372520754422
19_20220827 05,818.4807498650434
19_20220827 06,885.6743652487696
19_20220827 07,1082.2102874501213
19_20220827 08,1240.7427675007032
19_20220827 09,1382.871563171063
19_20220827 10,1390.191358220475
19_20220827 11,1391.6576564504994
19_20220827 12,1435.1408283308215
19_20220827 13,1451.5677921582433
19_20220827 14,1489.4685192693917
19_20220827 15,1502.5523039663553
19_20220827 16,1503.0914486858233
19_20220827 17,1468.2775988245185
19_20220827 18,1255.0088566275294
19_20220827 19,1176.8150023958751
19_20220827 20,1109.512331914048
19_20220827 21,988.4027578011735
19_20220827 22,877.35418259072
19_20220827 23,796.3749079651868
19_20220828 00,733.4140213540143
19_20220828 01,711.9745473010987
19_20220828 02,710.7211981676807
19_20220828 03,709.9799425709932
19_20220828 04,705.266246496772
19_20220828 05,790.5469382032691
19_20220828 06,859.4042381624636
19_20220828 07,1038.098740705581
19_20220828 08,1173.5022759323745
19_20220828 09,1283.8261278999494
19_20220828 10,1295.4421890600722
19_20220828 11,1308.253513572482
19_20220828 12,1331.6632342391376
19_20220828 13,1335.7575410881975
19_20220828 14,1364.8641741008007
19_20220828 15,1378.276678677475
19_20220828 16,1381.2136746874467
19_20220828 17,1336.9760260381918
19_20220828 18,1170.1467692309345
19_20220828 19,1147.8428003970948
19_20220828 20,1081.4243795066805
19_20220828 21,981.4974480956341
19_20220828 22,879.0009389018675
19_20220828 23,819.8612460153206
19_20220829 00,772.4893747998295
19_20220829 01,764.7163742843868
19_20220829 02,766.5237141589287
19_20220829 03,757.8623195347525
19_20220829 04,753.1902077629306
19_20220829 05,1050.7800643273213
19_20220829 06,1411.387362250107
19_20220829 07,1815.6286177651364
19_20220829 08,2056.8261868302516
19_20220829 09,2233.0977843217997
19_20220829 10,2224.7677013689254
19_20220829 11,2247.047756416063
19_20220829 12,2208.12286169638
19_20220829 13,2258.654244983291
19_20220829 14,2105.830159876145
19_20220829 15,2236.14989967292
19_20220829 16,2188.611528205161
19_20220829 17,2150.6133384895224
19_20220829 18,1788.3997838247403
19_20220829 19,1588.7637559296584
19_20220829 20,1393.4770605702142
19_20220829 21,1195.2223798632472
19_20220829 22,1058.0453840565729
19_20220829 23,965.2271997436166
19_20220830 00,811.3732308959054
19_20220830 01,807.3801680880247
19_20220830 02,803.9943233627672
19_20220830 03,792.1588592811486
19_20220830 04,774.7996560141069
19_20220830 05,1062.5338395466497
19_20220830 06,1429.425807778408
19_20220830 07,1810.9707133846005
19_20220830 08,2044.6283925697205
19_20220830 09,2266.452122963114
19_20220830 10,2270.4603763257696
19_20220830 11,2277.286380349027
19_20220830 12,2232.451314086636
19_20220830 13,2281.5852083983577
19_20220830 14,2295.2126604092514
19_20220830 15,2272.149060688359
19_20220830 16,2243.7027755567588
19_20220830 17,2240.3149763279616
19_20220830 18,1809.0393273845036
19_20220830 19,1623.906292980065
19_20220830 20,1460.3443977825862
19_20220830 21,1231.0856393801039
19_20220830 22,1070.8111319811178
19_20220830 23,960.149031894194
19_20220831 00,811.3030218710614
19_20220831 01,798.9441522623653
19_20220831 02,792.6532837223224
19_20220831 03,769.6363403640271
19_20220831 04,766.3098816988604
19_20220831 05,1049.7556605346717
19_20220831 06,1392.158375948582
19_20220831 07,1810.1842438438343
19_20220831 08,2064.130561641145
19_20220831 09,2258.4122858769842
19_20220831 10,2280.957206143375
19_20220831 11,2305.9416616892204
19_20220831 12,2237.7111666733704
19_20220831 13,2312.9950979886444
19_20220831 14,2326.111897094585
19_20220831 15,2287.254460776691
19_20220831 16,2189.712201925826
19_20220831 17,2222.0989930003293
19_20220831 18,1695.2824989286316
19_20220831 19,1563.9770384959893
19_20220831 20,1406.9997723820186
19_20220831 21,1185.9366329906338
19_20220831 22,1055.4695199919634
19_20220831 23,947.3427078195489
20_20220825 00,993.3764923476338
20_20220825 01,977.9198642608033
20_20220825 02,976.8632128057601
20_20220825 03,988.1613336004807
20_20220825 04,986.9767644014319
20_20220825 05,1217.2320087197422
20_20220825 06,2402.1366652944344
20_20220825 07,2678.5122339608174
20_20220825 08,2917.358299359701
20_20220825 09,3068.87504516891
20_20220825 10,3125.8027185379324
20_20220825 11,3072.037419382112
20_20220825 12,3041.0135242120623
20_20220825 13,3087.810821652341
20_20220825 14,3092.3283551537884
20_20220825 15,3076.853318751451
20_20220825 16,3062.083456026194
20_20220825 17,2802.236811683544
20_20220825 18,1623.9775744243884
20_20220825 19,1262.698500142422
20_20220825 20,1180.1527746934107
20_20220825 21,1121.1862258712447
20_20220825 22,1040.3900412030343
20_20220825 23,1009.3416790670203
20_20220826 00,988.9184954170782
20_20220826 01,982.5987769061101
20_20220826 02,983.116181788319
20_20220826 03,994.5634020870518
20_20220826 04,997.4793357757243
20_20220826 05,1254.0414477263553
20_20220826 06,2145.1977524584618
20_20220826 07,2534.4936631859846
20_20220826 08,2751.9775777769637
20_20220826 09,2914.1589993292355
20_20220826 10,2926.222220884602
20_20220826 11,2876.113166941149
20_20220826 12,2862.812572121709
20_20220826 13,2884.453845348597
20_20220826 14,2896.148337094176
20_20220826 15,2920.240589577985
20_20220826 16,2943.370566758304
20_20220826 17,2554.0633803682836
20_20220826 18,1515.644481667937
20_20220826 19,1237.9940687186875
20_20220826 20,1148.7544510176865
20_20220826 21,1071.7906852043404
20_20220826 22,1016.4067004543276
20_20220826 23,990.5667381666406
20_20220827 00,957.9768401238662
20_20220827 01,960.9027282800716
20_20220827 02,953.912689207968
20_20220827 03,962.0525314733038
20_20220827 04,956.0501071047267
20_20220827 05,952.3754376633689
20_20220827 06,945.7804092306172
20_20220827 07,912.3026542888776
20_20220827 08,856.7069969005275
20_20220827 09,824.9453175546525
20_20220827 10,794.9234208128885
20_20220827 11,766.1154043665745
20_20220827 12,767.8211222282715
20_20220827 13,775.7277625523418
20_20220827 14,805.5009082316401
20_20220827 15,840.8451252144234
20_20220827 16,871.421212429208
20_20220827 17,905.4242358374943
20_20220827 18,946.5980386122533
20_20220827 19,970.4513240413742
20_20220827 20,977.5412058235852
20_20220827 21,981.94977993111
20_20220827 22,978.7302889511752
20_20220827 23,958.1628828983277
20_20220828 00,950.7791458563777
20_20220828 01,948.6252762265199
20_20220828 02,941.5245299659352
20_20220828 03,950.0512165595862
20_20220828 04,943.4504833499795
20_20220828 05,941.6011891847417
20_20220828 06,929.787497916567
20_20220828 07,907.2937948548454
20_20220828 08,894.2922828253324
20_20220828 09,856.281120581503
20_20220828 10,834.6996644664132
20_20220828 11,778.4563551610615
20_20220828 12,770.6595381560961
20_20220828 13,780.428698105341
20_20220828 14,800.3408604119962
20_20220828 15,831.3268732181327
20_20220828 16,868.513064679368
20_20220828 17,917.1457268623783
20_20220828 18,959.54248926554
20_20220828 19,971.5756374454312
20_20220828 20,975.3696770101651
20_20220828 21,981.3269558892039
20_20220828 22,984.4968007702103
20_20220828 23,956.1257457575646
20_20220829 00,981.8027251338988
20_20220829 01,978.3167424084759
20_20220829 02,974.6129388624422
20_20220829 03,977.3357084311332
20_20220829 04,1003.6665135983214
20_20220829 05,1509.1562574846344
20_20220829 06,2242.9566893897218
20_20220829 07,2630.1417358927624
20_20220829 08,2864.74504887107
20_20220829 09,3015.544259746661
20_20220829 10,3026.0391543256287
20_20220829 11,2995.8278139638005
20_20220829 12,2978.4588646965294
20_20220829 13,2995.0903398036658
20_20220829 14,2996.3775998131277
20_20220829 15,3007.893170191801
20_20220829 16,3023.200270332165
20_20220829 17,2747.1214780474993
20_20220829 18,1607.6668990253788
20_20220829 19,1272.4665204587661
20_20220829 20,1177.7823316526885
20_20220829 21,1122.699175703503
20_20220829 22,1041.786743919105
20_20220829 23,1010.3013415209618
20_20220830 00,987.5051266324039
20_20220830 01,966.8831238631099
20_20220830 02,965.2702842733773
20_20220830 03,972.6882459959813
20_20220830 04,975.2838153187554
20_20220830 05,1224.346264577292
20_20220830 06,2226.036266733455
20_20220830 07,2546.1835145116966
20_20220830 08,2749.0035912961557
20_20220830 09,2955.007090413159
20_20220830 10,3016.5234542873027
20_20220830 11,2950.9821763624527
20_20220830 12,2929.77493310782
20_20220830 13,2993.4588397076336
20_20220830 14,2981.317228399443
20_20220830 15,2982.421714376716
20_20220830 16,3006.9882680059054
20_20220830 17,2710.6667293003484
20_20220830 18,1611.2954294564518
20_20220830 19,1299.946430585543
20_20220830 20,1211.5195210041763
20_20220830 21,1131.640265098222
20_20220830 22,1044.052657969972
20_20220830 23,1013.675761772817
20_20220831 00,993.0534942947937
20_20220831 01,982.6882149540904
20_20220831 02,981.7751977426791
20_20220831 03,986.3198931509907
20_20220831 04,981.2379046784981
20_20220831 05,1314.6698631054223
20_20220831 06,2254.1572467372353
20_20220831 07,2521.103113218932
20_20220831 08,2756.2402782243244
20_20220831 09,2946.1339558459686
20_20220831 10,2964.586705842485
20_20220831 11,2892.7076905221797
20_20220831 12,2892.0885093403244
20_20220831 13,2916.0850999733693
20_20220831 14,2911.339756898687
20_20220831 15,2933.302345545136
20_20220831 16,2958.989956069788
20_20220831 17,2673.993148569827
20_20220831 18,1620.0196043799729
20_20220831 19,1270.907029540008
20_20220831 20,1173.4877929124964
20_20220831 21,1114.0272523984518
20_20220831 22,1037.7414302327325
20_20220831 23,1003.2024392683109
21_20220825 00,1641.9294568687963
21_20220825 01,1639.1846434067213
21_20220825 02,1639.4380488225906
21_20220825 03,1568.8360611567375
21_20220825 04,1439.3190669588423
21_20220825 05,1476.4520440749907
21_20220825 06,1941.0241234873583
21_20220825 07,2714.8293856828986
21_20220825 08,3057.442138318591
21_20220825 09,3140.254774218013
21_20220825 10,3095.111458722027
21_20220825 11,3065.993204640958
21_20220825 12,2984.800301101681
21_20220825 13,2889.3654036285698
21_20220825 14,2976.961935748616
21_20220825 15,3063.563272812492
21_20220825 16,2974.5050886036265
21_20220825 17,2761.2016352380874
21_20220825 18,1955.388128584406
21_20220825 19,1706.2234090520792
21_20220825 20,1619.2524673822295
21_20220825 21,1498.278543087959
21_20220825 22,1385.7425438767082
21_20220825 23,1644.4529113271942
21_20220826 00,1619.6724690353522
21_20220826 01,1616.3420393203721
21_20220826 02,1610.5272797466241
21_20220826 03,1543.071731491527
21_20220826 04,1423.915642759202
21_20220826 05,1426.5744703114428
21_20220826 06,1925.1416107059047
21_20220826 07,2584.141912886056
21_20220826 08,2930.5739242185577
21_20220826 09,3023.486977686836
21_20220826 10,2982.4978331950233
21_20220826 11,2945.957538962996
21_20220826 12,2860.6493266037182
21_20220826 13,2782.2244937704863
21_20220826 14,2860.316883736843
21_20220826 15,2909.98047600278
21_20220826 16,2832.050967814896
21_20220826 17,2673.949160939853
21_20220826 18,1838.2730940250226
21_20220826 19,1635.3588923476216
21_20220826 20,1527.5929607253784
21_20220826 21,1450.3846076895857
21_20220826 22,1350.4208476422439
21_20220826 23,1640.282855873931
21_20220827 00,1613.6691967041847
21_20220827 01,1606.502611574304
21_20220827 02,1604.0812763554145
21_20220827 03,1546.8657515483783
21_20220827 04,1367.862014214706
21_20220827 05,1252.6476671443231
21_20220827 06,1267.9681273300776
21_20220827 07,1263.4702611468688
21_20220827 08,1253.8319169756376
21_20220827 09,1315.1754056702791
21_20220827 10,1321.704358169623
21_20220827 11,1300.535967027597
21_20220827 12,1286.4364467094042
21_20220827 13,1287.9851689705279
21_20220827 14,1315.6585989196528
21_20220827 15,1327.5246137584395
21_20220827 16,1351.7522678952669
21_20220827 17,1356.354439522418
21_20220827 18,1346.6198976199908
21_20220827 19,1375.2378850170699
21_20220827 20,1401.2539140280755
21_20220827 21,1377.058904443487
21_20220827 22,1353.0045510484997
21_20220827 23,1290.9758230795142
21_20220828 00,1401.78589090722
21_20220828 01,1378.5044304758646
21_20220828 02,1389.7483646160224
21_20220828 03,1370.560036009415
21_20220828 04,1288.030911606449
21_20220828 05,1244.9756798322442
21_20220828 06,1256.6855538151617
21_20220828 07,1240.741544027368
21_20220828 08,1246.1483251321629
21_20220828 09,1345.742391800692
21_20220828 10,1340.3313343218651
21_20220828 11,1350.193059751036
21_20220828 12,1311.018034376195
21_20220828 13,1307.5030354355226
21_20220828 14,1326.0501841018167
21_20220828 15,1326.303810182186
21_20220828 16,1334.2976067692118
21_20220828 17,1322.9233415259516
21_20220828 18,1293.8095333334745
21_20220828 19,1342.4021386022669
21_20220828 20,1348.3998017670524
21_20220828 21,1328.8852296050677
21_20220828 22,1300.8036112661903
21_20220828 23,1258.2325251572997
21_20220829 00,1317.3513532853758
21_20220829 01,1321.0516041099822
21_20220829 02,1323.4396379542409
21_20220829 03,1309.3747690495593
21_20220829 04,1295.8525172347518
21_20220829 05,1408.8064338672907
21_20220829 06,2033.577541815625
21_20220829 07,2615.550314298609
21_20220829 08,2988.7675080009826
21_20220829 09,3098.414600703688
21_20220829 10,3032.4825732174104
21_20220829 11,3007.7384856136337
21_20220829 12,2930.621039317475
21_20220829 13,2812.7421414279734
21_20220829 14,2922.183556459985
21_20220829 15,2964.1040849735937
21_20220829 16,2890.5127632392737
21_20220829 17,2703.1806083080323
21_20220829 18,1911.0297991182617
21_20220829 19,1711.7880866784255
21_20220829 20,1606.0567782667779
21_20220829 21,1465.1729284381026
21_20220829 22,1366.8076814849042
21_20220829 23,1575.9613699518063
21_20220830 00,1581.8919100503358
21_20220830 01,1565.589986987607
21_20220830 02,1562.2271362134334
21_20220830 03,1538.3693878855665
21_20220830 04,1459.6781322497325
21_20220830 05,1485.4714180734832
21_20220830 06,2026.4898534254125
21_20220830 07,2642.0438123392796
21_20220830 08,2955.135698512274
21_20220830 09,3018.9074024569663
21_20220830 10,2972.4891489913066
21_20220830 11,2952.3388845903282
21_20220830 12,2883.4268075653526
21_20220830 13,2800.4114389735582
21_20220830 14,2889.9719777510104
21_20220830 15,2942.1978922585895
21_20220830 16,2867.87942129303
21_20220830 17,2735.6946136803335
21_20220830 18,1929.397920593651
21_20220830 19,1697.524547263237
21_20220830 20,1602.1361323815847
21_20220830 21,1478.6147579084238
21_20220830 22,1348.7225380293935
21_20220830 23,1604.108930136621
21_20220831 00,1593.6278524671397
21_20220831 01,1589.760046102649
21_20220831 02,1591.218579050173
21_20220831 03,1562.7825812118333
21_20220831 04,1461.2037403455165
21_20220831 05,1422.9770172517137
21_20220831 06,1850.4356149439946
21_20220831 07,2542.0786829262433
21_20220831 08,2927.166837574101
21_20220831 09,3000.030717851576
21_20220831 10,2950.8757708702815
21_20220831 11,2927.9383187114668
21_20220831 12,2867.21851754158
21_20220831 13,2769.3259919429192
21_20220831 14,2868.5575590644676
21_20220831 15,2926.6389266641486
21_20220831 16,2843.911067971213
21_20220831 17,2709.1169241105185
21_20220831 18,1949.5379745131177
21_20220831 19,1727.7705319973577
21_20220831 20,1597.5527238930486
21_20220831 21,1471.6815227088744
21_20220831 22,1360.097332371914
21_20220831 23,1616.2440760148702
22_20220825 00,934.1800192579747
22_20220825 01,914.5726487947163
22_20220825 02,904.048545481467
22_20220825 03,902.2637101519696
22_20220825 04,908.4620994789154
22_20220825 05,990.2635524185306
22_20220825 06,1310.8832914266732
22_20220825 07,1391.6914281873865
22_20220825 08,1557.0754514202094
22_20220825 09,1629.2141322194088
22_20220825 10,1632.0165621832236
22_20220825 11,1644.996135910009
22_20220825 12,1599.3490759757565
22_20220825 13,1656.5336501828174
22_20220825 14,1651.9598102120935
22_20220825 15,1618.0310017321049
22_20220825 16,1625.2893091932137
22_20220825 17,1597.9478948371577
22_20220825 18,1333.6924107989362
22_20220825 19,1171.1685199629815
22_20220825 20,1116.2333739425605
22_20220825 21,1050.9004091261277
22_20220825 22,992.5174196709602
22_20220825 23,949.2112558041913
22_20220826 00,916.7719319727298
22_20220826 01,906.0629418773814
22_20220826 02,903.9403931395084
22_20220826 03,901.262951747118
22_20220826 04,903.6513168088634
22_20220826 05,983.8598762969209
22_20220826 06,1292.0881039174287
22_20220826 07,1377.2614674318359
22_20220826 08,1544.2082664736986
22_20220826 09,1621.5934248010128
22_20220826 10,1620.0984290938736
22_20220826 11,1631.941717985266
22_20220826 12,1585.7012394254054
22_20220826 13,1635.0897048616907
22_20220826 14,1641.6201293582585
22_20220826 15,1609.9996188674545
22_20220826 16,1614.3987431826351
22_20220826 17,1588.8048926667143
22_20220826 18,1334.6345495557193
22_20220826 19,1199.9525835147244
22_20220826 20,1116.1395276534852
22_20220826 21,1045.9608476588196
22_20220826 22,996.0925284012312
22_20220826 23,949.8527118863275
22_20220827 00,914.3072918628393
22_20220827 01,911.5727397940432
22_20220827 02,899.6265541881585
22_20220827 03,893.4148793460683
22_20220827 04,890.812036790325
22_20220827 05,899.5989003168604
22_20220827 06,975.0303323462315
22_20220827 07,1029.1604405755354
22_20220827 08,1082.5971159376472
22_20220827 09,1121.8912102892855
22_20220827 10,1129.6368677135265
22_20220827 11,1123.3377960672597
22_20220827 12,1109.8479111431147
22_20220827 13,1118.7445771762327
22_20220827 14,1117.4933961244278
22_20220827 15,1116.8228209069525
22_20220827 16,1107.3290533935524
22_20220827 17,1101.9968161766528
22_20220827 18,1036.668311076728
22_20220827 19,991.9361494119855
22_20220827 20,984.6354612816722
22_20220827 21,972.5337797854361
22_20220827 22,946.8819228881766
22_20220827 23,928.0928471374674
22_20220828 00,893.8279206427727
22_20220828 01,887.0978944292331
22_20220828 02,884.9541107085781
22_20220828 03,882.6291413173257
22_20220828 04,883.7892000285015
22_20220828 05,891.6009343307594
22_20220828 06,948.3840988343741
22_20220828 07,1009.0101764782278
22_20220828 08,1032.2834256088443
22_20220828 09,1031.9675530561642
22_20220828 10,1058.5889005117538
22_20220828 11,1051.1599953117961
22_20220828 12,1052.8025494585972
22_20220828 13,1063.6765750586649
22_20220828 14,1072.6805188394442
22_20220828 15,1059.2097066605777
22_20220828 16,1049.7092455287834
22_20220828 17,1022.092579146939
22_20220828 18,998.0427710781285
22_20220828 19,969.3933382770551
22_20220828 20,955.0819418065082
22_20220828 21,944.2939162213156
22_20220828 22,943.0570014932882
22_20220828 23,924.5387966254635
22_20220829 00,914.4510289212105
22_20220829 01,902.7208227989524
22_20220829 02,896.0294283409874
22_20220829 03,898.5544207836722
22_20220829 04,903.3415592681858
22_20220829 05,1050.1677791293473
22_20220829 06,1308.5818377172181
22_20220829 07,1371.008696573781
22_20220829 08,1551.4144017243195
22_20220829 09,1616.7987402198203
22_20220829 10,1616.6511477931758
22_20220829 11,1629.3253843807438
22_20220829 12,1567.5300781496323
22_20220829 13,1633.5091066432549
22_20220829 14,1644.4272564505545
22_20220829 15,1605.8174669786679
22_20220829 16,1606.7406307970534
22_20220829 17,1569.7803000080648
22_20220829 18,1288.7238892928553
22_20220829 19,1189.41089743878
22_20220829 20,1129.1648972410756
22_20220829 21,1062.3554588865993
22_20220829 22,993.0641808111022
22_20220829 23,950.2207787434941
22_20220830 00,907.9532618959929
22_20220830 01,898.3278358960808
22_20220830 02,893.1996123944209
22_20220830 03,892.3282327759368
22_20220830 04,895.0762329144228
22_20220830 05,1005.9417706246124
22_20220830 06,1300.2600188694491
22_20220830 07,1366.5170808656148
22_20220830 08,1525.2797352458397
22_20220830 09,1599.5213644196092
22_20220830 10,1588.1232920735945
22_20220830 11,1613.3566962579578
22_20220830 12,1563.7475037890329
22_20220830 13,1630.5304993367724
22_20220830 14,1643.9823002744192
22_20220830 15,1614.3478477954914
22_20220830 16,1611.4107701288174
22_20220830 17,1582.0199351824383
22_20220830 18,1297.8225522987389
22_20220830 19,1155.3312128430375
22_20220830 20,1112.3644326227077
22_20220830 21,1047.6866132252117
22_20220830 22,988.1793898169597
22_20220830 23,943.5721943690654
22_20220831 00,908.6544733927274
22_20220831 01,899.5228712727422
22_20220831 02,892.7124853321827
22_20220831 03,890.6128185265385
22_20220831 04,894.0616356414516
22_20220831 05,967.9469475447764
22_20220831 06,1261.4140475724978
22_20220831 07,1363.6302805104508
22_20220831 08,1505.6354574419722
22_20220831 09,1578.3022919944915
22_20220831 10,1574.7708273215487
22_20220831 11,1587.2082142098957
22_20220831 12,1540.7813395735907
22_20220831 13,1603.7812314383052
22_20220831 14,1613.1680600851437
22_20220831 15,1572.4811792021956
22_20220831 16,1582.2081142711306
22_20220831 17,1551.6512974218622
22_20220831 18,1291.688856674735
22_20220831 19,1165.5771725456982
22_20220831 20,1102.7343899223627
22_20220831 21,1035.8830034894545
22_20220831 22,987.143221541808
22_20220831 23,944.6318400048037
23_20220825 00,1047.5584500732423
23_20220825 01,1043.7308129882813
23_20220825 02,1031.9116325683594
23_20220825 03,1033.0047784423828
23_20220825 04,1033.7849084472657
23_20220825 05,1066.7502506103515
23_20220825 06,1447.10778515625
23_20220825 07,1520.0102413330078
23_20220825 08,1571.5358100585938
23_20220825 09,1617.8475802001954
23_20220825 10,1626.8128703613281
23_20220825 11,1631.3687091064453
23_20220825 12,1582.4277502441405
23_20220825 13,1621.9063044433594
23_20220825 14,1608.3984287109374
23_20220825 15,1594.1123507080079
23_20220825 16,1609.3480788574218
23_20220825 17,1572.345819946289
23_20220825 18,1201.6371983642578
23_20220825 19,1151.941892944336
23_20220825 20,1125.6760301513673
23_20220825 21,1089.8931837158202
23_20220825 22,1048.117734008789
23_20220825 23,1032.1068156738281
23_20220826 00,1022.6521219482422
23_20220826 01,1021.2347552490235
23_20220826 02,1017.5549512939454
23_20220826 03,1022.3764559326172
23_20220826 04,1018.4166485595703
23_20220826 05,1043.2280357666016
23_20220826 06,1391.7806037597657
23_20220826 07,1457.4257424316406
23_20220826 08,1513.3454611816405
23_20220826 09,1528.7374562988282
23_20220826 10,1573.7766807861328
23_20220826 11,1570.9112241210937
23_20220826 12,1547.5829875488282
23_20220826 13,1588.8297561035156
23_20220826 14,1578.4244483642578
23_20220826 15,1560.447240966797
23_20220826 16,1563.7540283203125
23_20220826 17,1527.9652781982422
23_20220826 18,1160.406092651367
23_20220826 19,1131.667428588867
23_20220826 20,1116.1661550292968
23_20220826 21,1090.2990922851563
23_20220826 22,1057.7837556152344
23_20220826 23,1044.6554025878906
23_20220827 00,1041.7674291992187
23_20220827 01,1035.8390899658202
23_20220827 02,1036.4437176513673
23_20220827 03,1035.4498107910156
23_20220827 04,1037.8571472167969
23_20220827 05,1035.775930786133
23_20220827 06,1056.7373693847655
23_20220827 07,1062.3496697998046
23_20220827 08,1062.9521112060547
23_20220827 09,1060.6928344726562
23_20220827 10,1057.9614428710938
23_20220827 11,1053.755284423828
23_20220827 12,1063.6460119628907
23_20220827 13,1067.739698486328
23_20220827 14,1066.3362286376953
23_20220827 15,1069.4452392578125
23_20220827 16,1067.5451196289061
23_20220827 17,1066.1898693847656
23_20220827 18,1068.1723388671876
23_20220827 19,1059.7426531982421
23_20220827 20,1052.3468347167968
23_20220827 21,1044.5359875488282
23_20220827 22,1029.9505895996094
23_20220827 23,1022.5444470214844
23_20220828 00,1024.7513217773437
23_20220828 01,1024.512298828125
23_20220828 02,1024.2720576171876
23_20220828 03,1025.6190895996094
23_20220828 04,1024.8791174316407
23_20220828 05,1026.3805031738282
23_20220828 06,1041.5389682617188
23_20220828 07,1043.5802875976563
23_20220828 08,1043.599048828125
23_20220828 09,1050.9658774414063
23_20220828 10,1062.1328298339843
23_20220828 11,1065.8593706054687
23_20220828 12,1069.5278002929688
23_20220828 13,1076.4163393554688
23_20220828 14,1078.112890625
23_20220828 15,1078.3845629882812
23_20220828 16,1077.1078247070313
23_20220828 17,1075.4972827148438
23_20220828 18,1074.0090541992188
23_20220828 19,1064.96930859375
23_20220828 20,1071.3420356445313
23_20220828 21,1065.6152309570311
23_20220828 22,1045.6927534179688
23_20220828 23,1033.7771791992188
23_20220829 00,1021.681001953125
23_20220829 01,1021.945259765625
23_20220829 02,1016.2936259765625
23_20220829 03,1013.87218359375
23_20220829 04,1015.011134765625
23_20220829 05,1038.563712890625
23_20220829 06,1414.2077548828124
23_20220829 07,1474.2771591796875
23_20220829 08,1524.994359375
23_20220829 09,1556.3762958984375
23_20220829 10,1555.500041015625
23_20220829 11,1561.299779296875
23_20220829 12,1533.367248046875
23_20220829 13,1574.0822900390624
23_20220829 14,1571.8163994140625
23_20220829 15,1580.90314453125
23_20220829 16,1586.86383984375
23_20220829 17,1553.2695849609374
23_20220829 18,1209.806138671875
23_20220829 19,1157.128265625
23_20220829 20,1126.28025
23_20220829 21,1089.149625
23_20220829 22,1049.7013388671876
23_20220829 23,1035.3284765624999
23_20220830 00,1019.863580078125
23_20220830 01,1022.1108400878907
23_20220830 02,1020.4696582031249
23_20220830 03,1019.6361809082031
23_20220830 04,1021.4960112304688
23_20220830 05,1049.2303188476562
23_20220830 06,1408.678041015625
23_20220830 07,1494.4879628906249
23_20220830 08,1537.225221435547
23_20220830 09,1562.2677797851563
23_20220830 10,1561.6780043945312
23_20220830 11,1566.2969526367187
23_20220830 12,1534.1779287109375
23_20220830 13,1567.8180217285155
23_20220830 14,1569.5355627441406
23_20220830 15,1596.9653928222656
23_20220830 16,1598.7034321289061
23_20220830 17,1585.244326171875
23_20220830 18,1258.2953857421876
23_20220830 19,1191.1101391601562
23_20220830 20,1157.5985500488282
23_20220830 21,1104.3238513183594
23_20220830 22,1065.2295346679687
23_20220830 23,1050.2820849609375
23_20220831 00,1041.924751586914
23_20220831 01,1040.8756640625
23_20220831 02,1039.8763555908204
23_20220831 03,1038.4885540771484
23_20220831 04,1035.154800415039
23_20220831 05,1057.3377410888672
23_20220831 06,1442.6907348632812
23_20220831 07,1506.2429541015624
23_20220831 08,1548.167978515625
23_20220831 09,1567.1141986083985
23_20220831 10,1563.218807373047
23_20220831 11,1561.807318725586
23_20220831 12,1516.3104669189454
23_20220831 13,1566.3742462158202
23_20220831 14,1556.9625183105468
23_20220831 15,1572.3533837890625
23_20220831 16,1574.3082336425782
23_20220831 17,1543.750147705078
23_20220831 18,1216.8632525634766
23_20220831 19,1171.0646002197266
23_20220831 20,1144.2766162109374
23_20220831 21,1105.2740069580077
23_20220831 22,1063.331788330078
23_20220831 23,1051.6391217041016
24_20220825 00,7747.256015625
24_20220825 01,7493.226890625
24_20220825 02,7365.20605078125
24_20220825 03,7314.7263984374995
24_20220825 04,7293.530477050781
24_20220825 05,7486.928500488281
24_20220825 06,8019.6863291015625
24_20220825 07,8907.51692578125
24_20220825 08,12062.104831054687
24_20220825 09,13167.016631835937
24_20220825 10,13852.488131835937
24_20220825 11,14046.208086914063
24_20220825 12,14075.3216953125
24_20220825 13,14071.121162109375
24_20220825 14,14128.288125
24_20220825 15,13789.475314453124
24_20220825 16,13237.39725
24_20220825 17,12141.185314453125
24_20220825 18,11318.02538671875
24_20220825 19,10528.509243164062
24_20220825 20,9877.280088867188
24_20220825 21,8977.032955078124
24_20220825 22,8432.289919921875
24_20220825 23,8036.255687988281
24_20220826 00,7584.7788515625
24_20220826 01,7433.3504970703125
24_20220826 02,7351.543233398437
24_20220826 03,7282.196362792969
24_20220826 04,7171.409468261719
24_20220826 05,7418.9320078125
24_20220826 06,7972.855877929687
24_20220826 07,8751.374296875
24_20220826 08,11915.564247070311
24_20220826 09,13084.8440625
24_20220826 10,13705.8598359375
24_20220826 11,13934.236599609374
24_20220826 12,14037.365569335938
24_20220826 13,14160.814787109375
24_20220826 14,14195.360750976562
24_20220826 15,14445.680915039062
24_20220826 16,13831.504743164061
24_20220826 17,12395.832278320313
24_20220826 18,11429.372288085937
24_20220826 19,10631.899420898437
24_20220826 20,9739.703469726563
24_20220826 21,8875.383521484375
24_20220826 22,8453.81307421875
24_20220826 23,8053.4081865234375
24_20220827 00,7491.137583007812
24_20220827 01,7391.427495117187
24_20220827 02,7218.436870117187
24_20220827 03,7169.766423339844
24_20220827 04,7063.1502734375
24_20220827 05,7030.9559716796875
24_20220827 06,7086.100581054688
24_20220827 07,7373.83697265625
24_20220827 08,8894.167158203125
24_20220827 09,9651.879370117187
24_20220827 10,9835.5251171875
24_20220827 11,9712.201962890626
24_20220827 12,9869.686533203125
24_20220827 13,9776.32123046875
24_20220827 14,9932.214794921874
24_20220827 15,9694.055454101563
24_20220827 16,9450.35548828125
24_20220827 17,9343.633046875
24_20220827 18,9057.504013671874
24_20220827 19,8723.91029296875
24_20220827 20,8505.011357421874
24_20220827 21,8025.489020996094
24_20220827 22,7883.565815429687
24_20220827 23,7586.972600097656
24_20220828 00,7356.734622070312
24_20220828 01,7119.904743164062
24_20220828 02,7084.765519042969
24_20220828 03,7011.371852050781
24_20220828 04,6982.5517412109375
24_20220828 05,6980.2582192382815
24_20220828 06,6972.857165039062
24_20220828 07,7163.926485351562
24_20220828 08,7829.217979980469
24_20220828 09,7996.050377929688
24_20220828 10,8145.971244140625
24_20220828 11,8395.314046875
24_20220828 12,8524.952255859374
24_20220828 13,8724.800478515624
24_20220828 14,8821.048400390624
24_20220828 15,8993.480384765626
24_20220828 16,9065.246080078125
24_20220828 17,8948.170916015624
24_20220828 18,8790.045612304688
24_20220828 19,8738.631008789062
24_20220828 20,8500.1442421875
24_20220828 21,8200.737213867187
24_20220828 22,8075.122186523437
24_20220828 23,7669.643020019531
24_20220829 00,7436.02409765625
24_20220829 01,7307.61690234375
24_20220829 02,7169.72621484375
24_20220829 03,7083.4878398437495
24_20220829 04,7043.13375
24_20220829 05,7334.1507890625
24_20220829 06,7901.6420390625
24_20220829 07,8826.109078125
24_20220829 08,11848.937859375
24_20220829 09,12873.950671875
24_20220829 10,13481.305453125
24_20220829 11,13674.580734375
24_20220829 12,13593.819703125
24_20220829 13,13750.6033828125
24_20220829 14,13748.6046328125
24_20220829 15,13763.3386875
24_20220829 16,13009.231453125
24_20220829 17,11956.070859375
24_20220829 18,11253.4006875
24_20220829 19,10500.9837421875
24_20220829 20,9880.5333046875
24_20220829 21,8984.744484375
24_20220829 22,8540.28975
24_20220829 23,8045.66975390625
24_20220830 00,7510.04446875
24_20220830 01,7375.033374023437
24_20220830 02,7285.505469726562
24_20220830 03,7183.562553710937
24_20220830 04,7110.486985351562
24_20220830 05,7317.731180664063
24_20220830 06,7853.798171875
24_20220830 07,8748.76266796875
24_20220830 08,11757.86000390625
24_20220830 09,12863.592962890625
24_20220830 10,13573.74103125
24_20220830 11,13670.6675
24_20220830 12,13651.147373046875
24_20220830 13,13681.535669921876
24_20220830 14,13745.360875
24_20220830 15,13703.157890625
24_20220830 16,13206.086560546875
24_20220830 17,12131.60306640625
24_20220830 18,11269.783947265625
24_20220830 19,10534.77516796875
24_20220830 20,9871.50896875
24_20220830 21,8948.433763671876
24_20220830 22,8553.24109765625
24_20220830 23,7962.521107421875
24_20220831 00,7536.190270996093
24_20220831 01,7375.155275878906
24_20220831 02,7297.084887695312
24_20220831 03,7224.79416015625
24_20220831 04,7101.1651171875
24_20220831 05,7382.300373535156
24_20220831 06,7891.275075683594
24_20220831 07,8697.894365234375
24_20220831 08,11861.2699609375
24_20220831 09,12869.038466796876
24_20220831 10,13475.790771484375
24_20220831 11,13718.205620117187
24_20220831 12,13814.506684570313
24_20220831 13,13911.396440429688
24_20220831 14,13972.93296875
24_20220831 15,13919.398603515625
24_20220831 16,13354.8146875
24_20220831 17,12287.3209375
24_20220831 18,11361.265107421876
24_20220831 19,10536.967280273437
24_20220831 20,9890.179150390624
24_20220831 21,8975.919272460937
24_20220831 22,8570.672573242187
24_20220831 23,8080.26666015625
25_20220825 00,5332.658348144531
25_20220825 01,5203.642315429687
25_20220825 02,5110.113944824218
25_20220825 03,5059.2154921875
25_20220825 04,5019.72392578125
25_20220825 05,5008.759936523437
25_20220825 06,5073.3881953125
25_20220825 07,5468.582898925782
25_20220825 08,8332.822681640624
25_20220825 09,9895.933810546874
25_20220825 10,10514.901366210937
25_20220825 11,10554.651249023438
25_20220825 12,10260.337294921876
25_20220825 13,10728.544456054688
25_20220825 14,10683.166552734376
25_20220825 15,10337.141124023437
25_20220825 16,10236.405436523437
25_20220825 17,9415.873974609374
25_20220825 18,9015.984755859376
25_20220825 19,8415.095493164063
25_20220825 20,7743.611151855469
25_20220825 21,6028.077921386719
25_20220825 22,5637.785446289063
25_20220825 23,5498.745676757812
25_20220826 00,5229.932756835938
25_20220826 01,5124.41146875
25_20220826 02,5088.82163671875
25_20220826 03,5079.208989257812
25_20220826 04,5014.026024902344
25_20220826 05,4984.235781738281
25_20220826 06,5091.421668457031
25_20220826 07,5472.844155761719
25_20220826 08,8249.622629882813
25_20220826 09,9839.588062499999
25_20220826 10,10407.131375976562
25_20220826 11,10699.930130859375
25_20220826 12,10139.461602539062
25_20220826 13,10820.517626953126
25_20220826 14,10788.153858398437
25_20220826 15,10897.25109375
25_20220826 16,10642.702444335937
25_20220826 17,9887.080690429688
25_20220826 18,9031.163736328124
25_20220826 19,8820.967435546874
25_20220826 20,7541.321453613281
25_20220826 21,5961.108911132813
25_20220826 22,5673.8427539062495
25_20220826 23,5548.152062988282
25_20220827 00,5182.929560546875
25_20220827 01,5102.302885742188
25_20220827 02,5011.377958984375
25_20220827 03,4977.570046386719
25_20220827 04,4925.626206054688
25_20220827 05,4882.5560229492185
25_20220827 06,4868.137893066406
25_20220827 07,4983.3160400390625
25_20220827 08,6551.451430664062
25_20220827 09,6920.936088867187
25_20220827 10,6931.5282055664065
25_20220827 11,6723.67541015625
25_20220827 12,6839.44369140625
25_20220827 13,6991.631000976562
25_20220827 14,7098.746384277344
25_20220827 15,7175.601875
25_20220827 16,7026.1603491210935
25_20220827 17,6652.104194335938
25_20220827 18,6205.885246582031
25_20220827 19,5564.1543798828125
25_20220827 20,5443.463984375
25_20220827 21,5364.6187744140625
25_20220827 22,5307.355549316406
25_20220827 23,5183.390798339844
25_20220828 00,5052.103598144531
25_20220828 01,4964.317948242187
25_20220828 02,4930.438016601563
25_20220828 03,4901.801522460937
25_20220828 04,4893.930583007813
25_20220828 05,4870.511501953125
25_20220828 06,4877.141944335937
25_20220828 07,4883.202741210937
25_20220828 08,5045.067849609375
25_20220828 09,5240.737708007812
25_20220828 10,5193.629181152343
25_20220828 11,5337.143222167969
25_20220828 12,5409.485791992188
25_20220828 13,5498.479649414063
25_20220828 14,5673.479857910156
25_20220828 15,5812.1282973632815
25_20220828 16,5824.394953125
25_20220828 17,5742.393952148437
25_20220828 18,5706.1168828125
25_20220828 19,5582.427662109375
25_20220828 20,5577.014583984375
25_20220828 21,5515.364674804688
25_20220828 22,5469.554477050781
25_20220828 23,5366.242854492188
25_20220829 00,5108.78049609375
25_20220829 01,5033.3166328125
25_20220829 02,4982.90296875
25_20220829 03,4950.959484375
25_20220829 04,4932.5834765624995
25_20220829 05,4882.8299765625
25_20220829 06,4981.26408984375
25_20220829 07,5386.279546875
25_20220829 08,8152.926234375
25_20220829 09,9740.737078125
25_20220829 10,10263.817640625
25_20220829 11,10315.9071796875
25_20220829 12,9871.055578125
25_20220829 13,10414.5185859375
25_20220829 14,10378.17496875
25_20220829 15,10311.357140625
25_20220829 16,10128.8472421875
25_20220829 17,9161.753015625
25_20220829 18,8547.0537890625
25_20220829 19,8263.706953125
25_20220829 20,7389.8078085937495
25_20220829 21,5937.2791875
25_20220829 22,5559.6624609375
25_20220829 23,5390.56196484375
25_20220830 00,5173.235936523437
25_20220830 01,5109.184411132813
25_20220830 02,5036.8343144531245
25_20220830 03,5041.015006835937
25_20220830 04,5002.378005859375
25_20220830 05,4914.072327148438
25_20220830 06,5001.947901367187
25_20220830 07,5324.677310546875
25_20220830 08,7993.8444140625
25_20220830 09,9647.4863828125
25_20220830 10,10102.011412109376
25_20220830 11,10195.60541015625
25_20220830 12,9804.382939453124
25_20220830 13,10271.855216796876
25_20220830 14,10254.803515625
25_20220830 15,10146.047015625
25_20220830 16,9994.921626953124
25_20220830 17,9375.110845703124
25_20220830 18,8743.80280078125
25_20220830 19,8425.77289453125
25_20220830 20,7562.0175859374995
25_20220830 21,5976.25061328125
25_20220830 22,5564.286749023438
25_20220830 23,5473.542373046875
25_20220831 00,5216.500842285156
25_20220831 01,5112.324106445312
25_20220831 02,5073.556564941407
25_20220831 03,5049.431760253906
25_20220831 04,4996.427890625
25_20220831 05,4964.199921875
25_20220831 06,5071.371096191406
25_20220831 07,5421.630458984375
25_20220831 08,8221.316928710938
25_20220831 09,9746.954956054688
25_20220831 10,10276.910927734374
25_20220831 11,10368.137895507813
25_20220831 12,9992.308452148438
25_20220831 13,10484.738232421874
25_20220831 14,10484.24765625
25_20220831 15,10424.613793945313
25_20220831 16,10340.593486328125
25_20220831 17,9468.022001953124
25_20220831 18,9040.590678710938
25_20220831 19,8519.59974609375
25_20220831 20,7750.136311035156
25_20220831 21,6119.533259277344
25_20220831 22,5642.765363769531
25_20220831 23,5493.84134765625
26_20220825 00,2862.415182128906
26_20220825 01,2777.152213623047
26_20220825 02,2705.7282092285154
26_20220825 03,2698.5114946289063
26_20220825 04,2695.1044650878907
26_20220825 05,2702.7982939453123
26_20220825 06,2773.804702880859
26_20220825 07,2876.601620361328
26_20220825 08,3341.4260895996094
26_20220825 09,4405.67883984375
26_20220825 10,4503.171114257812
26_20220825 11,4534.46691796875
26_20220825 12,4551.226158691406
26_20220825 13,4712.012699707031
26_20220825 14,4720.816180664063
26_20220825 15,4766.302519042969
26_20220825 16,4690.874610351562
26_20220825 17,4459.411543945313
26_20220825 18,3810.8043493652344
26_20220825 19,3458.4157104492188
26_20220825 20,3405.35433984375
26_20220825 21,3299.8879921875
26_20220825 22,3098.5691491699217
26_20220825 23,2961.0901215820313
26_20220826 00,2850.0025004882814
26_20220826 01,2768.069934082031
26_20220826 02,2705.9421877441405
26_20220826 03,2682.422864501953
26_20220826 04,2662.48262109375
26_20220826 05,2663.947940185547
26_20220826 06,2724.8515751953123
26_20220826 07,2786.503171142578
26_20220826 08,3216.4527568359376
26_20220826 09,4119.774145019531
26_20220826 10,4324.882672851562
26_20220826 11,4475.778490722656
26_20220826 12,4435.767881835937
26_20220826 13,4740.428468261719
26_20220826 14,4838.324603027344
26_20220826 15,4886.343020507812
26_20220826 16,4847.963756835938
26_20220826 17,4468.077191894531
26_20220826 18,3697.234047363281
26_20220826 19,3448.6698083496094
26_20220826 20,3342.3101967773437
26_20220826 21,3248.250253417969
26_20220826 22,3030.9410947265624
26_20220826 23,2932.317722167969
26_20220827 00,2745.125020751953
26_20220827 01,2675.4680139160155
26_20220827 02,2620.74640625
26_20220827 03,2606.971556396484
26_20220827 04,2601.363837890625
26_20220827 05,2597.9185021972658
26_20220827 06,2582.301827392578
26_20220827 07,2585.753415527344
26_20220827 08,2569.1017211914063
26_20220827 09,2582.639699707031
26_20220827 10,2638.671193847656
26_20220827 11,2703.225246582031
26_20220827 12,2714.6224853515623
26_20220827 13,2850.728515625
26_20220827 14,2966.238522949219
26_20220827 15,2987.164482421875
26_20220827 16,2992.296053466797
26_20220827 17,3009.754793701172
26_20220827 18,2999.0551831054686
26_20220827 19,2969.5527978515624
26_20220827 20,2969.1372509765624
26_20220827 21,2933.986746826172
26_20220827 22,2849.2428393554687
26_20220827 23,2780.4296716308595
26_20220828 00,2709.311626464844
26_20220828 01,2639.646197753906
26_20220828 02,2601.3544050292967
26_20220828 03,2586.136387939453
26_20220828 04,2564.593474365234
26_20220828 05,2560.9859604492185
26_20220828 06,2550.879812988281
26_20220828 07,2543.0067048339843
26_20220828 08,2506.8571069335935
26_20220828 09,2513.124171386719
26_20220828 10,2535.1943203125
26_20220828 11,2580.7804189453122
26_20220828 12,2623.869860595703
26_20220828 13,2719.378255371094
26_20220828 14,2846.1270314941407
26_20220828 15,2934.779438964844
26_20220828 16,2967.768275390625
26_20220828 17,2978.785759277344
26_20220828 18,2993.169549316406
26_20220828 19,2977.7247824707033
26_20220828 20,2984.268958740234
26_20220828 21,2948.1270717773436
26_20220828 22,2874.320869628906
26_20220828 23,2802.551318847656
26_20220829 00,2799.092982421875
26_20220829 01,2709.881466796875
26_20220829 02,2645.233435546875
26_20220829 03,2630.6038828125
26_20220829 04,2619.51178125
26_20220829 05,2623.677205078125
26_20220829 06,2686.828576171875
26_20220829 07,2764.915798828125
26_20220829 08,3258.56452734375
26_20220829 09,4334.68383984375
26_20220829 10,4584.06922265625
26_20220829 11,4583.66466796875
26_20220829 12,4494.6611953125
26_20220829 13,4641.5212734375
26_20220829 14,4547.4166640625
26_20220829 15,4544.5300078125
26_20220829 16,4509.59560546875
26_20220829 17,4358.6846953125
26_20220829 18,3747.2579414062498
26_20220829 19,3422.8055624999997
26_20220829 20,3374.776705078125
26_20220829 21,3255.028998046875
26_20220829 22,3072.484025390625
26_20220829 23,2923.005392578125
26_20220830 00,2797.2437822265624
26_20220830 01,2731.585478515625
26_20220830 02,2668.2071601562498
26_20220830 03,2655.710634765625
26_20220830 04,2635.9522001953123
26_20220830 05,2638.895802734375
26_20220830 06,2681.2332846679687
26_20220830 07,2760.9289619140623
26_20220830 08,3167.0612421875
26_20220830 09,4302.039388671875
26_20220830 10,4513.8795166015625
26_20220830 11,4548.937108398437
26_20220830 12,4499.44728125
26_20220830 13,4609.8009697265625
26_20220830 14,4655.026193359375
26_20220830 15,4654.335724609375
26_20220830 16,4621.1491113281245
26_20220830 17,4432.302072265625
26_20220830 18,3777.3200595703124
26_20220830 19,3415.2571870117185
26_20220830 20,3377.6664379882814
26_20220830 21,3276.696171875
26_20220830 22,3080.8547802734374
26_20220830 23,2932.2793310546876
26_20220831 00,2809.744483642578
26_20220831 01,2741.238887939453
26_20220831 02,2691.2467712402345
26_20220831 03,2669.576290283203
26_20220831 04,2647.376516113281
26_20220831 05,2649.6714025878905
26_20220831 06,2696.206640625
26_20220831 07,2776.417528076172
26_20220831 08,3270.938028564453
26_20220831 09,4316.721137695313
26_20220831 10,4374.330170898437
26_20220831 11,4447.368305664062
26_20220831 12,4382.089450683594
26_20220831 13,4606.842114257813
26_20220831 14,4644.3995678710935
26_20220831 15,4656.974670410156
26_20220831 16,4613.902563476562
26_20220831 17,4435.413637695312
26_20220831 18,3817.727977294922
26_20220831 19,3461.2952905273437
26_20220831 20,3423.373271484375
26_20220831 21,3310.905557861328
26_20220831 22,3091.0656298828126
26_20220831 23,2959.379113769531
27_20220825 00,14860.705740234374
27_20220825 01,14538.772171875
27_20220825 02,14243.877969726562
27_20220825 03,14019.4945078125
27_20220825 04,14005.432649414062
27_20220825 05,13834.920688476563
27_20220825 06,14480.011936523437
27_20220825 07,16891.928607421876
27_20220825 08,19468.272345703124
27_20220825 09,19773.81631640625
27_20220825 10,20863.7380546875
27_20220825 11,20979.42139453125
27_20220825 12,21540.56173828125
27_20220825 13,21602.293576171876
27_20220825 14,21958.94178515625
27_20220825 15,21794.52917578125
27_20220825 16,21548.55026953125
27_20220825 17,19565.079310546877
27_20220825 18,16985.396736328126
27_20220825 19,16136.614327148438
27_20220825 20,15788.987915039062
27_20220825 21,15651.4218984375
27_20220825 22,15253.602102539062
27_20220825 23,14884.8853125
27_20220826 00,14537.846859375
27_20220826 01,14337.135975585938
27_20220826 02,14070.937063476562
27_20220826 03,13877.698078125
27_20220826 04,13718.762162109375
27_20220826 05,13670.718202148437
27_20220826 06,14152.210344726562
27_20220826 07,15764.1712265625
27_20220826 08,18038.83224609375
27_20220826 09,19245.67107421875
27_20220826 10,20076.998812499998
27_20220826 11,20552.11979296875
27_20220826 12,20652.3504140625
27_20220826 13,20823.89178515625
27_20220826 14,21150.4769765625
27_20220826 15,21308.26974609375
27_20220826 16,21031.001783203126
27_20220826 17,19592.74808203125
27_20220826 18,17426.73031640625
27_20220826 19,16559.80503515625
27_20220826 20,16333.11889453125
27_20220826 21,16107.093966796874
27_20220826 22,15699.289470703125
27_20220826 23,15087.125853515625
27_20220827 00,14623.658212890625
27_20220827 01,14387.451557617187
27_20220827 02,14033.345981445313
27_20220827 03,13853.796064453125
27_20220827 04,13814.301796875
27_20220827 05,13867.610112304686
27_20220827 06,13879.9428125
27_20220827 07,13823.508276367187
27_20220827 08,14044.382021484374
27_20220827 09,14107.722138671876
27_20220827 10,14457.097021484375
27_20220827 11,14755.192265624999
27_20220827 12,15027.965122070313
27_20220827 13,15386.171337890624
27_20220827 14,15764.768208007812
27_20220827 15,16116.059223632812
27_20220827 16,15995.9690625
27_20220827 17,15831.668369140625
27_20220827 18,15339.377104492187
27_20220827 19,14948.134912109375
27_20220827 20,14854.640712890625
27_20220827 21,14775.155830078125
27_20220827 22,14576.904379882812
27_20220827 23,14278.993823242186
27_20220828 00,14142.702758789062
27_20220828 01,13868.09025
27_20220828 02,13648.712150390626
27_20220828 03,13523.717853515625
27_20220828 04,13475.404974609375
27_20220828 05,13487.228733398437
27_20220828 06,13506.6400546875
27_20220828 07,13560.744811523437
27_20220828 08,13665.739828125
27_20220828 09,13926.968077148438
27_20220828 10,14401.6331484375
27_20220828 11,14677.602782226562
27_20220828 12,15063.689422851563
27_20220828 13,15353.998508789062
27_20220828 14,15840.526857421875
27_20220828 15,16220.398482421875
27_20220828 16,16285.012283203125
27_20220828 17,16373.39312109375
27_20220828 18,16011.166048828125
27_20220828 19,15627.365701171875
27_20220828 20,15425.674564453126
27_20220828 21,15394.838525390625
27_20220828 22,15211.0502578125
27_20220828 23,14870.089951171874
27_20220829 00,14737.700484375
27_20220829 01,14618.3914453125
27_20220829 02,14249.2473046875
27_20220829 03,14015.559796874999
27_20220829 04,13862.359453125
27_20220829 05,13838.3734921875
27_20220829 06,14158.6039921875
27_20220829 07,16248.890015625
27_20220829 08,18200.755875
27_20220829 09,18560.440546875
27_20220829 10,19314.89371875
27_20220829 11,19439.52346875
27_20220829 12,19494.2315625
27_20220829 13,19341.594328125
27_20220829 14,19329.2578125
27_20220829 15,19300.73334375
27_20220829 16,19207.17646875
27_20220829 17,17687.63446875
27_20220829 18,16399.44009375
27_20220829 19,15779.399015625
27_20220829 20,15769.451390625
27_20220829 21,15605.131078125
27_20220829 22,15176.460703125
27_20220829 23,14772.2279296875
27_20220830 00,14448.664671875
27_20220830 01,14230.84287890625
27_20220830 02,14004.066089843749
27_20220830 03,13829.973984375
27_20220830 04,13673.472529296874
27_20220830 05,13666.563046875
27_20220830 06,14114.77124609375
27_20220830 07,15735.971732421875
27_20220830 08,17633.4402734375
27_20220830 09,18649.40941796875
27_20220830 10,19464.40037109375
27_20220830 11,19543.2308046875
27_20220830 12,19578.61541015625
27_20220830 13,19557.63283203125
27_20220830 14,19871.675281249998
27_20220830 15,19914.59750390625
27_20220830 16,19866.0479609375
27_20220830 17,18082.16248828125
27_20220830 18,16888.382296875
27_20220830 19,15875.216263671875
27_20220830 20,16263.26066015625
27_20220830 21,16213.64280859375
27_20220830 22,15874.32728515625
27_20220830 23,15337.132048828125
27_20220831 00,15020.551650390626
27_20220831 01,14807.945556640625
27_20220831 02,14441.029208984375
27_20220831 03,14228.589526367186
27_20220831 04,13971.080322265625
27_20220831 05,13962.122978515625
27_20220831 06,14401.466645507813
27_20220831 07,16622.4290625
27_20220831 08,18318.664472656248
27_20220831 09,18882.686630859374
27_20220831 10,19614.09337890625
27_20220831 11,19935.07640625
27_20220831 12,19676.159921874998
27_20220831 13,19874.6528125
27_20220831 14,19912.157841796874
27_20220831 15,20116.052841796874
27_20220831 16,20169.8219140625
27_20220831 17,18358.16451171875
27_20220831 18,16797.081875
27_20220831 19,16265.14724609375
27_20220831 20,16505.04091796875
27_20220831 21,16016.74640625
27_20220831 22,15701.259755859375
27_20220831 23,15227.758520507812
28_20220825 00,1273.3988569847188
28_20220825 01,1236.5728023103884
28_20220825 02,1180.3395153535566
28_20220825 03,1177.1941336942834
28_20220825 04,1155.3092353880083
28_20220825 05,1127.79695188218
28_20220825 06,1123.1869074478632
28_20220825 07,1191.2496039660557
28_20220825 08,1547.8942070083885
28_20220825 09,2317.066489719861
28_20220825 10,2429.5043017793455
28_20220825 11,2607.1044074261545
28_20220825 12,2442.943241702818
28_20220825 13,2707.202570481921
28_20220825 14,2636.9892436434893
28_20220825 15,2666.3462403399176
28_20220825 16,2440.8310671005943
28_20220825 17,2193.756763782364
28_20220825 18,1820.5511306830497
28_20220825 19,1773.9954461579987
28_20220825 20,1621.730667133044
28_20220825 21,1565.2331968354138
28_20220825 22,1444.9573898770523
28_20220825 23,1395.1388075654004
28_20220826 00,1292.8225573964626
28_20220826 01,1254.4429865287093
28_20220826 02,1199.9212440321871
28_20220826 03,1183.3417046740833
28_20220826 04,1168.7851234239502
28_20220826 05,1136.5785614951806
28_20220826 06,1132.1891251644447
28_20220826 07,1209.6511486114414
28_20220826 08,1633.4427312180069
28_20220826 09,2367.0158945811413
28_20220826 10,2526.001749181229
28_20220826 11,2640.379303881619
28_20220826 12,2478.421504480359
28_20220826 13,2673.4242240281264
28_20220826 14,2590.0455378341653
28_20220826 15,2610.666045401222
28_20220826 16,2401.081721444746
28_20220826 17,2154.6272825206074
28_20220826 18,1702.3401954395713
28_20220826 19,1681.839799310362
28_20220826 20,1530.9551479152956
28_20220826 21,1472.3727547010271
28_20220826 22,1374.9184769727808
28_20220826 23,1314.7742161220367
28_20220827 00,1221.312306792986
28_20220827 01,1219.1458277355664
28_20220827 02,1179.0102018530374
28_20220827 03,1171.47143711076
28_20220827 04,1138.7061982764444
28_20220827 05,1107.7593974113265
28_20220827 06,1105.6223048185775
28_20220827 07,1115.9712009670297
28_20220827 08,1122.5540990667475
28_20220827 09,1171.6800029722185
28_20220827 10,1210.0822413650835
28_20220827 11,1293.8026400111141
28_20220827 12,1287.6423049338052
28_20220827 13,1418.1700233792621
28_20220827 14,1418.5059481048313
28_20220827 15,1510.8819963945487
28_20220827 16,1440.0652388550543
28_20220827 17,1485.0465758463129
28_20220827 18,1359.4038875830488
28_20220827 19,1395.9576136750577
28_20220827 20,1370.1550371238127
28_20220827 21,1395.7125083674728
28_20220827 22,1326.2400557657625
28_20220827 23,1298.8852068870654
28_20220828 00,1214.6321766722172
28_20220828 01,1206.9447547658442
28_20220828 02,1152.750758673495
28_20220828 03,1148.6193520418412
28_20220828 04,1109.3882833479945
28_20220828 05,1075.5992318585793
28_20220828 06,1069.0379112164808
28_20220828 07,1061.6072021442628
28_20220828 08,1033.9829418435725
28_20220828 09,1030.3916725839774
28_20220828 10,1060.8863036709774
28_20220828 11,1116.4803140002134
28_20220828 12,1110.9804294877536
28_20220828 13,1238.4757771649884
28_20220828 14,1238.1519219419524
28_20220828 15,1347.6613251636707
28_20220828 16,1328.783988893293
28_20220828 17,1399.7718544291588
28_20220828 18,1335.7227689919002
28_20220828 19,1404.0534306174914
28_20220828 20,1356.4502086605803
28_20220828 21,1403.74110462465
28_20220828 22,1335.3023394430627
28_20220828 23,1296.8165504359845
28_20220829 00,1266.2745006343423
28_20220829 01,1239.4322805457255
28_20220829 02,1187.4635974825853
28_20220829 03,1171.8704808506764
28_20220829 04,1150.8419007615967
28_20220829 05,1116.1940574535952
28_20220829 06,1114.0167778021232
28_20220829 07,1197.3702366434911
28_20220829 08,1558.3860427490285
28_20220829 09,2213.54275480171
28_20220829 10,2374.8797933312267
28_20220829 11,2584.881023464023
28_20220829 12,2392.234860060061
28_20220829 13,2671.682352130553
28_20220829 14,2555.2573937296224
28_20220829 15,2614.8697146756713
28_20220829 16,2339.5771322041664
28_20220829 17,2087.7052125905307
28_20220829 18,1669.2568532395094
28_20220829 19,1629.3387714649157
28_20220829 20,1547.9015356428774
28_20220829 21,1508.8705323070108
28_20220829 22,1425.5243804255726
28_20220829 23,1379.2143796184891
28_20220830 00,1262.1129556206793
28_20220830 01,1235.8817591136494
28_20220830 02,1181.9651678948105
28_20220830 03,1167.3470170535938
28_20220830 04,1152.6011213430425
28_20220830 05,1118.6068079237352
28_20220830 06,1108.8045401926238
28_20220830 07,1186.9927723853157
28_20220830 08,1542.4503708241364
28_20220830 09,2256.650849073601
28_20220830 10,2277.852332283054
28_20220830 11,2481.153659571639
28_20220830 12,2241.921250740203
28_20220830 13,2411.9786624803387
28_20220830 14,2294.674105774926
28_20220830 15,2312.1326927951072
28_20220830 16,2115.69412900125
28_20220830 17,1902.5010868587551
28_20220830 18,1542.2649205683363
28_20220830 19,1521.0015215760125
28_20220830 20,1462.62570516551
28_20220830 21,1453.0951366383201
28_20220830 22,1375.7276947763005
28_20220830 23,1339.7649677582024
28_20220831 00,1227.488509928895
28_20220831 01,1205.1523555777849
28_20220831 02,1149.292763677155
28_20220831 03,1136.528638881381
28_20220831 04,1114.6471602217166
28_20220831 05,1095.1228673335718
28_20220831 06,1086.0700602738198
28_20220831 07,1168.077424637747
28_20220831 08,1509.052092883103
28_20220831 09,2117.1258782418545
28_20220831 10,2135.3908412794985
28_20220831 11,2227.3543012179716
28_20220831 12,2090.871693727951
28_20220831 13,2277.4545452890507
28_20220831 14,2169.8406708009406
28_20220831 15,2229.8806949545133
28_20220831 16,2037.4795567136787
28_20220831 17,1853.858863513358
28_20220831 18,1499.7737240098163
28_20220831 19,1481.4437122524953
28_20220831 20,1416.8991827256966
28_20220831 21,1418.5923623574172
28_20220831 22,1336.1840416960517
28_20220831 23,1288.7079064969935
29_20220825 00,1158.2141589251355
29_20220825 01,1125.6748510641585
29_20220825 02,1110.810709345672
29_20220825 03,1109.5786164811552
29_20220825 04,1104.840545684725
29_20220825 05,1091.318279741497
29_20220825 06,1105.084826141288
29_20220825 07,1128.2244281856058
29_20220825 08,1284.0695599356827
29_20220825 09,1744.2183546180192
29_20220825 10,1873.6076771638873
29_20220825 11,1919.1592360676739
29_20220825 12,1836.686159136415
29_20220825 13,1886.3833454778594
29_20220825 14,1884.740538073809
29_20220825 15,1893.2975363798146
29_20220825 16,1894.2792476342581
29_20220825 17,1781.7069412859132
29_20220825 18,1487.779383482765
29_20220825 19,1419.0726962984618
29_20220825 20,1392.04194588457
29_20220825 21,1343.7379866647425
29_20220825 22,1300.5625907492413
29_20220825 23,1227.905606862148
29_20220826 00,1148.5339748249392
29_20220826 01,1108.738735669804
29_20220826 02,1095.6552170117232
29_20220826 03,1085.6577731258249
29_20220826 04,1098.246164211489
29_20220826 05,1055.1420023356586
29_20220826 06,1094.5105126069304
29_20220826 07,1110.272391514944
29_20220826 08,1225.9230448890903
29_20220826 09,1632.3363183733916
29_20220826 10,1707.4115634420407
29_20220826 11,1710.5654380386613
29_20220826 12,1644.4223160248198
29_20220826 13,1746.6833379067396
29_20220826 14,1765.867280897578
29_20220826 15,1810.6880113434122
29_20220826 16,1798.8442697489277
29_20220826 17,1683.8734404892202
29_20220826 18,1429.3553681901315
29_20220826 19,1351.5841430190194
29_20220826 20,1337.7521662588986
29_20220826 21,1301.8945489956377
29_20220826 22,1253.9894543342298
29_20220826 23,1197.4393805093869
29_20220827 00,1103.3932767336178
29_20220827 01,1094.3561391639937
29_20220827 02,1077.700670816363
29_20220827 03,1079.2611836970302
29_20220827 04,1052.833460218657
29_20220827 05,1042.0371612040587
29_20220827 06,1040.0265525075479
29_20220827 07,1024.9853697034498
29_20220827 08,995.2580184332525
29_20220827 09,1035.8357052709582
29_20220827 10,1036.2858597161135
29_20220827 11,1033.7424172824653
29_20220827 12,1005.2944428937567
29_20220827 13,1014.1679972634497
29_20220827 14,1061.0786625936607
29_20220827 15,1105.113904437862
29_20220827 16,1173.431632245135
29_20220827 17,1215.7491534905523
29_20220827 18,1212.0932350649923
29_20220827 19,1188.0625320486301
29_20220827 20,1202.1757746820895
29_20220827 21,1199.380868852265
29_20220827 22,1203.2164086660796
29_20220827 23,1159.343598449806
29_20220828 00,1106.9485524368638
29_20220828 01,1092.4055802395603
29_20220828 02,1051.2193544872334
29_20220828 03,1057.2646109116026
29_20220828 04,1050.1918487390453
29_20220828 05,1032.8466034735084
29_20220828 06,1039.8767527664425
29_20220828 07,1016.0276383464784
29_20220828 08,967.0134686870213
29_20220828 09,982.4537263464814
29_20220828 10,970.1886474710795
29_20220828 11,996.9655005928448
29_20220828 12,987.9623446046049
29_20220828 13,1008.0281173400492
29_20220828 14,1041.9867916252822
29_20220828 15,1091.1151123551183
29_20220828 16,1162.5065177118436
29_20220828 17,1211.612196736119
29_20220828 18,1211.4822384903703
29_20220828 19,1202.7522335585813
29_20220828 20,1214.5565405935429
29_20220828 21,1209.7380918204399
29_20220828 22,1210.6211283111388
29_20220828 23,1152.5383158799536
29_20220829 00,1151.3162704336248
29_20220829 01,1119.1252446628646
29_20220829 02,1104.575163138138
29_20220829 03,1096.8854672851464
29_20220829 04,1068.7830795642953
29_20220829 05,1059.0260312024286
29_20220829 06,1091.347580991065
29_20220829 07,1123.0908319959053
29_20220829 08,1285.7244574546844
29_20220829 09,1689.800098969646
29_20220829 10,1806.5449503891434
29_20220829 11,1827.475325693554
29_20220829 12,1753.029622013755
29_20220829 13,1838.6192236512063
29_20220829 14,1886.1083255361564
29_20220829 15,1902.1844899576
29_20220829 16,1875.887695228615
29_20220829 17,1757.4487206490694
29_20220829 18,1481.920317470906
29_20220829 19,1409.709519429938
29_20220829 20,1388.3561038113255
29_20220829 21,1354.126317773794
29_20220829 22,1300.8519883386339
29_20220829 23,1228.3530914765552
29_20220830 00,1155.9028486736272
29_20220830 01,1112.1307334658686
29_20220830 02,1101.0688352666755
29_20220830 03,1103.346199403139
29_20220830 04,1097.7841759388893
29_20220830 05,1062.4756200100157
29_20220830 06,1109.2132120067129
29_20220830 07,1133.0108477892322
29_20220830 08,1296.6102253659863
29_20220830 09,1711.0153827843153
29_20220830 10,1805.0763323084764
29_20220830 11,1819.9879008630276
29_20220830 12,1782.6056072333865
29_20220830 13,1880.6726977708154
29_20220830 14,1912.0120796952815
29_20220830 15,1952.1693883729185
29_20220830 16,1934.1363457280506
29_20220830 17,1811.5116589123954
29_20220830 18,1492.1437055648091
29_20220830 19,1424.6544570704652
29_20220830 20,1399.2476284853788
29_20220830 21,1344.1344031469062
29_20220830 22,1289.35956691318
29_20220830 23,1210.641167899671
29_20220831 00,1136.360368494492
29_20220831 01,1103.121290079245
29_20220831 02,1093.6698935580025
29_20220831 03,1091.8931918781377
29_20220831 04,1081.985248651535
29_20220831 05,1055.2452171271343
29_20220831 06,1086.5523434495421
29_20220831 07,1112.7745852398682
29_20220831 08,1270.3281420034652
29_20220831 09,1730.8616122777591
29_20220831 10,1841.802781130261
29_20220831 11,1819.371223571127
29_20220831 12,1732.705150545033
29_20220831 13,1844.905395666973
29_20220831 14,1825.8635303478043
29_20220831 15,1866.4540030853132
29_20220831 16,1894.6650257909826
29_20220831 17,1787.8096308009995
29_20220831 18,1468.0343455852528
29_20220831 19,1407.9999011810535
29_20220831 20,1365.7853852598423
29_20220831 21,1319.3331066816895
29_20220831 22,1266.7254050093738
29_20220831 23,1207.3811110196589
30_20220825 00,761.1546581102364
30_20220825 01,742.6245359733082
30_20220825 02,731.6816515860289
30_20220825 03,728.863717965775
30_20220825 04,726.288270144685
30_20220825 05,706.0888508684652
30_20220825 06,687.703390657246
30_20220825 07,657.0405127712388
30_20220825 08,781.4200556679663
30_20220825 09,1056.9424612857833
30_20220825 10,1094.3787524663103
30_20220825 11,1019.2605325675194
30_20220825 12,994.8738519774339
30_20220825 13,1161.5445932817524
30_20220825 14,1188.739040131881
30_20220825 15,1173.4328839799298
30_20220825 16,1196.8366483477187
30_20220825 17,1120.2032185507928
30_20220825 18,926.5198937907913
30_20220825 19,923.3419402073213
30_20220825 20,922.7841849582242
30_20220825 21,892.6336205042426
30_20220825 22,864.7136794429728
30_20220825 23,797.6171796835267
30_20220826 00,754.4934731622126
30_20220826 01,743.9478328998972
30_20220826 02,723.9045680386196
30_20220826 03,720.1591848585801
30_20220826 04,715.4497365023103
30_20220826 05,697.4906569399718
30_20220826 06,678.7006338505153
30_20220826 07,639.5332327008894
30_20220826 08,736.7818100832403
30_20220826 09,959.9013218621269
30_20220826 10,997.871190254679
30_20220826 11,938.2699823024096
30_20220826 12,854.3737914155927
30_20220826 13,983.7978723694011
30_20220826 14,1019.9372033267657
30_20220826 15,1036.3932035121868
30_20220826 16,1100.1943939408552
30_20220826 17,1028.478704681638
30_20220826 18,858.8512745170593
30_20220826 19,877.2263999501944
30_20220826 20,875.3218773448191
30_20220826 21,849.5561076927065
30_20220826 22,829.2344704463769
30_20220826 23,767.0761436010406
30_20220827 00,723.8413389827026
30_20220827 01,719.8732615098145
30_20220827 02,712.653002069341
30_20220827 03,707.1067706995495
30_20220827 04,699.8317612145822
30_20220827 05,684.2692161276696
30_20220827 06,637.4879566578264
30_20220827 07,583.1622783320506
30_20220827 08,481.542878910075
30_20220827 09,390.9362941013004
30_20220827 10,398.47590752128724
30_20220827 11,368.08846124271656
30_20220827 12,364.7436386683433
30_20220827 13,396.1255520661855
30_20220827 14,422.06551527128704
30_20220827 15,515.3267204333577
30_20220827 16,603.8482965390317
30_20220827 17,684.9812080192528
30_20220827 18,732.6373119991217
30_20220827 19,757.5481089018764
30_20220827 20,812.155360490807
30_20220827 21,800.3732866552375
30_20220827 22,796.9832522789103
30_20220827 23,772.9935726492856
30_20220828 00,733.6858737514561
30_20220828 01,724.3029564357792
30_20220828 02,717.0309856049444
30_20220828 03,703.299112236276
30_20220828 04,695.9936955749072
30_20220828 05,682.1812215962882
30_20220828 06,635.0973654109971
30_20220828 07,575.029942669364
30_20220828 08,509.50157407245575
30_20220828 09,447.5460855634143
30_20220828 10,342.6583409575235
30_20220828 11,289.52031679226025
30_20220828 12,308.3496433552492
30_20220828 13,311.31143524105624
30_20220828 14,373.7450252171135
30_20220828 15,492.2572858767032
30_20220828 16,590.6945565953934
30_20220828 17,677.3054016360027
30_20220828 18,736.1879733463647
30_20220828 19,780.738899770236
30_20220828 20,812.151966883287
30_20220828 21,802.5793255305675
30_20220828 22,795.2554353018854
30_20220828 23,765.153559632417
30_20220829 00,771.0514337218692
30_20220829 01,753.4835754145713
30_20220829 02,747.090380399573
30_20220829 03,750.0027499468924
30_20220829 04,737.7618988125178
30_20220829 05,719.7752445932782
30_20220829 06,704.1963538782085
30_20220829 07,670.783239088015
30_20220829 08,801.0971705636368
30_20220829 09,1090.7583051704403
30_20220829 10,1107.313972175537
30_20220829 11,1057.0094329483072
30_20220829 12,1014.4190771302586
30_20220829 13,1181.3315404945363
30_20220829 14,1197.2759450572585
30_20220829 15,1202.7985196807742
30_20220829 16,1207.6638552376635
30_20220829 17,1117.182378318301
30_20220829 18,949.5422627326258
30_20220829 19,947.1147790443002
30_20220829 20,957.054386161148
30_20220829 21,938.4707691197164
30_20220829 22,894.1145309975146
30_20220829 23,819.8581701682401
30_20220830 00,767.240253491573
30_20220830 01,752.8163373718877
30_20220830 02,738.845992431823
30_20220830 03,733.0523338623477
30_20220830 04,733.2033410072574
30_20220830 05,714.5389885437289
30_20220830 06,697.1580184380064
30_20220830 07,665.3654114473347
30_20220830 08,791.4356063956809
30_20220830 09,1090.2376930766845
30_20220830 10,1119.3898065204733
30_20220830 11,1048.780624308526
30_20220830 12,1010.3179823783158
30_20220830 13,1183.3426977308932
30_20220830 14,1193.0961440723377
30_20220830 15,1191.205328641641
30_20220830 16,1199.5904318802845
30_20220830 17,1136.2588451638564
30_20220830 18,930.1156692271178
30_20220830 19,934.8632644204812
30_20220830 20,936.1938884807889
30_20220830 21,929.0264877117249
30_20220830 22,883.5230167172805
30_20220830 23,814.7915697868928
30_20220831 00,759.1342413698312
30_20220831 01,745.7520091164572
30_20220831 02,729.0785384258792
30_20220831 03,724.8111174806747
30_20220831 04,718.986298740795
30_20220831 05,701.4070650039986
30_20220831 06,688.5528955370335
30_20220831 07,660.4763824092715
30_20220831 08,790.3684346686877
30_20220831 09,1091.296985646296
30_20220831 10,1103.0081593807704
30_20220831 11,1005.5929841627928
30_20220831 12,984.4325158612766
30_20220831 13,1098.5982087748748
30_20220831 14,1149.961701590733
30_20220831 15,1136.4585402721564
30_20220831 16,1167.701932320012
30_20220831 17,1067.8441122301285
30_20220831 18,914.7472986092607
30_20220831 19,918.1596256752124
30_20220831 20,923.2123243310542
30_20220831 21,907.7162719907021
30_20220831 22,864.6524270328875
30_20220831 23,794.707359268102
31_20220825 00,1005.3539896468938
31_20220825 01,995.3561014216807
31_20220825 02,996.1719121626854
31_20220825 03,971.0140932895845
31_20220825 04,921.9089754537292
31_20220825 05,923.6717180588269
31_20220825 06,977.58165151938
31_20220825 07,1028.8476324605595
31_20220825 08,1240.5673599620616
31_20220825 09,1622.8163136199967
31_20220825 10,1709.5624128290417
31_20220825 11,1703.2085056061333
31_20220825 12,1732.0247449416802
31_20220825 13,1812.283592544003
31_20220825 14,1795.373591520413
31_20220825 15,1816.9032173374633
31_20220825 16,1796.033912347856
31_20220825 17,1671.921983351574
31_20220825 18,1399.4201133809436
31_20220825 19,1330.600039689434
31_20220825 20,1402.598482794427
31_20220825 21,1228.0934791693642
31_20220825 22,1122.0733152047148
31_20220825 23,1121.4469157039903
31_20220826 00,1003.3262371535336
31_20220826 01,983.8519074087294
31_20220826 02,987.183979629244
31_20220826 03,963.8306839838403
31_20220826 04,916.8102015620677
31_20220826 05,922.2016623190179
31_20220826 06,966.4093442922547
31_20220826 07,1016.2887452657724
31_20220826 08,1197.5557794749643
31_20220826 09,1549.393702606738
31_20220826 10,1632.6797843016648
31_20220826 11,1627.3131984679603
31_20220826 12,1654.5074148411597
31_20220826 13,1763.9107544848544
31_20220826 14,1754.3536556344284
31_20220826 15,1768.7254512755853
31_20220826 16,1779.5605271318109
31_20220826 17,1607.2338520082021
31_20220826 18,1334.0098171268035
31_20220826 19,1285.2846703838184
31_20220826 20,1344.5517181112623
31_20220826 21,1183.1930547271395
31_20220826 22,1071.4558068195797
31_20220826 23,1061.6688556195231
31_20220827 00,972.1198878290081
31_20220827 01,969.3870807072353
31_20220827 02,965.2626797231741
31_20220827 03,943.8176645731899
31_20220827 04,894.9297192927465
31_20220827 05,885.06451044498
31_20220827 06,887.3084178699177
31_20220827 07,888.5487132230983
31_20220827 08,905.7654077025987
31_20220827 09,932.0165883389893
31_20220827 10,966.0192739880497
31_20220827 11,965.3195538516845
31_20220827 12,1037.240691824943
31_20220827 13,1036.6637591693177
31_20220827 14,1045.1731627655274
31_20220827 15,1099.2881098053763
31_20220827 16,1110.4792881754724
31_20220827 17,1103.8687650316742
31_20220827 18,1063.668333678053
31_20220827 19,1063.5062287106393
31_20220827 20,1155.623273327442
31_20220827 21,1068.4581381689195
31_20220827 22,1054.12066133723
31_20220827 23,1025.1362456528163
31_20220828 00,955.1769607121237
31_20220828 01,948.8287418601628
31_20220828 02,951.5395073811485
31_20220828 03,943.7953065148135
31_20220828 04,884.0848263664191
31_20220828 05,874.7650924068248
31_20220828 06,875.2056143634625
31_20220828 07,867.826029311627
31_20220828 08,864.9937459028055
31_20220828 09,832.0158545743951
31_20220828 10,835.1125114353874
31_20220828 11,841.9067026974135
31_20220828 12,940.6205601496531
31_20220828 13,948.0050406478529
31_20220828 14,966.79401211802
31_20220828 15,1033.383470324186
31_20220828 16,1053.8059623315041
31_20220828 17,1058.3673914176045
31_20220828 18,1065.897316498388
31_20220828 19,1091.2417520065508
31_20220828 20,1179.2428073946126
31_20220828 21,1091.7292882474667
31_20220828 22,1066.428263886029
31_20220828 23,1075.9539656196748
31_20220829 00,1003.7421850893134
31_20220829 01,993.720969319246
31_20220829 02,997.1260943230225
31_20220829 03,970.7612033754656
31_20220829 04,928.3342460428727
31_20220829 05,928.8313550959397
31_20220829 06,963.1786082273253
31_20220829 07,1031.1398621444728
31_20220829 08,1200.4005007231726
31_20220829 09,1608.1129489737461
31_20220829 10,1675.3710190752226
31_20220829 11,1636.1308003243437
31_20220829 12,1663.419891083074
31_20220829 13,1736.272910543004
31_20220829 14,1722.5646121467846
31_20220829 15,1723.2081032433211
31_20220829 16,1681.0042187675401
31_20220829 17,1581.9869985894688
31_20220829 18,1341.3129644643989
31_20220829 19,1314.9265992135734
31_20220829 20,1374.5933843100233
31_20220829 21,1213.0220752483692
31_20220829 22,1115.9785379748187
31_20220829 23,1111.946328558848
31_20220830 00,998.9131390766659
31_20220830 01,984.379540250802
31_20220830 02,985.6390592674283
31_20220830 03,963.0999476811339
31_20220830 04,918.7375073135977
31_20220830 05,926.8906422901065
31_20220830 06,976.8718041790971
31_20220830 07,1051.8590861507935
31_20220830 08,1214.1818465098402
31_20220830 09,1592.183568580326
31_20220830 10,1683.3768502540206
31_20220830 11,1678.4949129637282
31_20220830 12,1682.3693288314807
31_20220830 13,1761.0976839872028
31_20220830 14,1732.340578875063
31_20220830 15,1746.6215618668984
31_20220830 16,1692.9225680808422
31_20220830 17,1577.0601810821202
31_20220830 18,1356.7597615361508
31_20220830 19,1315.459233391093
31_20220830 20,1369.1528467428548
31_20220830 21,1215.4577504792524
31_20220830 22,1113.114695977438
31_20220830 23,1103.8699553639185
31_20220831 00,995.2018720715165
31_20220831 01,981.090836151616
31_20220831 02,983.7782361160673
31_20220831 03,963.3220670454687
31_20220831 04,920.2504803607167
31_20220831 05,922.7534421394839
31_20220831 06,974.1414664876395
31_20220831 07,1024.1249969945352
31_20220831 08,1220.0104930518705
31_20220831 09,1608.0502641066034
31_20220831 10,1649.0323357566965
31_20220831 11,1634.2957401588812
31_20220831 12,1636.9604052479137
31_20220831 13,1731.3771281762058
31_20220831 14,1695.660139424538
31_20220831 15,1706.1423399743696
31_20220831 16,1677.3928948662654
31_20220831 17,1582.9864385931894
31_20220831 18,1322.685002472893
31_20220831 19,1287.5421771657723
31_20220831 20,1356.3126047648614
31_20220831 21,1202.3455272687283
31_20220831 22,1096.4870314772213
31_20220831 23,1077.1391166450449
32_20220825 00,9694.55148828125
32_20220825 01,9660.604806640626
32_20220825 02,9650.089572265624
32_20220825 03,9621.111338867187
32_20220825 04,9592.539110351563
32_20220825 05,9594.023900390624
32_20220825 06,9590.491560546874
32_20220825 07,9596.866908203125
32_20220825 08,9628.307458984375
32_20220825 09,9672.506494140625
32_20220825 10,9721.055720703125
32_20220825 11,9755.429827148437
32_20220825 12,9785.958083984375
32_20220825 13,9768.083159179687
32_20220825 14,9809.301904296875
32_20220825 15,9632.327588867187
32_20220825 16,9649.638780273437
32_20220825 17,9713.557774414063
32_20220825 18,9696.936888671875
32_20220825 19,9676.801188476562
32_20220825 20,9664.414631835938
32_20220825 21,9652.173146484374
32_20220825 22,9649.875373046874
32_20220825 23,9636.428530273437
32_20220826 00,9650.811208007812
32_20220826 01,9638.16078515625
32_20220826 02,9630.190248046874
32_20220826 03,9615.610116210937
32_20220826 04,9597.668115234375
32_20220826 05,9580.759259765626
32_20220826 06,9582.982620117187
32_20220826 07,9592.761893554687
32_20220826 08,9622.284099609375
32_20220826 09,9711.0994921875
32_20220826 10,9749.9278125
32_20220826 11,9787.645916015625
32_20220826 12,9794.533552734374
32_20220826 13,9819.739766601562
32_20220826 14,9830.269265625
32_20220826 15,9905.6469375
32_20220826 16,9913.246751953126
32_20220826 17,9830.399018554688
32_20220826 18,9791.637038085937
32_20220826 19,9749.652697265625
32_20220826 20,9807.165439453125
32_20220826 21,9805.713767578125
32_20220826 22,9800.553893554688
32_20220826 23,9784.847935546875
32_20220827 00,9756.33842578125
32_20220827 01,9738.44933203125
32_20220827 02,9632.2381875
32_20220827 03,9625.5210234375
32_20220827 04,9561.87720703125
32_20220827 05,9547.052953125
32_20220827 06,9534.2703046875
32_20220827 07,9530.0411953125
32_20220827 08,9518.41503515625
32_20220827 09,9513.881484375
32_20220827 10,9511.3934296875
32_20220827 11,9497.03605078125
32_20220827 12,9529.4965078125
32_20220827 13,9554.7311015625
32_20220827 14,9600.7533046875
32_20220827 15,9608.75729296875
32_20220827 16,9628.78817578125
32_20220827 17,9600.4848515625
32_20220827 18,9606.4647421875
32_20220827 19,9564.910921875
32_20220827 20,9539.60532421875
32_20220827 21,9544.53863671875
32_20220827 22,9548.21722265625
32_20220827 23,9531.2239453125
32_20220828 00,9545.8154453125
32_20220828 01,9546.445385742187
32_20220828 02,9552.448805664062
32_20220828 03,9548.170663085937
32_20220828 04,9546.114350585938
32_20220828 05,9529.448677734375
32_20220828 06,9512.66130078125
32_20220828 07,9513.629091796874
32_20220828 08,9515.206376953125
32_20220828 09,9519.089224609375
32_20220828 10,9548.827865234374
32_20220828 11,9612.469374023438
32_20220828 12,9600.353487304688
32_20220828 13,9654.574125
32_20220828 14,9735.609583984375
32_20220828 15,9759.9990859375
32_20220828 16,9769.4238515625
32_20220828 17,9777.492346679688
32_20220828 18,9757.978797851563
32_20220828 19,9651.730143554687
32_20220828 20,9667.058044921874
32_20220828 21,9632.873796875
32_20220828 22,9625.408954101562
32_20220828 23,9621.079208984374
32_20220829 00,9595.512788085938
32_20220829 01,9586.453818359374
32_20220829 02,9590.597060546876
32_20220829 03,9567.586713867187
32_20220829 04,9532.443974609376
32_20220829 05,9508.69806640625
32_20220829 06,9516.940825195312
32_20220829 07,9529.980766601562
32_20220829 08,9560.596450195313
32_20220829 09,9584.808764648438
32_20220829 10,9591.563881835937
32_20220829 11,9615.822836914062
32_20220829 12,9615.025087890624
32_20220829 13,9638.050009765624
32_20220829 14,9609.720688476562
32_20220829 15,9620.821157226563
32_20220829 16,9609.257197265624
32_20220829 17,9593.986279296874
32_20220829 18,9574.804350585937
32_20220829 19,9585.166342773437
32_20220829 20,9582.428149414063
32_20220829 21,9578.159560546876
32_20220829 22,9589.231850585937
32_20220829 23,9577.794208984375
32_20220830 00,9560.22793359375
32_20220830 01,9549.93071484375
32_20220830 02,9544.16473828125
32_20220830 03,9546.9700703125
32_20220830 04,9522.35109765625
32_20220830 05,9518.34209375
32_20220830 06,9496.170263671875
32_20220830 07,9525.72137890625
32_20220830 08,9592.929951171875
32_20220830 09,9673.7594296875
32_20220830 10,9691.99894140625
32_20220830 11,9696.2486796875
32_20220830 12,9699.21320703125
32_20220830 13,9716.01025390625
32_20220830 14,9729.89907421875
32_20220830 15,9726.801560546875
32_20220830 16,9733.31594921875
32_20220830 17,9722.98184375
32_20220830 18,9711.823611328125
32_20220830 19,9706.324578125
32_20220830 20,9717.12462109375
32_20220830 21,9711.10237890625
32_20220830 22,9713.062228515624
32_20220830 23,9631.554228515624
32_20220831 00,9633.3411796875
32_20220831 01,9615.3198046875
32_20220831 02,9588.88592578125
32_20220831 03,9563.2904765625
32_20220831 04,9576.90474609375
32_20220831 05,9598.1349140625
32_20220831 06,9557.70840234375
32_20220831 07,9546.55203515625
32_20220831 08,9552.24791015625
32_20220831 09,9599.7884296875
32_20220831 10,9617.56761328125
32_20220831 11,9674.71603125
32_20220831 12,9684.5923828125
32_20220831 13,9703.17692578125
32_20220831 14,9721.45897265625
32_20220831 15,9728.94064453125
32_20220831 16,9747.45223828125
32_20220831 17,9729.5991328125
32_20220831 18,9705.77878125
32_20220831 19,9700.0109296875
32_20220831 20,9675.94644140625
32_20220831 21,9648.97565625
32_20220831 22,9641.1068671875
32_20220831 23,9646.3280859375
33_20220825 00,8672.189327148437
33_20220825 01,8648.162990234376
33_20220825 02,8617.876194335937
33_20220825 03,8600.241756835938
33_20220825 04,8582.563505859374
33_20220825 05,8582.357095703124
33_20220825 06,8586.960431640626
33_20220825 07,8607.316172851562
33_20220825 08,8640.923056640626
33_20220825 09,8687.570778320312
33_20220825 10,8698.453072265625
33_20220825 11,8724.970935546875
33_20220825 12,8712.505514648437
33_20220825 13,8716.048564453125
33_20220825 14,8733.699553710938
33_20220825 15,8684.755032226563
33_20220825 16,8696.062803710938
33_20220825 17,8706.939255859375
33_20220825 18,8683.8933671875
33_20220825 19,8673.267138671876
33_20220825 20,8668.678407226562
33_20220825 21,8667.339662109374
33_20220825 22,8665.513126953125
33_20220825 23,8660.94289453125
33_20220826 00,8675.865254882812
33_20220826 01,8654.487240234375
33_20220826 02,8630.244905273437
33_20220826 03,8615.710625976562
33_20220826 04,8605.47575390625
33_20220826 05,8602.23290625
33_20220826 06,8608.13715234375
33_20220826 07,8624.337732421875
33_20220826 08,8658.327146484375
33_20220826 09,8705.2235625
33_20220826 10,8728.015201171875
33_20220826 11,8763.3606796875
33_20220826 12,8766.004517578125
33_20220826 13,8774.471627929688
33_20220826 14,8797.060344726562
33_20220826 15,8822.610940429688
33_20220826 16,8810.706840820312
33_20220826 17,8782.849959960937
33_20220826 18,8745.041126953125
33_20220826 19,8715.683794921875
33_20220826 20,8716.52475
33_20220826 21,8707.231318359374
33_20220826 22,8706.42938671875
33_20220826 23,8700.027591796876
33_20220827 00,8659.83191015625
33_20220827 01,8636.4852421875
33_20220827 02,8615.1023671875
33_20220827 03,8601.9948515625
33_20220827 04,8570.85526171875
33_20220827 05,8559.9216328125
33_20220827 06,8559.86424609375
33_20220827 07,8563.16349609375
33_20220827 08,8572.42415625
33_20220827 09,8591.2683984375
33_20220827 10,8600.14388671875
33_20220827 11,8606.39806640625
33_20220827 12,8619.18849609375
33_20220827 13,8628.65925
33_20220827 14,8657.3740078125
33_20220827 15,8665.0852265625
33_20220827 16,8668.1860546875
33_20220827 17,8663.7507421875
33_20220827 18,8657.0160703125
33_20220827 19,8620.66498828125
33_20220827 20,8623.28921484375
33_20220827 21,8623.772625
33_20220827 22,8624.1947578125
33_20220827 23,8621.7650625
33_20220828 00,8628.552078125
33_20220828 01,8605.900510742187
33_20220828 02,8602.534662109376
33_20220828 03,8585.0345859375
33_20220828 04,8569.485669921874
33_20220828 05,8560.680134765626
33_20220828 06,8562.794865234375
33_20220828 07,8568.511063476562
33_20220828 08,8583.1807890625
33_20220828 09,8603.404116210937
33_20220828 10,8614.3993515625
33_20220828 11,8642.675595703126
33_20220828 12,8665.255114257812
33_20220828 13,8662.643831054687
33_20220828 14,8679.922892578124
33_20220828 15,8690.238532226562
33_20220828 16,8713.509330078125
33_20220828 17,8713.797525390624
33_20220828 18,8682.357948242188
33_20220828 19,8675.318583007813
33_20220828 20,8666.034994140626
33_20220828 21,8643.248091796875
33_20220828 22,8642.099205078124
33_20220828 23,8641.137255859376
33_20220829 00,8623.07033203125
33_20220829 01,8602.191850585938
33_20220829 02,8580.446630859375
33_20220829 03,8559.624506835937
33_20220829 04,8542.854287109374
33_20220829 05,8538.987001953124
33_20220829 06,8547.581508789062
33_20220829 07,8576.141118164063
33_20220829 08,8618.104077148437
33_20220829 09,8663.619497070313
33_20220829 10,8685.859301757813
33_20220829 11,8696.533203125
33_20220829 12,8686.429677734375
33_20220829 13,8685.3783203125
33_20220829 14,8691.1462109375
33_20220829 15,8691.41439453125
33_20220829 16,8687.629702148437
33_20220829 17,8682.203842773437
33_20220829 18,8642.29015625
33_20220829 19,8638.433559570312
33_20220829 20,8632.265336914063
33_20220829 21,8629.963427734376
33_20220829 22,8637.203413085937
33_20220829 23,8626.414853515626
33_20220830 00,8622.248181640625
33_20220830 01,8603.605828125
33_20220830 02,8585.192560546875
33_20220830 03,8578.26465234375
33_20220830 04,8558.566173828125
33_20220830 05,8554.133943359375
33_20220830 06,8561.98790234375
33_20220830 07,8580.32254296875
33_20220830 08,8618.054744140625
33_20220830 09,8666.59863671875
33_20220830 10,8692.38051171875
33_20220830 11,8689.23931640625
33_20220830 12,8689.09953515625
33_20220830 13,8712.852640625
33_20220830 14,8714.193181640625
33_20220830 15,8710.206503906249
33_20220830 16,8713.488451171876
33_20220830 17,8708.667939453126
33_20220830 18,8671.394880859374
33_20220830 19,8673.18000390625
33_20220830 20,8667.55380859375
33_20220830 21,8660.1201640625
33_20220830 22,8657.66234375
33_20220830 23,8629.92935546875
33_20220831 00,8645.62918359375
33_20220831 01,8622.28932421875
33_20220831 02,8601.1544765625
33_20220831 03,8588.3426484375
33_20220831 04,8572.0487109375
33_20220831 05,8570.0216953125
33_20220831 06,8578.0869609375
33_20220831 07,8594.33323828125
33_20220831 08,8629.075546875
33_20220831 09,8666.837953125
33_20220831 10,8687.17522265625
33_20220831 11,8703.2794921875
33_20220831 12,8703.7969453125
33_20220831 13,8706.6215390625
33_20220831 14,8712.19194140625
33_20220831 15,8711.33794921875
33_20220831 16,8707.5397265625
33_20220831 17,8721.8475
33_20220831 18,8697.2295703125
33_20220831 19,8672.46087890625
33_20220831 20,8663.90150390625
33_20220831 21,8661.7976484375
33_20220831 22,8656.69509375
33_20220831 23,8653.17116015625
34_20220825 00,3252.546982421875
34_20220825 01,3241.761078125
34_20220825 02,3237.621434814453
34_20220825 03,3229.012330078125
34_20220825 04,3215.960295410156
34_20220825 05,3216.320539550781
34_20220825 06,3230.052169921875
34_20220825 07,3231.005843261719
34_20220825 08,3254.3701098632814
34_20220825 09,3267.5182907714843
34_20220825 10,3281.4098403320313
34_20220825 11,3296.0523041992187
34_20220825 12,3304.0623813476564
34_20220825 13,3308.040158203125
34_20220825 14,3310.2381342773438
34_20220825 15,3251.198257568359
34_20220825 16,3267.779954589844
34_20220825 17,3276.4535625
34_20220825 18,3269.2498967285155
34_20220825 19,3258.2159594726563
34_20220825 20,3247.740887451172
34_20220825 21,3242.9270034179685
34_20220825 22,3242.417793457031
34_20220825 23,3239.9252934570313
34_20220826 00,3239.3748142089844
34_20220826 01,3236.343180908203
34_20220826 02,3232.224988769531
34_20220826 03,3227.644612792969
34_20220826 04,3225.510762451172
34_20220826 05,3223.9417763671877
34_20220826 06,3234.966873046875
34_20220826 07,3239.907971923828
34_20220826 08,3253.009359375
34_20220826 09,3283.347399169922
34_20220826 10,3296.3073266601564
34_20220826 11,3320.498443359375
34_20220826 12,3328.3604465332032
34_20220826 13,3349.168962890625
34_20220826 14,3345.55734375
34_20220826 15,3363.0500874023437
34_20220826 16,3376.595854248047
34_20220826 17,3332.055966064453
34_20220826 18,3322.640098388672
34_20220826 19,3297.8316796875
34_20220826 20,3304.629074707031
34_20220826 21,3283.554467285156
34_20220826 22,3288.901897705078
34_20220826 23,3283.0256997070314
34_20220827 00,3260.5015634765623
34_20220827 01,3253.4279208984376
34_20220827 02,3224.9359013671874
34_20220827 03,3231.067283203125
34_20220827 04,3204.84301171875
34_20220827 05,3197.5113720703125
34_20220827 06,3214.5328564453125
34_20220827 07,3214.185861328125
34_20220827 08,3219.3650126953125
34_20220827 09,3225.7483125
34_20220827 10,3233.527130859375
34_20220827 11,3232.9039013671877
34_20220827 12,3251.25038671875
34_20220827 13,3252.3259013671873
34_20220827 14,3268.2961875
34_20220827 15,3268.452298828125
34_20220827 16,3267.466025390625
34_20220827 17,3270.6869765625
34_20220827 18,3267.4079091796875
34_20220827 19,3243.5887734375
34_20220827 20,3226.3396875
34_20220827 21,3229.170603515625
34_20220827 22,3227.6321044921874
34_20220827 23,3223.330775390625
34_20220828 00,3212.8614655761717
34_20220828 01,3203.137064453125
34_20220828 02,3203.4315883789063
34_20220828 03,3196.681392089844
34_20220828 04,3196.8790395507813
34_20220828 05,3193.4657263183594
34_20220828 06,3208.7308283691405
34_20220828 07,3210.3120080566405
34_20220828 08,3225.244857910156
34_20220828 09,3236.0044741210936
34_20220828 10,3248.9632834472654
34_20220828 11,3270.9513200683596
34_20220828 12,3271.6890903320314
34_20220828 13,3298.655554931641
34_20220828 14,3310.7395551757813
34_20220828 15,3328.654642333984
34_20220828 16,3343.103109863281
34_20220828 17,3345.2224650878907
34_20220828 18,3315.1075153808592
34_20220828 19,3277.9699956054687
34_20220828 20,3270.3970795898435
34_20220828 21,3250.8657619628907
34_20220828 22,3245.9124050292967
34_20220828 23,3247.9558168945314
34_20220829 00,3230.8850024414064
34_20220829 01,3222.3317919921874
34_20220829 02,3223.713763427734
34_20220829 03,3215.9264794921874
34_20220829 04,3202.0270874023436
34_20220829 05,3200.3774182128905
34_20220829 06,3222.654875488281
34_20220829 07,3224.9276342773437
34_20220829 08,3240.7101416015626
34_20220829 09,3253.5161511230467
34_20220829 10,3254.5594921875
34_20220829 11,3261.468134765625
34_20220829 12,3261.786359863281
34_20220829 13,3265.936646728516
34_20220829 14,3261.3656225585937
34_20220829 15,3273.6362365722657
34_20220829 16,3262.754152832031
34_20220829 17,3251.862109375
34_20220829 18,3247.134644775391
34_20220829 19,3245.0491772460937
34_20220829 20,3246.2428857421874
34_20220829 21,3206.0121887207033
34_20220829 22,3246.8377966308594
34_20220829 23,3241.644168701172
34_20220830 00,3221.7466845703125
34_20220830 01,3218.5918994140625
34_20220830 02,3210.16376953125
34_20220830 03,3204.466470214844
34_20220830 04,3197.8804921875
34_20220830 05,3203.351617675781
34_20220830 06,3221.364712890625
34_20220830 07,3229.7066928710938
34_20220830 08,3253.098939453125
34_20220830 09,3282.2535224609373
34_20220830 10,3287.2652626953127
34_20220830 11,3287.2674467773436
34_20220830 12,3287.4290688476563
34_20220830 13,3288.3473540039063
34_20220830 14,3293.269546875
34_20220830 15,3293.14723828125
34_20220830 16,3286.1613305664064
34_20220830 17,3284.724204589844
34_20220830 18,3280.53586328125
34_20220830 19,3274.1401430664064
34_20220830 20,3273.80306640625
34_20220830 21,3265.6343569335936
34_20220830 22,3278.7019624023437
34_20220830 23,3248.503388183594
34_20220831 00,3232.497087890625
34_20220831 01,3227.197083984375
34_20220831 02,3223.59776953125
34_20220831 03,3218.849748046875
34_20220831 04,3213.8617236328123
34_20220831 05,3215.89238671875
34_20220831 06,3229.174494140625
34_20220831 07,3230.031404296875
34_20220831 08,3240.675181640625
34_20220831 09,3256.156951171875
34_20220831 10,3250.209158203125
34_20220831 11,3277.352103515625
34_20220831 12,3283.1809892578126
34_20220831 13,3283.016853515625
34_20220831 14,3287.1995185546875
34_20220831 15,3285.814212890625
34_20220831 16,3289.885751953125
34_20220831 17,3305.3349375
34_20220831 18,3297.5361796875
34_20220831 19,3267.4978798828124
34_20220831 20,3256.754162109375
34_20220831 21,3234.78234375
34_20220831 22,3238.3702294921873
34_20220831 23,3236.6996923828124
35_20220825 00,2123.8353959960937
35_20220825 01,2124.309068359375
35_20220825 02,2118.2676767578123
35_20220825 03,2114.868724609375
35_20220825 04,2108.8543513183595
35_20220825 05,2109.549038330078
35_20220825 06,2112.4726142578124
35_20220825 07,2116.1176520996096
35_20220825 08,2128.3995432128904
35_20220825 09,2137.805079589844
35_20220825 10,2145.154546875
35_20220825 11,2147.0380395507814
35_20220825 12,2152.975495849609
35_20220825 13,2151.306202392578
35_20220825 14,2151.820037109375
35_20220825 15,2126.881162841797
35_20220825 16,2127.167410888672
35_20220825 17,2140.36816796875
35_20220825 18,2133.9485200195313
35_20220825 19,2126.772602783203
35_20220825 20,2118.849422363281
35_20220825 21,2115.5259267578126
35_20220825 22,2113.5596752929687
35_20220825 23,2111.6618215332032
35_20220826 00,2116.023947753906
35_20220826 01,2118.937047363281
35_20220826 02,2113.0423132324217
35_20220826 03,2112.7984167480467
35_20220826 04,2109.29094140625
35_20220826 05,2114.120823486328
35_20220826 06,2112.083800048828
35_20220826 07,2115.515667480469
35_20220826 08,2128.81826953125
35_20220826 09,2149.7984890136718
35_20220826 10,2156.351743652344
35_20220826 11,2169.4606918945315
35_20220826 12,2163.2949887695313
35_20220826 13,2176.021507324219
35_20220826 14,2174.661052734375
35_20220826 15,2187.523177734375
35_20220826 16,2189.192649169922
35_20220826 17,2167.8909741210937
35_20220826 18,2164.9656796875
35_20220826 19,2144.2015524902345
35_20220826 20,2146.248819580078
35_20220826 21,2145.2729897460936
35_20220826 22,2143.8705849609373
35_20220826 23,2141.461131591797
35_20220827 00,2130.510140625
35_20220827 01,2128.1628779296875
35_20220827 02,2109.5841708984376
35_20220827 03,2113.9421572265624
35_20220827 04,2101.62225
35_20220827 05,2098.7920634765624
35_20220827 06,2102.033197265625
35_20220827 07,2102.964515625
35_20220827 08,2101.020662109375
35_20220827 09,2098.055033203125
35_20220827 10,2095.7014482421873
35_20220827 11,2092.7450595703126
35_20220827 12,2095.5976171875
35_20220827 13,2096.39422265625
35_20220827 14,2103.4788076171876
35_20220827 15,2111.6962939453124
35_20220827 16,2119.2105498046876
35_20220827 17,2105.67141796875
35_20220827 18,2104.501798828125
35_20220827 19,2094.272373046875
35_20220827 20,2089.804962890625
35_20220827 21,2093.627501953125
35_20220827 22,2092.211314453125
35_20220827 23,2088.9823388671875
35_20220828 00,2090.6744360351563
35_20220828 01,2093.7856796875
35_20220828 02,2100.2598510742187
35_20220828 03,2097.120858886719
35_20220828 04,2097.257654296875
35_20220828 05,2095.609780761719
35_20220828 06,2099.2112485351563
35_20220828 07,2099.8044343261718
35_20220828 08,2101.685736328125
35_20220828 09,2102.4047641601564
35_20220828 10,2102.6257788085936
35_20220828 11,2111.247297363281
35_20220828 12,2115.0310778808594
35_20220828 13,2126.077672363281
35_20220828 14,2145.26748828125
35_20220828 15,2157.369257324219
35_20220828 16,2160.9191225585937
35_20220828 17,2164.158398925781
35_20220828 18,2146.806071533203
35_20220828 19,2119.2860966796875
35_20220828 20,2106.6449350585935
35_20220828 21,2105.944893066406
35_20220828 22,2105.0019296875
35_20220828 23,2105.104647949219
35_20220829 00,2095.797941894531
35_20220829 01,2100.4853247070314
35_20220829 02,2099.0098291015624
35_20220829 03,2099.2369592285154
35_20220829 04,2093.6981420898437
35_20220829 05,2091.0595458984376
35_20220829 06,2091.705227050781
35_20220829 07,2093.2980529785154
35_20220829 08,2106.6571911621095
35_20220829 09,2114.6176770019533
35_20220829 10,2114.613547363281
35_20220829 11,2120.809948730469
35_20220829 12,2118.2738647460938
35_20220829 13,2125.928271484375
35_20220829 14,2121.4539294433594
35_20220829 15,2123.7988354492186
35_20220829 16,2111.780372314453
35_20220829 17,2109.5581408691405
35_20220829 18,2105.480729980469
35_20220829 19,2108.268479003906
35_20220829 20,2099.7079809570314
35_20220829 21,2094.776706542969
35_20220829 22,2096.3173046875
35_20220829 23,2091.871141357422
35_20220830 00,2084.3845107421876
35_20220830 01,2089.077132324219
35_20220830 02,2089.567822753906
35_20220830 03,2094.7768583984375
35_20220830 04,2089.78987109375
35_20220830 05,2092.114705078125
35_20220830 06,2094.0032080078126
35_20220830 07,2102.0726630859376
35_20220830 08,2112.0992983398437
35_20220830 09,2128.203748535156
35_20220830 10,2132.1382509765626
35_20220830 11,2127.6846650390626
35_20220830 12,2122.796932128906
35_20220830 13,2129.9699428710937
35_20220830 14,2129.7491079101565
35_20220830 15,2127.35219921875
35_20220830 16,2124.316810546875
35_20220830 17,2124.773283691406
35_20220830 18,2123.019223144531
35_20220830 19,2123.9833740234376
35_20220830 20,2121.2751123046874
35_20220830 21,2116.694849609375
35_20220830 22,2116.803568359375
35_20220830 23,2103.6580639648437
35_20220831 00,2102.839529296875
35_20220831 01,2103.363791015625
35_20220831 02,2101.707357421875
35_20220831 03,2101.9395791015627
35_20220831 04,2104.9523818359376
35_20220831 05,2105.4829658203125
35_20220831 06,2102.355146484375
35_20220831 07,2104.6440498046877
35_20220831 08,2111.264677734375
35_20220831 09,2124.3889716796875
35_20220831 10,2130.854947265625
35_20220831 11,2141.652404296875
35_20220831 12,2138.181966796875
35_20220831 13,2140.0073994140625
35_20220831 14,2144.138513671875
35_20220831 15,2141.5140439453126
35_20220831 16,2139.886546875
35_20220831 17,2146.7697919921875
35_20220831 18,2138.739298828125
35_20220831 19,2133.510298828125
35_20220831 20,2123.3020283203123
35_20220831 21,2113.7388720703125
35_20220831 22,2108.611271484375
35_20220831 23,2109.579064453125
36_20220825 00,2849.25853515625
36_20220825 01,2847.7192216796875
36_20220825 02,2840.4795314941407
36_20220825 03,2839.138595703125
36_20220825 04,2835.0795205078125
36_20220825 05,2823.4059064941407
36_20220825 06,2827.7264020996095
36_20220825 07,2838.64983203125
36_20220825 08,2864.9235568847657
36_20220825 09,2885.7347148437498
36_20220825 10,2895.648730957031
36_20220825 11,2902.9801860351563
36_20220825 12,2904.8622182617187
36_20220825 13,2904.5289924316407
36_20220825 14,2900.0950686035158
36_20220825 15,2899.1467502441405
36_20220825 16,2895.9220783691408
36_20220825 17,2894.935788330078
36_20220825 18,2890.069571533203
36_20220825 19,2868.537681884766
36_20220825 20,2879.0580278320313
36_20220825 21,2866.2652229003907
36_20220825 22,2859.100015625
36_20220825 23,2849.0611311035154
36_20220826 00,2849.669450683594
36_20220826 01,2845.088099121094
36_20220826 02,2837.7904724121095
36_20220826 03,2837.517796142578
36_20220826 04,2833.0405883789062
36_20220826 05,2824.5493322753905
36_20220826 06,2829.906274658203
36_20220826 07,2847.6495
36_20220826 08,2867.791691162109
36_20220826 09,2890.262362060547
36_20220826 10,2910.1255356445313
36_20220826 11,2915.7717392578124
36_20220826 12,2926.792445800781
36_20220826 13,2925.7812509765627
36_20220826 14,2925.722471923828
36_20220826 15,2926.901467529297
36_20220826 16,2931.36648046875
36_20220826 17,2922.2754829101564
36_20220826 18,2915.6095480957033
36_20220826 19,2894.302507324219
36_20220826 20,2892.602061035156
36_20220826 21,2880.6813764648437
36_20220826 22,2882.318409667969
36_20220826 23,2867.5570627441407
36_20220827 00,2852.5777998046874
36_20220827 01,2849.9598955078127
36_20220827 02,2844.1453564453127
36_20220827 03,2837.06612109375
36_20220827 04,2837.9179248046876
36_20220827 05,2830.9483564453126
36_20220827 06,2830.0729658203127
36_20220827 07,2843.7511875
36_20220827 08,2851.07820703125
36_20220827 09,2868.662373046875
36_20220827 10,2875.1638505859373
36_20220827 11,2876.1192421875
36_20220827 12,2876.5892783203126
36_20220827 13,2880.7522470703125
36_20220827 14,2881.627880859375
36_20220827 15,2881.7645390625
36_20220827 16,2871.608548828125
36_20220827 17,2878.35148828125
36_20220827 18,2870.3073779296874
36_20220827 19,2852.5782861328125
36_20220827 20,2851.834447265625
36_20220827 21,2846.3403984375
36_20220827 22,2845.7918203125
36_20220827 23,2842.8838212890623
36_20220828 00,2845.920921875
36_20220828 01,2844.8506560058595
36_20220828 02,2841.1730014648438
36_20220828 03,2840.9315405273437
36_20220828 04,2840.0912954101564
36_20220828 05,2827.8846174316404
36_20220828 06,2828.4527321777346
36_20220828 07,2838.102893798828
36_20220828 08,2847.963846923828
36_20220828 09,2856.913723144531
36_20220828 10,2865.609968017578
36_20220828 11,2882.3966147460937
36_20220828 12,2894.3871462402344
36_20220828 13,2896.2701520996093
36_20220828 14,2897.9005002441404
36_20220828 15,2931.644909667969
36_20220828 16,2915.3923005371093
36_20220828 17,2923.8967397460938
36_20220828 18,2880.015839111328
36_20220828 19,2869.7381711425783
36_20220828 20,2863.587245849609
36_20220828 21,2860.6252114257813
36_20220828 22,2858.447194824219
36_20220828 23,2854.771974365234
36_20220829 00,2844.439245605469
36_20220829 01,2841.0789343261717
36_20220829 02,2837.858544921875
36_20220829 03,2830.73224609375
36_20220829 04,2826.052150878906
36_20220829 05,2819.6789038085935
36_20220829 06,2826.5258447265624
36_20220829 07,2840.1898474121094
36_20220829 08,2859.245700683594
36_20220829 09,2867.9623962402343
36_20220829 10,2881.0018518066404
36_20220829 11,2888.2717163085936
36_20220829 12,2888.7111584472655
36_20220829 13,2890.61103515625
36_20220829 14,2872.086447753906
36_20220829 15,2892.6131811523437
36_20220829 16,2887.1134741210935
36_20220829 17,2883.6416625976562
36_20220829 18,2876.5998999023436
36_20220829 19,2864.6482397460936
36_20220829 20,2864.827271728516
36_20220829 21,2861.472547607422
36_20220829 22,2858.8499841308594
36_20220829 23,2850.006484375
36_20220830 00,2842.0144169921873
36_20220830 01,2832.964794433594
36_20220830 02,2825.797122558594
36_20220830 03,2824.0270454101565
36_20220830 04,2824.504145996094
36_20220830 05,2813.0311630859374
36_20220830 06,2818.0171796875
36_20220830 07,2830.8891884765626
36_20220830 08,2844.7534985351563
36_20220830 09,2855.3154765625
36_20220830 10,2859.1084990234376
36_20220830 11,2861.9245087890627
36_20220830 12,2863.241510253906
36_20220830 13,2864.0231689453126
36_20220830 14,2866.603783203125
36_20220830 15,2868.1061889648436
36_20220830 16,2865.7849951171875
36_20220830 17,2864.1195112304686
36_20220830 18,2857.4010322265626
36_20220830 19,2849.5713408203123
36_20220830 20,2847.9104677734376
36_20220830 21,2846.77523046875
36_20220830 22,2842.17215625
36_20220830 23,2837.365234375
36_20220831 00,2837.2516552734373
36_20220831 01,2831.126595703125
36_20220831 02,2813.91301171875
36_20220831 03,2827.0849658203124
36_20220831 04,2812.169525390625
36_20220831 05,2807.70357421875
36_20220831 06,2812.472021484375
36_20220831 07,2821.080029296875
36_20220831 08,2857.2757294921876
36_20220831 09,2867.422236328125
36_20220831 10,2870.3934580078126
36_20220831 11,2891.621923828125
36_20220831 12,2894.134294921875
36_20220831 13,2894.2517431640626
36_20220831 14,2897.023083984375
36_20220831 15,2897.731177734375
36_20220831 16,2880.202453125
36_20220831 17,2896.851896484375
36_20220831 18,2886.147328125
36_20220831 19,2868.610822265625
36_20220831 20,2865.112177734375
36_20220831 21,2861.9804677734373
36_20220831 22,2849.8674931640626
36_20220831 23,2840.333759765625
37_20220825 00,1147.5575303635658
37_20220825 01,1103.6554045342095
37_20220825 02,1084.19136034571
37_20220825 03,1066.2831062910602
37_20220825 04,1026.2142648843292
37_20220825 05,986.3298976345832
37_20220825 06,1348.7887216396475
37_20220825 07,3052.621077152644
37_20220825 08,4090.4316802168905
37_20220825 09,4792.263070859681
37_20220825 10,5306.942828972505
37_20220825 11,5319.1471293657805
37_20220825 12,5369.155763838364
37_20220825 13,5358.508963957875
37_20220825 14,5323.129036654485
37_20220825 15,5160.713887506811
37_20220825 16,5178.401669084528
37_20220825 17,5171.705619076254
37_20220825 18,4620.643349413198
37_20220825 19,4276.39119508027
37_20220825 20,2596.8665713223145
37_20220825 21,2053.108532028272
37_20220825 22,1420.0287368794452
37_20220825 23,1074.41669881064
37_20220826 00,1127.4825206933936
37_20220826 01,1084.5339748470324
37_20220826 02,1076.7707388698743
37_20220826 03,1058.964927892429
37_20220826 04,1021.2485237558519
37_20220826 05,984.0786471675239
37_20220826 06,1364.2868345543238
37_20220826 07,2996.5284519779534
37_20220826 08,4039.506762816878
37_20220826 09,4776.892199623228
37_20220826 10,5221.26268469807
37_20220826 11,5223.522258279535
37_20220826 12,5261.25774254868
37_20220826 13,5252.0087897498115
37_20220826 14,5223.515773480822
37_20220826 15,5228.327715729288
37_20220826 16,5186.597102464615
37_20220826 17,5151.383758499307
37_20220826 18,4603.307223366901
37_20220826 19,4367.486748183465
37_20220826 20,3325.8975412088867
37_20220826 21,2086.137503281633
37_20220826 22,1490.2926774634802
37_20220826 23,1088.4310445374588
37_20220827 00,1114.0713947135023
37_20220827 01,1059.3771005883161
37_20220827 02,1050.9466673592221
37_20220827 03,1035.351970781038
37_20220827 04,1010.8622247319263
37_20220827 05,970.4192680818909
37_20220827 06,1313.187081081856
37_20220827 07,2823.362612535626
37_20220827 08,3764.8430146851424
37_20220827 09,4502.65356966542
37_20220827 10,5086.911253696328
37_20220827 11,5091.267551978411
37_20220827 12,5125.835285767504
37_20220827 13,5097.906808572397
37_20220827 14,5119.475778407458
37_20220827 15,5090.650466551569
37_20220827 16,5057.466916745164
37_20220827 17,5046.046112560779
37_20220827 18,4528.215308094969
37_20220827 19,4276.831530215539
37_20220827 20,3242.465084299616
37_20220827 21,2015.5737577450914
37_20220827 22,1428.073159948142
37_20220827 23,1002.6525055990926
37_20220828 00,1037.1578642913346
37_20220828 01,999.753946840542
37_20220828 02,1009.310899243661
37_20220828 03,996.3113206695805
37_20220828 04,977.4205306619315
37_20220828 05,948.6544653956662
37_20220828 06,1276.2116181627869
37_20220828 07,2722.955827108418
37_20220828 08,3651.850274678328
37_20220828 09,4448.484839438842
37_20220828 10,5007.669061391434
37_20220828 11,5042.538246544285
37_20220828 12,5043.805695200324
37_20220828 13,5020.32456548868
37_20220828 14,5088.707582252256
37_20220828 15,5022.449615539279
37_20220828 16,5064.883015121828
37_20220828 17,5070.570340295907
37_20220828 18,4597.273176568017
37_20220828 19,4349.136916012744
37_20220828 20,3389.138743138228
37_20220828 21,2034.8471726836656
37_20220828 22,1439.5846475994117
37_20220828 23,1032.2382378685543
37_20220829 00,1074.4397611020981
37_20220829 01,1045.833457488333
37_20220829 02,1052.0115427283915
37_20220829 03,1034.0188553921996
37_20220829 04,1002.567565829126
37_20220829 05,964.5083745694925
37_20220829 06,1314.3598038274872
37_20220829 07,2900.070857546908
37_20220829 08,3818.5354503448434
37_20220829 09,4555.246677674469
37_20220829 10,4989.85085424282
37_20220829 11,5023.6849988773465
37_20220829 12,5031.043480959001
37_20220829 13,5048.004418616086
37_20220829 14,4948.134967914656
37_20220829 15,4947.619301031519
37_20220829 16,4916.854796896868
37_20220829 17,4829.840900233016
37_20220829 18,4274.891739071588
37_20220829 19,3959.5209706422875
37_20220829 20,2480.3736964343652
37_20220829 21,1959.3380449905621
37_20220829 22,1358.950793827206
37_20220829 23,1044.6567330227986
37_20220830 00,1055.487366212506
37_20220830 01,1040.9130467308632
37_20220830 02,1036.2511265113717
37_20220830 03,1018.2538289381282
37_20220830 04,993.4703351876933
37_20220830 05,961.0222892680575
37_20220830 06,1302.4120392844038
37_20220830 07,2881.6372658724913
37_20220830 08,3837.4327792760437
37_20220830 09,4581.814420645663
37_20220830 10,5027.97093793885
37_20220830 11,5043.245276122561
37_20220830 12,5059.888306574173
37_20220830 13,5083.427967072645
37_20220830 14,5044.479624659842
37_20220830 15,4998.158576094006
37_20220830 16,4986.910361688323
37_20220830 17,4929.62264810649
37_20220830 18,4547.386934736161
37_20220830 19,4159.365511009493
37_20220830 20,2471.2653692108306
37_20220830 21,2003.524607613382
37_20220830 22,1349.8093087799973
37_20220830 23,1031.656695732598
37_20220831 00,1053.4543842339833
37_20220831 01,1039.4581114874773
37_20220831 02,1037.7364341292305
37_20220831 03,1024.2740818682262
37_20220831 04,995.8251618849156
37_20220831 05,960.352428232391
37_20220831 06,1297.276180357525
37_20220831 07,2882.077116012189
37_20220831 08,3774.309463787001
37_20220831 09,4600.66135819619
37_20220831 10,5031.262569987563
37_20220831 11,5069.332564425161
37_20220831 12,5135.449872919179
37_20220831 13,5109.69348873049
37_20220831 14,5055.3816925764195
37_20220831 15,5018.699044673814
37_20220831 16,5015.8282652181715
37_20220831 17,5019.097463338123
37_20220831 18,4510.319414005525
37_20220831 19,4245.287316482756
37_20220831 20,2543.2093423768365
37_20220831 21,2019.9974018696416
37_20220831 22,1372.1471950929808
37_20220831 23,1048.1869396854172
38_20220825 00,559.4084478406813
38_20220825 01,557.4813810934713
38_20220825 02,557.0607188045817
38_20220825 03,519.3464227317595
38_20220825 04,498.50234710599295
38_20220825 05,517.4430611968759
38_20220825 06,685.9580245219095
38_20220825 07,840.9765836824731
38_20220825 08,1415.0571344918096
38_20220825 09,2656.881691136092
38_20220825 10,3076.756928069003
38_20220825 11,3071.3628556560743
38_20220825 12,3060.914547425185
38_20220825 13,3034.325485108436
38_20220825 14,3020.2017165451707
38_20220825 15,2856.996657551263
38_20220825 16,2881.9772998742515
38_20220825 17,2877.8137433383627
38_20220825 18,2854.42215179865
38_20220825 19,2601.258599010449
38_20220825 20,1341.4833534111176
38_20220825 21,843.155194546614
38_20220825 22,625.7570444319879
38_20220825 23,556.6600883106025
38_20220826 00,559.3448922109396
38_20220826 01,563.156536468965
38_20220826 02,564.227397357676
38_20220826 03,518.2892799569584
38_20220826 04,504.12086550929723
38_20220826 05,519.5325217671647
38_20220826 06,683.7255802591302
38_20220826 07,836.1559218817439
38_20220826 08,1391.514626683916
38_20220826 09,2648.152064530427
38_20220826 10,3081.131007263131
38_20220826 11,3103.254882980686
38_20220826 12,3079.0730033401314
38_20220826 13,3055.485136296131
38_20220826 14,3003.99061283395
38_20220826 15,2971.233156310182
38_20220826 16,2946.123790721358
38_20220826 17,2913.6553023535785
38_20220826 18,2914.427373379246
38_20220826 19,2701.461116400604
38_20220826 20,1895.678825741164
38_20220826 21,887.3221703839017
38_20220826 22,631.6153382253415
38_20220826 23,566.0594260098462
38_20220827 00,562.2752494345818
38_20220827 01,569.69247294207
38_20220827 02,557.9977389027533
38_20220827 03,522.8536549348221
38_20220827 04,501.18064692975497
38_20220827 05,511.8016674597291
38_20220827 06,660.9348014517932
38_20220827 07,838.4944727588671
38_20220827 08,1326.3846209071703
38_20220827 09,2542.743931552208
38_20220827 10,3033.3694702312205
38_20220827 11,3015.6326629157597
38_20220827 12,3037.913665469511
38_20220827 13,3008.865932753366
38_20220827 14,3013.7074727513586
38_20220827 15,2985.2117035549327
38_20220827 16,2913.7874219881633
38_20220827 17,2919.418483127274
38_20220827 18,2917.9533047274103
38_20220827 19,2653.9355725052405
38_20220827 20,1918.445694034471
38_20220827 21,840.2315735955606
38_20220827 22,603.871860469824
38_20220827 23,522.140655202173
38_20220828 00,545.2034684143453
38_20220828 01,546.0258638089795
38_20220828 02,532.1819908251725
38_20220828 03,498.79163223895
38_20220828 04,484.58559770944146
38_20220828 05,493.8049624537656
38_20220828 06,634.0088542772329
38_20220828 07,827.572797598782
38_20220828 08,1279.923465850866
38_20220828 09,2529.4267516783707
38_20220828 10,3016.715901563838
38_20220828 11,3017.1423050272906
38_20220828 12,3010.768808462795
38_20220828 13,2986.1816005077667
38_20220828 14,2985.007518475408
38_20220828 15,2958.92809149588
38_20220828 16,2924.307821286614
38_20220828 17,2917.155599955584
38_20220828 18,2906.2248192880497
38_20220828 19,2695.964379922081
38_20220828 20,1969.8478545088929
38_20220828 21,872.2985312120013
38_20220828 22,606.5552111872107
38_20220828 23,540.8189779620631
38_20220829 00,564.4226846096503
38_20220829 01,564.9689111525764
38_20220829 02,563.2654199797373
38_20220829 03,520.166104952552
38_20220829 04,502.8248758273717
38_20220829 05,514.5692115056094
38_20220829 06,681.2875625114615
38_20220829 07,836.1121592302115
38_20220829 08,1335.1165992832193
38_20220829 09,2384.440420336124
38_20220829 10,2894.469095768319
38_20220829 11,2888.1436999245384
38_20220829 12,2876.89759565874
38_20220829 13,2875.473418710446
38_20220829 14,2848.395684612601
38_20220829 15,2777.85201564399
38_20220829 16,2705.195852705749
38_20220829 17,2657.4843990320524
38_20220829 18,2642.304000941942
38_20220829 19,2368.800112298938
38_20220829 20,1336.9208267164397
38_20220829 21,825.2074445069161
38_20220829 22,624.2008359556962
38_20220829 23,566.8294601776793
38_20220830 00,558.0677215171081
38_20220830 01,556.2428108853417
38_20220830 02,556.9596718540821
38_20220830 03,518.070149241255
38_20220830 04,504.4031478913303
38_20220830 05,538.7819885082472
38_20220830 06,695.4791908106127
38_20220830 07,849.6889137423444
38_20220830 08,1422.329900369975
38_20220830 09,2565.3958668110145
38_20220830 10,3006.7853890889032
38_20220830 11,3017.8682489286844
38_20220830 12,3001.8505837851226
38_20220830 13,3006.6429510436083
38_20220830 14,2992.8049149523126
38_20220830 15,2935.91846891974
38_20220830 16,2860.294719241841
38_20220830 17,2872.495973149117
38_20220830 18,2813.6846225920794
38_20220830 19,2598.467149387959
38_20220830 20,1326.5014093501293
38_20220830 21,835.7229252104275
38_20220830 22,623.3463290063955
38_20220830 23,561.1943323376188
38_20220831 00,555.8953175418509
38_20220831 01,558.1364864074578
38_20220831 02,553.0185066829888
38_20220831 03,514.6401613566005
38_20220831 04,492.3267710775756
38_20220831 05,518.1749745404918
38_20220831 06,675.7150004409418
38_20220831 07,824.5751163802934
38_20220831 08,1349.1843698154298
38_20220831 09,2524.456703020193
38_20220831 10,2993.2874607146596
38_20220831 11,3023.2038574387084
38_20220831 12,3016.121494583031
38_20220831 13,3001.657892542228
38_20220831 14,2964.9229264248906
38_20220831 15,2910.49982684122
38_20220831 16,2856.0610955189627
38_20220831 17,2846.5470306592288
38_20220831 18,2818.3617777568625
38_20220831 19,2585.2483397081082
38_20220831 20,1319.1233472126255
38_20220831 21,816.2149695184935
38_20220831 22,597.6324160701033
38_20220831 23,538.7156455288489
39_20220825 00,606.987349676165
39_20220825 01,620.0307712990813
39_20220825 02,581.0701428357615
39_20220825 03,577.3458070311353
39_20220825 04,600.3842569315868
39_20220825 05,596.3775099661586
39_20220825 06,664.9773710496306
39_20220825 07,1523.1745853066548
39_20220825 08,1894.2135395362466
39_20220825 09,2681.855209720915
39_20220825 10,3466.9324532994915
39_20220825 11,3632.797890127762
39_20220825 12,3665.8446126867993
39_20220825 13,3647.9006651120562
39_20220825 14,3610.087059154162
39_20220825 15,3567.8851516448617
39_20220825 16,3524.8841868927684
39_20220825 17,3495.569597944258
39_20220825 18,3445.193127087992
39_20220825 19,3320.4896104436702
39_20220825 20,1971.7821453037054
39_20220825 21,1374.7365213886037
39_20220825 22,1113.9395044636312
39_20220825 23,738.8682395379335
39_20220826 00,603.1194929725544
39_20220826 01,625.5587208351637
39_20220826 02,568.88096305196
39_20220826 03,571.4803453103847
39_20220826 04,591.4164298615656
39_20220826 05,590.9890304319838
39_20220826 06,648.17526422877
39_20220826 07,1464.8862559699655
39_20220826 08,1842.743761106411
39_20220826 09,2622.8258802743508
39_20220826 10,3461.474489056449
39_20220826 11,3651.8168481687103
39_20220826 12,3683.4186618963486
39_20220826 13,3672.8005192929018
39_20220826 14,3626.1834610408396
39_20220826 15,3604.4729619203704
39_20220826 16,3573.4993461768654
39_20220826 17,3562.77357566038
39_20220826 18,3532.069287481194
39_20220826 19,3421.8535475730987
39_20220826 20,2456.5911542119693
39_20220826 21,1373.3027352801805
39_20220826 22,1091.1311622100302
39_20220826 23,725.5635013667901
39_20220827 00,611.4616575321287
39_20220827 01,619.294080609131
39_20220827 02,578.1987687609096
39_20220827 03,575.4458068255294
39_20220827 04,598.609660876542
39_20220827 05,582.6406022691488
39_20220827 06,659.810972054215
39_20220827 07,1435.7126458792566
39_20220827 08,1784.5773499344264
39_20220827 09,2609.8577476844657
39_20220827 10,3393.02181648048
39_20220827 11,3616.517235698495
39_20220827 12,3626.767447586297
39_20220827 13,3630.388275020873
39_20220827 14,3643.85930466589
39_20220827 15,3635.0932907150686
39_20220827 16,3577.215971493586
39_20220827 17,3554.709348155229
39_20220827 18,3450.9924203468286
39_20220827 19,3347.4042190903224
39_20220827 20,2562.1821614514615
39_20220827 21,1294.0775098500949
39_20220827 22,1043.8045743018345
39_20220827 23,707.6866207628162
39_20220828 00,594.4978909824606
39_20220828 01,597.324118291095
39_20220828 02,554.5481210252069
39_20220828 03,552.5431757117793
39_20220828 04,573.7588928947588
39_20220828 05,564.627617651249
39_20220828 06,635.1760435359199
39_20220828 07,1454.0372958348025
39_20220828 08,1768.5042925622442
39_20220828 09,2539.4504823239417
39_20220828 10,3377.0347991152025
39_20220828 11,3579.099289232634
39_20220828 12,3588.8005450580545
39_20220828 13,3598.84860212456
39_20220828 14,3607.403489083126
39_20220828 15,3612.774997522021
39_20220828 16,3547.7075437677827
39_20220828 17,3533.250319897336
39_20220828 18,3461.3677710981715
39_20220828 19,3382.376562309306
39_20220828 20,2594.2514825249323
39_20220828 21,1311.5510994409258
39_20220828 22,1037.9338007562396
39_20220828 23,689.1729844123267
39_20220829 00,602.3606315689627
39_20220829 01,616.5225058798234
39_20220829 02,577.2371323191837
39_20220829 03,576.1237387112009
39_20220829 04,592.7906265416736
39_20220829 05,595.8109515559369
39_20220829 06,655.7549909195062
39_20220829 07,1363.238029547449
39_20220829 08,1744.6206536272746
39_20220829 09,2429.955211198024
39_20220829 10,3200.052269965516
39_20220829 11,3355.714256466691
39_20220829 12,3350.5873029288537
39_20220829 13,3346.2259707740127
39_20220829 14,3307.4363726228576
39_20220829 15,3275.647067484965
39_20220829 16,3239.808775118099
39_20220829 17,3232.7214686017714
39_20220829 18,3189.2012478540228
39_20220829 19,3091.011447243211
39_20220829 20,1955.2629544126396
39_20220829 21,1287.1701364899786
39_20220829 22,1032.273889188248
39_20220829 23,715.0889841400492
39_20220830 00,570.7479082540831
39_20220830 01,589.9557361711053
39_20220830 02,551.6756379307151
39_20220830 03,555.2462466061518
39_20220830 04,575.0441851923013
39_20220830 05,572.9693573067877
39_20220830 06,638.3812270524604
39_20220830 07,1380.1745181832307
39_20220830 08,1744.5025766606436
39_20220830 09,2459.1209904820885
39_20220830 10,3250.578490526366
39_20220830 11,3423.2494326715655
39_20220830 12,3440.023080576319
39_20220830 13,3441.9804553243357
39_20220830 14,3416.2812199445525
39_20220830 15,3380.5779104646767
39_20220830 16,3345.486071915343
39_20220830 17,3346.2823961391396
39_20220830 18,3299.528310024521
39_20220830 19,3224.2350288405673
39_20220830 20,1949.2987450961834
39_20220830 21,1312.882255443234
39_20220830 22,1033.0876386758048
39_20220830 23,699.1672403086502
39_20220831 00,580.7240790153239
39_20220831 01,598.8342978218097
39_20220831 02,561.7370647653095
39_20220831 03,564.4559848616786
39_20220831 04,579.9968470566234
39_20220831 05,579.5719187047516
39_20220831 06,644.5490577477847
39_20220831 07,1396.0354612653446
39_20220831 08,1766.7775900259105
39_20220831 09,2500.0587854842724
39_20220831 10,3287.43049848092
39_20220831 11,3456.0360633255955
39_20220831 12,3493.213346993012
39_20220831 13,3498.996070539092
39_20220831 14,3466.924545079992
39_20220831 15,3451.4816246801292
39_20220831 16,3396.505831364567
39_20220831 17,3394.0299577430455
39_20220831 18,3320.511669857511
39_20220831 19,3239.6645926858087
39_20220831 20,1998.3836510643182
39_20220831 21,1318.8814514713213
39_20220831 22,1079.170862228983
39_20220831 23,735.158873998933
40_20220825 00,583.5873178842586
40_20220825 01,579.9761230712924
40_20220825 02,588.2508140317067
40_20220825 03,576.4512251049464
40_20220825 04,524.8718349481572
40_20220825 05,523.8159345669679
40_20220825 06,574.8570288903998
40_20220825 07,715.3223294724573
40_20220825 08,1110.9992901369744
40_20220825 09,2639.9909588185983
40_20220825 10,3321.708371334231
40_20220825 11,3361.5491482095745
40_20220825 12,3357.8146344512443
40_20220825 13,3346.76515939593
40_20220825 14,3347.097731843144
40_20220825 15,3306.3002952623265
40_20220825 16,3286.698070729763
40_20220825 17,3246.536295017091
40_20220825 18,3179.119755914957
40_20220825 19,2648.6501011060127
40_20220825 20,1013.4361721973073
40_20220825 21,783.9299772104207
40_20220825 22,768.5299583345916
40_20220825 23,666.7706918418578
40_20220826 00,576.1916282148356
40_20220826 01,576.615986977388
40_20220826 02,580.9468541232968
40_20220826 03,570.449706077063
40_20220826 04,528.0188054502541
40_20220826 05,533.2674288019849
40_20220826 06,571.8207596851164
40_20220826 07,709.5196794498949
40_20220826 08,1142.673247652091
40_20220826 09,2591.738727506888
40_20220826 10,3276.400494271805
40_20220826 11,3274.13674895708
40_20220826 12,3316.1478904720107
40_20220826 13,3258.542223826333
40_20220826 14,3276.2339662098043
40_20220826 15,3267.3049135611654
40_20220826 16,3256.99771334646
40_20220826 17,3206.797307481789
40_20220826 18,3178.017325770856
40_20220826 19,2993.6943124741774
40_20220826 20,1368.2888399442684
40_20220826 21,757.9742874661536
40_20220826 22,733.1788862127854
40_20220826 23,678.6652153988892
40_20220827 00,585.502253054728
40_20220827 01,569.076809990125
40_20220827 02,590.1017675536727
40_20220827 03,573.5835588670964
40_20220827 04,529.4186037909152
40_20220827 05,528.052148989822
40_20220827 06,559.5007943567814
40_20220827 07,705.0607502222229
40_20220827 08,1150.0019883897367
40_20220827 09,2427.790871330889
40_20220827 10,3510.187764600409
40_20220827 11,3555.7578429130463
40_20220827 12,3554.9918879436
40_20220827 13,3543.119324017458
40_20220827 14,3555.5314111128905
40_20220827 15,3513.078476745356
40_20220827 16,3510.463866601773
40_20220827 17,3453.566804873244
40_20220827 18,3327.875550684303
40_20220827 19,3191.66525122373
40_20220827 20,1507.3171758636838
40_20220827 21,720.7982954434094
40_20220827 22,680.6178227929865
40_20220827 23,608.2759899664322
40_20220828 00,542.1244620126558
40_20220828 01,520.1504017271506
40_20220828 02,538.2215575660676
40_20220828 03,525.7882514356149
40_20220828 04,493.97955321733974
40_20220828 05,484.99303898468986
40_20220828 06,523.0051543668895
40_20220828 07,657.794679085297
40_20220828 08,977.0872570421113
40_20220828 09,2115.0732314795455
40_20220828 10,3417.6608510474466
40_20220828 11,3491.4030931977286
40_20220828 12,3517.144578144632
40_20220828 13,3526.7276638008166
40_20220828 14,3514.056313316698
40_20220828 15,3492.5186331226164
40_20220828 16,3504.8620146257217
40_20220828 17,3443.8137585812597
40_20220828 18,3329.9282487605865
40_20220828 19,3215.5590655240903
40_20220828 20,1548.765539529403
40_20220828 21,744.6544255670392
40_20220828 22,707.645893849314
40_20220828 23,638.1503028663954
40_20220829 00,597.8199025956053
40_20220829 01,591.1327852000775
40_20220829 02,588.7596507629598
40_20220829 03,573.5277853149555
40_20220829 04,535.3032671065209
40_20220829 05,536.7087124017514
40_20220829 06,583.4669082750024
40_20220829 07,705.5132221248259
40_20220829 08,980.5471195315076
40_20220829 09,2283.259485552317
40_20220829 10,3158.2784356077436
40_20220829 11,3127.097694340275
40_20220829 12,3034.5738114309565
40_20220829 13,3112.0199120995453
40_20220829 14,3107.555950151882
40_20220829 15,3096.259190010897
40_20220829 16,3070.3561203656827
40_20220829 17,3058.1442408577104
40_20220829 18,2850.856745696763
40_20220829 19,2429.37593445827
40_20220829 20,995.0839513718175
40_20220829 21,765.3444048211591
40_20220829 22,748.7330425640012
40_20220829 23,682.2412339173875
40_20220830 00,590.5798482036995
40_20220830 01,589.8304142659906
40_20220830 02,585.3203422055531
40_20220830 03,577.5823894079786
40_20220830 04,524.7242834424699
40_20220830 05,525.4035403221035
40_20220830 06,578.0415266747607
40_20220830 07,714.6934793523899
40_20220830 08,1091.8872220280955
40_20220830 09,2609.9582525099936
40_20220830 10,3369.2741787322357
40_20220830 11,3411.2896540992297
40_20220830 12,3445.459805939305
40_20220830 13,3422.3599525272857
40_20220830 14,3479.220519792995
40_20220830 15,3467.646716671786
40_20220830 16,3414.5173657966634
40_20220830 17,3417.806496708922
40_20220830 18,3381.2022107182693
40_20220830 19,2672.8392329697913
40_20220830 20,994.8906634612683
40_20220830 21,784.0675530228291
40_20220830 22,752.7702904707859
40_20220830 23,693.5343468416236
40_20220831 00,606.7337539998825
40_20220831 01,599.1613585565528
40_20220831 02,599.9978445006809
40_20220831 03,591.7352082599277
40_20220831 04,535.648706562947
40_20220831 05,549.0915948988984
40_20220831 06,583.6398936684243
40_20220831 07,715.5141481660278
40_20220831 08,1060.2525134377847
40_20220831 09,2435.969777326191
40_20220831 10,3294.6489330038285
40_20220831 11,3295.214955267899
40_20220831 12,3290.841248132845
40_20220831 13,3281.7282930607976
40_20220831 14,3273.669650875456
40_20220831 15,3234.9463008787125
40_20220831 16,3177.328212884756
40_20220831 17,3193.5583360704723
40_20220831 18,3122.7546221081484
40_20220831 19,2571.9099697466286
40_20220831 20,981.2416586526792
40_20220831 21,743.7969569091049
40_20220831 22,724.4140813791964
40_20220831 23,652.163755926438
41_20220825 00,1578.7152638402383
41_20220825 01,1313.259094013992
41_20220825 02,1124.283107860024
41_20220825 03,1085.6300764789908
41_20220825 04,1049.9314563348748
41_20220825 05,1105.492703084953
41_20220825 06,1299.3595533237062
41_20220825 07,1705.8453636609077
41_20220825 08,3475.4009229131684
41_20220825 09,4607.750424077503
41_20220825 10,5061.105416920591
41_20220825 11,5127.603431764587
41_20220825 12,5137.749744366288
41_20220825 13,5121.883479186935
41_20220825 14,5050.088792391411
41_20220825 15,4955.239276283192
41_20220825 16,4947.255977243002
41_20220825 17,4924.450419121045
41_20220825 18,4920.035863973694
41_20220825 19,4859.212862365311
41_20220825 20,3468.901939172915
41_20220825 21,2898.38868010026
41_20220825 22,1978.773249335898
41_20220825 23,1673.6071250630944
41_20220826 00,1503.5504341929768
41_20220826 01,1285.3523976112078
41_20220826 02,1117.0159150625232
41_20220826 03,1091.8928563851098
41_20220826 04,1044.6884195613877
41_20220826 05,1080.4924472965881
41_20220826 06,1263.8608924463908
41_20220826 07,1669.6051845879965
41_20220826 08,3486.496197682823
41_20220826 09,4762.70296945766
41_20220826 10,5123.641496717201
41_20220826 11,5128.928049046535
41_20220826 12,5102.5726017378975
41_20220826 13,5086.6744738855205
41_20220826 14,5038.140679873508
41_20220826 15,5033.372577433651
41_20220826 16,4992.42473658597
41_20220826 17,4945.475788370259
41_20220826 18,4893.052471683175
41_20220826 19,4894.523605980542
41_20220826 20,3746.6731684606398
41_20220826 21,2966.389652386696
41_20220826 22,2015.349862085976
41_20220826 23,1708.7237509782397
41_20220827 00,1472.6919978984965
41_20220827 01,1268.2748057050846
41_20220827 02,1145.1088483942428
41_20220827 03,1052.8661954673516
41_20220827 04,1026.0256238370882
41_20220827 05,1064.7195754882023
41_20220827 06,1298.465027634908
41_20220827 07,1781.753933884765
41_20220827 08,3360.36163251408
41_20220827 09,4571.291425405886
41_20220827 10,5096.4191971859955
41_20220827 11,5103.8268921718445
41_20220827 12,5117.972208030473
41_20220827 13,5098.68227708835
41_20220827 14,5097.695741631422
41_20220827 15,5072.6727261870055
41_20220827 16,5033.269938523039
41_20220827 17,5001.415595649881
41_20220827 18,4967.444359614479
41_20220827 19,4926.1671856234
41_20220827 20,3774.0810106440676
41_20220827 21,2871.004267509238
41_20220827 22,1950.656882616901
41_20220827 23,1654.711346513011
41_20220828 00,1456.629466509662
41_20220828 01,1233.1473269970902
41_20220828 02,1086.341322219385
41_20220828 03,1028.6261978388416
41_20220828 04,1014.5691020672762
41_20220828 05,1017.4392467205308
41_20220828 06,1160.0041624471814
41_20220828 07,1689.965111705923
41_20220828 08,3223.1264885896985
41_20220828 09,4619.033086902831
41_20220828 10,5310.442622792547
41_20220828 11,5395.305218542366
41_20220828 12,5418.8479209599855
41_20220828 13,5405.895474494774
41_20220828 14,5399.880421696856
41_20220828 15,5406.776776243741
41_20220828 16,5441.718021279814
41_20220828 17,5439.566634124866
41_20220828 18,5405.349726551084
41_20220828 19,5285.5580024262645
41_20220828 20,3884.0781579262116
41_20220828 21,2958.3720981653846
41_20220828 22,1980.790578024173
41_20220828 23,1693.662643993741
41_20220829 00,1476.6688661259427
41_20220829 01,1281.5480517149438
41_20220829 02,1107.9730200907559
41_20220829 03,1074.028448869899
41_20220829 04,1030.7603122779965
41_20220829 05,1055.5921384858955
41_20220829 06,1196.6623797097673
41_20220829 07,1618.3870399487482
41_20220829 08,3316.7672611229555
41_20220829 09,4342.580566325913
41_20220829 10,4920.3527774885015
41_20220829 11,4975.030808067423
41_20220829 12,4995.660176639446
41_20220829 13,4993.84632025151
41_20220829 14,4978.840191116931
41_20220829 15,4961.94227361646
41_20220829 16,4943.76012001831
41_20220829 17,4909.999263246027
41_20220829 18,4889.36679979919
41_20220829 19,4772.936364074051
41_20220829 20,3382.35620961373
41_20220829 21,2790.5515290512567
41_20220829 22,1911.8967790322267
41_20220829 23,1623.0842627924544
41_20220830 00,1433.7794444597628
41_20220830 01,1258.1626380047278
41_20220830 02,1083.479982578407
41_20220830 03,1047.83675362089
41_20220830 04,1016.78235345448
41_20220830 05,1068.9945940193122
41_20220830 06,1253.5380644121128
41_20220830 07,1706.0325887873685
41_20220830 08,3323.753609038029
41_20220830 09,4507.396664536216
41_20220830 10,4963.499553307824
41_20220830 11,4986.610211812024
41_20220830 12,4985.963200521154
41_20220830 13,4970.832805736528
41_20220830 14,4911.445949930759
41_20220830 15,4899.685625284958
41_20220830 16,4880.591879150209
41_20220830 17,4875.4459470120155
41_20220830 18,4857.846715284342
41_20220830 19,4807.066279463471
41_20220830 20,3384.717847761048
41_20220830 21,2798.3500250561556
41_20220830 22,1918.233292271462
41_20220830 23,1628.6229721101158
41_20220831 00,1451.1965413824407
41_20220831 01,1212.059076558166
41_20220831 02,1077.1309848347921
41_20220831 03,1043.6088747350768
41_20220831 04,1020.1176301485027
41_20220831 05,1074.3051964848396
41_20220831 06,1260.3315241631199
41_20220831 07,1630.1527190860375
41_20220831 08,3310.569975680858
41_20220831 09,4472.885643137741
41_20220831 10,4956.915565640709
41_20220831 11,5063.584923321777
41_20220831 12,5039.124293062813
41_20220831 13,5035.158897281298
41_20220831 14,4980.066477625335
41_20220831 15,4934.904490969613
41_20220831 16,4891.44280699014
41_20220831 17,4844.565378041571
41_20220831 18,4830.1620459453725
41_20220831 19,4826.388631448516
41_20220831 20,3441.2815611490223
41_20220831 21,2860.957835857218
41_20220831 22,1950.6029419434208
41_20220831 23,1698.8484376467059
42_20220825 00,378.6230246880033
42_20220825 01,379.7374248033128
42_20220825 02,376.37763228275253
42_20220825 03,375.1960817475983
42_20220825 04,412.23207325677595
42_20220825 05,422.7280841215171
42_20220825 06,496.71867623916427
42_20220825 07,547.3272078849859
42_20220825 08,693.5585987728327
42_20220825 09,1716.1453237811977
42_20220825 10,3016.1749848494674
42_20220825 11,3152.67891154864
42_20220825 12,3144.550256864714
42_20220825 13,3139.7914717075146
42_20220825 14,3123.1806798274743
42_20220825 15,3108.671366822253
42_20220825 16,3072.303710644858
42_20220825 17,3054.7516638258658
42_20220825 18,2897.4903895146917
42_20220825 19,2569.4183200521366
42_20220825 20,1017.1558418209004
42_20220825 21,503.61511939634113
42_20220825 22,440.4144815398067
42_20220825 23,400.5444301614691
42_20220826 00,384.1557615118188
42_20220826 01,379.31096284045265
42_20220826 02,381.3052955717818
42_20220826 03,376.92006091831934
42_20220826 04,408.00774504345867
42_20220826 05,396.7772242216408
42_20220826 06,473.15782670042984
42_20220826 07,536.3296237940428
42_20220826 08,680.0852517188139
42_20220826 09,1835.5317903712687
42_20220826 10,3014.8936253196634
42_20220826 11,3112.5947580137695
42_20220826 12,3109.6055187607026
42_20220826 13,3109.6496966065533
42_20220826 14,3065.9234378003193
42_20220826 15,3063.564722723987
42_20220826 16,3036.023174300074
42_20220826 17,3014.8620369819164
42_20220826 18,2908.7455713761374
42_20220826 19,2735.3044330463003
42_20220826 20,1541.829961668215
42_20220826 21,515.040191176955
42_20220826 22,443.4098816245196
42_20220826 23,398.0397840100554
42_20220827 00,380.99562890594336
42_20220827 01,379.79444527851706
42_20220827 02,379.0293509325935
42_20220827 03,370.7896528224875
42_20220827 04,416.759020939466
42_20220827 05,424.1969049801488
42_20220827 06,499.3905811818976
42_20220827 07,536.2949055080385
42_20220827 08,639.9697406070036
42_20220827 09,1631.6601786969884
42_20220827 10,2861.489656189328
42_20220827 11,2986.381032130801
42_20220827 12,2985.6098886112145
42_20220827 13,2950.681935085985
42_20220827 14,2937.3745482609893
42_20220827 15,2925.6404501853904
42_20220827 16,2871.3284645972835
42_20220827 17,2877.5745578617298
42_20220827 18,2813.6896909923266
42_20220827 19,2721.862130023844
42_20220827 20,1644.1545869025547
42_20220827 21,461.73141776098896
42_20220827 22,391.660333933795
42_20220827 23,367.34340651227086
42_20220828 00,347.6463840951915
42_20220828 01,348.2962159448996
42_20220828 02,352.99816775687094
42_20220828 03,347.96922231332576
42_20220828 04,386.2913753851394
42_20220828 05,405.906149570256
42_20220828 06,470.7481131386496
42_20220828 07,509.21838058628487
42_20220828 08,593.6423052319743
42_20220828 09,1494.0968508055196
42_20220828 10,2749.268076170631
42_20220828 11,2840.9140401684786
42_20220828 12,2848.148180341795
42_20220828 13,2884.2608251764373
42_20220828 14,2888.0610448070934
42_20220828 15,2891.2686295696603
42_20220828 16,2839.189342364942
42_20220828 17,2831.912857964368
42_20220828 18,2831.0859773718435
42_20220828 19,2698.5262974228904
42_20220828 20,1611.3159851056964
42_20220828 21,456.2395491866083
42_20220828 22,392.0034410686833
42_20220828 23,366.0117609743263
42_20220829 00,368.90510196619226
42_20220829 01,370.31804104497985
42_20220829 02,372.08750463277704
42_20220829 03,372.70495135027295
42_20220829 04,370.0262289186297
42_20220829 05,381.5253873144456
42_20220829 06,409.1405421359783
42_20220829 07,467.92336842425635
42_20220829 08,615.7101665218358
42_20220829 09,1556.143358503287
42_20220829 10,2603.7635798589863
42_20220829 11,2760.639881062275
42_20220829 12,2764.7016727236964
42_20220829 13,2786.603896397991
42_20220829 14,2810.6637964892134
42_20220829 15,2806.990873224704
42_20220829 16,2762.3505269421157
42_20220829 17,2707.888124437502
42_20220829 18,2582.6724601370934
42_20220829 19,2283.0912019519005
42_20220829 20,966.3802816095097
42_20220829 21,464.3828488100978
42_20220829 22,418.4954295324387
42_20220829 23,392.23918837265535
42_20220830 00,373.09547236946696
42_20220830 01,374.1832857148667
42_20220830 02,374.654168314167
42_20220830 03,371.7776934193689
42_20220830 04,409.7780310542488
42_20220830 05,431.8593658239019
42_20220830 06,494.4108822163238
42_20220830 07,547.9396838255686
42_20220830 08,687.5542856013244
42_20220830 09,1682.6923922325154
42_20220830 10,2834.656256184033
42_20220830 11,3030.3523970739493
42_20220830 12,3026.29110003209
42_20220830 13,3029.790076420158
42_20220830 14,2979.5807316106243
42_20220830 15,2976.5436013349577
42_20220830 16,2912.7933553411954
42_20220830 17,2870.5551706065544
42_20220830 18,2765.199146560055
42_20220830 19,2443.6106589615933
42_20220830 20,975.1808973923671
42_20220830 21,469.90989214697424
42_20220830 22,409.7604016827271
42_20220830 23,387.5754442368524
42_20220831 00,369.55860418822783
42_20220831 01,368.4942303547192
42_20220831 02,367.98524442877886
42_20220831 03,368.58168373353885
42_20220831 04,403.9376714838945
42_20220831 05,413.7880899880402
42_20220831 06,491.296549127494
42_20220831 07,553.6490109724391
42_20220831 08,694.908703232964
42_20220831 09,1679.0813351661811
42_20220831 10,2882.0815764238782
42_20220831 11,3048.6788927619705
42_20220831 12,3022.2258342116565
42_20220831 13,3037.2428317745344
42_20220831 14,3037.960270131733
42_20220831 15,3014.743503999574
42_20220831 16,2948.2918881568257
42_20220831 17,2910.288302731172
42_20220831 18,2824.7630111138446
42_20220831 19,2543.786214626551
42_20220831 20,1018.3591220077834
42_20220831 21,488.9615536128411
42_20220831 22,413.0707681102488
42_20220831 23,391.54431693425596
43_20220825 00,427.468654340846
43_20220825 01,415.2366532428753
43_20220825 02,403.60098308833267
43_20220825 03,401.1967717313976
43_20220825 04,400.9061881964857
43_20220825 05,402.22484676439745
43_20220825 06,430.6045875118119
43_20220825 07,523.1026900867571
43_20220825 08,702.8680766829873
43_20220825 09,1372.6457140045181
43_20220825 10,3188.9103900527157
43_20220825 11,3229.23124866892
43_20220825 12,3241.7113083576523
43_20220825 13,3234.5884170124637
43_20220825 14,3177.6518555924304
43_20220825 15,3111.156776140079
43_20220825 16,3131.8185123965213
43_20220825 17,3071.146865451048
43_20220825 18,3023.5480419984333
43_20220825 19,2910.708643556664
43_20220825 20,2707.79017440122
43_20220825 21,788.8889021847651
43_20220825 22,431.1257333905886
43_20220825 23,404.36569711258323
43_20220826 00,429.3283164507387
43_20220826 01,425.38532674446697
43_20220826 02,403.6996338685864
43_20220826 03,402.01164698597324
43_20220826 04,402.49643307896656
43_20220826 05,399.0579537067432
43_20220826 06,420.48513719504194
43_20220826 07,556.8488406425272
43_20220826 08,710.4971800241728
43_20220826 09,1396.6006005572142
43_20220826 10,3232.8262332752306
43_20220826 11,3307.750719329595
43_20220826 12,3300.826424278445
43_20220826 13,3341.450416896875
43_20220826 14,3356.257859656584
43_20220826 15,3302.1565533188127
43_20220826 16,3263.4044547692083
43_20220826 17,3222.516990733013
43_20220826 18,3184.6155472623936
43_20220826 19,3111.4306123267156
43_20220826 20,2843.7730463757703
43_20220826 21,833.4172501255757
43_20220826 22,447.4492793538961
43_20220826 23,429.9813557632551
43_20220827 00,445.8383256233743
43_20220827 01,444.8072098474645
43_20220827 02,436.2900321421107
43_20220827 03,441.61744456009774
43_20220827 04,428.3264836813622
43_20220827 05,410.86336839540064
43_20220827 06,428.19255127681544
43_20220827 07,544.2680249411587
43_20220827 08,689.8094777131264
43_20220827 09,1453.0847861793063
43_20220827 10,3086.006847456125
43_20220827 11,3203.4647109544
43_20220827 12,3374.182122529791
43_20220827 13,3454.704313192467
43_20220827 14,3535.5639769781274
43_20220827 15,3460.0011861510166
43_20220827 16,3453.5653382751857
43_20220827 17,3456.5913688632277
43_20220827 18,3405.9993569430358
43_20220827 19,3251.0280448962403
43_20220827 20,2946.1169968953373
43_20220827 21,812.7583293613262
43_20220827 22,443.88976609174165
43_20220827 23,407.25899891629444
43_20220828 00,410.306418182221
43_20220828 01,401.73206886418455
43_20220828 02,396.26113700271793
43_20220828 03,395.8568038039289
43_20220828 04,392.0599938281021
43_20220828 05,396.23261286741024
43_20220828 06,415.32615006862306
43_20220828 07,468.0065848436174
43_20220828 08,570.6161102038828
43_20220828 09,1298.4018259835318
43_20220828 10,3006.6896726279065
43_20220828 11,3247.287319636326
43_20220828 12,3426.315094863279
43_20220828 13,3554.3117343597696
43_20220828 14,3609.2428849847306
43_20220828 15,3604.278905017812
43_20220828 16,3649.93525162029
43_20220828 17,3592.5097064310903
43_20220828 18,3455.1949652817943
43_20220828 19,3262.537400583809
43_20220828 20,2985.2152529388704
43_20220828 21,804.1238328164286
43_20220828 22,418.36632034533386
43_20220828 23,394.0285541654034
43_20220829 00,391.17032708277134
43_20220829 01,383.16365220496584
43_20220829 02,384.7698314376331
43_20220829 03,381.0067066247504
43_20220829 04,378.55399469541436
43_20220829 05,380.45502512936713
43_20220829 06,407.65213559019
43_20220829 07,524.818967895978
43_20220829 08,651.1539965762171
43_20220829 09,1252.0787800301416
43_20220829 10,3036.353427384186
43_20220829 11,3059.7925417229485
43_20220829 12,3050.7648128400165
43_20220829 13,3074.3529357698535
43_20220829 14,3110.0325429712902
43_20220829 15,3068.872778533668
43_20220829 16,3039.716504490403
43_20220829 17,3014.9960004742434
43_20220829 18,2943.041063945649
43_20220829 19,2877.751637392483
43_20220829 20,2622.613215539783
43_20220829 21,764.3735227720599
43_20220829 22,419.6968887727023
43_20220829 23,416.4279122227442
43_20220830 00,417.10254356742564
43_20220830 01,404.8778160337855
43_20220830 02,386.0248529089624
43_20220830 03,377.4203732747214
43_20220830 04,382.70144457478034
43_20220830 05,370.35022882095313
43_20220830 06,381.3811268484126
43_20220830 07,461.5260987612404
43_20220830 08,624.8516959352229
43_20220830 09,1248.771432580198
43_20220830 10,2894.138236820474
43_20220830 11,2958.0991982977616
43_20220830 12,2938.3215365041056
43_20220830 13,2977.490834955772
43_20220830 14,3017.1689062389564
43_20220830 15,2923.21005842117
43_20220830 16,2925.0809529401376
43_20220830 17,2908.8999455232233
43_20220830 18,2857.6098094083372
43_20220830 19,2788.9447860801997
43_20220830 20,2594.981155890873
43_20220830 21,751.6579045269194
43_20220830 22,414.53449029368346
43_20220830 23,404.4222643766135
43_20220831 00,403.2652580542709
43_20220831 01,382.3875521312244
43_20220831 02,375.871773041083
43_20220831 03,377.57043279197376
43_20220831 04,373.36198229692894
43_20220831 05,374.39820282996504
43_20220831 06,395.1972675384567
43_20220831 07,512.3768876927342
43_20220831 08,649.8136801345272
43_20220831 09,1287.0562812904348
43_20220831 10,2957.9571219230015
43_20220831 11,3054.6266879521427
43_20220831 12,3153.7323128201047
43_20220831 13,3151.4436030795628
43_20220831 14,3200.550343495966
43_20220831 15,3180.2891455719086
43_20220831 16,3153.13031258983
43_20220831 17,3118.3921053541744
43_20220831 18,3068.990064288607
43_20220831 19,2916.833126022282
43_20220831 20,2727.7258496765858
43_20220831 21,771.1735630928122
43_20220831 22,406.8696525884794
43_20220831 23,383.4847200665058
44_20220825 00,518.919387819021
44_20220825 01,511.68678505110336
44_20220825 02,509.9000751090596
44_20220825 03,514.1103262368435
44_20220825 04,519.0985812503109
44_20220825 05,517.1626271373796
44_20220825 06,514.6062640373416
44_20220825 07,555.5361306968337
44_20220825 08,991.3773016346703
44_20220825 09,2065.018250379326
44_20220825 10,3401.530720630759
44_20220825 11,3404.712155546262
44_20220825 12,3411.335483635035
44_20220825 13,3428.806981502341
44_20220825 14,3348.6529959357767
44_20220825 15,3341.5656843905813
44_20220825 16,3328.321388300117
44_20220825 17,3208.3672894988854
44_20220825 18,3106.0355380623546
44_20220825 19,2925.2550112298736
44_20220825 20,2697.096649916398
44_20220825 21,1086.1158000158368
44_20220825 22,560.3809843295287
44_20220825 23,524.7540102147268
44_20220826 00,517.1781390366067
44_20220826 01,507.84502597062146
44_20220826 02,509.45226699051403
44_20220826 03,516.9454250440327
44_20220826 04,519.5637771486321
44_20220826 05,516.5937298334344
44_20220826 06,509.7352603567836
44_20220826 07,555.1095546163399
44_20220826 08,968.867509724929
44_20220826 09,2159.2309231714644
44_20220826 10,3513.445208915521
44_20220826 11,3528.881951640995
44_20220826 12,3532.174686738119
44_20220826 13,3592.9584781570647
44_20220826 14,3566.271213696001
44_20220826 15,3597.2507519949236
44_20220826 16,3558.896801190522
44_20220826 17,3385.992810630346
44_20220826 18,3314.4201782392565
44_20220826 19,3178.861095607299
44_20220826 20,2897.412578102663
44_20220826 21,1110.7806593031237
44_20220826 22,571.3091067364732
44_20220826 23,530.3085983294828
44_20220827 00,515.6089138103965
44_20220827 01,514.3947244518288
44_20220827 02,518.3180294645798
44_20220827 03,522.7985633120333
44_20220827 04,526.8142285300387
44_20220827 05,518.5018877848255
44_20220827 06,516.5616804233232
44_20220827 07,551.5969887363246
44_20220827 08,981.1037534124284
44_20220827 09,2100.974082442621
44_20220827 10,3434.8732389982833
44_20220827 11,3502.474947013258
44_20220827 12,3569.9453635586415
44_20220827 13,3710.3904736780096
44_20220827 14,3722.8037770290844
44_20220827 15,3745.9805751501476
44_20220827 16,3722.8965962924476
44_20220827 17,3664.257823172168
44_20220827 18,3544.286309606856
44_20220827 19,3355.254975341656
44_20220827 20,2994.518750696983
44_20220827 21,1170.6642968418087
44_20220827 22,530.6261625784675
44_20220827 23,522.2156865020439
44_20220828 00,511.74371096754555
44_20220828 01,507.6206958950437
44_20220828 02,512.4478811959455
44_20220828 03,517.60040684926
44_20220828 04,522.8049964439984
44_20220828 05,518.9805217942535
44_20220828 06,510.00599975776186
44_20220828 07,544.8330765143041
44_20220828 08,953.2805063684052
44_20220828 09,2036.4389075284473
44_20220828 10,3336.0690883597767
44_20220828 11,3465.6219853257858
44_20220828 12,3625.847304426001
44_20220828 13,3724.6814783620675
44_20220828 14,3851.632277997308
44_20220828 15,3865.240530652076
44_20220828 16,3896.495531485866
44_20220828 17,3753.192727269229
44_20220828 18,3539.3331254705467
44_20220828 19,3353.247316424894
44_20220828 20,2949.690513095627
44_20220828 21,1188.8499354907967
44_20220828 22,527.1616306892346
44_20220828 23,518.2560049793569
44_20220829 00,515.9809278684008
44_20220829 01,507.09407898246593
44_20220829 02,510.2978203601856
44_20220829 03,515.0954644173078
44_20220829 04,516.4808559617431
44_20220829 05,515.6204698044877
44_20220829 06,503.6332138563387
44_20220829 07,562.0912000887789
44_20220829 08,984.8260995060156
44_20220829 09,2026.5047868230952
44_20220829 10,3204.679629535011
44_20220829 11,3212.3979776616857
44_20220829 12,3245.794174391633
44_20220829 13,3255.886942243728
44_20220829 14,3287.1310613400524
44_20220829 15,3286.432476412447
44_20220829 16,3245.9830832450407
44_20220829 17,3124.935287281687
44_20220829 18,3068.5859505883905
44_20220829 19,2946.9187915729394
44_20220829 20,2642.620266330105
44_20220829 21,1087.968752200993
44_20220829 22,570.0955272436131
44_20220829 23,532.8386480635249
44_20220830 00,524.3853547002777
44_20220830 01,507.3394879577162
44_20220830 02,508.95214016785826
44_20220830 03,515.5459325241055
44_20220830 04,519.0454296210553
44_20220830 05,516.0279209929705
44_20220830 06,512.0507162873067
44_20220830 07,546.5421648735171
44_20220830 08,951.7084465701691
44_20220830 09,2001.4348956985193
44_20220830 10,3116.5968487967657
44_20220830 11,3113.0504208223365
44_20220830 12,3103.0288036244383
44_20220830 13,3104.5284113030907
44_20220830 14,3108.1766345012184
44_20220830 15,3091.850720291041
44_20220830 16,3080.2898448939254
44_20220830 17,2984.5164529527733
44_20220830 18,2935.8845744041632
44_20220830 19,2813.985686070553
44_20220830 20,2569.116942401821
44_20220830 21,1052.5802604274534
44_20220830 22,551.4137334306638
44_20220830 23,517.2272227649303
44_20220831 00,507.75487983241453
44_20220831 01,501.37146595371746
44_20220831 02,502.00189852628637
44_20220831 03,506.65940050946017
44_20220831 04,507.60556453241696
44_20220831 05,506.4769806976415
44_20220831 06,496.7071590583281
44_20220831 07,537.657661776298
44_20220831 08,947.4249004668144
44_20220831 09,2010.4882411518029
44_20220831 10,3188.2664984521675
44_20220831 11,3256.408376801605
44_20220831 12,3324.214143461556
44_20220831 13,3322.523376744743
44_20220831 14,3329.2474370665727
44_20220831 15,3404.300157598479
44_20220831 16,3401.959251040428
44_20220831 17,3317.061969970843
44_20220831 18,3167.4910366440226
44_20220831 19,2949.4082538864136
44_20220831 20,2694.6208262768464
44_20220831 21,1064.0526702978195
44_20220831 22,551.0926396089267
44_20220831 23,517.8447374332413
45_20220825 00,2349.437568763845
45_20220825 01,2355.332623975036
45_20220825 02,2333.072587994531
45_20220825 03,2275.8812110565095
45_20220825 04,2377.3377593777795
45_20220825 05,2491.7132586431017
45_20220825 06,2893.306581724543
45_20220825 07,3203.5402709134696
45_20220825 08,3545.3662986407726
45_20220825 09,3605.534035994052
45_20220825 10,3614.821697760928
45_20220825 11,3621.246917342178
45_20220825 12,3537.262094268236
45_20220825 13,3509.4755838848396
45_20220825 14,3574.885373485108
45_20220825 15,3487.4885252316144
45_20220825 16,3415.7473731239807
45_20220825 17,3131.444166742772
45_20220825 18,2896.524634323884
45_20220825 19,2841.2216172629182
45_20220825 20,2730.3254812134637
45_20220825 21,2585.8904860922485
45_20220825 22,2420.559016217003
45_20220825 23,2374.5135419959624
45_20220826 00,2235.683617830937
45_20220826 01,2250.9011576847397
45_20220826 02,2240.0670904029157
45_20220826 03,2218.955865503257
45_20220826 04,2313.873820890619
45_20220826 05,2435.732614479626
45_20220826 06,2875.533976508731
45_20220826 07,3188.138605728267
45_20220826 08,3483.022714847213
45_20220826 09,3583.1886532721014
45_20220826 10,3586.510155012126
45_20220826 11,3606.789457128475
45_20220826 12,3511.8963699798437
45_20220826 13,3505.586796437999
45_20220826 14,3574.3148872771776
45_20220826 15,3541.0642552595896
45_20220826 16,3435.883763117687
45_20220826 17,3160.7926393135835
45_20220826 18,2923.5733036189336
45_20220826 19,2853.5385556425385
45_20220826 20,2763.856306102879
45_20220826 21,2642.9448248211156
45_20220826 22,2477.8337413843024
45_20220826 23,2440.136122501148
45_20220827 00,2301.700106551302
45_20220827 01,2327.8887698696467
45_20220827 02,2238.6903378103266
45_20220827 03,2198.480151583758
45_20220827 04,2207.4106165944304
45_20220827 05,2283.76763249462
45_20220827 06,2584.2408761707097
45_20220827 07,2821.4598272844837
45_20220827 08,2986.3043947168426
45_20220827 09,3018.0523336669717
45_20220827 10,3048.2675769320954
45_20220827 11,3017.69914974731
45_20220827 12,2949.845404957454
45_20220827 13,2829.729303342144
45_20220827 14,2790.914691563922
45_20220827 15,2777.768280312489
45_20220827 16,2745.676687494576
45_20220827 17,2723.508682909493
45_20220827 18,2693.2415039769753
45_20220827 19,2673.7986190005417
45_20220827 20,2514.316532903121
45_20220827 21,2406.8379289467957
45_20220827 22,2318.1130568964318
45_20220827 23,2254.6557778366723
45_20220828 00,2163.1906126785107
45_20220828 01,2168.6207642526583
45_20220828 02,2142.931428440257
45_20220828 03,2100.7003555071333
45_20220828 04,2155.6827086102103
45_20220828 05,2143.4619537048816
45_20220828 06,2353.76673474368
45_20220828 07,2513.358601879978
45_20220828 08,2681.2300345553385
45_20220828 09,2688.242798392813
45_20220828 10,2780.0908101896002
45_20220828 11,2778.1060997021686
45_20220828 12,2729.1361111541855
45_20220828 13,2734.3597343898296
45_20220828 14,2752.2822971203077
45_20220828 15,2775.837823268292
45_20220828 16,2760.863815375411
45_20220828 17,2730.1309907749173
45_20220828 18,2691.0581248645644
45_20220828 19,2705.132455870448
45_20220828 20,2578.3434922058623
45_20220828 21,2482.357754096909
45_20220828 22,2402.939797005536
45_20220828 23,2350.6825644068613
45_20220829 00,2294.8077759183607
45_20220829 01,2296.744641873399
45_20220829 02,2282.4758957260196
45_20220829 03,2237.0857000995456
45_20220829 04,2319.859920484829
45_20220829 05,2438.751035668968
45_20220829 06,2869.967611183475
45_20220829 07,3140.748476455771
45_20220829 08,3448.145230256228
45_20220829 09,3511.211590295172
45_20220829 10,3523.159432170273
45_20220829 11,3522.4065734540595
45_20220829 12,3448.927003050529
45_20220829 13,3456.0912626650415
45_20220829 14,3498.036291073237
45_20220829 15,3469.4229117362866
45_20220829 16,3360.2755700187618
45_20220829 17,3078.348315891654
45_20220829 18,2819.235374988122
45_20220829 19,2789.547875586886
45_20220829 20,2675.938947642638
45_20220829 21,2531.6404273894673
45_20220829 22,2341.3456261276547
45_20220829 23,2294.2289536203907
45_20220830 00,2166.0561162217373
45_20220830 01,2183.1906042287774
45_20220830 02,2171.399044354388
45_20220830 03,2165.8672522467205
45_20220830 04,2257.411782488214
45_20220830 05,2371.578612808694
45_20220830 06,2820.920470518571
45_20220830 07,3123.0797252470165
45_20220830 08,3444.2631417251605
45_20220830 09,3508.8905622198026
45_20220830 10,3515.97625053795
45_20220830 11,3513.77967587661
45_20220830 12,3443.2184075173873
45_20220830 13,3455.672993630301
45_20220830 14,3497.6467631424903
45_20220830 15,3437.9910502549033
45_20220830 16,3390.2036389911977
45_20220830 17,3105.438396554957
45_20220830 18,2863.8027707691363
45_20220830 19,2805.295039119448
45_20220830 20,2686.5387870775057
45_20220830 21,2534.118330020529
45_20220830 22,2353.647865833931
45_20220830 23,2299.4690379811086
45_20220831 00,2169.5160711515095
45_20220831 01,2190.7290925537027
45_20220831 02,2185.373166222234
45_20220831 03,2166.9746839272375
45_20220831 04,2245.2969761210225
45_20220831 05,2382.89242538484
45_20220831 06,2826.020270265649
45_20220831 07,3141.3933328931985
45_20220831 08,3473.893568273775
45_20220831 09,3513.460727726138
45_20220831 10,3510.820148039571
45_20220831 11,3519.0287445066015
45_20220831 12,3458.5854522715417
45_20220831 13,3450.5455205019134
45_20220831 14,3504.8117677602945
45_20220831 15,3451.7656711917334
45_20220831 16,3392.520033525611
45_20220831 17,3117.471794959262
45_20220831 18,2850.5050677522836
45_20220831 19,2819.2281456324363
45_20220831 20,2705.496018929552
45_20220831 21,2542.358317546962
45_20220831 22,2379.3307865902952
45_20220831 23,2325.411511648108
46_20220825 00,1489.6163689901869
46_20220825 01,1464.5995050048286
46_20220825 02,1633.2830083055578
46_20220825 03,1605.1886129767763
46_20220825 04,1444.5666640198842
46_20220825 05,1504.9358791638122
46_20220825 06,1873.7767261217055
46_20220825 07,2293.7012312226334
46_20220825 08,2720.2602155560317
46_20220825 09,2905.516996128835
46_20220825 10,2951.227876846409
46_20220825 11,2953.011973111707
46_20220825 12,2889.4159778120347
46_20220825 13,2918.391126394824
46_20220825 14,2953.41734471858
46_20220825 15,2983.5954157149017
46_20220825 16,2945.2932957380103
46_20220825 17,2782.9701494624624
46_20220825 18,2273.848978322454
46_20220825 19,2096.074921875006
46_20220825 20,1910.2555479038692
46_20220825 21,1848.8025021641338
46_20220825 22,1736.8095606534973
46_20220825 23,1651.8392265337607
46_20220826 00,1443.0717247868797
46_20220826 01,1426.8452079903868
46_20220826 02,1579.7023141476984
46_20220826 03,1541.8436145482374
46_20220826 04,1439.613037037334
46_20220826 05,1455.0979661892025
46_20220826 06,1700.3614366673582
46_20220826 07,2077.2193666997596
46_20220826 08,2577.220459705097
46_20220826 09,2782.7056100861046
46_20220826 10,2801.774562651836
46_20220826 11,2773.3916918625027
46_20220826 12,2706.9537152346456
46_20220826 13,2773.678680813765
46_20220826 14,2784.153020738661
46_20220826 15,2796.899368184217
46_20220826 16,2763.2879371197787
46_20220826 17,2643.011985734514
46_20220826 18,2146.767529622993
46_20220826 19,2050.0118995447942
46_20220826 20,1919.873523241988
46_20220826 21,1825.2354914669052
46_20220826 22,1722.5765863392423
46_20220826 23,1647.4932331737755
46_20220827 00,1519.1524328504302
46_20220827 01,1469.3835553767262
46_20220827 02,1587.5770920327668
46_20220827 03,1557.3870457439457
46_20220827 04,1441.6867906363418
46_20220827 05,1481.8003837059407
46_20220827 06,1867.007555126385
46_20220827 07,1970.0266259143382
46_20220827 08,1962.7024661674188
46_20220827 09,2040.6737157998703
46_20220827 10,2030.220628773518
46_20220827 11,2062.085073784897
46_20220827 12,2031.545601289275
46_20220827 13,2038.6070260828983
46_20220827 14,2096.679148246748
46_20220827 15,2083.6067560304405
46_20220827 16,2053.2988328363717
46_20220827 17,2021.6413105436307
46_20220827 18,1973.4399531028557
46_20220827 19,1927.5829680861993
46_20220827 20,1818.6814600973682
46_20220827 21,1767.2434852291424
46_20220827 22,1663.9601980142252
46_20220827 23,1585.0982398898773
46_20220828 00,1430.499397385538
46_20220828 01,1418.7727904839642
46_20220828 02,1505.381029814418
46_20220828 03,1489.1720739854877
46_20220828 04,1394.8710088467078
46_20220828 05,1432.6946505437065
46_20220828 06,1693.5375963335507
46_20220828 07,1830.9021177639888
46_20220828 08,1928.1021460120414
46_20220828 09,1947.4796493638935
46_20220828 10,1950.2084810306396
46_20220828 11,1970.5986604202485
46_20220828 12,1945.972868938753
46_20220828 13,2003.9660409099095
46_20220828 14,2019.7778344345793
46_20220828 15,2022.978600708952
46_20220828 16,2044.451808756942
46_20220828 17,2036.7482170586377
46_20220828 18,2039.5439719873882
46_20220828 19,1956.2002274330735
46_20220828 20,1825.7443288768131
46_20220828 21,1771.2207348951001
46_20220828 22,1710.6548915496203
46_20220828 23,1601.077058884519
46_20220829 00,1398.084776204012
46_20220829 01,1375.3544630597235
46_20220829 02,1494.0881526247356
46_20220829 03,1465.2444683146402
46_20220829 04,1358.1885924897824
46_20220829 05,1392.990290535478
46_20220829 06,1634.1258228776069
46_20220829 07,2039.8575134925902
46_20220829 08,2516.65609529679
46_20220829 09,2729.0928214215437
46_20220829 10,2783.6397857095517
46_20220829 11,2795.7888913671254
46_20220829 12,2726.397015336458
46_20220829 13,2759.834619891398
46_20220829 14,2693.8949056636084
46_20220829 15,2680.7223199249947
46_20220829 16,2693.7125912979254
46_20220829 17,2562.413740015025
46_20220829 18,2092.958408920986
46_20220829 19,1950.6111220397436
46_20220829 20,1822.4569423948572
46_20220829 21,1762.1641170244588
46_20220829 22,1648.3140875781107
46_20220829 23,1567.0477291035904
46_20220830 00,1405.118963362409
46_20220830 01,1415.998515352494
46_20220830 02,1541.235881716961
46_20220830 03,1519.806658547824
46_20220830 04,1398.9014668444609
46_20220830 05,1444.066415231363
46_20220830 06,1759.589914994147
46_20220830 07,2149.365229169108
46_20220830 08,2638.083797234973
46_20220830 09,2838.9429202100655
46_20220830 10,2844.3441034223515
46_20220830 11,2837.6359879315437
46_20220830 12,2770.6716518393155
46_20220830 13,2822.2493770078686
46_20220830 14,2819.222441643841
46_20220830 15,2820.3264707597814
46_20220830 16,2798.1548511387
46_20220830 17,2654.3027318045642
46_20220830 18,2168.309772589488
46_20220830 19,2027.6429596865532
46_20220830 20,1878.255938499441
46_20220830 21,1803.4177606998037
46_20220830 22,1689.5939620590127
46_20220830 23,1615.6884013512924
46_20220831 00,1438.013129478717
46_20220831 01,1443.8590387360664
46_20220831 02,1589.0849714633418
46_20220831 03,1558.2559865393657
46_20220831 04,1428.931365264519
46_20220831 05,1465.6905071370097
46_20220831 06,1758.0199093208075
46_20220831 07,2133.69565366855
46_20220831 08,2596.7243093451093
46_20220831 09,2780.815703942846
46_20220831 10,2804.0013144092204
46_20220831 11,2811.6013276496687
46_20220831 12,2756.394605262224
46_20220831 13,2748.636942076086
46_20220831 14,2790.548426841384
46_20220831 15,2798.5310472564247
46_20220831 16,2771.6966578327315
46_20220831 17,2620.5863201910047
46_20220831 18,2139.2864932612447
46_20220831 19,2018.041859746636
46_20220831 20,1890.3218285265746
46_20220831 21,1807.9234911157657
46_20220831 22,1681.1992572645156
46_20220831 23,1620.0844209635497
47_20220825 00,4083.0930132904223
47_20220825 01,4066.900399690592
47_20220825 02,4041.723856507907
47_20220825 03,4077.359104764624
47_20220825 04,4092.2069734358374
47_20220825 05,4162.454728893668
47_20220825 06,4979.906069667115
47_20220825 07,5827.357695380879
47_20220825 08,6429.979243377036
47_20220825 09,6588.892810768051
47_20220825 10,6626.874501589648
47_20220825 11,6603.0232203931855
47_20220825 12,6526.479459874602
47_20220825 13,6597.532184767874
47_20220825 14,6559.58445113389
47_20220825 15,6471.743641733963
47_20220825 16,6420.6891844146785
47_20220825 17,5764.140773272599
47_20220825 18,5221.384923300798
47_20220825 19,4991.950040452978
47_20220825 20,4556.311813849259
47_20220825 21,4375.43969758398
47_20220825 22,4322.248509876808
47_20220825 23,4177.929920510429
47_20220826 00,4093.1510475420155
47_20220826 01,4070.6185372350496
47_20220826 02,4061.2213196434964
47_20220826 03,4097.66137295823
47_20220826 04,4133.750341956064
47_20220826 05,4230.814076735097
47_20220826 06,4977.242548723533
47_20220826 07,5641.960966564605
47_20220826 08,6272.820146188129
47_20220826 09,6476.785714181041
47_20220826 10,6566.686033759042
47_20220826 11,6579.82662562722
47_20220826 12,6538.841059918959
47_20220826 13,6577.3357351071745
47_20220826 14,6617.020911657692
47_20220826 15,6571.185975352674
47_20220826 16,6480.281051765891
47_20220826 17,5826.029138223201
47_20220826 18,5357.410371588536
47_20220826 19,5060.072295955382
47_20220826 20,4720.540910861949
47_20220826 21,4546.250619931455
47_20220826 22,4433.136465732355
47_20220826 23,4266.941805255309
47_20220827 00,4065.1038719973367
47_20220827 01,4053.271329851682
47_20220827 02,4030.0724104847914
47_20220827 03,4069.6449987843357
47_20220827 04,4062.642634037652
47_20220827 05,4024.8844352809438
47_20220827 06,4533.9321157018185
47_20220827 07,4718.093569283225
47_20220827 08,4880.38894197624
47_20220827 09,4828.55979713119
47_20220827 10,4933.879512554451
47_20220827 11,4905.68728977938
47_20220827 12,4823.976561626483
47_20220827 13,4830.6793087748665
47_20220827 14,4851.785757229254
47_20220827 15,4780.191991622314
47_20220827 16,4763.99910792664
47_20220827 17,4729.470760695154
47_20220827 18,4516.621230873065
47_20220827 19,4360.61425575523
47_20220827 20,4227.297406594126
47_20220827 21,4143.259919051876
47_20220827 22,4089.283056486314
47_20220827 23,3965.9034311302294
47_20220828 00,3847.3016729554192
47_20220828 01,3856.184779901071
47_20220828 02,3862.1555662288156
47_20220828 03,3886.4938703870175
47_20220828 04,3926.537502239178
47_20220828 05,3944.1735234053613
47_20220828 06,4242.769679805164
47_20220828 07,4269.946201689432
47_20220828 08,4339.673080320017
47_20220828 09,4314.894982721045
47_20220828 10,4395.870882551017
47_20220828 11,4478.4330107963515
47_20220828 12,4514.219541279854
47_20220828 13,4613.242379608531
47_20220828 14,4618.41307668572
47_20220828 15,4696.628716165833
47_20220828 16,4675.543724970448
47_20220828 17,4687.571257222118
47_20220828 18,4528.428618857237
47_20220828 19,4428.5080422466235
47_20220828 20,4282.431265146399
47_20220828 21,4205.017392806041
47_20220828 22,4109.730055378027
47_20220828 23,4022.456223201435
47_20220829 00,4057.435871796192
47_20220829 01,4064.426781950023
47_20220829 02,4022.6818536993505
47_20220829 03,4044.08793751123
47_20220829 04,4053.6835271794143
47_20220829 05,4166.8881959790115
47_20220829 06,4916.038502585479
47_20220829 07,5531.274932830413
47_20220829 08,6226.736212270426
47_20220829 09,6255.86849219857
47_20220829 10,6396.614212550037
47_20220829 11,6371.543613242459
47_20220829 12,6339.992285073337
47_20220829 13,6363.571251973709
47_20220829 14,6357.154812008913
47_20220829 15,6329.017279723485
47_20220829 16,6098.399152047523
47_20220829 17,5581.5438050593575
47_20220829 18,5049.988861704554
47_20220829 19,4825.883159215719
47_20220829 20,4558.52167594232
47_20220829 21,4404.071985196303
47_20220829 22,4299.743184947109
47_20220829 23,4151.168489583817
47_20220830 00,3999.7648371075525
47_20220830 01,4020.6836681401746
47_20220830 02,4015.0781937383435
47_20220830 03,4046.8774411196073
47_20220830 04,4072.7425919165407
47_20220830 05,4169.86521343198
47_20220830 06,4883.128152682784
47_20220830 07,5555.467256306167
47_20220830 08,6166.741343799136
47_20220830 09,6338.548577242495
47_20220830 10,6341.67998870979
47_20220830 11,6322.834994229178
47_20220830 12,6308.505603194071
47_20220830 13,6340.127999284082
47_20220830 14,6335.0344331182705
47_20220830 15,6306.097698600605
47_20220830 16,6229.386577415041
47_20220830 17,5806.129200739284
47_20220830 18,5168.37464795257
47_20220830 19,4877.746337274628
47_20220830 20,4606.768520719435
47_20220830 21,4435.45453391155
47_20220830 22,4348.2016836234925
47_20220830 23,4189.934569278776
47_20220831 00,4051.496968502279
47_20220831 01,4041.3133671605146
47_20220831 02,4023.139133967463
47_20220831 03,4046.379048162634
47_20220831 04,4069.5858830276375
47_20220831 05,4142.960937104639
47_20220831 06,4870.661161585207
47_20220831 07,5572.605655435844
47_20220831 08,6168.125293377578
47_20220831 09,6214.730872048627
47_20220831 10,6356.54390589122
47_20220831 11,6219.997913699693
47_20220831 12,6179.2929824119865
47_20220831 13,6217.00291568825
47_20220831 14,6280.816887206969
47_20220831 15,6283.93252005736
47_20220831 16,6113.592550429609
47_20220831 17,5653.9516909033555
47_20220831 18,5088.466481561333
47_20220831 19,4830.654378782566
47_20220831 20,4501.002852769325
47_20220831 21,4347.818112454888
47_20220831 22,4238.178851693185
47_20220831 23,4097.09190302082
48_20220825 00,1447.1952561035157
48_20220825 01,1432.5020646972655
48_20220825 02,1411.4685549316407
48_20220825 03,1407.5800737304687
48_20220825 04,1421.145901977539
48_20220825 05,1487.33574609375
48_20220825 06,1666.4132332763672
48_20220825 07,2111.8558996582033
48_20220825 08,2436.9039638671875
48_20220825 09,2422.2507729492186
48_20220825 10,2425.783828125
48_20220825 11,2451.6918552246093
48_20220825 12,2470.4812412109377
48_20220825 13,2463.980438964844
48_20220825 14,2465.6980502929687
48_20220825 15,2470.7969077148437
48_20220825 16,2428.27831640625
48_20220825 17,2109.255626953125
48_20220825 18,1797.4072419433594
48_20220825 19,1704.22128515625
48_20220825 20,1625.7011700439452
48_20220825 21,1541.1430294189454
48_20220825 22,1449.2969685058595
48_20220825 23,1425.6677644042968
48_20220826 00,1392.6804942626952
48_20220826 01,1379.3662353515624
48_20220826 02,1364.3397868652344
48_20220826 03,1357.420184326172
48_20220826 04,1367.0262052001954
48_20220826 05,1432.4839921875
48_20220826 06,1620.787013671875
48_20220826 07,1977.8699267578124
48_20220826 08,2321.713401123047
48_20220826 09,2347.6691396484375
48_20220826 10,2353.200532470703
48_20220826 11,2372.8166755371094
48_20220826 12,2371.676661621094
48_20220826 13,2377.3217907714843
48_20220826 14,2446.6616733398437
48_20220826 15,2406.6390161132813
48_20220826 16,2388.678555908203
48_20220826 17,2055.003157470703
48_20220826 18,1879.7696931152343
48_20220826 19,1725.7302224121092
48_20220826 20,1631.571000732422
48_20220826 21,1544.9252442626953
48_20220826 22,1454.9404108886717
48_20220826 23,1413.9731638183594
48_20220827 00,1391.9249987792969
48_20220827 01,1405.0019799804688
48_20220827 02,1395.9597473144531
48_20220827 03,1390.7716638183595
48_20220827 04,1401.9154382324218
48_20220827 05,1426.5291357421875
48_20220827 06,1521.0658093261718
48_20220827 07,1657.313240966797
48_20220827 08,1746.9324896240234
48_20220827 09,1755.225751953125
48_20220827 10,1767.6033013916015
48_20220827 11,1787.476806640625
48_20220827 12,1790.682625732422
48_20220827 13,1832.0701806640625
48_20220827 14,1838.2764501953125
48_20220827 15,1747.3094396972656
48_20220827 16,1787.9243371582031
48_20220827 17,1756.2874645996094
48_20220827 18,1619.632421875
48_20220827 19,1498.7836712646483
48_20220827 20,1459.1971801757813
48_20220827 21,1417.2389697265626
48_20220827 22,1390.6041705322266
48_20220827 23,1349.0369781494142
48_20220828 00,1333.3841077880859
48_20220828 01,1325.4690714111327
48_20220828 02,1318.0695834960936
48_20220828 03,1316.6630603027343
48_20220828 04,1320.3137072753907
48_20220828 05,1342.3534943847656
48_20220828 06,1413.9578624267579
48_20220828 07,1576.8776824951171
48_20220828 08,1669.1010974121093
48_20220828 09,1709.59580859375
48_20220828 10,1721.5596895751953
48_20220828 11,1740.227748779297
48_20220828 12,1819.7943826904298
48_20220828 13,1846.5198896484376
48_20220828 14,1848.9012440185547
48_20220828 15,1820.4254747314453
48_20220828 16,1873.2091311035156
48_20220828 17,1772.1515119628907
48_20220828 18,1640.8618370361328
48_20220828 19,1549.2803576660156
48_20220828 20,1503.7535368652343
48_20220828 21,1471.937244873047
48_20220828 22,1441.8520583496093
48_20220828 23,1385.5973957519532
48_20220829 00,1380.098197265625
48_20220829 01,1363.737755859375
48_20220829 02,1346.8970859375
48_20220829 03,1315.7464951171876
48_20220829 04,1313.3417490234374
48_20220829 05,1359.6275859375
48_20220829 06,1584.97271484375
48_20220829 07,1960.9999306640625
48_20220829 08,2298.52021875
48_20220829 09,2314.4227734375
48_20220829 10,2332.16312109375
48_20220829 11,2336.780185546875
48_20220829 12,2267.562416015625
48_20220829 13,2311.63173046875
48_20220829 14,2283.644185546875
48_20220829 15,2266.60412109375
48_20220829 16,2251.099634765625
48_20220829 17,1992.922875
48_20220829 18,1779.5288056640625
48_20220829 19,1699.112390625
48_20220829 20,1599.277951171875
48_20220829 21,1548.551501953125
48_20220829 22,1456.074720703125
48_20220829 23,1434.036099609375
48_20220830 00,1425.8623217773438
48_20220830 01,1397.54902734375
48_20220830 02,1400.632042236328
48_20220830 03,1397.3442841796875
48_20220830 04,1426.6260329589843
48_20220830 05,1477.3073981933594
48_20220830 06,1632.14729296875
48_20220830 07,2085.3139208984376
48_20220830 08,2390.6785205078127
48_20220830 09,2396.1840498046877
48_20220830 10,2414.953531738281
48_20220830 11,2425.62247265625
48_20220830 12,2425.3112822265625
48_20220830 13,2463.20315234375
48_20220830 14,2422.494025878906
48_20220830 15,2381.745820800781
48_20220830 16,2417.86237109375
48_20220830 17,2186.017349609375
48_20220830 18,1970.7978806152344
48_20220830 19,1866.6561333007812
48_20220830 20,1707.4848657226562
48_20220830 21,1662.6667309570312
48_20220830 22,1571.0343354492188
48_20220830 23,1535.4141794433594
48_20220831 00,1471.718295288086
48_20220831 01,1434.7864465332032
48_20220831 02,1417.8537530517578
48_20220831 03,1412.2579382324218
48_20220831 04,1419.8547747802734
48_20220831 05,1465.1930310058594
48_20220831 06,1647.234185180664
48_20220831 07,2091.354356689453
48_20220831 08,2399.826729736328
48_20220831 09,2400.852130126953
48_20220831 10,2396.1462060546874
48_20220831 11,2397.6491967773436
48_20220831 12,2338.3219445800783
48_20220831 13,2332.8570703125
48_20220831 14,2358.2186560058594
48_20220831 15,2297.0195190429686
48_20220831 16,2242.149055175781
48_20220831 17,1963.1499694824217
48_20220831 18,1777.6495318603515
48_20220831 19,1716.246348876953
48_20220831 20,1626.1288287353516
48_20220831 21,1554.427393798828
48_20220831 22,1487.099782104492
48_20220831 23,1469.7377142333985
49_20220825 00,2655.4285590820314
49_20220825 01,2641.261398193359
49_20220825 02,2642.940936767578
49_20220825 03,2617.2027912597655
49_20220825 04,2682.0209318847656
49_20220825 05,2698.148116699219
49_20220825 06,2790.3906884765624
49_20220825 07,3008.2511791992188
49_20220825 08,3550.4900874023438
49_20220825 09,3703.563763183594
49_20220825 10,3747.7096032714844
49_20220825 11,3763.0555737304685
49_20220825 12,3690.3204689941404
49_20220825 13,3686.8498242187497
49_20220825 14,3794.411137207031
49_20220825 15,3789.3404729003905
49_20220825 16,3786.480919921875
49_20220825 17,3353.4546701660156
49_20220825 18,3175.4669553222657
49_20220825 19,3026.602246582031
49_20220825 20,2808.198134765625
49_20220825 21,2737.9237829589842
49_20220825 22,2698.7418588867185
49_20220825 23,2652.8323828125
49_20220826 00,2592.3446564941405
49_20220826 01,2566.325784667969
49_20220826 02,2568.9725639648436
49_20220826 03,2496.2820380859375
49_20220826 04,2521.244511474609
49_20220826 05,2600.2290900878907
49_20220826 06,2690.5805544433592
49_20220826 07,2905.6957104492185
49_20220826 08,3407.83340625
49_20220826 09,3617.12752734375
49_20220826 10,3660.1049194335938
49_20220826 11,3666.484756347656
49_20220826 12,3569.388390380859
49_20220826 13,3590.4361171875
49_20220826 14,3743.640396972656
49_20220826 15,3711.7624174804687
49_20220826 16,3701.6574748535154
49_20220826 17,3372.6257475585935
49_20220826 18,3178.3012067871095
49_20220826 19,3027.9352749023437
49_20220826 20,2796.4266657714843
49_20220826 21,2752.116004394531
49_20220826 22,2701.559242675781
49_20220826 23,2686.729905029297
49_20220827 00,2593.7142163085937
49_20220827 01,2632.074387207031
49_20220827 02,2605.2658422851564
49_20220827 03,2557.8379479980467
49_20220827 04,2578.3339318847657
49_20220827 05,2596.5989965820313
49_20220827 06,2651.6079760742186
49_20220827 07,2724.005235595703
49_20220827 08,2755.577178955078
49_20220827 09,2792.9345544433595
49_20220827 10,2805.55318359375
49_20220827 11,3040.8250988769532
49_20220827 12,3095.8102709960935
49_20220827 13,3060.033801269531
49_20220827 14,3085.486047363281
49_20220827 15,3067.672360839844
49_20220827 16,3082.4146557617187
49_20220827 17,3050.35646484375
49_20220827 18,2928.253017578125
49_20220827 19,2733.0388110351564
49_20220827 20,2683.4884533691406
49_20220827 21,2607.558083496094
49_20220827 22,2505.0065014648435
49_20220827 23,2459.791730957031
49_20220828 00,2436.9562536621092
49_20220828 01,2412.655475097656
49_20220828 02,2408.227951171875
49_20220828 03,2404.1486242675783
49_20220828 04,2425.6149104003907
49_20220828 05,2468.064344238281
49_20220828 06,2525.4195021972655
49_20220828 07,2544.8132329101563
49_20220828 08,2633.9844418945313
49_20220828 09,2723.746260498047
49_20220828 10,2737.1488337402343
49_20220828 11,2964.576188232422
49_20220828 12,3062.7441335449216
49_20220828 13,3091.684727783203
49_20220828 14,3098.980961425781
49_20220828 15,3102.008468261719
49_20220828 16,3139.9009790039063
49_20220828 17,3069.1174643554687
49_20220828 18,3038.893962890625
49_20220828 19,2919.144549316406
49_20220828 20,2824.156160888672
49_20220828 21,2722.3170864257813
49_20220828 22,2682.0657517089844
49_20220828 23,2610.846328125
49_20220829 00,2592.689373046875
49_20220829 01,2570.44967578125
49_20220829 02,2535.6711855468748
49_20220829 03,2419.48735546875
49_20220829 04,2417.16140625
49_20220829 05,2493.2590078125
49_20220829 06,2581.4723496093748
49_20220829 07,2847.517986328125
49_20220829 08,3393.671859375
49_20220829 09,3593.577609375
49_20220829 10,3640.947263671875
49_20220829 11,3639.76843359375
49_20220829 12,3545.193685546875
49_20220829 13,3591.649248046875
49_20220829 14,3628.458919921875
49_20220829 15,3618.477421875
49_20220829 16,3627.60200390625
49_20220829 17,3358.862138671875
49_20220829 18,3034.18562109375
49_20220829 19,2864.4730078125
49_20220829 20,2724.695279296875
49_20220829 21,2690.387888671875
49_20220829 22,2650.58994140625
49_20220829 23,2631.59316796875
49_20220830 00,2597.2341650390626
49_20220830 01,2577.4774086914063
49_20220830 02,2599.5913486328122
49_20220830 03,2583.7057724609376
49_20220830 04,2638.655816894531
49_20220830 05,2663.621296875
49_20220830 06,2753.778294921875
49_20220830 07,3009.6952626953125
49_20220830 08,3533.3247060546873
49_20220830 09,3691.5561689453125
49_20220830 10,3758.178731445312
49_20220830 11,3760.29856640625
49_20220830 12,3672.6231801757813
49_20220830 13,3699.9942724609373
49_20220830 14,3763.8563984375
49_20220830 15,3745.0205068359373
49_20220830 16,3743.4772612304687
49_20220830 17,3564.5166318359375
49_20220830 18,3283.5092763671873
49_20220830 19,3232.7125932617187
49_20220830 20,2982.647827636719
49_20220830 21,2893.2131845703125
49_20220830 22,2852.8301127929685
49_20220830 23,2828.3647431640625
49_20220831 00,2744.023869628906
49_20220831 01,2685.630155029297
49_20220831 02,2688.608962402344
49_20220831 03,2663.219240722656
49_20220831 04,2697.981131591797
49_20220831 05,2696.5591821289063
49_20220831 06,2743.7535717773435
49_20220831 07,2974.782724609375
49_20220831 08,3517.066105957031
49_20220831 09,3687.5317065429685
49_20220831 10,3787.4565417480467
49_20220831 11,3768.4452722167966
49_20220831 12,3634.1724096679686
49_20220831 13,3625.130177001953
49_20220831 14,3666.656007080078
49_20220831 15,3620.02505859375
49_20220831 16,3594.3587866210937
49_20220831 17,3307.1620288085937
49_20220831 18,3106.9242260742185
49_20220831 19,2871.5133142089844
49_20220831 20,2737.927979736328
49_20220831 21,2714.135275878906
49_20220831 22,2679.4303784179688
49_20220831 23,2652.661993408203
50_20220825 00,2528.9091833496095
50_20220825 01,2482.1635524902345
50_20220825 02,2478.364229003906
50_20220825 03,2450.306537109375
50_20220825 04,2520.91751953125
50_20220825 05,2681.3363452148437
50_20220825 06,2878.990083251953
50_20220825 07,3165.0446594238283
50_20220825 08,3429.9895803222657
50_20220825 09,3475.634233886719
50_20220825 10,3526.4423239746093
50_20220825 11,3671.958076171875
50_20220825 12,3631.4428828125
50_20220825 13,3592.885785644531
50_20220825 14,3688.069598144531
50_20220825 15,3665.6124565429686
50_20220825 16,3683.0374885253905
50_20220825 17,3361.2463315429686
50_20220825 18,3122.8424575195313
50_20220825 19,2937.052960693359
50_20220825 20,2795.6052099609374
50_20220825 21,2703.1643225097655
50_20220825 22,2669.746565185547
50_20220825 23,2646.1978439941404
50_20220826 00,2628.3065412597657
50_20220826 01,2612.6386391601563
50_20220826 02,2615.9386794433594
50_20220826 03,2619.3100458984377
50_20220826 04,2606.2973569335936
50_20220826 05,2754.1087998046874
50_20220826 06,2968.3246677246093
50_20220826 07,3230.370276123047
50_20220826 08,3464.414337890625
50_20220826 09,3497.8610112304686
50_20220826 10,3510.41971875
50_20220826 11,3516.01400390625
50_20220826 12,3573.3106069335936
50_20220826 13,3595.4937692871094
50_20220826 14,3618.5892319335935
50_20220826 15,3650.679262207031
50_20220826 16,3640.8629978027343
50_20220826 17,3412.747201171875
50_20220826 18,3055.441152832031
50_20220826 19,2913.928100097656
50_20220826 20,2826.2472707519532
50_20220826 21,2720.1454936523437
50_20220826 22,2694.6497607421875
50_20220826 23,2556.8856694335936
50_20220827 00,2559.195208740234
50_20220827 01,2580.9246069335936
50_20220827 02,2582.479060058594
50_20220827 03,2481.916475830078
50_20220827 04,2558.693811035156
50_20220827 05,2676.9315661621094
50_20220827 06,2862.7214196777345
50_20220827 07,3044.0934423828126
50_20220827 08,3221.644020996094
50_20220827 09,3227.1468908691404
50_20220827 10,3243.88587890625
50_20220827 11,3225.103544921875
50_20220827 12,3078.7593823242187
50_20220827 13,3026.9237573242185
50_20220827 14,3012.3793762207033
50_20220827 15,3015.103035888672
50_20220827 16,2940.415458984375
50_20220827 17,2934.1901916503907
50_20220827 18,2815.691276855469
50_20220827 19,2687.1449291992185
50_20220827 20,2646.83736328125
50_20220827 21,2580.64998046875
50_20220827 22,2452.376335449219
50_20220827 23,2411.3074145507812
50_20220828 00,2373.592829589844
50_20220828 01,2371.225330810547
50_20220828 02,2361.771962402344
50_20220828 03,2342.2517241210935
50_20220828 04,2351.185809082031
50_20220828 05,2435.465151123047
50_20220828 06,2496.499390136719
50_20220828 07,2598.1189438476563
50_20220828 08,2677.29533203125
50_20220828 09,2758.9450034179686
50_20220828 10,2862.2122880859374
50_20220828 11,2848.240792236328
50_20220828 12,2855.9235366210937
50_20220828 13,2864.825572998047
50_20220828 14,2886.6528273925783
50_20220828 15,2898.246221923828
50_20220828 16,2835.138463623047
50_20220828 17,2802.4792697753905
50_20220828 18,2775.680629394531
50_20220828 19,2696.758943115234
50_20220828 20,2653.876973876953
50_20220828 21,2595.7475895996095
50_20220828 22,2570.0508903808595
50_20220828 23,2551.995007324219
50_20220829 00,2422.72859765625
50_20220829 01,2388.148060546875
50_20220829 02,2375.70416015625
50_20220829 03,2375.4307734375
50_20220829 04,2393.002716796875
50_20220829 05,2565.706248046875
50_20220829 06,2779.277009765625
50_20220829 07,3109.46642578125
50_20220829 08,3372.7337519531247
50_20220829 09,3415.77774609375
50_20220829 10,3471.56208984375
50_20220829 11,3490.49015625
50_20220829 12,3463.18463671875
50_20220829 13,3502.468482421875
50_20220829 14,3462.15547265625
50_20220829 15,3494.852091796875
50_20220829 16,3451.59284765625
50_20220829 17,3194.12790234375
50_20220829 18,2983.19203125
50_20220829 19,2850.050537109375
50_20220829 20,2782.4089453125
50_20220829 21,2692.48105078125
50_20220829 22,2656.39592578125
50_20220829 23,2624.675619140625
50_20220830 00,2589.509306152344
50_20220830 01,2563.7752001953127
50_20220830 02,2561.6836552734376
50_20220830 03,2501.110605957031
50_20220830 04,2523.3614409179686
50_20220830 05,2764.3343154296876
50_20220830 06,2929.0952631835935
50_20220830 07,3213.5252338867185
50_20220830 08,3419.3400629882813
50_20220830 09,3437.87459375
50_20220830 10,3467.1363237304686
50_20220830 11,3484.0918867187497
50_20220830 12,3483.3395634765625
50_20220830 13,3446.04322265625
50_20220830 14,3436.659320800781
50_20220830 15,3443.6258627929687
50_20220830 16,3439.1469262695314
50_20220830 17,3202.9085576171874
50_20220830 18,2937.0907954101563
50_20220830 19,2813.671424316406
50_20220830 20,2746.656876953125
50_20220830 21,2691.8346171875
50_20220830 22,2647.520668457031
50_20220830 23,2616.6775732421875
50_20220831 00,2613.0171862792968
50_20220831 01,2606.7693139648436
50_20220831 02,2616.1210424804685
50_20220831 03,2619.9383984375
50_20220831 04,2638.3677099609376
50_20220831 05,2786.9271606445313
50_20220831 06,3043.9049072265625
50_20220831 07,3286.51791015625
50_20220831 08,3520.7887133789063
50_20220831 09,3535.474736328125
50_20220831 10,3557.510744628906
50_20220831 11,3557.927734375
50_20220831 12,3526.1937084960937
50_20220831 13,3499.473419189453
50_20220831 14,3540.176572265625
50_20220831 15,3513.091477050781
50_20220831 16,3514.738514404297
50_20220831 17,3246.645850830078
50_20220831 18,3007.2545385742187
50_20220831 19,2853.5526953125
50_20220831 20,2774.1423608398436
50_20220831 21,2676.1598706054688
50_20220831 22,2627.2463000488283
50_20220831 23,2600.8525805664062
51_20220825 00,2044.4888402990703
51_20220825 01,1985.2838957688905
51_20220825 02,1938.3650054736163
51_20220825 03,1936.9517560716586
51_20220825 04,1960.1984871408383
51_20220825 05,2058.1825437286884
51_20220825 06,2451.1062805567744
51_20220825 07,2694.85397177064
51_20220825 08,3113.180243728347
51_20220825 09,3228.513408616115
51_20220825 10,3335.8472178380703
51_20220825 11,3407.2697289463376
51_20220825 12,3375.1852918621944
51_20220825 13,3414.4099413440144
51_20220825 14,3421.1273694645524
51_20220825 15,3406.95581708412
51_20220825 16,3350.667297609841
51_20220825 17,2973.4409158358426
51_20220825 18,2637.5946568928607
51_20220825 19,2474.071871362078
51_20220825 20,2381.2257431473818
51_20220825 21,2364.9038743889914
51_20220825 22,2268.442669982869
51_20220825 23,2183.077865485804
51_20220826 00,2078.513140603716
51_20220826 01,2023.577964384283
51_20220826 02,1949.3299330373645
51_20220826 03,1951.480392128938
51_20220826 04,1961.9903585749382
51_20220826 05,2063.951061551072
51_20220826 06,2508.859077749842
51_20220826 07,2765.5736736874287
51_20220826 08,3161.5543492231263
51_20220826 09,3319.323672975986
51_20220826 10,3347.5742527782645
51_20220826 11,3349.4098046416684
51_20220826 12,3313.852711781911
51_20220826 13,3363.7967464686003
51_20220826 14,3366.6417348278833
51_20220826 15,3383.5564029459533
51_20220826 16,3330.8713563368506
51_20220826 17,2908.990428954475
51_20220826 18,2581.2636300399536
51_20220826 19,2455.936361802789
51_20220826 20,2373.1697975467678
51_20220826 21,2343.1373105878793
51_20220826 22,2236.405579059876
51_20220826 23,2138.6355057422934
51_20220827 00,2032.2471971196092
51_20220827 01,1952.7044685064866
51_20220827 02,1922.3431678430425
51_20220827 03,1914.0168385983884
51_20220827 04,1912.191515617385
51_20220827 05,1939.4734372319015
51_20220827 06,2039.4465716360255
51_20220827 07,2171.846176045319
51_20220827 08,2286.3665695001323
51_20220827 09,2391.713632932332
51_20220827 10,2465.562510039528
51_20220827 11,2483.9171245208136
51_20220827 12,2461.66845892111
51_20220827 13,2451.410206006478
51_20220827 14,2456.0050507070055
51_20220827 15,2455.7428218746036
51_20220827 16,2422.103910983244
51_20220827 17,2337.2706665292835
51_20220827 18,2285.4708903184173
51_20220827 19,2174.396338238149
51_20220827 20,2119.186200158285
51_20220827 21,2135.8421422462397
51_20220827 22,2011.4436445562146
51_20220827 23,1871.2480664968991
51_20220828 00,1842.0946720218822
51_20220828 01,1794.9107966936888
51_20220828 02,1797.9090238907095
51_20220828 03,1800.0838045339797
51_20220828 04,1799.54697646487
51_20220828 05,1827.7595874235394
51_20220828 06,1923.67155942515
51_20220828 07,2023.424250831788
51_20220828 08,2161.2478100500875
51_20220828 09,2237.520961985617
51_20220828 10,2314.4236584602936
51_20220828 11,2350.267171028906
51_20220828 12,2381.359984324171
51_20220828 13,2362.932354674108
51_20220828 14,2352.5197480354354
51_20220828 15,2374.207097754856
51_20220828 16,2339.2738332428053
51_20220828 17,2295.2447590577867
51_20220828 18,2278.788903647226
51_20220828 19,2179.8054943197526
51_20220828 20,2092.703729081658
51_20220828 21,2103.0176229162025
51_20220828 22,1975.9996203517348
51_20220828 23,1840.4499826179183
51_20220829 00,1831.2421228634344
51_20220829 01,1782.6285424061316
51_20220829 02,1772.6052689029416
51_20220829 03,1779.2580081584117
51_20220829 04,1804.744411698131
51_20220829 05,1924.575930885182
51_20220829 06,2281.520335228368
51_20220829 07,2560.8377435426974
51_20220829 08,2989.0638761337086
51_20220829 09,3110.7939571976585
51_20220829 10,3182.4836587041177
51_20220829 11,3227.399334477822
51_20220829 12,3205.2362001354313
51_20220829 13,3235.1417465549334
51_20220829 14,3207.4332412785243
51_20220829 15,3194.3829460672787
51_20220829 16,3077.692061096129
51_20220829 17,2760.6385380715897
51_20220829 18,2454.2444993263252
51_20220829 19,2310.8954394889984
51_20220829 20,2211.734594938994
51_20220829 21,2215.853772284374
51_20220829 22,2105.5992531042502
51_20220829 23,2031.9376708427615
51_20220830 00,1935.1204924391955
51_20220830 01,1909.56209947906
51_20220830 02,1869.8287917899247
51_20220830 03,1827.4698240208345
51_20220830 04,1855.7934579082657
51_20220830 05,1960.8277606457
51_20220830 06,2363.844568778539
51_20220830 07,2604.2210102200925
51_20220830 08,3019.482487456373
51_20220830 09,3108.3227661482456
51_20220830 10,3209.5304032720405
51_20220830 11,3210.79426210164
51_20220830 12,3152.8896170379894
51_20220830 13,3123.1488500924947
51_20220830 14,3125.750935740929
51_20220830 15,3116.3095104599615
51_20220830 16,3054.262643391387
51_20220830 17,2702.106466047254
51_20220830 18,2355.3411445200422
51_20220830 19,2240.0672759674144
51_20220830 20,2209.446373417752
51_20220830 21,2187.6112828375103
51_20220830 22,2103.219176999698
51_20220830 23,2038.148695754932
51_20220831 00,1982.2797002621833
51_20220831 01,1928.0740173434292
51_20220831 02,1912.512929949694
51_20220831 03,1934.6062389519557
51_20220831 04,1958.022027126191
51_20220831 05,2060.6203021182246
51_20220831 06,2430.190608059809
51_20220831 07,2629.1603858281746
51_20220831 08,2999.5862559036304
51_20220831 09,3085.526301565097
51_20220831 10,3138.5667227508925
51_20220831 11,3140.1000647348856
51_20220831 12,3088.225534424488
51_20220831 13,3076.1573578069374
51_20220831 14,3136.80325568274
51_20220831 15,3139.9415119705072
51_20220831 16,3066.841107594011
51_20220831 17,2727.932880273311
51_20220831 18,2427.7573548238265
51_20220831 19,2321.232959427351
51_20220831 20,2223.757321867349
51_20220831 21,2210.052544268676
51_20220831 22,2093.027369399375
51_20220831 23,2013.7173180279128
52_20220825 00,1586.4937364844454
52_20220825 01,1581.7447754091827
52_20220825 02,1562.0515840988041
52_20220825 03,1578.5834292853415
52_20220825 04,1598.674582081503
52_20220825 05,1633.8809114509422
52_20220825 06,1893.5231601968828
52_20220825 07,2464.385079339774
52_20220825 08,2883.975123179427
52_20220825 09,2956.975102252689
52_20220825 10,2965.1748429856248
52_20220825 11,2973.000079129852
52_20220825 12,2900.694651329062
52_20220825 13,2959.5594293030285
52_20220825 14,3012.025013428499
52_20220825 15,3011.9065494266356
52_20220825 16,2962.040399852369
52_20220825 17,2775.771876365312
52_20220825 18,2262.932817021769
52_20220825 19,2006.4694254696617
52_20220825 20,1897.006944534311
52_20220825 21,1778.5024172811027
52_20220825 22,1699.6190455518783
52_20220825 23,1636.870783509421
52_20220826 00,1617.6762453030851
52_20220826 01,1622.2628945016254
52_20220826 02,1613.363689563756
52_20220826 03,1638.418067449279
52_20220826 04,1666.9247155539201
52_20220826 05,1793.044825128024
52_20220826 06,2022.6783244001876
52_20220826 07,2523.6968665437967
52_20220826 08,2905.48044555597
52_20220826 09,2997.6788822939725
52_20220826 10,2971.495515508478
52_20220826 11,2970.5659190905285
52_20220826 12,2891.049344833314
52_20220826 13,2922.3736881855757
52_20220826 14,2943.359835464403
52_20220826 15,2947.369769235829
52_20220826 16,2879.9634436723804
52_20220826 17,2677.7712807721746
52_20220826 18,2231.1018312305882
52_20220826 19,1953.080670343382
52_20220826 20,1822.4888301414335
52_20220826 21,1769.5079599973033
52_20220826 22,1693.0457646754908
52_20220826 23,1634.437977437181
52_20220827 00,1580.3497143553438
52_20220827 01,1584.1471908233655
52_20220827 02,1580.7265363007245
52_20220827 03,1564.6639913895513
52_20220827 04,1602.7213650924957
52_20220827 05,1651.539296902643
52_20220827 06,1765.231697007528
52_20220827 07,1800.976904578034
52_20220827 08,1849.7107399842762
52_20220827 09,2001.9678798202324
52_20220827 10,1987.5552597881667
52_20220827 11,1944.7646495639221
52_20220827 12,1964.1050728698935
52_20220827 13,1949.4956316355865
52_20220827 14,1969.678086181743
52_20220827 15,1975.449434920105
52_20220827 16,1973.3154213392256
52_20220827 17,1884.750900069383
52_20220827 18,1863.4915503151847
52_20220827 19,1745.090505052352
52_20220827 20,1709.6224056285992
52_20220827 21,1580.3574332110213
52_20220827 22,1530.6751742207616
52_20220827 23,1483.7906741793984
52_20220828 00,1450.520375449842
52_20220828 01,1439.912954865534
52_20220828 02,1421.7450581950138
52_20220828 03,1388.0498331650626
52_20220828 04,1407.8555728185556
52_20220828 05,1459.8718247025267
52_20220828 06,1514.9145627256228
52_20220828 07,1573.98216575697
52_20220828 08,1650.0903499812762
52_20220828 09,1830.16250372329
52_20220828 10,1840.3403987209526
52_20220828 11,1806.9826791697596
52_20220828 12,1823.575260558828
52_20220828 13,1805.9420069414232
52_20220828 14,1808.6232993122514
52_20220828 15,1820.850548779753
52_20220828 16,1861.712665563479
52_20220828 17,1753.0792140055494
52_20220828 18,1789.5804720998324
52_20220828 19,1742.349939619783
52_20220828 20,1713.9285223697498
52_20220828 21,1577.8378576713476
52_20220828 22,1528.886584475998
52_20220828 23,1514.3611793757284
52_20220829 00,1518.8603615173286
52_20220829 01,1519.0198595080196
52_20220829 02,1487.7676457976895
52_20220829 03,1461.4350319558494
52_20220829 04,1529.0897040721782
52_20220829 05,1636.1452538086494
52_20220829 06,1867.7293698299272
52_20220829 07,2384.1805031578897
52_20220829 08,2788.825202651918
52_20220829 09,2896.07856196026
52_20220829 10,2872.568612539088
52_20220829 11,2860.257410114958
52_20220829 12,2792.4658305025105
52_20220829 13,2836.57292631555
52_20220829 14,2888.7427789132375
52_20220829 15,2896.5231799964686
52_20220829 16,2846.2002144485587
52_20220829 17,2612.0479439227393
52_20220829 18,2196.3512120629152
52_20220829 19,1997.1072724395042
52_20220829 20,1855.277463897064
52_20220829 21,1745.3771936570042
52_20220829 22,1681.2737305103183
52_20220829 23,1610.367032573529
52_20220830 00,1584.092114264381
52_20220830 01,1578.086586663011
52_20220830 02,1547.2220788357936
52_20220830 03,1552.5014160683509
52_20220830 04,1564.8470089399482
52_20220830 05,1692.891558143226
52_20220830 06,1929.51995460821
52_20220830 07,2416.799546262215
52_20220830 08,2896.85815340691
52_20220830 09,2995.3768040609207
52_20220830 10,3002.3110054664103
52_20220830 11,3042.641024022624
52_20220830 12,2988.028800584726
52_20220830 13,3042.327172755834
52_20220830 14,3071.880378167033
52_20220830 15,3073.099876833665
52_20220830 16,2920.7394165895103
52_20220830 17,2731.9545307330823
52_20220830 18,2283.1305223003255
52_20220830 19,2025.6770717144698
52_20220830 20,1843.4314640944021
52_20220830 21,1801.5488387626217
52_20220830 22,1700.071568070268
52_20220830 23,1650.2669614001225
52_20220831 00,1597.8266533985873
52_20220831 01,1636.2342552039283
52_20220831 02,1663.8812647555615
52_20220831 03,1688.6989155719934
52_20220831 04,1699.416059550238
52_20220831 05,1790.340468987331
52_20220831 06,2029.423841439911
52_20220831 07,2484.4821561957738
52_20220831 08,2875.264785482529
52_20220831 09,2981.396888373429
52_20220831 10,2966.8141014861367
52_20220831 11,2950.5903963336737
52_20220831 12,2855.751825812352
52_20220831 13,2878.9252256891345
52_20220831 14,2933.8686997088384
52_20220831 15,2932.1087567951186
52_20220831 16,2854.00713262749
52_20220831 17,2641.0578136588188
52_20220831 18,2209.078378770206
52_20220831 19,1921.6563613441165
52_20220831 20,1812.571568684301
52_20220831 21,1747.187853337805
52_20220831 22,1641.9337771979672
52_20220831 23,1586.304187015494
53_20220825 00,971.2735207875244
53_20220825 01,948.8354758959138
53_20220825 02,961.1140529401728
53_20220825 03,1039.109561070493
53_20220825 04,1617.7461537962486
53_20220825 05,2391.8271614348105
53_20220825 06,2834.9918467105035
53_20220825 07,3140.404096305475
53_20220825 08,3265.948818091851
53_20220825 09,3292.6578209382988
53_20220825 10,3319.2869851469864
53_20220825 11,3279.119382155044
53_20220825 12,3182.489847059326
53_20220825 13,3250.8797197159784
53_20220825 14,3269.6053360574356
53_20220825 15,3149.511548769131
53_20220825 16,3066.792711962848
53_20220825 17,2942.531110296121
53_20220825 18,2662.082897316564
53_20220825 19,1613.6808443991788
53_20220825 20,1303.9398077120866
53_20220825 21,1090.6491270317624
53_20220825 22,1005.3263590419529
53_20220825 23,1012.4712673017738
53_20220826 00,1006.126296144147
53_20220826 01,1019.2590224363342
53_20220826 02,1015.8486088289234
53_20220826 03,1100.72183315699
53_20220826 04,1566.3358417798436
53_20220826 05,2285.872831075878
53_20220826 06,2759.9376484127224
53_20220826 07,3082.6565753839236
53_20220826 08,3217.3484794471215
53_20220826 09,3266.0197235211713
53_20220826 10,3318.2250487736223
53_20220826 11,3263.7711990977423
53_20220826 12,3180.062681752864
53_20220826 13,3276.684001887618
53_20220826 14,3281.3169950610272
53_20220826 15,3227.163360429027
53_20220826 16,3121.315867424557
53_20220826 17,2985.0397246336993
53_20220826 18,2693.882747320998
53_20220826 19,1695.4838035062937
53_20220826 20,1333.8500053442224
53_20220826 21,1103.9027566073194
53_20220826 22,1020.0819588324663
53_20220826 23,947.5764654431108
53_20220827 00,820.5334667497009
53_20220827 01,831.0568320231719
53_20220827 02,895.1614469171129
53_20220827 03,868.6871106267092
53_20220827 04,908.2532161763576
53_20220827 05,911.006787242552
53_20220827 06,944.2664957512627
53_20220827 07,967.944535130603
53_20220827 08,969.93765593213
53_20220827 09,1005.2748715894661
53_20220827 10,1027.089486975075
53_20220827 11,972.7053320605344
53_20220827 12,917.0706161764028
53_20220827 13,892.9281726531597
53_20220827 14,908.2271678919437
53_20220827 15,872.1783284614045
53_20220827 16,861.5500282435924
53_20220827 17,819.4662411887261
53_20220827 18,807.8600591378723
53_20220827 19,804.0120592551159
53_20220827 20,824.6951272257036
53_20220827 21,795.4359039179477
53_20220827 22,809.0730990530574
53_20220827 23,803.7505537189777
53_20220828 00,774.9648816232418
53_20220828 01,779.729061784436
53_20220828 02,797.5589023612122
53_20220828 03,800.7152064349716
53_20220828 04,856.4379404090815
53_20220828 05,911.0975494060834
53_20220828 06,913.506324167355
53_20220828 07,936.5935278720442
53_20220828 08,962.0687953316747
53_20220828 09,970.2691262896271
53_20220828 10,961.7597924239849
53_20220828 11,920.4565360793099
53_20220828 12,834.6704262708013
53_20220828 13,831.1064761112737
53_20220828 14,824.237548994369
53_20220828 15,821.9065065899593
53_20220828 16,862.0804862445932
53_20220828 17,834.28760712895
53_20220828 18,807.9861239633601
53_20220828 19,822.5248137859774
53_20220828 20,877.7721459100399
53_20220828 21,918.1612825179071
53_20220828 22,1068.4866874341133
53_20220828 23,1154.3289308243097
53_20220829 00,1261.1517697046113
53_20220829 01,1290.2494742787314
53_20220829 02,1329.2262681156844
53_20220829 03,1408.6247861868264
53_20220829 04,1778.331869544279
53_20220829 05,2309.59079563616
53_20220829 06,2732.496088318898
53_20220829 07,3063.1152176920423
53_20220829 08,3173.1512644652275
53_20220829 09,3213.42184175432
53_20220829 10,3212.286812806775
53_20220829 11,3180.087974784729
53_20220829 12,3094.854506391031
53_20220829 13,3147.132567632762
53_20220829 14,3160.0456961657846
53_20220829 15,3110.380541241969
53_20220829 16,3009.066127508785
53_20220829 17,2891.255776819738
53_20220829 18,2548.018056885913
53_20220829 19,1561.630675267987
53_20220829 20,1230.6065928350713
53_20220829 21,1047.1953544343924
53_20220829 22,979.4899743667761
53_20220829 23,995.7291029891467
53_20220830 00,951.537141704348
53_20220830 01,934.4995502050103
53_20220830 02,951.3179122109993
53_20220830 03,1085.7823438333746
53_20220830 04,1584.0397391092265
53_20220830 05,2266.6358868010993
53_20220830 06,2731.1243645841437
53_20220830 07,3040.8745300968467
53_20220830 08,3170.5880241691134
53_20220830 09,3236.5636385577172
53_20220830 10,3248.795958402188
53_20220830 11,3215.5545960822346
53_20220830 12,3111.1116361391782
53_20220830 13,3218.91525259194
53_20220830 14,3203.757256479854
53_20220830 15,3154.8738724715054
53_20220830 16,3044.8066828078227
53_20220830 17,2912.396246464014
53_20220830 18,2599.6563798715015
53_20220830 19,1627.132020297536
53_20220830 20,1307.9344499876233
53_20220830 21,1111.5505059601305
53_20220830 22,1012.2028731017515
53_20220830 23,972.3337411017801
53_20220831 00,949.7490828859643
53_20220831 01,959.9121606534459
53_20220831 02,954.3105799921082
53_20220831 03,1063.8413333844285
53_20220831 04,1526.28465781673
53_20220831 05,2248.3513229529453
53_20220831 06,2725.4059910726155
53_20220831 07,2994.250010692688
53_20220831 08,3129.4844344059134
53_20220831 09,3177.98280920984
53_20220831 10,3193.956056655833
53_20220831 11,3162.2705168371785
53_20220831 12,3068.0345023899235
53_20220831 13,3142.1679518091332
53_20220831 14,3150.54160919073
53_20220831 15,3113.0695516337214
53_20220831 16,3022.2103372428514
53_20220831 17,2911.800290591297
53_20220831 18,2614.7989804805356
53_20220831 19,1665.9565250459898
53_20220831 20,1319.1745322788934
53_20220831 21,1067.4722639427623
53_20220831 22,958.7369595809716
53_20220831 23,961.485974482704
54_20220825 00,843.8071695369854
54_20220825 01,696.074610643173
54_20220825 02,663.2676484752812
54_20220825 03,679.4077790337701
54_20220825 04,680.1926096560237
54_20220825 05,1094.176357487372
54_20220825 06,1511.859987607588
54_20220825 07,1884.2175447902566
54_20220825 08,2029.5092159422047
54_20220825 09,2342.873152150262
54_20220825 10,2855.1699386806076
54_20220825 11,3131.9898847673826
54_20220825 12,3216.0784544604726
54_20220825 13,3243.2624725223145
54_20220825 14,3254.8094800157864
54_20220825 15,3263.2126736205996
54_20220825 16,3273.258016191197
54_20220825 17,3231.729708043135
54_20220825 18,3158.9822145120165
54_20220825 19,3027.481649055061
54_20220825 20,2232.742229108814
54_20220825 21,1082.046505179359
54_20220825 22,930.3319587231754
54_20220825 23,924.7517451481708
54_20220826 00,850.8122979817572
54_20220826 01,700.2350652185984
54_20220826 02,691.3353767150006
54_20220826 03,692.3486015260426
54_20220826 04,686.3055144957025
54_20220826 05,1099.0147369534666
54_20220826 06,1674.580598743527
54_20220826 07,1988.1734549840196
54_20220826 08,2155.5756573363924
54_20220826 09,2322.8315628563946
54_20220826 10,2873.2960897468834
54_20220826 11,3168.5280266778072
54_20220826 12,3221.966356412516
54_20220826 13,3243.9883938631842
54_20220826 14,3236.101668812643
54_20220826 15,3218.5512337510513
54_20220826 16,3183.45099268698
54_20220826 17,3132.2905152360954
54_20220826 18,3072.183060883332
54_20220826 19,2891.7531797388815
54_20220826 20,2094.6048918365727
54_20220826 21,1047.8006196508975
54_20220826 22,923.6928083734408
54_20220826 23,934.5570543147992
54_20220827 00,831.1360377289733
54_20220827 01,682.0018905761453
54_20220827 02,670.7144833072468
54_20220827 03,658.7752820790596
54_20220827 04,655.9220387659427
54_20220827 05,1119.4179842752424
54_20220827 06,1629.0506944693677
54_20220827 07,1975.987577524042
54_20220827 08,2051.9257892272713
54_20220827 09,2204.162825697778
54_20220827 10,2803.3380461615916
54_20220827 11,3051.9965709566104
54_20220827 12,3102.036102095477
54_20220827 13,3168.1409049109166
54_20220827 14,3180.534171447696
54_20220827 15,3191.115047910563
54_20220827 16,3148.002816028096
54_20220827 17,3115.6102481789753
54_20220827 18,3087.191800223633
54_20220827 19,2895.4525623810005
54_20220827 20,2123.266424720173
54_20220827 21,1013.9837303972931
54_20220827 22,939.076551750186
54_20220827 23,937.0546654807417
54_20220828 00,779.1187430158877
54_20220828 01,605.4475580149106
54_20220828 02,589.8235879069612
54_20220828 03,605.4271272071558
54_20220828 04,621.7668576902499
54_20220828 05,1044.1583889352946
54_20220828 06,1421.860182871425
54_20220828 07,1612.9984256287844
54_20220828 08,1853.9274231537295
54_20220828 09,2046.3670119572266
54_20220828 10,2456.713955132334
54_20220828 11,2869.9553603550794
54_20220828 12,2909.8766669247066
54_20220828 13,2895.8727813586315
54_20220828 14,2932.9554648433195
54_20220828 15,2902.13886928649
54_20220828 16,2820.740534860858
54_20220828 17,2809.757803648648
54_20220828 18,2789.1932889487343
54_20220828 19,2589.7675885786653
54_20220828 20,1823.535916244481
54_20220828 21,938.2497434953166
54_20220828 22,846.6995825303036
54_20220828 23,841.7082365618057
54_20220829 00,721.6701334754225
54_20220829 01,647.0463709935386
54_20220829 02,625.0271926867423
54_20220829 03,623.454272587408
54_20220829 04,636.8849801036998
54_20220829 05,883.7788553286429
54_20220829 06,1031.1538965709763
54_20220829 07,1074.5950866123726
54_20220829 08,1240.9944018388353
54_20220829 09,1456.808719648379
54_20220829 10,1532.7194209988834
54_20220829 11,1541.074575953428
54_20220829 12,1540.8605716925763
54_20220829 13,1613.2609287527903
54_20220829 14,1591.5492231259043
54_20220829 15,1566.198552832418
54_20220829 16,1565.6326286611647
54_20220829 17,1497.8242396137416
54_20220829 18,1483.9914143981334
54_20220829 19,1467.3457102445848
54_20220829 20,1253.7489548871326
54_20220829 21,907.514798750919
54_20220829 22,903.3476802305456
54_20220829 23,933.8782515478963
54_20220830 00,829.5192863331247
54_20220830 01,690.8199657559699
54_20220830 02,686.8257107722575
54_20220830 03,673.6577536402131
54_20220830 04,697.9060874489433
54_20220830 05,1112.8209914788258
54_20220830 06,1648.7255112306038
54_20220830 07,2036.325468261168
54_20220830 08,2260.6944264954864
54_20220830 09,2349.2301062821575
54_20220830 10,2823.5982353404493
54_20220830 11,3093.782691585106
54_20220830 12,3137.3887237664926
54_20220830 13,3127.744174235404
54_20220830 14,3089.8754360513817
54_20220830 15,3105.6619857958167
54_20220830 16,3125.885727962978
54_20220830 17,3037.8942324895293
54_20220830 18,2953.2478687811695
54_20220830 19,2838.5525540626086
54_20220830 20,2063.0658344881235
54_20220830 21,1032.933279486237
54_20220830 22,925.9352882288915
54_20220830 23,909.0245385629019
54_20220831 00,775.9218207965298
54_20220831 01,661.7214735408079
54_20220831 02,640.7056253654453
54_20220831 03,640.2064925977534
54_20220831 04,650.7324513243665
54_20220831 05,1021.2956330402477
54_20220831 06,1582.0938150808547
54_20220831 07,2052.376888046526
54_20220831 08,2165.177715666291
54_20220831 09,2262.5001811485267
54_20220831 10,2723.312636322092
54_20220831 11,2948.212979956861
54_20220831 12,3009.2954125105352
54_20220831 13,3009.3544693853396
54_20220831 14,2974.61263003798
54_20220831 15,2968.5596854902487
54_20220831 16,2951.867060128526
54_20220831 17,2859.1779293547975
54_20220831 18,2827.2637285021183
54_20220831 19,2693.7134669750963
54_20220831 20,1897.4369935978357
54_20220831 21,988.4916562864387
54_20220831 22,906.6204540395406
54_20220831 23,919.2248591514482
55_20220825 00,931.6211914672851
55_20220825 01,929.3297177124024
55_20220825 02,924.8753862304687
55_20220825 03,921.5606469726563
55_20220825 04,929.0076053466796
55_20220825 05,952.6900028686523
55_20220825 06,1021.4488542480468
55_20220825 07,1061.0728319091797
55_20220825 08,1094.8580635986327
55_20220825 09,1104.1331165771485
55_20220825 10,1096.9268840332031
55_20220825 11,1092.4367087402343
55_20220825 12,1093.2844299316407
55_20220825 13,1097.4303841552735
55_20220825 14,1082.4274299316405
55_20220825 15,1087.3127907714843
55_20220825 16,1086.2343438720702
55_20220825 17,1084.842399169922
55_20220825 18,1027.3998907470702
55_20220825 19,968.2617592163086
55_20220825 20,950.5587117919921
55_20220825 21,950.1617792358398
55_20220825 22,939.4535159912108
55_20220825 23,932.3531883544921
55_20220826 00,927.9999424438477
55_20220826 01,922.9381939086913
55_20220826 02,919.727853515625
55_20220826 03,920.1228583374024
55_20220826 04,926.1112446899414
55_20220826 05,954.6344241943358
55_20220826 06,1003.0514609985352
55_20220826 07,1047.376038208008
55_20220826 08,1091.2541641845703
55_20220826 09,1082.0405577392578
55_20220826 10,1085.5462631835937
55_20220826 11,1078.8538923339843
55_20220826 12,1084.9595090332032
55_20220826 13,1078.9147364501953
55_20220826 14,1073.7533481445312
55_20220826 15,1071.3963314208984
55_20220826 16,1073.5945510253905
55_20220826 17,1076.7477220458984
55_20220826 18,1018.6930374755859
55_20220826 19,968.0548289794921
55_20220826 20,952.944042114258
55_20220826 21,946.2989007568358
55_20220826 22,938.8789306640625
55_20220826 23,928.9706771850585
55_20220827 00,932.6276986694336
55_20220827 01,928.1466156005858
55_20220827 02,927.5691949462891
55_20220827 03,927.7761627197267
55_20220827 04,926.6329208374024
55_20220827 05,928.7000479125976
55_20220827 06,940.0152578735351
55_20220827 07,941.0759677124023
55_20220827 08,962.1031161499023
55_20220827 09,967.3176351928711
55_20220827 10,958.1755868530273
55_20220827 11,950.6287329101563
55_20220827 12,966.4380828857421
55_20220827 13,966.4711807250976
55_20220827 14,969.0679946899414
55_20220827 15,964.3175741577148
55_20220827 16,965.2780795288086
55_20220827 17,956.410712890625
55_20220827 18,955.308828125
55_20220827 19,945.1638241577149
55_20220827 20,937.3854067993165
55_20220827 21,936.4410556030274
55_20220827 22,934.0029898071289
55_20220827 23,931.6797036743164
55_20220828 00,929.4475603027342
55_20220828 01,928.4727072753907
55_20220828 02,928.8597490234375
55_20220828 03,930.9080124511718
55_20220828 04,928.0477775878908
55_20220828 05,926.2106389160157
55_20220828 06,928.6397918701172
55_20220828 07,929.6684920654296
55_20220828 08,931.4880877685547
55_20220828 09,934.7197706298828
55_20220828 10,932.7202985839842
55_20220828 11,932.4522810058593
55_20220828 12,935.8941749267578
55_20220828 13,945.6745018310547
55_20220828 14,949.1766387939454
55_20220828 15,946.6931513671875
55_20220828 16,955.4804122314453
55_20220828 17,953.9231691894532
55_20220828 18,955.3863624267578
55_20220828 19,955.8840223388672
55_20220828 20,944.8329875488282
55_20220828 21,940.8630380859375
55_20220828 22,941.6366951904297
55_20220828 23,936.8869364013672
55_20220829 00,922.8547060546874
55_20220829 01,917.6384370117188
55_20220829 02,916.0094677734373
55_20220829 03,915.7319370117187
55_20220829 04,921.4331791992188
55_20220829 05,951.9264287109373
55_20220829 06,999.2811884765626
55_20220829 07,1051.25025
55_20220829 08,1096.8630703125
55_20220829 09,1094.337005859375
55_20220829 10,1097.619087890625
55_20220829 11,1095.334939453125
55_20220829 12,1097.5855751953125
55_20220829 13,1097.2153740234376
55_20220829 14,1079.609197265625
55_20220829 15,1081.5633837890625
55_20220829 16,1079.3251201171875
55_20220829 17,1077.1985654296875
55_20220829 18,1035.2956845703125
55_20220829 19,973.78955859375
55_20220829 20,957.7946337890626
55_20220829 21,947.6734995117188
55_20220829 22,935.1698408203126
55_20220829 23,931.04417578125
55_20220830 00,921.6321134033203
55_20220830 01,917.6508897705078
55_20220830 02,915.3221160888671
55_20220830 03,919.8148380126953
55_20220830 04,924.0882521972658
55_20220830 05,952.3770925292968
55_20220830 06,1027.78575
55_20220830 07,1063.0374162597657
55_20220830 08,1092.721458984375
55_20220830 09,1103.2412778320313
55_20220830 10,1099.4475356445312
55_20220830 11,1104.5929663085938
55_20220830 12,1108.2538891601562
55_20220830 13,1113.2890366210938
55_20220830 14,1101.2106284179688
55_20220830 15,1096.8677478027344
55_20220830 16,1103.6706630859376
55_20220830 17,1103.2662114257812
55_20220830 18,1041.2817768554687
55_20220830 19,980.92401953125
55_20220830 20,956.9156658935547
55_20220830 21,949.5926813964843
55_20220830 22,941.8474440917968
55_20220830 23,930.7693165283202
55_20220831 00,927.6702825927736
55_20220831 01,921.718198852539
55_20220831 02,921.9209222412111
55_20220831 03,925.9554302978514
55_20220831 04,925.84228515625
55_20220831 05,954.5594479370117
55_20220831 06,1026.7314392089843
55_20220831 07,1062.6933178710938
55_20220831 08,1108.018468017578
55_20220831 09,1107.365087890625
55_20220831 10,1108.934330444336
55_20220831 11,1103.7843627929688
55_20220831 12,1106.1114733886718
55_20220831 13,1093.968270263672
55_20220831 14,1081.852481689453
55_20220831 15,1079.0751953125
55_20220831 16,1079.2485803222655
55_20220831 17,1073.9626220703126
55_20220831 18,1029.7742138671874
55_20220831 19,971.3652288818361
55_20220831 20,952.5005911254883
55_20220831 21,944.413599243164
55_20220831 22,938.6234176635742
55_20220831 23,930.4919973754883
56_20220825 00,3887.0705451660156
56_20220825 01,3881.6352399902344
56_20220825 02,3891.888810546875
56_20220825 03,3903.014025878906
56_20220825 04,3889.797934082031
56_20220825 05,4010.5624799804687
56_20220825 06,4142.927860839844
56_20220825 07,4255.2797324218745
56_20220825 08,4355.528861328125
56_20220825 09,4364.199061523437
56_20220825 10,4415.1998955078125
56_20220825 11,4420.225788085938
56_20220825 12,4429.306861328125
56_20220825 13,4415.873649414062
56_20220825 14,4429.588241210938
56_20220825 15,4409.655543457031
56_20220825 16,4412.826665527344
56_20220825 17,4375.067237792969
56_20220825 18,4270.617370117187
56_20220825 19,4088.6415029296877
56_20220825 20,4039.357670410156
56_20220825 21,3987.049004150391
56_20220825 22,3921.0167399902343
56_20220825 23,3896.553728759766
56_20220826 00,3887.3789934082033
56_20220826 01,3875.405383300781
56_20220826 02,3885.1914858398436
56_20220826 03,3861.3449948730467
56_20220826 04,3852.281313720703
56_20220826 05,4007.803858154297
56_20220826 06,4141.978387207031
56_20220826 07,4256.958506835937
56_20220826 08,4345.082208984375
56_20220826 09,4366.26608203125
56_20220826 10,4386.4763203125
56_20220826 11,4409.590877929688
56_20220826 12,4402.9022607421875
56_20220826 13,4390.361103515625
56_20220826 14,4408.989916992187
56_20220826 15,4393.7395576171875
56_20220826 16,4387.1919125976565
56_20220826 17,4376.811678222656
56_20220826 18,4304.873434570312
56_20220826 19,4119.070166015625
56_20220826 20,4059.680884277344
56_20220826 21,4007.534596435547
56_20220826 22,3945.3997719726563
56_20220826 23,3928.654814941406
56_20220827 00,3918.69573046875
56_20220827 01,3901.97143359375
56_20220827 02,3904.0127529296874
56_20220827 03,3897.7696489257814
56_20220827 04,3903.8802060546873
56_20220827 05,3938.1026396484376
56_20220827 06,3961.409691894531
56_20220827 07,4006.8206411132815
56_20220827 08,3965.8526923828126
56_20220827 09,3988.8546918945312
56_20220827 10,4012.3902900390626
56_20220827 11,4029.7607529296874
56_20220827 12,3973.2431552734374
56_20220827 13,3978.8303471679687
56_20220827 14,4003.011867675781
56_20220827 15,4007.105227050781
56_20220827 16,3994.4586958007812
56_20220827 17,3969.7192114257814
56_20220827 18,3987.86570703125
56_20220827 19,3937.3587690429686
56_20220827 20,3904.3974799804687
56_20220827 21,3885.9988041992187
56_20220827 22,3880.871140625
56_20220827 23,3879.0900419921877
56_20220828 00,3864.048587402344
56_20220828 01,3844.891981933594
56_20220828 02,3845.2461196289064
56_20220828 03,3845.3234348144533
56_20220828 04,3842.7517902832033
56_20220828 05,3857.487040283203
56_20220828 06,3875.50733203125
56_20220828 07,3883.73347265625
56_20220828 08,3900.359408203125
56_20220828 09,3924.027854736328
56_20220828 10,3955.174899169922
56_20220828 11,3974.8010053710937
56_20220828 12,3992.972269042969
56_20220828 13,3897.6243530273437
56_20220828 14,3973.5005493164062
56_20220828 15,4038.3372590332033
56_20220828 16,4024.766858642578
56_20220828 17,4023.4993286132812
56_20220828 18,4015.573668457031
56_20220828 19,3959.3633334960937
56_20220828 20,3927.2275327148436
56_20220828 21,3921.439869140625
56_20220828 22,3905.675619873047
56_20220828 23,3897.034123535156
56_20220829 00,3868.2342443847656
56_20220829 01,3847.7422485351562
56_20220829 02,3856.186145019531
56_20220829 03,3850.7537268066408
56_20220829 04,3853.74771484375
56_20220829 05,3976.325593261719
56_20220829 06,4109.464172363281
56_20220829 07,4212.705625
56_20220829 08,4331.060583496093
56_20220829 09,4328.004165039062
56_20220829 10,4343.1550805664065
56_20220829 11,4351.3580004882815
56_20220829 12,4345.5624169921875
56_20220829 13,4347.099128417969
56_20220829 14,4336.694382324219
56_20220829 15,4329.52095703125
56_20220829 16,4306.681625976563
56_20220829 17,4322.972807617188
56_20220829 18,4240.896967773438
56_20220829 19,4067.817980957031
56_20220829 20,4012.1171716308595
56_20220829 21,3949.8009240722654
56_20220829 22,3894.6734057617186
56_20220829 23,3882.0500720214845
56_20220830 00,3850.6965444335938
56_20220830 01,3837.61462109375
56_20220830 02,3834.4411499023436
56_20220830 03,3842.721247558594
56_20220830 04,3849.65328125
56_20220830 05,3986.5869736328123
56_20220830 06,4129.933130859375
56_20220830 07,4229.579689453125
56_20220830 08,4311.833674804688
56_20220830 09,4321.131069335937
56_20220830 10,4338.956576171875
56_20220830 11,4346.003880859375
56_20220830 12,4346.837229492187
56_20220830 13,4357.935763671875
56_20220830 14,4348.580126953125
56_20220830 15,4342.355978515625
56_20220830 16,4331.785021484375
56_20220830 17,4331.579717773438
56_20220830 18,4240.6330859375
56_20220830 19,4083.6650517578123
56_20220830 20,4039.1590415039063
56_20220830 21,3986.4408828125
56_20220830 22,3947.225689941406
56_20220830 23,3930.5555625
56_20220831 00,3920.499650390625
56_20220831 01,3916.9411875
56_20220831 02,3904.2823095703125
56_20220831 03,3894.748576171875
56_20220831 04,3895.777646484375
56_20220831 05,4015.4953388671875
56_20220831 06,4133.76863671875
56_20220831 07,4236.467033203125
56_20220831 08,4327.376349609375
56_20220831 09,4350.959373046875
56_20220831 10,4370.08130859375
56_20220831 11,4376.009162109375
56_20220831 12,4362.872953125
56_20220831 13,4364.782763671875
56_20220831 14,4348.57587890625
56_20220831 15,4356.904248046875
56_20220831 16,4313.731927734375
56_20220831 17,4343.30602734375
56_20220831 18,4251.12350390625
56_20220831 19,4102.615916015625
56_20220831 20,4058.857083984375
56_20220831 21,3989.722623046875
56_20220831 22,3955.908228515625
56_20220831 23,3932.6235673828123
57_20220825 00,1008.503745560764
57_20220825 01,938.4784302783992
57_20220825 02,806.7115346265166
57_20220825 03,798.7415941155052
57_20220825 04,781.867643000902
57_20220825 05,810.5657589051713
57_20220825 06,1008.7710340788624
57_20220825 07,1503.3347494251757
57_20220825 08,2057.8901074081396
57_20220825 09,2344.5188561226023
57_20220825 10,2825.1740900898953
57_20220825 11,2945.7874093875703
57_20220825 12,2970.266546159611
57_20220825 13,2975.2174357009153
57_20220825 14,2977.018772211241
57_20220825 15,2807.509388155084
57_20220825 16,2802.8755913546506
57_20220825 17,2853.4990715250137
57_20220825 18,2521.810375917308
57_20220825 19,2472.69554482559
57_20220825 20,2338.42328661712
57_20220825 21,2056.954501360571
57_20220825 22,1633.2522583852483
57_20220825 23,1129.2054230717144
57_20220826 00,986.0839561673147
57_20220826 01,933.4545073428994
57_20220826 02,801.5775295215989
57_20220826 03,795.625269881211
57_20220826 04,782.0917178449413
57_20220826 05,810.4012790189375
57_20220826 06,998.2680027086726
57_20220826 07,1483.758105871781
57_20220826 08,2033.616230554898
57_20220826 09,2312.9228267097255
57_20220826 10,2825.1183345138015
57_20220826 11,2948.354351771507
57_20220826 12,2986.75213723181
57_20220826 13,3014.5056025386166
57_20220826 14,2966.6178222840135
57_20220826 15,2910.273482729092
57_20220826 16,2868.987748534022
57_20220826 17,2883.0623399410106
57_20220826 18,2564.703994387216
57_20220826 19,2485.41316337857
57_20220826 20,2400.917991059968
57_20220826 21,2146.6614184165483
57_20220826 22,1659.9512854431482
57_20220826 23,1162.8248965626601
57_20220827 00,962.4889510576322
57_20220827 01,927.5336417630601
57_20220827 02,820.9851038100826
57_20220827 03,802.8287450875853
57_20220827 04,788.7406340977773
57_20220827 05,805.1480830498325
57_20220827 06,910.4411934645816
57_20220827 07,1048.309812560933
57_20220827 08,1144.9870014986354
57_20220827 09,1322.7510929469868
57_20220827 10,1860.4562536586063
57_20220827 11,2029.323135080712
57_20220827 12,2139.4285259579187
57_20220827 13,2200.7732057085213
57_20220827 14,2211.171038520055
57_20220827 15,2170.723713968619
57_20220827 16,2142.3148236343595
57_20220827 17,2208.22349647283
57_20220827 18,2224.9415617328823
57_20220827 19,2177.323791988269
57_20220827 20,2072.380395548391
57_20220827 21,1798.7177915242598
57_20220827 22,1408.1711760296575
57_20220827 23,979.2985729110862
57_20220828 00,871.132295542478
57_20220828 01,829.4092093241363
57_20220828 02,802.7632718424044
57_20220828 03,795.3436835402321
57_20220828 04,791.8163888686095
57_20220828 05,800.1124378528699
57_20220828 06,888.2983993062219
57_20220828 07,1002.871407071686
57_20220828 08,1111.613942231052
57_20220828 09,1296.5923051292266
57_20220828 10,1849.1836674557746
57_20220828 11,2032.9707611253893
57_20220828 12,2137.07289818797
57_20220828 13,2206.9922071229585
57_20220828 14,2212.010353784867
57_20220828 15,2185.621400671599
57_20220828 16,2169.7749096952166
57_20220828 17,2236.1549027627507
57_20220828 18,2240.0507001577744
57_20220828 19,2223.289620126601
57_20220828 20,2102.543908138161
57_20220828 21,1859.320991434794
57_20220828 22,1475.1363303088585
57_20220828 23,1015.714058094738
57_20220829 00,913.7221978704258
57_20220829 01,858.933343720876
57_20220829 02,788.9522215242264
57_20220829 03,789.9868293997779
57_20220829 04,775.1633486753258
57_20220829 05,796.7957424520669
57_20220829 06,984.9686674912061
57_20220829 07,1455.5924459929456
57_20220829 08,2005.4987285085379
57_20220829 09,2244.9524713283613
57_20220829 10,2752.2224004383534
57_20220829 11,2872.84831025567
57_20220829 12,2882.2148695550495
57_20220829 13,2891.647643771632
57_20220829 14,2852.572685937676
57_20220829 15,2773.2918317913486
57_20220829 16,2715.827849915692
57_20220829 17,2715.383608623553
57_20220829 18,2418.481445203712
57_20220829 19,2355.595885454288
57_20220829 20,2278.2570070379356
57_20220829 21,1995.652452302437
57_20220829 22,1585.341278615629
57_20220829 23,1098.9788873997586
57_20220830 00,950.5917667587723
57_20220830 01,915.4032439400369
57_20220830 02,796.3222074700205
57_20220830 03,802.5119463545702
57_20220830 04,787.1732840306568
57_20220830 05,810.7326703031875
57_20220830 06,1001.419335817648
57_20220830 07,1494.1014388227163
57_20220830 08,2033.60563047452
57_20220830 09,2278.0819146588547
57_20220830 10,2779.191880835434
57_20220830 11,2940.8261141566322
57_20220830 12,2958.315105427642
57_20220830 13,2967.9426290523706
57_20220830 14,2900.389520324102
57_20220830 15,2815.583519979975
57_20220830 16,2787.9290313280785
57_20220830 17,2818.4144939475427
57_20220830 18,2463.4591724201596
57_20220830 19,2429.9169322589223
57_20220830 20,2320.866302214694
57_20220830 21,2044.9692722069178
57_20220830 22,1615.8961219148418
57_20220830 23,1149.4980819855184
57_20220831 00,999.3809244515605
57_20220831 01,947.5610399989303
57_20220831 02,808.5650506178783
57_20220831 03,805.9788359731913
57_20220831 04,784.4193922202244
57_20220831 05,809.1720423729375
57_20220831 06,989.3316657031766
57_20220831 07,1474.6232747527067
57_20220831 08,2007.128113643784
57_20220831 09,2254.709107458298
57_20220831 10,2727.8813956951567
57_20220831 11,2825.704484841196
57_20220831 12,2873.1434580186046
57_20220831 13,2890.311710904382
57_20220831 14,2867.9793661267113
57_20220831 15,2783.667722872119
57_20220831 16,2767.0232278939075
57_20220831 17,2775.4514275611773
57_20220831 18,2474.2204315695185
57_20220831 19,2436.5278906110525
57_20220831 20,2332.9311383607806
57_20220831 21,2039.4629879056326
57_20220831 22,1608.2838528597433
57_20220831 23,1125.387355436693
58_20220825 00,2846.9924047851564
58_20220825 01,2850.5471381835937
58_20220825 02,2839.894621582031
58_20220825 03,2840.2840747070313
58_20220825 04,2848.1451860351563
58_20220825 05,2849.2198332519533
58_20220825 06,2869.3416591796877
58_20220825 07,2929.0467705078127
58_20220825 08,2940.3698767089845
58_20220825 09,2969.4603212890624
58_20220825 10,2978.118351074219
58_20220825 11,2991.180852294922
58_20220825 12,2991.65038671875
58_20220825 13,2977.425124511719
58_20220825 14,2979.1669536132813
58_20220825 15,2976.094168457031
58_20220825 16,2993.1093754882813
58_20220825 17,2974.7381413574217
58_20220825 18,2910.9542387695315
58_20220825 19,2873.2775698242185
58_20220825 20,2868.1163422851564
58_20220825 21,2858.197214599609
58_20220825 22,2850.7881123046873
58_20220825 23,2838.5758359375
58_20220826 00,2853.2730212402344
58_20220826 01,2856.001247314453
58_20220826 02,2846.246607421875
58_20220826 03,2847.62998828125
58_20220826 04,2847.143902587891
58_20220826 05,2858.344604736328
58_20220826 06,2875.9283217773436
58_20220826 07,2934.4244545898437
58_20220826 08,2948.8914184570312
58_20220826 09,2968.7458117675783
58_20220826 10,2985.3954052734375
58_20220826 11,3000.3435769042967
58_20220826 12,2998.788005126953
58_20220826 13,2989.27726171875
58_20220826 14,2989.4014050292967
58_20220826 15,2985.756128173828
58_20220826 16,2997.93266015625
58_20220826 17,2981.571596191406
58_20220826 18,2914.026903808594
58_20220826 19,2877.2404848632814
58_20220826 20,2872.446211669922
58_20220826 21,2866.89195703125
58_20220826 22,2860.413578613281
58_20220826 23,2856.241973144531
58_20220827 00,2862.0763876953124
58_20220827 01,2864.38280078125
58_20220827 02,2860.11791015625
58_20220827 03,2861.715051269531
58_20220827 04,2856.0662153320313
58_20220827 05,2852.422638183594
58_20220827 06,2853.1284990234376
58_20220827 07,2851.349593261719
58_20220827 08,2850.203452636719
58_20220827 09,2855.0623676757814
58_20220827 10,2855.1089052734374
58_20220827 11,2856.2148432617187
58_20220827 12,2866.5483828125
58_20220827 13,2858.732990234375
58_20220827 14,2860.28359375
58_20220827 15,2857.9947236328126
58_20220827 16,2857.783720703125
58_20220827 17,2856.7182290039063
58_20220827 18,2853.2707919921877
58_20220827 19,2846.9796884765624
58_20220827 20,2847.711376464844
58_20220827 21,2843.012297363281
58_20220827 22,2841.27676171875
58_20220827 23,2835.5823627929685
58_20220828 00,2845.9631997070314
58_20220828 01,2849.253119384766
58_20220828 02,2841.3418491210937
58_20220828 03,2839.280923828125
58_20220828 04,2840.691133300781
58_20220828 05,2840.7928381347656
58_20220828 06,2837.7626682128907
58_20220828 07,2840.845763671875
58_20220828 08,2842.7066938476564
58_20220828 09,2851.2567290039065
58_20220828 10,2848.677767578125
58_20220828 11,2853.6078911132813
58_20220828 12,2867.7709599609375
58_20220828 13,2855.080294189453
58_20220828 14,2854.6727431640625
58_20220828 15,2857.777545410156
58_20220828 16,2857.686328125
58_20220828 17,2859.4928693847655
58_20220828 18,2853.5705749511717
58_20220828 19,2841.5603803710937
58_20220828 20,2838.460212158203
58_20220828 21,2829.4062868652345
58_20220828 22,2833.315459716797
58_20220828 23,2830.184072753906
58_20220829 00,2828.4961682128906
58_20220829 01,2824.064094238281
58_20220829 02,2821.2532678222656
58_20220829 03,2821.0919689941406
58_20220829 04,2824.0495190429688
58_20220829 05,2830.9511169433595
58_20220829 06,2853.589796142578
58_20220829 07,2900.458280029297
58_20220829 08,2935.2235217285156
58_20220829 09,2942.2973498535157
58_20220829 10,2956.570595703125
58_20220829 11,2972.1971484375
58_20220829 12,2972.0832189941407
58_20220829 13,2962.695578613281
58_20220829 14,2965.980584716797
58_20220829 15,2962.658654785156
58_20220829 16,2974.3800268554687
58_20220829 17,2958.544562988281
58_20220829 18,2890.9073974609373
58_20220829 19,2862.1532092285156
58_20220829 20,2854.2184729003907
58_20220829 21,2845.894093017578
58_20220829 22,2837.7004040527345
58_20220829 23,2827.0248022460937
58_20220830 00,2831.3599794921874
58_20220830 01,2835.9759155273437
58_20220830 02,2829.1271196289063
58_20220830 03,2832.3005908203127
58_20220830 04,2828.691759277344
58_20220830 05,2837.193177246094
58_20220830 06,2858.580921875
58_20220830 07,2905.58625
58_20220830 08,2938.677276855469
58_20220830 09,2941.6733520507814
58_20220830 10,2967.201873535156
58_20220830 11,2972.9477080078127
58_20220830 12,2977.72890625
58_20220830 13,2965.988494628906
58_20220830 14,2965.731015625
58_20220830 15,2964.633150390625
58_20220830 16,2976.63201171875
58_20220830 17,2970.4408671875
58_20220830 18,2901.211291015625
58_20220830 19,2864.7407612304687
58_20220830 20,2861.3983876953125
58_20220830 21,2848.7365361328125
58_20220830 22,2845.6768798828125
58_20220830 23,2832.0676220703126
58_20220831 00,2848.2195703125
58_20220831 01,2851.137052734375
58_20220831 02,2841.7881240234374
58_20220831 03,2840.3617236328123
58_20220831 04,2846.151216796875
58_20220831 05,2848.779333984375
58_20220831 06,2868.0804814453127
58_20220831 07,2917.357921875
58_20220831 08,2934.085177734375
58_20220831 09,2939.727556640625
58_20220831 10,2964.9118154296875
58_20220831 11,2983.711072265625
58_20220831 12,2984.82525
58_20220831 13,2973.259880859375
58_20220831 14,2971.6742080078125
58_20220831 15,2972.5690517578123
58_20220831 16,2987.8237060546876
58_20220831 17,2971.064595703125
58_20220831 18,2900.918572265625
58_20220831 19,2869.511015625
58_20220831 20,2865.527501953125
58_20220831 21,2853.6197578125
58_20220831 22,2852.623271484375
58_20220831 23,2836.9700712890626
59_20220825 00,690.7150158062145
59_20220825 01,677.6575828117925
59_20220825 02,679.3256553962713
59_20220825 03,672.0545880053946
59_20220825 04,699.955083161444
59_20220825 05,820.8376191992817
59_20220825 06,1405.6959158003756
59_20220825 07,2520.868414695223
59_20220825 08,2841.450277318379
59_20220825 09,2936.500787525559
59_20220825 10,3024.353869375296
59_20220825 11,2966.3324529266174
59_20220825 12,2937.113137036439
59_20220825 13,2987.6106302131993
59_20220825 14,2960.9530511260136
59_20220825 15,2895.1956045605484
59_20220825 16,2882.134065548266
59_20220825 17,2766.258479666348
59_20220825 18,2220.321231428115
59_20220825 19,1791.877074013288
59_20220825 20,1234.9413136657781
59_20220825 21,1028.1121053483673
59_20220825 22,839.759997488444
59_20220825 23,729.5688781582437
59_20220826 00,678.3854820835757
59_20220826 01,669.3626586288959
59_20220826 02,671.4605678083518
59_20220826 03,667.9269341864831
59_20220826 04,700.2321467866054
59_20220826 05,821.3922180094676
59_20220826 06,1370.6994360270605
59_20220826 07,2276.3487052115997
59_20220826 08,2666.0380981938724
59_20220826 09,2903.8594872936515
59_20220826 10,2986.0068907486007
59_20220826 11,3006.1098400455335
59_20220826 12,2922.446742180996
59_20220826 13,3011.002710636454
59_20220826 14,2981.417553569781
59_20220826 15,2962.1556367928792
59_20220826 16,2952.492396915471
59_20220826 17,2822.1287491722032
59_20220826 18,2313.038982128926
59_20220826 19,1815.6134055007076
59_20220826 20,1249.573508497772
59_20220826 21,1019.8235273267121
59_20220826 22,821.9359902515707
59_20220826 23,731.6013923480556
59_20220827 00,647.7363079371557
59_20220827 01,649.336880993586
59_20220827 02,616.7370581073658
59_20220827 03,634.7479843018691
59_20220827 04,638.6976778549283
59_20220827 05,663.6577328630385
59_20220827 06,687.248626755977
59_20220827 07,732.8329278371659
59_20220827 08,927.1596586243959
59_20220827 09,1089.8073683211364
59_20220827 10,1164.3915399316227
59_20220827 11,1207.3833268255441
59_20220827 12,1222.504797604472
59_20220827 13,1224.947815413163
59_20220827 14,1215.157695759619
59_20220827 15,1203.5355870965523
59_20220827 16,1191.9571605113915
59_20220827 17,1193.4691645231205
59_20220827 18,1174.6769242910918
59_20220827 19,1078.7404905373705
59_20220827 20,878.6366575027946
59_20220827 21,820.0245542950684
59_20220827 22,709.0895014756454
59_20220827 23,649.7809135084497
59_20220828 00,592.0905510611469
59_20220828 01,591.71592006898
59_20220828 02,594.2755741406726
59_20220828 03,587.5013551658565
59_20220828 04,601.4293388749336
59_20220828 05,611.3262354363103
59_20220828 06,632.6629010627862
59_20220828 07,653.459534169271
59_20220828 08,731.531910568815
59_20220828 09,750.1751208317276
59_20220828 10,783.6203682804191
59_20220828 11,811.7389381909335
59_20220828 12,811.0109968817878
59_20220828 13,815.3070301853116
59_20220828 14,827.9729686407514
59_20220828 15,830.0206885110549
59_20220828 16,845.5026827514434
59_20220828 17,857.3434571188648
59_20220828 18,835.4248433238507
59_20220828 19,819.3814198839942
59_20220828 20,777.4186679291555
59_20220828 21,747.110827636202
59_20220828 22,685.8290629512574
59_20220828 23,659.5433537005891
59_20220829 00,650.6244140130914
59_20220829 01,648.2239386178727
59_20220829 02,645.3453340945146
59_20220829 03,638.2031177864624
59_20220829 04,674.9209617634119
59_20220829 05,813.0425251491068
59_20220829 06,1531.6749138266523
59_20220829 07,2317.5916711886357
59_20220829 08,2557.411460874217
59_20220829 09,2734.205888580434
59_20220829 10,2741.2780325992826
59_20220829 11,2803.6929597179032
59_20220829 12,2700.2741000358915
59_20220829 13,2825.6036960617416
59_20220829 14,2769.094420556004
59_20220829 15,2846.0646215859447
59_20220829 16,2756.921093740276
59_20220829 17,2583.352000473196
59_20220829 18,2103.7110895667706
59_20220829 19,1711.7762228411666
59_20220829 20,1211.9237604294362
59_20220829 21,1033.124276576667
59_20220829 22,847.8230716783403
59_20220829 23,763.202505482971
59_20220830 00,684.0259415435485
59_20220830 01,680.5602310872844
59_20220830 02,683.1693309448277
59_20220830 03,678.3792902506846
59_20220830 04,708.7024144888547
59_20220830 05,838.5903975882165
59_20220830 06,1475.7622793805494
59_20220830 07,2375.3007522838384
59_20220830 08,2612.097259224548
59_20220830 09,2714.603626593647
59_20220830 10,2705.9517209439173
59_20220830 11,2710.639992924007
59_20220830 12,2682.913104511077
59_20220830 13,2731.771186862776
59_20220830 14,2748.639267651934
59_20220830 15,2757.78420593312
59_20220830 16,2709.050875149273
59_20220830 17,2599.60032486958
59_20220830 18,2108.1099416548905
59_20220830 19,1719.3744321094634
59_20220830 20,1223.1277721549645
59_20220830 21,1026.8136045742403
59_20220830 22,848.3445596169083
59_20220830 23,754.160504128142
59_20220831 00,696.1432289927986
59_20220831 01,685.3501472385263
59_20220831 02,689.8454548483437
59_20220831 03,681.7027977057448
59_20220831 04,713.3123803240098
59_20220831 05,820.8695917693813
59_20220831 06,1354.1910918384435
59_20220831 07,2266.857008422922
59_20220831 08,2500.3960860982033
59_20220831 09,2673.3392839857593
59_20220831 10,2742.6715504007834
59_20220831 11,2842.684691001323
59_20220831 12,2794.271957344188
59_20220831 13,2865.212855039965
59_20220831 14,2889.873040715316
59_20220831 15,2909.4979421385037
59_20220831 16,2871.3193967117613
59_20220831 17,2759.5383244173654
59_20220831 18,2244.9309903890726
59_20220831 19,1765.168374742574
59_20220831 20,1237.4329884069307
59_20220831 21,1037.3853951582737
59_20220831 22,843.9366898228545
59_20220831 23,737.9740084204734
60_20220825 00,1750.6394615064166
60_20220825 01,1710.4060979101268
60_20220825 02,1684.1160085681681
60_20220825 03,1675.1038159800692
60_20220825 04,1704.521741740674
60_20220825 05,2754.1479735286557
60_20220825 06,3263.6514292187267
60_20220825 07,3669.8730713056866
60_20220825 08,4062.9441277482615
60_20220825 09,4188.823236009245
60_20220825 10,4160.979586007757
60_20220825 11,4157.743506438038
60_20220825 12,4110.171323547249
60_20220825 13,4166.624289225205
60_20220825 14,4079.149354439776
60_20220825 15,4114.802562697999
60_20220825 16,4080.6831431543897
60_20220825 17,4112.9641673259175
60_20220825 18,3850.4822011945625
60_20220825 19,3154.2909446669432
60_20220825 20,2818.94192398357
60_20220825 21,2475.0202280880117
60_20220825 22,1890.7188304093713
60_20220825 23,1787.5680671119062
60_20220826 00,1711.1146134937044
60_20220826 01,1676.282055727484
60_20220826 02,1657.3239595384432
60_20220826 03,1642.0620469105706
60_20220826 04,1668.4775856303277
60_20220826 05,2653.5435459573173
60_20220826 06,3217.4033735208827
60_20220826 07,3621.644479097459
60_20220826 08,3986.78669826423
60_20220826 09,4150.878863289501
60_20220826 10,4104.317078746434
60_20220826 11,4108.409835873185
60_20220826 12,4027.2453322965803
60_20220826 13,4119.853555873457
60_20220826 14,4058.7004695081173
60_20220826 15,4138.583983853519
60_20220826 16,4093.183986935736
60_20220826 17,4116.8700574080085
60_20220826 18,3856.322945500743
60_20220826 19,3056.7875782406722
60_20220826 20,2794.9775866308123
60_20220826 21,2279.7391238674354
60_20220826 22,1841.53169944614
60_20220826 23,1763.270649158254
60_20220827 00,1635.4961566017796
60_20220827 01,1621.1562100173505
60_20220827 02,1605.4560528473871
60_20220827 03,1606.9975846073617
60_20220827 04,1604.2257813462707
60_20220827 05,1722.8012751846704
60_20220827 06,2066.8478726610333
60_20220827 07,2271.1259968116856
60_20220827 08,2397.841792491099
60_20220827 09,2652.982983494254
60_20220827 10,2646.04309282663
60_20220827 11,2608.1434165589812
60_20220827 12,2614.4489034079297
60_20220827 13,2630.9979356702343
60_20220827 14,2664.333775548639
60_20220827 15,2692.609124904835
60_20220827 16,2687.187675387876
60_20220827 17,2706.115747223056
60_20220827 18,2680.791094767219
60_20220827 19,2420.329881254826
60_20220827 20,2236.065261342216
60_20220827 21,2023.3033652860033
60_20220827 22,1711.4421114518645
60_20220827 23,1629.1926787335638
60_20220828 00,1597.3530587524583
60_20220828 01,1593.9449078697207
60_20220828 02,1592.1504035942362
60_20220828 03,1594.7116212286837
60_20220828 04,1593.8344921745302
60_20220828 05,1682.4899677951898
60_20220828 06,1919.8381371617177
60_20220828 07,2246.654283080594
60_20220828 08,2379.1403081236235
60_20220828 09,2545.1314244135465
60_20220828 10,2610.064823175595
60_20220828 11,2607.656943946309
60_20220828 12,2583.9883974836584
60_20220828 13,2596.68403763195
60_20220828 14,2622.156237413611
60_20220828 15,2660.770681712418
60_20220828 16,2680.6730711613627
60_20220828 17,2705.1950172649617
60_20220828 18,2654.718255141394
60_20220828 19,2403.1338381517417
60_20220828 20,2228.9118118787546
60_20220828 21,2067.8497284745995
60_20220828 22,1722.0849849255994
60_20220828 23,1701.758445180572
60_20220829 00,1652.521155094989
60_20220829 01,1618.2473998789987
60_20220829 02,1616.93019005298
60_20220829 03,1603.3332785242342
60_20220829 04,1625.5311278497732
60_20220829 05,2538.9781325966405
60_20220829 06,3058.320926278313
60_20220829 07,3577.255112117403
60_20220829 08,3862.8931004446868
60_20220829 09,4110.889491625708
60_20220829 10,4054.5857669787724
60_20220829 11,4059.8348771408623
60_20220829 12,3995.1940576547913
60_20220829 13,4092.9406051886845
60_20220829 14,3998.3187211976956
60_20220829 15,4056.0712162477053
60_20220829 16,3987.3297687816184
60_20220829 17,3999.220890803049
60_20220829 18,3775.5274307329773
60_20220829 19,3122.8163757581633
60_20220829 20,2775.38580494715
60_20220829 21,2403.862294542665
60_20220829 22,1841.6842363185729
60_20220829 23,1736.3208643472167
60_20220830 00,1687.4089709487853
60_20220830 01,1649.6597498364788
60_20220830 02,1634.1779809938025
60_20220830 03,1620.169134129849
60_20220830 04,1664.2367948925742
60_20220830 05,2632.6906046642216
60_20220830 06,3243.5342523581066
60_20220830 07,3579.569280357947
60_20220830 08,3951.6714651961665
60_20220830 09,4121.380804929986
60_20220830 10,4108.885452828827
60_20220830 11,4084.454575900626
60_20220830 12,4013.47357474077
60_20220830 13,4133.883943812677
60_20220830 14,4021.9878711432407
60_20220830 15,4074.9709718800873
60_20220830 16,4036.0488443406225
60_20220830 17,4051.3297544651678
60_20220830 18,3800.675519443274
60_20220830 19,3125.2170417300094
60_20220830 20,2747.2386072846507
60_20220830 21,2382.4548278390753
60_20220830 22,1847.1603129888313
60_20220830 23,1731.402284852154
60_20220831 00,1692.8982267011484
60_20220831 01,1662.461011324042
60_20220831 02,1632.7589758608647
60_20220831 03,1616.9883187059195
60_20220831 04,1655.0826784653893
60_20220831 05,2629.0557070809355
60_20220831 06,3158.452798761018
60_20220831 07,3582.6044679615397
60_20220831 08,3844.2921370852223
60_20220831 09,4076.145875224685
60_20220831 10,4025.8453545800967
60_20220831 11,3995.0220928427893
60_20220831 12,3956.9537491254678
60_20220831 13,4060.8442127052213
60_20220831 14,3967.7165686111043
60_20220831 15,4053.7418676134193
60_20220831 16,3990.2927606845
60_20220831 17,4049.985035841844
60_20220831 18,3794.021935167244
60_20220831 19,3186.6667565755533
60_20220831 20,2818.264386564231
60_20220831 21,2390.1810896073775
60_20220831 22,1842.9632046279116
60_20220831 23,1753.6169819189254
61_20220825 00,2473.7374201022144
61_20220825 01,1995.735764307342
61_20220825 02,1800.9911575741194
61_20220825 03,1687.0583927742614
61_20220825 04,1672.9452442931101
61_20220825 05,1788.6821108647214
61_20220825 06,2335.3293141416084
61_20220825 07,2911.978175469002
61_20220825 08,2965.012726571692
61_20220825 09,2792.932284633824
61_20220825 10,2691.4143360570442
61_20220825 11,2654.181006507407
61_20220825 12,2724.417535695277
61_20220825 13,2641.7069781406176
61_20220825 14,2573.205569607367
61_20220825 15,2522.888368266932
61_20220825 16,2607.749237121846
61_20220825 17,2833.8570215183586
61_20220825 18,3213.675302258146
61_20220825 19,3535.9440203971376
61_20220825 20,3682.205725220311
61_20220825 21,3642.845407650443
61_20220825 22,3370.816797348871
61_20220825 23,2863.8967792453273
61_20220826 00,2371.4626569900106
61_20220826 01,1939.179857006584
61_20220826 02,1751.2281733444347
61_20220826 03,1655.3834326864976
61_20220826 04,1653.6400310516028
61_20220826 05,1769.1151190230828
61_20220826 06,2295.9132996391168
61_20220826 07,2878.561592225705
61_20220826 08,2943.4557497799756
61_20220826 09,2756.686895527362
61_20220826 10,2612.558251559213
61_20220826 11,2667.3182815134123
61_20220826 12,2608.965389415093
61_20220826 13,2611.8235850946967
61_20220826 14,2539.21224565163
61_20220826 15,2647.99765916318
61_20220826 16,2678.1212813791167
61_20220826 17,2838.1186023468636
61_20220826 18,3180.2100377483257
61_20220826 19,3485.397157623088
61_20220826 20,3725.3881048417074
61_20220826 21,3696.2110725870416
61_20220826 22,3457.895092829179
61_20220826 23,3031.346323497624
61_20220827 00,2497.500695401306
61_20220827 01,2056.0487134787463
61_20220827 02,1789.1305361693903
61_20220827 03,1696.752568580501
61_20220827 04,1652.0564384618
61_20220827 05,1683.4786284871197
61_20220827 06,1891.6040792556023
61_20220827 07,2346.778150579248
61_20220827 08,2796.04826771728
61_20220827 09,2989.3126390282478
61_20220827 10,3022.7375889978134
61_20220827 11,2958.8299513683264
61_20220827 12,3076.3758075157784
61_20220827 13,2954.537961901622
61_20220827 14,2849.962206756622
61_20220827 15,2753.137487809911
61_20220827 16,2765.3324998470985
61_20220827 17,2960.4687424486465
61_20220827 18,3240.177598742846
61_20220827 19,3451.8266224838712
61_20220827 20,3628.2253402298015
61_20220827 21,3560.331962363207
61_20220827 22,3312.5925697499806
61_20220827 23,2884.3023054708874
61_20220828 00,2476.0779216725596
61_20220828 01,2022.2127174347959
61_20220828 02,1807.758042568504
61_20220828 03,1690.8211717752856
61_20220828 04,1645.7996899745083
61_20220828 05,1681.0849097351036
61_20220828 06,1853.9718064170047
61_20220828 07,2311.8762884862676
61_20220828 08,2735.307205049441
61_20220828 09,2954.575153963233
61_20220828 10,3001.09000657273
61_20220828 11,3004.360011255606
61_20220828 12,3081.33377134904
61_20220828 13,3016.1202347599997
61_20220828 14,2887.0069340773666
61_20220828 15,2842.7472865399386
61_20220828 16,2961.718929454266
61_20220828 17,3206.969960710754
61_20220828 18,3438.814268852483
61_20220828 19,3633.5674940991066
61_20220828 20,3762.416616181543
61_20220828 21,3723.134308368508
61_20220828 22,3375.7418124074434
61_20220828 23,2934.500905690722
61_20220829 00,2385.95080079132
61_20220829 01,1935.4802824345873
61_20220829 02,1759.763593250904
61_20220829 03,1650.9161652375753
61_20220829 04,1641.5734980442578
61_20220829 05,1768.9281752087716
61_20220829 06,2295.492869725592
61_20220829 07,2851.5460085426926
61_20220829 08,2920.5915012086366
61_20220829 09,2783.821454501295
61_20220829 10,2698.6040003895223
61_20220829 11,2699.711326098044
61_20220829 12,2791.604104216717
61_20220829 13,2737.905771160784
61_20220829 14,2620.3345980493964
61_20220829 15,2617.118164007517
61_20220829 16,2696.562975730305
61_20220829 17,2931.307679742829
61_20220829 18,3334.4415117622307
61_20220829 19,3715.2684290141933
61_20220829 20,3851.3872909917295
61_20220829 21,3758.0922345196896
61_20220829 22,3473.3139290698155
61_20220829 23,2905.35364795465
61_20220830 00,2371.084436664743
61_20220830 01,1928.069058470683
61_20220830 02,1743.7601793362887
61_20220830 03,1639.2114472651701
61_20220830 04,1635.9981795741814
61_20220830 05,1768.4102456298099
61_20220830 06,2317.056500469717
61_20220830 07,2887.524866412805
61_20220830 08,2924.9384375102636
61_20220830 09,2739.3487868583998
61_20220830 10,2643.4073747272105
61_20220830 11,2615.8364213277405
61_20220830 12,2698.2051809088234
61_20220830 13,2667.7748093546356
61_20220830 14,2550.1762319882823
61_20220830 15,2575.9382445346937
61_20220830 16,2645.9318417130917
61_20220830 17,2918.2388397166687
61_20220830 18,3293.3771406166593
61_20220830 19,3640.211152692627
61_20220830 20,3787.6969409035664
61_20220830 21,3688.7058415517818
61_20220830 22,3397.8094524313565
61_20220830 23,2859.431865843181
61_20220831 00,2340.2681001627116
61_20220831 01,1927.1474248402674
61_20220831 02,1749.614103178515
61_20220831 03,1652.0841268485894
61_20220831 04,1650.5480146531386
61_20220831 05,1773.4518156497356
61_20220831 06,2292.91512095674
61_20220831 07,2856.152232039384
61_20220831 08,2901.9796192905087
61_20220831 09,2732.0279240004174
61_20220831 10,2598.403925853483
61_20220831 11,2586.646255475062
61_20220831 12,2683.244303206106
61_20220831 13,2632.318199990061
61_20220831 14,2528.2794144881677
61_20220831 15,2554.1897835925884
61_20220831 16,2619.49492493764
61_20220831 17,2825.4366446774306
61_20220831 18,3158.7369389088444
61_20220831 19,3508.712229540625
61_20220831 20,3643.216102910403
61_20220831 21,3616.2352086640562
61_20220831 22,3336.987231399943
61_20220831 23,2832.7838894225383
62_20220825 00,902.0421397777343
62_20220825 01,743.7987786920601
62_20220825 02,673.379566463787
62_20220825 03,633.5196469880121
62_20220825 04,617.9288533335869
62_20220825 05,633.2066183918361
62_20220825 06,750.6299753476417
62_20220825 07,926.2660311277151
62_20220825 08,965.4316527666311
62_20220825 09,947.5037049847585
62_20220825 10,933.6531999353681
62_20220825 11,929.5735943561565
62_20220825 12,966.1501616428997
62_20220825 13,931.5132629222464
62_20220825 14,930.2554806717341
62_20220825 15,873.5129061940693
62_20220825 16,937.8061304036681
62_20220825 17,1021.2469266121064
62_20220825 18,1162.296235742866
62_20220825 19,1261.8728014855633
62_20220825 20,1294.988995117739
62_20220825 21,1272.4920640764255
62_20220825 22,1221.9373663088843
62_20220825 23,1041.7274334823644
62_20220826 00,875.6473060416096
62_20220826 01,736.3649511025097
62_20220826 02,666.0423259259421
62_20220826 03,627.453869628572
62_20220826 04,613.0783935709793
62_20220826 05,629.9877361509592
62_20220826 06,745.260999904688
62_20220826 07,923.0585381597626
62_20220826 08,965.3876725976093
62_20220826 09,947.549174627646
62_20220826 10,932.8141602209914
62_20220826 11,955.6879929208784
62_20220826 12,968.0187741613146
62_20220826 13,976.701956834076
62_20220826 14,937.3410216046416
62_20220826 15,1000.0274423475479
62_20220826 16,1004.4575347558298
62_20220826 17,1017.0344559495084
62_20220826 18,1179.8747351846246
62_20220826 19,1240.7642209859757
62_20220826 20,1318.5323463222012
62_20220826 21,1303.851452057483
62_20220826 22,1259.5434638026982
62_20220826 23,1104.8444941138005
62_20220827 00,924.0253923203929
62_20220827 01,783.6269248379574
62_20220827 02,685.6823526323916
62_20220827 03,648.1425105108676
62_20220827 04,623.1364179884889
62_20220827 05,622.3974405496605
62_20220827 06,675.3612990900824
62_20220827 07,791.5627280326106
62_20220827 08,928.3154309879324
62_20220827 09,1001.6987920006335
62_20220827 10,1037.016672459538
62_20220827 11,1053.2710275947863
62_20220827 12,1110.1651523442501
62_20220827 13,1075.2516241639482
62_20220827 14,1039.6087611129185
62_20220827 15,1001.0720353834855
62_20220827 16,989.6904819640592
62_20220827 17,1062.2446756926106
62_20220827 18,1161.3517425920024
62_20220827 19,1228.6455630206165
62_20220827 20,1259.77211672746
62_20220827 21,1251.7738947732946
62_20220827 22,1194.0659815402546
62_20220827 23,1025.5727105509231
62_20220828 00,884.9717485332424
62_20220828 01,758.0509317404923
62_20220828 02,681.1646718490505
62_20220828 03,637.0436705892972
62_20220828 04,623.406047751148
62_20220828 05,629.0962251794599
62_20220828 06,669.3972594667846
62_20220828 07,784.0019652905081
62_20220828 08,911.9116549304987
62_20220828 09,993.4659921674449
62_20220828 10,1044.6193439740225
62_20220828 11,1082.512938117375
62_20220828 12,1145.5175010781827
62_20220828 13,1138.5289433902744
62_20220828 14,1106.2038608960017
62_20220828 15,1078.2588709751267
62_20220828 16,1108.7242619007761
62_20220828 17,1199.2617551947326
62_20220828 18,1285.3041108640045
62_20220828 19,1310.283470638902
62_20220828 20,1324.666526046264
62_20220828 21,1343.3900579820715
62_20220828 22,1263.1029598746838
62_20220828 23,1079.6208433377499
62_20220829 00,879.0615594133026
62_20220829 01,735.758930021079
62_20220829 02,669.519227020074
62_20220829 03,625.1261119278477
62_20220829 04,617.9986079882956
62_20220829 05,629.5695424470924
62_20220829 06,755.7653370230605
62_20220829 07,923.9143649624041
62_20220829 08,949.3401298982188
62_20220829 09,935.6799404782312
62_20220829 10,948.13824084886
62_20220829 11,952.055075606044
62_20220829 12,999.7500164024342
62_20220829 13,983.4088734683634
62_20220829 14,965.8420109682306
62_20220829 15,952.9987030248716
62_20220829 16,982.3549975119777
62_20220829 17,1034.3282861799619
62_20220829 18,1205.0308357136366
62_20220829 19,1290.1693748634675
62_20220829 20,1316.6274312717749
62_20220829 21,1277.8884658758143
62_20220829 22,1229.550748445881
62_20220829 23,1043.956840654928
62_20220830 00,865.9917919297193
62_20220830 01,736.7184095653682
62_20220830 02,668.6300620884277
62_20220830 03,626.1096385152737
62_20220830 04,620.9459381591658
62_20220830 05,635.4112716959862
62_20220830 06,755.255304083415
62_20220830 07,925.0455693335508
62_20220830 08,960.7221476965716
62_20220830 09,938.740344202872
62_20220830 10,938.1132785365592
62_20220830 11,934.8159087623868
62_20220830 12,964.4830838072822
62_20220830 13,978.5336427804463
62_20220830 14,959.2806585099902
62_20220830 15,957.3305492068264
62_20220830 16,994.1975104342561
62_20220830 17,1072.536972886116
62_20220830 18,1234.83607818358
62_20220830 19,1319.609312902092
62_20220830 20,1334.2763639293216
62_20220830 21,1302.676266827944
62_20220830 22,1241.8539270264937
62_20220830 23,1043.7769504869768
62_20220831 00,866.6683354297564
62_20220831 01,732.2298198209054
62_20220831 02,661.3441578850619
62_20220831 03,620.7070139489861
62_20220831 04,605.9223733959644
62_20220831 05,627.5803707041896
62_20220831 06,742.2254940616509
62_20220831 07,914.6767080204354
62_20220831 08,947.9915246323275
62_20220831 09,930.1917856031628
62_20220831 10,905.4524723899692
62_20220831 11,908.6593875138343
62_20220831 12,937.2897244378455
62_20220831 13,926.4069716813171
62_20220831 14,896.1833388748834
62_20220831 15,907.9006726368565
62_20220831 16,930.0438689888199
62_20220831 17,1007.4858719385874
62_20220831 18,1147.7032233075483
62_20220831 19,1260.1144756603285
62_20220831 20,1277.1596833087697
62_20220831 21,1245.3727282920613
62_20220831 22,1193.4819966335137
62_20220831 23,1026.3961542591014
63_20220825 00,579.5929381276923
63_20220825 01,462.1935377431587
63_20220825 02,409.5108564965216
63_20220825 03,386.3100545444868
63_20220825 04,374.6088169739063
63_20220825 05,386.0127006252641
63_20220825 06,486.65321849133625
63_20220825 07,626.5944824595334
63_20220825 08,606.0353605789634
63_20220825 09,563.676002337147
63_20220825 10,564.8411966934
63_20220825 11,584.0521663121889
63_20220825 12,609.7989123053579
63_20220825 13,616.605818388302
63_20220825 14,629.7113965429893
63_20220825 15,620.6054244980398
63_20220825 16,647.3483192519863
63_20220825 17,700.555408556706
63_20220825 18,755.4515078811032
63_20220825 19,790.0440134403827
63_20220825 20,816.9171555692385
63_20220825 21,819.5386687586853
63_20220825 22,774.0349780576202
63_20220825 23,679.1475237071912
63_20220826 00,555.0503431747774
63_20220826 01,459.6593458647726
63_20220826 02,406.44892763483386
63_20220826 03,382.55955938130035
63_20220826 04,379.5545618611059
63_20220826 05,386.4152244053519
63_20220826 06,484.9802945133648
63_20220826 07,624.8543455640383
63_20220826 08,589.2570162475698
63_20220826 09,545.219037653732
63_20220826 10,539.1777252096376
63_20220826 11,564.9614759802649
63_20220826 12,584.9937178309731
63_20220826 13,591.2672571961441
63_20220826 14,599.8077196547259
63_20220826 15,614.6023647976306
63_20220826 16,626.5876616494655
63_20220826 17,704.7604452886901
63_20220826 18,769.3883924329988
63_20220826 19,824.3252279430225
63_20220826 20,825.6606331219481
63_20220826 21,834.0427851644566
63_20220826 22,799.6533563127957
63_20220826 23,721.2116363493026
63_20220827 00,602.5923286276853
63_20220827 01,488.7597719845528
63_20220827 02,427.7053858253837
63_20220827 03,395.1004938100394
63_20220827 04,384.73184784469277
63_20220827 05,390.80824515259
63_20220827 06,432.1596224811141
63_20220827 07,502.90082548076543
63_20220827 08,582.43394403963
63_20220827 09,626.9028201929193
63_20220827 10,639.2009414195612
63_20220827 11,667.6827891938495
63_20220827 12,703.6098836856348
63_20220827 13,707.2740489661693
63_20220827 14,685.4529025803405
63_20220827 15,650.6007694979478
63_20220827 16,647.1117148820867
63_20220827 17,689.1536758144539
63_20220827 18,726.1693936928175
63_20220827 19,765.1780697103605
63_20220827 20,785.6282070637624
63_20220827 21,800.2844683223288
63_20220827 22,758.2920452720584
63_20220827 23,676.3276003554458
63_20220828 00,584.2108510724405
63_20220828 01,489.9110693179859
63_20220828 02,429.89878364940006
63_20220828 03,397.9819504614422
63_20220828 04,390.50920761728554
63_20220828 05,392.23050634942115
63_20220828 06,432.42400804170757
63_20220828 07,490.03948088348676
63_20220828 08,577.3428960889227
63_20220828 09,628.7395837005544
63_20220828 10,656.1877513191015
63_20220828 11,699.4716334425796
63_20220828 12,725.9231769984274
63_20220828 13,723.3491432356801
63_20220828 14,737.4903711313046
63_20220828 15,719.7719025257609
63_20220828 16,721.6473133535594
63_20220828 17,771.8477771922986
63_20220828 18,801.2558341251992
63_20220828 19,827.0441601911583
63_20220828 20,838.4715941110728
63_20220828 21,836.0025964611123
63_20220828 22,777.4520641737103
63_20220828 23,680.6924745251092
63_20220829 00,557.8669005515934
63_20220829 01,437.5439635112852
63_20220829 02,399.41514564438546
63_20220829 03,377.88436735898125
63_20220829 04,375.3981059901432
63_20220829 05,385.44854045791215
63_20220829 06,487.2995163620256
63_20220829 07,622.8450814384516
63_20220829 08,599.6159295146381
63_20220829 09,557.7845735387303
63_20220829 10,542.8246313050553
63_20220829 11,572.0218815432416
63_20220829 12,599.7309031278767
63_20220829 13,603.3102772088594
63_20220829 14,600.3304878502838
63_20220829 15,614.944371888996
63_20220829 16,635.9413462290422
63_20220829 17,708.6303918637768
63_20220829 18,783.0387449816781
63_20220829 19,808.8526385439909
63_20220829 20,813.0923875532083
63_20220829 21,817.892174714833
63_20220829 22,778.2786665363834
63_20220829 23,686.0251598832568
63_20220830 00,562.4481128836675
63_20220830 01,465.01414433565526
63_20220830 02,412.7459174571928
63_20220830 03,389.2671903962958
63_20220830 04,383.5539611429604
63_20220830 05,392.48899106879713
63_20220830 06,486.02438700999085
63_20220830 07,622.3804643338011
63_20220830 08,598.0368363220648
63_20220830 09,555.3554096941963
63_20220830 10,543.3799756813144
63_20220830 11,564.9897448472748
63_20220830 12,586.926783329609
63_20220830 13,598.757276200232
63_20220830 14,604.4569468561605
63_20220830 15,617.2225882606402
63_20220830 16,646.3058748336119
63_20220830 17,714.8793273195165
63_20220830 18,788.5988402952262
63_20220830 19,813.7965408173019
63_20220830 20,835.6991513595033
63_20220830 21,831.5972713344053
63_20220830 22,813.8859758206048
63_20220830 23,707.6919055340007
63_20220831 00,575.3754433770487
63_20220831 01,486.0722548921511
63_20220831 02,421.4504840934527
63_20220831 03,396.76001398627113
63_20220831 04,390.42116829358326
63_20220831 05,395.8427404103149
63_20220831 06,498.72390264384893
63_20220831 07,629.7666205824229
63_20220831 08,599.4096975793744
63_20220831 09,563.0112288245167
63_20220831 10,551.1807663207278
63_20220831 11,568.1338595945149
63_20220831 12,586.7555274985344
63_20220831 13,589.8878326307977
63_20220831 14,588.8802991769359
63_20220831 15,589.3638656881282
63_20220831 16,609.9323882509227
63_20220831 17,691.5535488742736
63_20220831 18,751.99649354869
63_20220831 19,793.2417826104811
63_20220831 20,810.8043884882478
63_20220831 21,816.0268553846895
63_20220831 22,782.578673876604
63_20220831 23,678.5942675720016
64_20220825 00,966.3025275021567
64_20220825 01,841.1838937395733
64_20220825 02,770.1470874507123
64_20220825 03,734.0558215955624
64_20220825 04,730.8369046025184
64_20220825 05,745.8979260700667
64_20220825 06,851.2163875964632
64_20220825 07,980.4706911984588
64_20220825 08,982.9529396668919
64_20220825 09,967.0673674061987
64_20220825 10,949.2801983812977
64_20220825 11,957.6101689193625
64_20220825 12,969.9370949125592
64_20220825 13,912.5261751135413
64_20220825 14,906.5859862575321
64_20220825 15,916.8883111415769
64_20220825 16,977.2408272594892
64_20220825 17,1089.4064623296304
64_20220825 18,1227.2220465706994
64_20220825 19,1331.9123766510447
64_20220825 20,1366.4008754187862
64_20220825 21,1341.2146005120678
64_20220825 22,1260.6499822375836
64_20220825 23,1098.2249921637726
64_20220826 00,942.4505043051108
64_20220826 01,825.7996608351048
64_20220826 02,759.6872195176713
64_20220826 03,729.1064548958494
64_20220826 04,728.202556830798
64_20220826 05,744.2026563878667
64_20220826 06,847.977987984347
64_20220826 07,972.9847681220558
64_20220826 08,985.2231687138159
64_20220826 09,965.7082344428096
64_20220826 10,957.5503242785576
64_20220826 11,970.2471435886443
64_20220826 12,984.571924735001
64_20220826 13,970.413642084169
64_20220826 14,957.4890847770364
64_20220826 15,987.0977493339204
64_20220826 16,1023.2783233905598
64_20220826 17,1110.2579859005125
64_20220826 18,1242.7367057343977
64_20220826 19,1349.863696509954
64_20220826 20,1403.5094616811318
64_20220826 21,1382.2478820605786
64_20220826 22,1298.6602126305065
64_20220826 23,1139.69049972111
64_20220827 00,1001.0184738429235
64_20220827 01,867.0011769051074
64_20220827 02,798.470317766579
64_20220827 03,738.9764472792872
64_20220827 04,726.246298504977
64_20220827 05,735.648304635416
64_20220827 06,801.9104821879259
64_20220827 07,869.6268680455282
64_20220827 08,985.5780760350414
64_20220827 09,1044.1196011764932
64_20220827 10,1067.064330983103
64_20220827 11,1093.4026352715703
64_20220827 12,1115.2210218145442
64_20220827 13,1092.8472591120426
64_20220827 14,1073.4301839496118
64_20220827 15,1072.3616410976854
64_20220827 16,1104.7575935740492
64_20220827 17,1154.800719714722
64_20220827 18,1281.7320684686604
64_20220827 19,1330.8399497714959
64_20220827 20,1379.8074070026278
64_20220827 21,1349.541308102332
64_20220827 22,1270.6860741954945
64_20220827 23,1125.766969408067
64_20220828 00,990.3351006817861
64_20220828 01,877.8931031814501
64_20220828 02,805.3675074046079
64_20220828 03,761.2677225781681
64_20220828 04,741.3938333213073
64_20220828 05,747.3975283484156
64_20220828 06,810.1920331416155
64_20220828 07,886.9245961781992
64_20220828 08,1007.6524221983734
64_20220828 09,1075.3364086044007
64_20220828 10,1098.0652499274065
64_20220828 11,1131.6228037465312
64_20220828 12,1174.1971375931325
64_20220828 13,1172.8244515212032
64_20220828 14,1178.0043290788165
64_20220828 15,1161.4965260437593
64_20220828 16,1211.2000508726992
64_20220828 17,1275.2641426224518
64_20220828 18,1369.0552082981517
64_20220828 19,1416.185030651157
64_20220828 20,1455.2770398856667
64_20220828 21,1427.0936634664347
64_20220828 22,1306.559435780897
64_20220828 23,1144.459900287497
64_20220829 00,954.0405596921883
64_20220829 01,837.7717461883275
64_20220829 02,775.3887796441135
64_20220829 03,740.2333313488845
64_20220829 04,736.0935287992273
64_20220829 05,753.124023630085
64_20220829 06,861.4234464174413
64_20220829 07,976.13028768362
64_20220829 08,988.3427009292782
64_20220829 09,992.8494001376769
64_20220829 10,983.4440459989902
64_20220829 11,985.0981021490861
64_20220829 12,1018.7892759330223
64_20220829 13,1004.4299312924271
64_20220829 14,987.3653260467456
64_20220829 15,995.3272112529323
64_20220829 16,1020.3196107334347
64_20220829 17,1129.603534828045
64_20220829 18,1277.048845676219
64_20220829 19,1379.0574996371547
64_20220829 20,1412.4209242919706
64_20220829 21,1381.8633780460614
64_20220829 22,1272.1462579766726
64_20220829 23,1087.424422461087
64_20220830 00,921.4830715399008
64_20220830 01,821.5756679492195
64_20220830 02,768.8073527413269
64_20220830 03,737.1926926752486
64_20220830 04,738.2213358354287
64_20220830 05,752.5138799084215
64_20220830 06,855.2725650678973
64_20220830 07,970.3674421303167
64_20220830 08,975.0932254187078
64_20220830 09,957.4064840060182
64_20220830 10,947.2970685817838
64_20220830 11,952.9644976489379
64_20220830 12,974.3050514962607
64_20220830 13,963.7467972018276
64_20220830 14,958.3375955003178
64_20220830 15,968.9893225293922
64_20220830 16,1017.0090186436576
64_20220830 17,1131.0845608089164
64_20220830 18,1277.7463828720456
64_20220830 19,1387.8011797201423
64_20220830 20,1408.5903311753984
64_20220830 21,1370.5429674103489
64_20220830 22,1273.2864018148239
64_20220830 23,1096.11878271134
64_20220831 00,937.2260297374982
64_20220831 01,827.1994922255163
64_20220831 02,763.804822962113
64_20220831 03,733.0678443279429
64_20220831 04,730.9692518385907
64_20220831 05,745.0095291299853
64_20220831 06,846.7241655323743
64_20220831 07,968.8870925937306
64_20220831 08,974.2869407610206
64_20220831 09,955.2960958349942
64_20220831 10,940.069184446552
64_20220831 11,942.4499851664597
64_20220831 12,949.2683372854362
64_20220831 13,936.8288026051288
64_20220831 14,927.2921466725909
64_20220831 15,945.0630105006544
64_20220831 16,969.3132267994938
64_20220831 17,1069.8513727645507
64_20220831 18,1214.6215084661835
64_20220831 19,1341.2013481784836
64_20220831 20,1391.1972888157127
64_20220831 21,1358.0590961965736
64_20220831 22,1264.5133795989213
64_20220831 23,1100.913298103972
65_20220825 00,435.32403385950516
65_20220825 01,367.1241905623174
65_20220825 02,317.8443590871261
65_20220825 03,311.9149634284685
65_20220825 04,313.7319959560826
65_20220825 05,319.9927215276256
65_20220825 06,453.0232325077431
65_20220825 07,618.2347626867522
65_20220825 08,617.2521388068964
65_20220825 09,566.0015251964694
65_20220825 10,489.0882068479484
65_20220825 11,473.1410878303879
65_20220825 12,480.77005523554215
65_20220825 13,489.34080907783056
65_20220825 14,481.1065150570471
65_20220825 15,493.586572011074
65_20220825 16,587.2627437628345
65_20220825 17,700.0027321922472
65_20220825 18,767.232436014942
65_20220825 19,776.9468166093557
65_20220825 20,757.2504856208809
65_20220825 21,714.9858208325509
65_20220825 22,662.8115196595193
65_20220825 23,547.1165172912827
65_20220826 00,415.38482890516053
65_20220826 01,352.8162091459004
65_20220826 02,307.12158736533735
65_20220826 03,302.1125506095927
65_20220826 04,302.3743722712216
65_20220826 05,309.08444985112885
65_20220826 06,423.8459915145408
65_20220826 07,588.4327310603052
65_20220826 08,587.5223583820509
65_20220826 09,536.2193329341007
65_20220826 10,475.47325297608523
65_20220826 11,435.2888505459041
65_20220826 12,454.7966642314036
65_20220826 13,464.40651592399746
65_20220826 14,449.56307270652604
65_20220826 15,466.44829544143005
65_20220826 16,553.5742433455888
65_20220826 17,675.5266064858533
65_20220826 18,787.1097599374607
65_20220826 19,801.9549482702868
65_20220826 20,773.4603436779408
65_20220826 21,740.9518399902593
65_20220826 22,673.0021434209149
65_20220826 23,573.5304887433101
65_20220827 00,458.96135453486204
65_20220827 01,384.01195721080484
65_20220827 02,351.1401314309669
65_20220827 03,307.31321173062753
65_20220827 04,306.7925899501981
65_20220827 05,313.2352841420695
65_20220827 06,408.5922834296364
65_20220827 07,574.3782885451081
65_20220827 08,599.7802377201126
65_20220827 09,608.889240000032
65_20220827 10,585.0982357378024
65_20220827 11,540.2072617439161
65_20220827 12,564.2816302910171
65_20220827 13,531.2524969772696
65_20220827 14,539.4388011636887
65_20220827 15,523.0281100720547
65_20220827 16,572.2478874314957
65_20220827 17,653.2332332757493
65_20220827 18,664.8780769379928
65_20220827 19,699.626414863882
65_20220827 20,688.5527207422814
65_20220827 21,679.9774467933626
65_20220827 22,618.2590023706423
65_20220827 23,537.645000481374
65_20220828 00,439.989467163691
65_20220828 01,371.76016062106635
65_20220828 02,332.4864572132294
65_20220828 03,306.2740718547007
65_20220828 04,306.07044324243486
65_20220828 05,312.11439404894475
65_20220828 06,396.13354724057245
65_20220828 07,552.7524647275903
65_20220828 08,584.966355564455
65_20220828 09,589.6340605632677
65_20220828 10,560.7683565952954
65_20220828 11,516.359512929935
65_20220828 12,550.1383337785527
65_20220828 13,557.8365983167822
65_20220828 14,571.4231617531946
65_20220828 15,569.4581899866035
65_20220828 16,637.8125652790599
65_20220828 17,696.4471385130648
65_20220828 18,732.5635065872931
65_20220828 19,730.4127764606324
65_20220828 20,714.6602087280216
65_20220828 21,707.5453779438657
65_20220828 22,636.3259901359412
65_20220828 23,542.5899813755689
65_20220829 00,455.53178901679297
65_20220829 01,401.64301202394427
65_20220829 02,346.5984025059519
65_20220829 03,318.7951137433196
65_20220829 04,314.14361413716335
65_20220829 05,323.5996709208144
65_20220829 06,429.3152739599938
65_20220829 07,593.9494633739386
65_20220829 08,586.7414724414272
65_20220829 09,552.0246482729698
65_20220829 10,517.7322755858214
65_20220829 11,495.7284804245487
65_20220829 12,478.8664187373887
65_20220829 13,480.4549499282422
65_20220829 14,468.52477185993286
65_20220829 15,480.4112922267449
65_20220829 16,571.5082033447177
65_20220829 17,700.1948278102407
65_20220829 18,795.9524292822513
65_20220829 19,798.651981957271
65_20220829 20,766.2191165606379
65_20220829 21,732.687337597386
65_20220829 22,655.7184239105852
65_20220829 23,554.49781861428
65_20220830 00,444.4233839406213
65_20220830 01,374.1065817799327
65_20220830 02,329.4765333136546
65_20220830 03,312.28448380143726
65_20220830 04,312.2598039045299
65_20220830 05,318.69391402984314
65_20220830 06,450.7187145498015
65_20220830 07,613.4880013351454
65_20220830 08,608.7930742408917
65_20220830 09,574.884430412825
65_20220830 10,533.0713149761142
65_20220830 11,507.42280625278704
65_20220830 12,528.2989540785132
65_20220830 13,509.4805504763938
65_20220830 14,514.944166468833
65_20220830 15,549.9698865084737
65_20220830 16,671.2259176736237
65_20220830 17,818.8636402025754
65_20220830 18,968.5100435573335
65_20220830 19,942.5883337526416
65_20220830 20,870.0295218561204
65_20220830 21,819.7822154035598
65_20220830 22,716.0376663711759
65_20220830 23,609.0164680843582
65_20220831 00,468.60362675039306
65_20220831 01,381.92064297741416
65_20220831 02,332.7064303369075
65_20220831 03,328.44775150624315
65_20220831 04,319.53227422802144
65_20220831 05,321.62575079643733
65_20220831 06,437.5972656904895
65_20220831 07,615.6832918130139
65_20220831 08,606.0571526441468
65_20220831 09,567.0053491473719
65_20220831 10,506.1510403343108
65_20220831 11,452.7329295872465
65_20220831 12,444.2956064371596
65_20220831 13,427.9701075367977
65_20220831 14,431.9379473192137
65_20220831 15,447.5816517441696
65_20220831 16,541.6031232590065
65_20220831 17,681.7509416667219
65_20220831 18,753.3126536604342
65_20220831 19,746.2802111913711
65_20220831 20,738.545667536387
65_20220831 21,711.8947657967631
65_20220831 22,642.7828949690852
65_20220831 23,547.573217684939
66_20220825 00,356.01429448609053
66_20220825 01,312.02574020871316
66_20220825 02,299.0395038643569
66_20220825 03,296.7793297565136
66_20220825 04,296.21779971638404
66_20220825 05,303.606791237104
66_20220825 06,333.04178219237997
66_20220825 07,358.6698999064356
66_20220825 08,345.2395543559591
66_20220825 09,355.6389143257396
66_20220825 10,341.16199408430697
66_20220825 11,339.33453318959374
66_20220825 12,356.225528948149
66_20220825 13,349.70653682399063
66_20220825 14,343.97653579184725
66_20220825 15,340.1596685720108
66_20220825 16,330.8921654263395
66_20220825 17,359.6418682102737
66_20220825 18,388.6559323813206
66_20220825 19,407.9220032047587
66_20220825 20,423.8066391486111
66_20220825 21,394.1803625049372
66_20220825 22,364.0148021351867
66_20220825 23,333.57796585007975
66_20220826 00,333.71320627743034
66_20220826 01,305.173373787983
66_20220826 02,293.8635570153288
66_20220826 03,292.19124519883314
66_20220826 04,293.8023572628888
66_20220826 05,301.64861353871146
66_20220826 06,331.90389592475185
66_20220826 07,352.5401051875345
66_20220826 08,338.973608204124
66_20220826 09,338.91778315193244
66_20220826 10,323.14141999560485
66_20220826 11,323.4623731960384
66_20220826 12,337.61315058037144
66_20220826 13,329.5354103308208
66_20220826 14,328.9318420725568
66_20220826 15,345.36632544991704
66_20220826 16,351.85993146019086
66_20220826 17,357.4862619194967
66_20220826 18,386.43914082397265
66_20220826 19,403.7050986894432
66_20220826 20,427.9795431981924
66_20220826 21,398.43813896439065
66_20220826 22,376.9622179481743
66_20220826 23,349.335543257165
66_20220827 00,345.01972625834367
66_20220827 01,310.6458471894883
66_20220827 02,301.51917745805923
66_20220827 03,295.27500741696673
66_20220827 04,296.97877920884133
66_20220827 05,300.87756373716604
66_20220827 06,317.92186742615684
66_20220827 07,345.3735760657593
66_20220827 08,356.4306042678603
66_20220827 09,372.53990806094896
66_20220827 10,352.56736786851445
66_20220827 11,354.3879487328642
66_20220827 12,345.94378557676987
66_20220827 13,338.5220590151263
66_20220827 14,338.98108428246684
66_20220827 15,360.36032350905026
66_20220827 16,342.80389732470366
66_20220827 17,359.86218545173625
66_20220827 18,380.39148527049645
66_20220827 19,393.9889737886127
66_20220827 20,417.95810764105545
66_20220827 21,395.3231629406218
66_20220827 22,371.7338262703935
66_20220827 23,346.7018514691674
66_20220828 00,343.274145080028
66_20220828 01,312.24283185567737
66_20220828 02,302.0015752615994
66_20220828 03,300.2735713632004
66_20220828 04,300.4860953260617
66_20220828 05,304.56882688641707
66_20220828 06,320.96811913556195
66_20220828 07,350.6387499021401
66_20220828 08,366.5828620303615
66_20220828 09,388.0934066551363
66_20220828 10,356.79600156163207
66_20220828 11,351.4727348824374
66_20220828 12,367.7440481925435
66_20220828 13,363.8265264294281
66_20220828 14,367.5566928060551
66_20220828 15,379.9980370962216
66_20220828 16,379.26632208490116
66_20220828 17,383.6364479342331
66_20220828 18,402.81210348510183
66_20220828 19,410.21873182484217
66_20220828 20,432.5199445612057
66_20220828 21,402.74859344526
66_20220828 22,383.70739299144185
66_20220828 23,351.80698532428306
66_20220829 00,346.2927700699616
66_20220829 01,310.4162250093038
66_20220829 02,300.19097298882815
66_20220829 03,299.3076203400145
66_20220829 04,298.7462716590727
66_20220829 05,307.9928583645401
66_20220829 06,336.94039025374565
66_20220829 07,355.15005129169475
66_20220829 08,348.9257876767538
66_20220829 09,352.4434716831255
66_20220829 10,336.38464147587246
66_20220829 11,341.92577551231227
66_20220829 12,355.0435054250585
66_20220829 13,339.7044502747695
66_20220829 14,335.4932221673367
66_20220829 15,355.79931266375144
66_20220829 16,360.05398337764547
66_20220829 17,370.85936634600546
66_20220829 18,401.3497149316638
66_20220829 19,428.2507506464831
66_20220829 20,443.4495218884978
66_20220829 21,405.64703191546766
66_20220829 22,379.1356874285477
66_20220829 23,352.8344422821982
66_20220830 00,339.45053169295375
66_20220830 01,309.8514621169203
66_20220830 02,300.0280857848114
66_20220830 03,297.3049259862024
66_20220830 04,296.87754828805447
66_20220830 05,304.7263472239492
66_20220830 06,335.1008396830962
66_20220830 07,353.3004176866497
66_20220830 08,350.38041368400087
66_20220830 09,351.577908209655
66_20220830 10,337.76946348932023
66_20220830 11,341.4802294205879
66_20220830 12,346.28647069077795
66_20220830 13,343.372399999301
66_20220830 14,340.2336093783154
66_20220830 15,359.4256147807767
66_20220830 16,365.76818541847405
66_20220830 17,391.2286899331509
66_20220830 18,415.2552720206648
66_20220830 19,442.01339739297515
66_20220830 20,450.0233119416429
66_20220830 21,409.4285792590064
66_20220830 22,390.45572731380486
66_20220830 23,362.16009579330415
66_20220831 00,347.2291656123722
66_20220831 01,310.872331637226
66_20220831 02,298.8293272758286
66_20220831 03,295.54657799902253
66_20220831 04,296.39691516478416
66_20220831 05,303.9273750468072
66_20220831 06,329.8367016323217
66_20220831 07,352.2065306019926
66_20220831 08,340.91368216039257
66_20220831 09,348.2828023350698
66_20220831 10,335.45010937253267
66_20220831 11,334.8429390707817
66_20220831 12,342.38407387754614
66_20220831 13,332.7338504003457
66_20220831 14,324.2296351348343
66_20220831 15,339.62997890628367
66_20220831 16,339.2011967098902
66_20220831 17,358.4540133440118
66_20220831 18,388.3314851948567
66_20220831 19,407.0939602066371
66_20220831 20,430.6620732951787
66_20220831 21,396.4141348930118
66_20220831 22,363.84364026148836
66_20220831 23,341.92546011256314
67_20220825 00,992.3886960717457
67_20220825 01,859.3261853482093
67_20220825 02,805.0109808930404
67_20220825 03,780.263261472443
67_20220825 04,790.6728917830046
67_20220825 05,804.6592150523163
67_20220825 06,926.861513190317
67_20220825 07,1066.819626750131
67_20220825 08,1075.0931580287345
67_20220825 09,1044.7290672382599
67_20220825 10,1044.8955763290176
67_20220825 11,1040.1017493916397
67_20220825 12,1058.2383876011302
67_20220825 13,1047.7035676059984
67_20220825 14,1053.7823117136365
67_20220825 15,1059.388594395041
67_20220825 16,1111.6103043724802
67_20220825 17,1257.1229589953084
67_20220825 18,1397.7723197631508
67_20220825 19,1517.9706681469816
67_20220825 20,1582.529649845854
67_20220825 21,1550.605223861788
67_20220825 22,1398.015299935918
67_20220825 23,1224.056347071444
67_20220826 00,1013.7905811304591
67_20220826 01,889.5533594549923
67_20220826 02,824.9877393800311
67_20220826 03,799.762284785436
67_20220826 04,813.1735226679699
67_20220826 05,833.8845102785937
67_20220826 06,941.0571648696988
67_20220826 07,1047.8103142069203
67_20220826 08,1035.349209540188
67_20220826 09,1013.376791751328
67_20220826 10,1012.0500266580433
67_20220826 11,1029.8770271883704
67_20220826 12,1060.5261583741344
67_20220826 13,1043.4613763877894
67_20220826 14,1032.8378442132055
67_20220826 15,1024.8400416345028
67_20220826 16,1079.1722323304634
67_20220826 17,1192.6415000652219
67_20220826 18,1321.3131249884332
67_20220826 19,1490.8117581170163
67_20220826 20,1524.9671301468516
67_20220826 21,1512.8960024142318
67_20220826 22,1423.806073899393
67_20220826 23,1258.8349579572064
67_20220827 00,1044.7808859703418
67_20220827 01,926.1156976707846
67_20220827 02,841.97238878785
67_20220827 03,808.6036100003851
67_20220827 04,817.129293060825
67_20220827 05,808.1306595818501
67_20220827 06,854.8495592203204
67_20220827 07,977.1351641109063
67_20220827 08,1074.0205984847057
67_20220827 09,1157.8322073834024
67_20220827 10,1207.9289484650255
67_20220827 11,1202.183448861518
67_20220827 12,1190.354452497033
67_20220827 13,1188.9382307130513
67_20220827 14,1189.6957641926422
67_20220827 15,1208.6052984990374
67_20220827 16,1180.5737770680983
67_20220827 17,1248.7798618291151
67_20220827 18,1354.3310837781924
67_20220827 19,1421.726682969048
67_20220827 20,1465.9729255748778
67_20220827 21,1421.6962197433882
67_20220827 22,1336.186285913971
67_20220827 23,1195.2400544195084
67_20220828 00,1028.1711578120385
67_20220828 01,905.6893428346187
67_20220828 02,826.1712778654828
67_20220828 03,791.007662917393
67_20220828 04,799.9638859300542
67_20220828 05,799.1330515706816
67_20220828 06,836.380596045054
67_20220828 07,943.8934291377751
67_20220828 08,1044.0013592703142
67_20220828 09,1128.9335735723848
67_20220828 10,1174.3713727394415
67_20220828 11,1208.807518874925
67_20220828 12,1218.1647993629033
67_20220828 13,1194.6064261520285
67_20220828 14,1169.6729000999128
67_20220828 15,1144.9673931123377
67_20220828 16,1187.9037086499745
67_20220828 17,1269.0392876764079
67_20220828 18,1365.9424337606856
67_20220828 19,1443.6340111007564
67_20220828 20,1467.2235443016964
67_20220828 21,1449.4085751840882
67_20220828 22,1342.3896035380276
67_20220828 23,1182.307035966704
67_20220829 00,980.162212006158
67_20220829 01,861.8133491272832
67_20220829 02,796.4279551099683
67_20220829 03,777.9047108830679
67_20220829 04,789.3037888060518
67_20220829 05,810.5510784247812
67_20220829 06,922.0380326380593
67_20220829 07,1046.3104813122557
67_20220829 08,1047.8131784885898
67_20220829 09,1030.567740324094
67_20220829 10,1030.1615685952934
67_20220829 11,1056.7252906837844
67_20220829 12,1065.4433771450833
67_20220829 13,1091.1369727825406
67_20220829 14,1063.4221632807078
67_20220829 15,1050.1810731774613
67_20220829 16,1102.9231492459135
67_20220829 17,1243.8880887990583
67_20220829 18,1412.8827354174616
67_20220829 19,1528.8693302856914
67_20220829 20,1560.3084100511808
67_20220829 21,1518.5544067577382
67_20220829 22,1401.3126163925708
67_20220829 23,1212.8126735246658
67_20220830 00,1004.1120011070346
67_20220830 01,892.0786117829962
67_20220830 02,818.0644793262157
67_20220830 03,794.9168887717832
67_20220830 04,804.888692142938
67_20220830 05,816.6995412260084
67_20220830 06,933.1974526196143
67_20220830 07,1065.378009443221
67_20220830 08,1074.6660268820385
67_20220830 09,1067.890504116805
67_20220830 10,1061.005926270023
67_20220830 11,1067.251445780162
67_20220830 12,1061.0048197464168
67_20220830 13,1042.4670425585343
67_20220830 14,1014.5986639935844
67_20220830 15,1041.0726763440957
67_20220830 16,1087.3115389229276
67_20220830 17,1370.9235009565782
67_20220830 18,1604.27292659981
67_20220830 19,1671.9000022979021
67_20220830 20,1703.6174151253056
67_20220830 21,1654.809173704333
67_20220830 22,1513.6825456669656
67_20220830 23,1308.6699386714183
67_20220831 00,1060.5099361573352
67_20220831 01,926.159224820169
67_20220831 02,847.4230551037252
67_20220831 03,826.4231876764259
67_20220831 04,841.044229997049
67_20220831 05,859.0034788600153
67_20220831 06,984.0418476736373
67_20220831 07,1121.1885947935466
67_20220831 08,1166.7755073671694
67_20220831 09,1126.1776224429216
67_20220831 10,1090.5905001785775
67_20220831 11,1097.9791715283113
67_20220831 12,1127.747244514099
67_20220831 13,1086.9835874169216
67_20220831 14,1052.4320861899203
67_20220831 15,997.0553633335666
67_20220831 16,1034.2245774438359
67_20220831 17,1204.0282519347575
67_20220831 18,1319.798256145483
67_20220831 19,1439.5732408539275
67_20220831 20,1463.9256527155214
67_20220831 21,1414.6344643032671
67_20220831 22,1311.0713554655524
67_20220831 23,1140.096521847611
68_20220825 00,1709.4406351197922
68_20220825 01,1409.477956790191
68_20220825 02,1272.891334450356
68_20220825 03,1195.426605683691
68_20220825 04,1157.4145581241646
68_20220825 05,1200.9466253668181
68_20220825 06,1447.0105157638168
68_20220825 07,1751.4903825547938
68_20220825 08,1781.6364652338805
68_20220825 09,1654.8547095372494
68_20220825 10,1625.8091039467959
68_20220825 11,1619.6124132251803
68_20220825 12,1636.8361651022128
68_20220825 13,1615.620465407532
68_20220825 14,1632.0748366538828
68_20220825 15,1615.8334261292264
68_20220825 16,1671.732699142997
68_20220825 17,1870.976974567215
68_20220825 18,2101.9748211828005
68_20220825 19,2308.9367237345427
68_20220825 20,2386.3388557774238
68_20220825 21,2347.5719232450215
68_20220825 22,2235.7015725933084
68_20220825 23,1972.8638090656898
68_20220826 00,1596.3712605041842
68_20220826 01,1382.5749229771457
68_20220826 02,1262.317969630989
68_20220826 03,1173.0677594980255
68_20220826 04,1144.1923899790543
68_20220826 05,1182.6765897534508
68_20220826 06,1433.585060268291
68_20220826 07,1712.2462116362087
68_20220826 08,1761.3237685306253
68_20220826 09,1640.265169130889
68_20220826 10,1611.6722298139637
68_20220826 11,1617.2916211811587
68_20220826 12,1607.8154426348972
68_20220826 13,1600.6968207673897
68_20220826 14,1635.677031949631
68_20220826 15,1702.1055035925826
68_20220826 16,1732.6262934027457
68_20220826 17,1879.7825652155616
68_20220826 18,2122.589778987809
68_20220826 19,2288.134155641924
68_20220826 20,2405.3912344882024
68_20220826 21,2369.82565892997
68_20220826 22,2306.602456762253
68_20220826 23,2058.3210040039016
68_20220827 00,1728.1890884472705
68_20220827 01,1485.2586057203519
68_20220827 02,1292.8893680420142
68_20220827 03,1208.5437000658862
68_20220827 04,1160.6443737642921
68_20220827 05,1170.920290671565
68_20220827 06,1272.6725704048206
68_20220827 07,1451.1937204172953
68_20220827 08,1668.4974607703916
68_20220827 09,1815.7143842075095
68_20220827 10,1877.7319792920048
68_20220827 11,1928.933761686391
68_20220827 12,1975.7470152863064
68_20220827 13,1936.2216043189615
68_20220827 14,1881.561817848389
68_20220827 15,1861.6716431026975
68_20220827 16,1864.8711450460046
68_20220827 17,1943.205831630888
68_20220827 18,2140.3342974423845
68_20220827 19,2261.339652115355
68_20220827 20,2322.7016055575373
68_20220827 21,2300.26338930217
68_20220827 22,2196.5371142065983
68_20220827 23,1950.8623262884396
68_20220828 00,1679.583467238165
68_20220828 01,1448.6710826492485
68_20220828 02,1272.174703076125
68_20220828 03,1175.1944084229096
68_20220828 04,1147.1541298753898
68_20220828 05,1166.021979711901
68_20220828 06,1256.1670983496776
68_20220828 07,1443.513082302729
68_20220828 08,1648.1126669859095
68_20220828 09,1824.4236938225579
68_20220828 10,1922.4943575666382
68_20220828 11,1947.8064362727362
68_20220828 12,2044.9980202016268
68_20220828 13,2073.9299639151154
68_20220828 14,2014.4481126558599
68_20220828 15,2006.7964832272432
68_20220828 16,2070.050862954135
68_20220828 17,2215.297542910169
68_20220828 18,2412.658231568981
68_20220828 19,2479.0239899746534
68_20220828 20,2472.3803069925066
68_20220828 21,2445.9444386667246
68_20220828 22,2287.697799787487
68_20220828 23,1994.1945568187243
68_20220829 00,1638.7622943301794
68_20220829 01,1386.6264996561504
68_20220829 02,1258.0623142677734
68_20220829 03,1177.440589038991
68_20220829 04,1136.2438036926399
68_20220829 05,1184.6926275984242
68_20220829 06,1438.306635572534
68_20220829 07,1700.167107452725
68_20220829 08,1744.4955548426867
68_20220829 09,1657.8743965933122
68_20220829 10,1646.15372809159
68_20220829 11,1658.8236279456446
68_20220829 12,1678.6966171055926
68_20220829 13,1670.3425016258886
68_20220829 14,1661.0595736687853
68_20220829 15,1700.1156673403675
68_20220829 16,1734.734779190445
68_20220829 17,1907.9786677064099
68_20220829 18,2179.5624310583166
68_20220829 19,2377.994428404245
68_20220829 20,2440.772002353003
68_20220829 21,2387.280078885403
68_20220829 22,2264.7312666035878
68_20220829 23,1971.448358110718
68_20220830 00,1622.666732771194
68_20220830 01,1369.8871364123374
68_20220830 02,1252.4850593826538
68_20220830 03,1175.2158234096037
68_20220830 04,1150.463692298832
68_20220830 05,1197.8732215116534
68_20220830 06,1441.9587413996744
68_20220830 07,1741.126180685834
68_20220830 08,1759.188715627685
68_20220830 09,1628.3370444108723
68_20220830 10,1621.1281371209607
68_20220830 11,1616.0888310935131
68_20220830 12,1649.0063776546078
68_20220830 13,1653.2619652577025
68_20220830 14,1654.4770031218657
68_20220830 15,1697.93753019281
68_20220830 16,1760.555066813268
68_20220830 17,1947.1256671612389
68_20220830 18,2205.387532767804
68_20220830 19,2404.291141997748
68_20220830 20,2457.389588158511
68_20220830 21,2417.3620186913954
68_20220830 22,2273.015110867663
68_20220830 23,1980.8832369970216
68_20220831 00,1590.7103970357825
68_20220831 01,1386.7492851986385
68_20220831 02,1258.0018630069687
68_20220831 03,1177.9815901867619
68_20220831 04,1147.514716929264
68_20220831 05,1191.9549430069965
68_20220831 06,1437.5968997457048
68_20220831 07,1722.5300464874683
68_20220831 08,1755.4140112868367
68_20220831 09,1632.55570775965
68_20220831 10,1589.3603070821616
68_20220831 11,1594.7686599034266
68_20220831 12,1598.8446068061478
68_20220831 13,1603.513065953188
68_20220831 14,1607.7023512732253
68_20220831 15,1643.113897188791
68_20220831 16,1662.5266522512832
68_20220831 17,1887.8481345788216
68_20220831 18,2106.8424724745687
68_20220831 19,2324.223151716634
68_20220831 20,2398.66889550341
68_20220831 21,2354.1562391256484
68_20220831 22,2223.1173625755064
68_20220831 23,1959.254707003049
69_20220825 00,3517.1935455373928
69_20220825 01,3487.0143623495924
69_20220825 02,3454.628703698573
69_20220825 03,3430.346150739226
69_20220825 04,3420.442703176601
69_20220825 05,3489.5337825748366
69_20220825 06,4302.691053060809
69_20220825 07,4997.47725633398
69_20220825 08,5270.427016107108
69_20220825 09,5582.7996912967965
69_20220825 10,5836.379263833102
69_20220825 11,5834.927327564377
69_20220825 12,5840.783799464386
69_20220825 13,5950.140787722917
69_20220825 14,5822.456987042471
69_20220825 15,5754.750815511612
69_20220825 16,5738.983707785253
69_20220825 17,5273.444764691483
69_20220825 18,4321.944962697897
69_20220825 19,3963.657720960627
69_20220825 20,3803.7634538714997
69_20220825 21,3692.749105158832
69_20220825 22,3598.181018022325
69_20220825 23,3558.452335393422
69_20220826 00,3467.453494724139
69_20220826 01,3445.574453991379
69_20220826 02,3415.3527054847436
69_20220826 03,3395.891390506361
69_20220826 04,3463.672499108759
69_20220826 05,3539.8220037526153
69_20220826 06,4231.60307513429
69_20220826 07,4812.193693384563
69_20220826 08,5049.557500512112
69_20220826 09,5367.502915912419
69_20220826 10,5639.12742736701
69_20220826 11,5720.624553341688
69_20220826 12,5681.085298225082
69_20220826 13,6067.305904404378
69_20220826 14,5842.946014213518
69_20220826 15,6142.736474483611
69_20220826 16,6041.4058302635995
69_20220826 17,5359.502958363867
69_20220826 18,4398.879495150303
69_20220826 19,3992.0853857453185
69_20220826 20,3833.5205403559657
69_20220826 21,3669.109237540669
69_20220826 22,3627.0208801952567
69_20220826 23,3555.2244237308023
69_20220827 00,3424.7238045981558
69_20220827 01,3405.0705519348885
69_20220827 02,3375.9334458260964
69_20220827 03,3380.6796522619597
69_20220827 04,3350.121882234312
69_20220827 05,3345.799134043362
69_20220827 06,3342.19842642094
69_20220827 07,3353.9974636703423
69_20220827 08,3336.7686615226244
69_20220827 09,3327.4872699059542
69_20220827 10,3381.203240369351
69_20220827 11,3395.432538187317
69_20220827 12,3456.6895987735315
69_20220827 13,3495.549609359732
69_20220827 14,3531.0004532768407
69_20220827 15,3557.6385417862666
69_20220827 16,3548.934593287254
69_20220827 17,3538.3584461603336
69_20220827 18,3545.6910177819527
69_20220827 19,3457.7703313802203
69_20220827 20,3438.570962325758
69_20220827 21,3419.545361734342
69_20220827 22,3377.758003747615
69_20220827 23,3349.1115069896223
69_20220828 00,3322.096922534905
69_20220828 01,3305.314265157563
69_20220828 02,3311.66406593563
69_20220828 03,3293.010809301033
69_20220828 04,3293.9124702687504
69_20220828 05,3325.0708535052568
69_20220828 06,3315.851691820567
69_20220828 07,3323.9715304034025
69_20220828 08,3324.4002416491267
69_20220828 09,3313.6470303159604
69_20220828 10,3380.749360157481
69_20220828 11,3407.27308567196
69_20220828 12,3476.860586273824
69_20220828 13,3524.3173472361514
69_20220828 14,3557.8544926024415
69_20220828 15,3596.269713843058
69_20220828 16,3664.6465153208956
69_20220828 17,3641.479599534534
69_20220828 18,3592.6021524542175
69_20220828 19,3529.068477525456
69_20220828 20,3481.1471937801734
69_20220828 21,3443.208905916855
69_20220828 22,3413.1683650062596
69_20220828 23,3396.0868354037916
69_20220829 00,3394.943188157587
69_20220829 01,3363.448230175526
69_20220829 02,3357.7284214949414
69_20220829 03,3337.129604020712
69_20220829 04,3329.0407472112893
69_20220829 05,3440.53656800769
69_20220829 06,4195.234737199565
69_20220829 07,4742.664434166714
69_20220829 08,4934.21391937787
69_20220829 09,5311.876027677554
69_20220829 10,5560.920262919219
69_20220829 11,5566.617766313106
69_20220829 12,5528.169546814771
69_20220829 13,5572.5194019723685
69_20220829 14,5475.490173555357
69_20220829 15,5558.094390529137
69_20220829 16,5491.745609475114
69_20220829 17,5040.690226475849
69_20220829 18,4152.888580267102
69_20220829 19,3877.109203848725
69_20220829 20,3782.0980873442522
69_20220829 21,3652.291029514092
69_20220829 22,3610.791492040087
69_20220829 23,3523.166444090576
69_20220830 00,3426.116640845291
69_20220830 01,3397.026372822804
69_20220830 02,3391.085222978699
69_20220830 03,3394.691894876317
69_20220830 04,3452.941627759626
69_20220830 05,3494.808203541358
69_20220830 06,4180.6025033611895
69_20220830 07,4781.190136914901
69_20220830 08,5043.724302911493
69_20220830 09,5427.2249225810765
69_20220830 10,5676.896927324983
69_20220830 11,5664.84458158828
69_20220830 12,5654.147880064115
69_20220830 13,5736.173378081498
69_20220830 14,5594.944581138116
69_20220830 15,5702.22546270518
69_20220830 16,5669.880927851842
69_20220830 17,5188.621998258212
69_20220830 18,4149.241929357551
69_20220830 19,3928.937556211671
69_20220830 20,3797.317937328017
69_20220830 21,3660.822431231059
69_20220830 22,3587.118473669063
69_20220830 23,3530.579637440487
69_20220831 00,3453.59962330931
69_20220831 01,3424.981433194688
69_20220831 02,3385.3101805247516
69_20220831 03,3372.6222363804955
69_20220831 04,3370.0331773971666
69_20220831 05,3413.2388731972706
69_20220831 06,4105.496805630939
69_20220831 07,4607.8568532197105
69_20220831 08,4894.271499731135
69_20220831 09,5259.892635507167
69_20220831 10,5496.836892749434
69_20220831 11,5517.814733863857
69_20220831 12,5512.27624123825
69_20220831 13,5548.348957576331
69_20220831 14,5424.978348313776
69_20220831 15,5522.535734591126
69_20220831 16,5350.391601678083
69_20220831 17,5131.793962535351
69_20220831 18,4222.933258945669
69_20220831 19,3909.4136297907494
69_20220831 20,3794.1546246354183
69_20220831 21,3644.6807573292945
69_20220831 22,3547.495703108615
69_20220831 23,3503.974325966228
70_20220825 00,3336.7426417779043
70_20220825 01,3301.847228979107
70_20220825 02,3256.228829127499
70_20220825 03,3172.0558274562936
70_20220825 04,3139.840424581821
70_20220825 05,3177.7827734661782
70_20220825 06,4028.320739017113
70_20220825 07,5236.109867533745
70_20220825 08,6055.272007503434
70_20220825 09,6367.072024816073
70_20220825 10,6419.038221215628
70_20220825 11,6423.811445866192
70_20220825 12,6451.811843844019
70_20220825 13,6428.054897726503
70_20220825 14,6491.065023738795
70_20220825 15,6434.97970964038
70_20220825 16,6418.264568220839
70_20220825 17,6187.854972016053
70_20220825 18,4837.776338014075
70_20220825 19,4059.082266756748
70_20220825 20,3704.0253781053098
70_20220825 21,3581.3768513948858
70_20220825 22,3437.3365600606153
70_20220825 23,3312.6804791036743
70_20220826 00,3316.5306230133237
70_20220826 01,3274.3721836530794
70_20220826 02,3249.7418656467034
70_20220826 03,3146.0251569443735
70_20220826 04,3123.5973140379333
70_20220826 05,3172.06161405054
70_20220826 06,3913.2483252130205
70_20220826 07,4974.990357600241
70_20220826 08,5681.381243397558
70_20220826 09,6070.130859025791
70_20220826 10,6297.307211439944
70_20220826 11,6261.090278264788
70_20220826 12,6266.970398265394
70_20220826 13,6239.141938596015
70_20220826 14,6370.6524228646795
70_20220826 15,6357.800574724948
70_20220826 16,6317.072160652211
70_20220826 17,5918.105731746822
70_20220826 18,4574.004342378481
70_20220826 19,4000.10136101916
70_20220826 20,3623.8307545489774
70_20220826 21,3546.206944222635
70_20220826 22,3393.449078962363
70_20220826 23,3265.5852976760293
70_20220827 00,3245.6322979596143
70_20220827 01,3222.648477794688
70_20220827 02,3170.8284006945623
70_20220827 03,3119.166468479535
70_20220827 04,3072.4374473659927
70_20220827 05,3034.736967567225
70_20220827 06,3030.4546123243026
70_20220827 07,3068.4726804823717
70_20220827 08,3109.767958141385
70_20220827 09,3131.890625263231
70_20220827 10,3080.722543826705
70_20220827 11,3076.00592239048
70_20220827 12,3129.0968232767354
70_20220827 13,3083.639015551621
70_20220827 14,3145.4853619963405
70_20220827 15,3195.8653901181387
70_20220827 16,3179.708892366649
70_20220827 17,3182.3684912716008
70_20220827 18,3168.687627367859
70_20220827 19,3133.515590649351
70_20220827 20,3141.3574405091967
70_20220827 21,3134.545225054976
70_20220827 22,3100.687641613051
70_20220827 23,3078.8468531955027
70_20220828 00,3111.3589428656187
70_20220828 01,3084.6729705648845
70_20220828 02,3054.681434717964
70_20220828 03,3000.5518973673193
70_20220828 04,2982.277490962073
70_20220828 05,2933.1698190849065
70_20220828 06,2926.7944176547644
70_20220828 07,2978.4841392045537
70_20220828 08,3014.302165664323
70_20220828 09,3062.1333385395847
70_20220828 10,2989.634553287583
70_20220828 11,2979.712279546071
70_20220828 12,3046.462268813835
70_20220828 13,2983.274101327742
70_20220828 14,3091.8791613222033
70_20220828 15,3155.1849147072126
70_20220828 16,3183.7757518674807
70_20220828 17,3154.3082238356737
70_20220828 18,3122.54031459505
70_20220828 19,3141.2723738727864
70_20220828 20,3168.9543388063857
70_20220828 21,3140.970732743328
70_20220828 22,3115.5100158637824
70_20220828 23,3098.2057333504945
70_20220829 00,3258.652269749897
70_20220829 01,3217.7389198896835
70_20220829 02,3168.2806102354093
70_20220829 03,3075.5364811662103
70_20220829 04,3052.566284068811
70_20220829 05,3135.05778257286
70_20220829 06,4016.293959886037
70_20220829 07,5126.982846893223
70_20220829 08,5696.383128740441
70_20220829 09,5940.119404383886
70_20220829 10,6145.322071383114
70_20220829 11,6188.68949121893
70_20220829 12,6189.513261459531
70_20220829 13,6173.232816652226
70_20220829 14,6182.909389105254
70_20220829 15,6144.763548771119
70_20220829 16,6089.188190831884
70_20220829 17,5817.610540350627
70_20220829 18,4852.985803529877
70_20220829 19,4016.1572303529288
70_20220829 20,3684.7384040435254
70_20220829 21,3534.5506477006365
70_20220829 22,3409.730351614069
70_20220829 23,3293.880566273151
70_20220830 00,3269.597971774828
70_20220830 01,3214.427505263834
70_20220830 02,3174.9872466626093
70_20220830 03,3043.9951687978783
70_20220830 04,3036.273582058831
70_20220830 05,3104.817250281367
70_20220830 06,3918.9702954380364
70_20220830 07,5031.1480896403355
70_20220830 08,5688.542620408572
70_20220830 09,6017.73650422849
70_20220830 10,6164.065469530472
70_20220830 11,6181.264555719861
70_20220830 12,6160.8244127524185
70_20220830 13,6168.6039760299
70_20220830 14,6224.000488347569
70_20220830 15,6139.269878370225
70_20220830 16,6091.307505824788
70_20220830 17,5796.795048692375
70_20220830 18,4872.778222242249
70_20220830 19,4002.136128054303
70_20220830 20,3641.626377155343
70_20220830 21,3544.154037000361
70_20220830 22,3352.2412965705043
70_20220830 23,3226.815845738246
70_20220831 00,3246.960621972037
70_20220831 01,3216.662917765854
70_20220831 02,3161.5238999913927
70_20220831 03,3067.925877658945
70_20220831 04,3037.8511944931934
70_20220831 05,3083.591505910709
70_20220831 06,3911.3419422232837
70_20220831 07,5017.0675610349335
70_20220831 08,5742.837517615511
70_20220831 09,5976.000511144033
70_20220831 10,6129.183011024746
70_20220831 11,6161.442921991577
70_20220831 12,6241.2810365649175
70_20220831 13,6227.1871192800945
70_20220831 14,6283.9371777727965
70_20220831 15,6251.886303304848
70_20220831 16,6127.902923297054
70_20220831 17,5825.538590947429
70_20220831 18,4758.6427231959215
70_20220831 19,3950.5477564439952
70_20220831 20,3613.1143189475333
70_20220831 21,3507.894840288583
70_20220831 22,3337.679822451075
70_20220831 23,3211.6802336123947
71_20220825 00,2302.387237876401
71_20220825 01,2300.126810599636
71_20220825 02,2294.0794950894333
71_20220825 03,2295.553635853972
71_20220825 04,2285.6342898810126
71_20220825 05,1863.6843170860807
71_20220825 06,1857.4362707024875
71_20220825 07,1930.4937211490978
71_20220825 08,2263.3140554708243
71_20220825 09,2580.405902582413
71_20220825 10,2313.4171733418975
71_20220825 11,2288.398346633391
71_20220825 12,2664.9271928407097
71_20220825 13,2439.94923086806
71_20220825 14,2528.943017132724
71_20220825 15,2847.530822979562
71_20220825 16,2960.81644655568
71_20220825 17,2672.301489245354
71_20220825 18,2234.5237647529843
71_20220825 19,2049.211299184527
71_20220825 20,1974.543976049425
71_20220825 21,1940.087076650379
71_20220825 22,1889.176092662005
71_20220825 23,1866.3704506706724
71_20220826 00,2255.882476441312
71_20220826 01,2240.7080755732586
71_20220826 02,2221.310047285372
71_20220826 03,2210.5383069338704
71_20220826 04,2198.5453202958133
71_20220826 05,1815.5552030293682
71_20220826 06,1809.682593644028
71_20220826 07,1866.4719498129423
71_20220826 08,2097.524879509914
71_20220826 09,2394.0237566640862
71_20220826 10,2128.365287670239
71_20220826 11,2115.4190624646835
71_20220826 12,2505.9724217011167
71_20220826 13,2206.9215808956724
71_20220826 14,2251.8946356786705
71_20220826 15,2588.256850059714
71_20220826 16,2660.6195494275507
71_20220826 17,2374.954228755619
71_20220826 18,2089.9493621334755
71_20220826 19,1979.9167568614644
71_20220826 20,1901.4596935858146
71_20220826 21,1846.1291651137726
71_20220826 22,1830.8868572403176
71_20220826 23,1812.8846078876084
71_20220827 00,2123.755358555227
71_20220827 01,2121.0114617286877
71_20220827 02,2115.6929236129254
71_20220827 03,2105.127950997002
71_20220827 04,2101.422805356517
71_20220827 05,1729.178551118247
71_20220827 06,1694.0940010267018
71_20220827 07,1680.9450609363826
71_20220827 08,1647.4568692144899
71_20220827 09,1638.6637904252461
71_20220827 10,1216.1843042121923
71_20220827 11,1185.7353044162269
71_20220827 12,1561.397890425511
71_20220827 13,1220.829440443078
71_20220827 14,1232.7580152224566
71_20220827 15,1535.4484856958202
71_20220827 16,1690.6443405129328
71_20220827 17,1694.3706173046048
71_20220827 18,1694.267167613105
71_20220827 19,1720.2455554653352
71_20220827 20,1747.0702366441442
71_20220827 21,1722.3681676355295
71_20220827 22,1721.663328457107
71_20220827 23,1699.516470811789
71_20220828 00,1709.598467818843
71_20220828 01,1708.9155262010772
71_20220828 02,1699.716192067818
71_20220828 03,1692.078665092526
71_20220828 04,1695.3313631779329
71_20220828 05,1651.619098474021
71_20220828 06,1641.4981819969253
71_20220828 07,1632.66844207736
71_20220828 08,1611.3205753725078
71_20220828 09,1600.0793181079164
71_20220828 10,1533.5945158287384
71_20220828 11,1516.8633483870785
71_20220828 12,1570.3371233139014
71_20220828 13,1510.1860112287468
71_20220828 14,1540.2499223138047
71_20220828 15,1610.697962722922
71_20220828 16,1690.5843753146423
71_20220828 17,1707.1335861491198
71_20220828 18,1689.4024906346353
71_20220828 19,1724.420116563651
71_20220828 20,1746.9709098895455
71_20220828 21,1746.6360673025874
71_20220828 22,1753.2412333678994
71_20220828 23,1730.0411384806457
71_20220829 00,2116.2562378774214
71_20220829 01,2094.660642467012
71_20220829 02,2106.1672613031733
71_20220829 03,2102.467170443373
71_20220829 04,2100.2946470133156
71_20220829 05,1752.7069717598079
71_20220829 06,1761.6590172710037
71_20220829 07,1832.907263372993
71_20220829 08,2079.6557746232274
71_20220829 09,2384.3031292455084
71_20220829 10,2156.680405557077
71_20220829 11,2154.5286797729264
71_20220829 12,2510.6063097387055
71_20220829 13,2356.0990954612103
71_20220829 14,2418.787094680297
71_20220829 15,2697.4033894015593
71_20220829 16,2748.903833535213
71_20220829 17,2487.029773618331
71_20220829 18,2155.490811391733
71_20220829 19,2016.3271526839815
71_20220829 20,1918.2871683576902
71_20220829 21,1883.306077484262
71_20220829 22,1848.6662354659652
71_20220829 23,1819.9857977989914
71_20220830 00,2153.1497780929694
71_20220830 01,2158.947200217332
71_20220830 02,2146.2254021940453
71_20220830 03,2141.5017028033517
71_20220830 04,2140.975421132264
71_20220830 05,1788.8208501014665
71_20220830 06,1783.4166932548644
71_20220830 07,1825.1136801942039
71_20220830 08,2079.9146793808727
71_20220830 09,2380.5730538922926
71_20220830 10,2126.4652950883806
71_20220830 11,2119.008296449606
71_20220830 12,2486.7572895757944
71_20220830 13,2290.2993768027923
71_20220830 14,2371.587214515567
71_20220830 15,2603.3883693773932
71_20220830 16,2754.1373359050476
71_20220830 17,2527.928284435192
71_20220830 18,2204.749564318677
71_20220830 19,2063.1812139765816
71_20220830 20,1963.8620630818311
71_20220830 21,1912.3957413415264
71_20220830 22,1850.4403812613555
71_20220830 23,1827.5158637898116
71_20220831 00,2201.779180922108
71_20220831 01,2196.4454649024683
71_20220831 02,2183.9149623689955
71_20220831 03,2185.146018964248
71_20220831 04,2179.0449524188434
71_20220831 05,1801.7775345525542
71_20220831 06,1799.7584587557894
71_20220831 07,1863.811967284697
71_20220831 08,2131.602913756311
71_20220831 09,2423.634813209122
71_20220831 10,2196.5173162093647
71_20220831 11,2211.826160808817
71_20220831 12,2567.10551165302
71_20220831 13,2376.9991570936913
71_20220831 14,2483.5682741764094
71_20220831 15,2738.7830621653184
71_20220831 16,2804.506669512432
71_20220831 17,2571.163201323474
71_20220831 18,2202.3577505177723
71_20220831 19,2058.0575372058884
71_20220831 20,1947.9413835155844
71_20220831 21,1890.5199326337051
71_20220831 22,1853.3909211229097
71_20220831 23,1803.6315833501071
72_20220825 00,1206.7880672229055
72_20220825 01,1202.3612349538002
72_20220825 02,1197.8124331828058
72_20220825 03,1199.1860295006172
72_20220825 04,1195.5863164142615
72_20220825 05,1202.3922483401566
72_20220825 06,1238.8989042447465
72_20220825 07,1320.9187167801292
72_20220825 08,1423.7324722502465
72_20220825 09,1502.0426655129806
72_20220825 10,1533.5614478269315
72_20220825 11,1538.3445037694466
72_20220825 12,1536.6677254868503
72_20220825 13,1545.0848641182417
72_20220825 14,1528.7064308872082
72_20220825 15,1552.410423310482
72_20220825 16,1524.7882738408175
72_20220825 17,1421.194761217863
72_20220825 18,1313.1051222006834
72_20220825 19,1263.869287189565
72_20220825 20,1256.0997145880606
72_20220825 21,1240.3294260303776
72_20220825 22,1230.2023423905655
72_20220825 23,1207.8334568395517
72_20220826 00,1191.667834756622
72_20220826 01,1183.47471536798
72_20220826 02,1178.454102035369
72_20220826 03,1182.5538201252564
72_20220826 04,1166.9384868403727
72_20220826 05,1179.3656600075556
72_20220826 06,1212.100905762561
72_20220826 07,1293.4742296659028
72_20220826 08,1372.6787163075846
72_20220826 09,1435.2854042299664
72_20220826 10,1501.506031922535
72_20220826 11,1502.7765148202463
72_20220826 12,1494.4456066424002
72_20220826 13,1510.3981357168993
72_20220826 14,1517.8658062788604
72_20220826 15,1522.2206483944726
72_20220826 16,1520.3127611768875
72_20220826 17,1413.696888706651
72_20220826 18,1306.0586285202971
72_20220826 19,1259.4772752074432
72_20220826 20,1248.2226373822398
72_20220826 21,1238.9108501523574
72_20220826 22,1225.3352441802053
72_20220826 23,1211.2126075069527
72_20220827 00,1182.962974385095
72_20220827 01,1183.074439852765
72_20220827 02,1173.3556679640528
72_20220827 03,1175.9328454745505
72_20220827 04,1172.3017330791704
72_20220827 05,1172.777312010955
72_20220827 06,1179.1362042924648
72_20220827 07,1193.5343866258856
72_20220827 08,1181.9480121104166
72_20220827 09,1193.235199658945
72_20220827 10,1202.7740055703948
72_20220827 11,1217.7088538345386
72_20220827 12,1211.1685925400852
72_20220827 13,1195.6523785291483
72_20220827 14,1199.3211264475517
72_20220827 15,1188.3824668176621
72_20220827 16,1194.8706391310652
72_20220827 17,1196.9180335908163
72_20220827 18,1185.6079698162002
72_20220827 19,1175.3194663810004
72_20220827 20,1186.1289406158444
72_20220827 21,1185.568996757719
72_20220827 22,1175.7625978345586
72_20220827 23,1168.4816202613595
72_20220828 00,1153.2058853754834
72_20220828 01,1150.6141921244257
72_20220828 02,1147.5581755323792
72_20220828 03,1151.9249097868537
72_20220828 04,1153.1845515606879
72_20220828 05,1157.6503354415468
72_20220828 06,1158.4430774213117
72_20220828 07,1162.0798080394227
72_20220828 08,1167.3206030368483
72_20220828 09,1155.1079306900333
72_20220828 10,1152.786228672962
72_20220828 11,1162.2378666568015
72_20220828 12,1171.6677291517008
72_20220828 13,1179.5233303265832
72_20220828 14,1183.3854395851868
72_20220828 15,1191.1699129002936
72_20220828 16,1196.9712616780369
72_20220828 17,1199.1859384652657
72_20220828 18,1190.025453948206
72_20220828 19,1186.952345884387
72_20220828 20,1184.9706362021923
72_20220828 21,1186.9494686904404
72_20220828 22,1177.7051764642592
72_20220828 23,1174.0137505940495
72_20220829 00,1182.8030057685755
72_20220829 01,1175.0745008851595
72_20220829 02,1173.86940352699
72_20220829 03,1166.7939271792204
72_20220829 04,1159.0824001562119
72_20220829 05,1172.8558016618276
72_20220829 06,1198.8541288246918
72_20220829 07,1286.3245362238795
72_20220829 08,1351.7509738839435
72_20220829 09,1410.0346363747628
72_20220829 10,1474.2711284185204
72_20220829 11,1479.6482227506372
72_20220829 12,1449.8624724675924
72_20220829 13,1474.0815410285102
72_20220829 14,1471.000847976259
72_20220829 15,1476.8905124150926
72_20220829 16,1461.6455192472579
72_20220829 17,1385.2389028762573
72_20220829 18,1297.61442818913
72_20220829 19,1250.3808062743308
72_20220829 20,1241.2339182447163
72_20220829 21,1222.8922840749651
72_20220829 22,1217.3923507609204
72_20220829 23,1210.3561149075163
72_20220830 00,1185.3769857084117
72_20220830 01,1178.7318679622506
72_20220830 02,1175.746268376292
72_20220830 03,1177.1422717009923
72_20220830 04,1175.1246817495892
72_20220830 05,1181.418653756205
72_20220830 06,1231.7683436631446
72_20220830 07,1311.848848008415
72_20220830 08,1397.1306160166916
72_20220830 09,1500.7426595938948
72_20220830 10,1562.7768768459985
72_20220830 11,1587.002068174157
72_20220830 12,1570.2277298173528
72_20220830 13,1582.618214711665
72_20220830 14,1586.6071346850829
72_20220830 15,1585.5592516501627
72_20220830 16,1583.2015603961142
72_20220830 17,1483.9681266883645
72_20220830 18,1380.65420168067
72_20220830 19,1317.8179172234043
72_20220830 20,1303.7442654415004
72_20220830 21,1293.951855467062
72_20220830 22,1271.2747151619828
72_20220830 23,1262.1400118716547
72_20220831 00,1218.5008163196399
72_20220831 01,1205.1097911259544
72_20220831 02,1203.699030767163
72_20220831 03,1203.247924011163
72_20220831 04,1191.2302040501909
72_20220831 05,1197.8467350018177
72_20220831 06,1229.2692031471834
72_20220831 07,1310.5280424743028
72_20220831 08,1389.1631525399698
72_20220831 09,1463.438237807647
72_20220831 10,1545.7449699542587
72_20220831 11,1525.2136002501463
72_20220831 12,1511.4179496922372
72_20220831 13,1503.3169761288573
72_20220831 14,1502.8048090534965
72_20220831 15,1479.0239402160976
72_20220831 16,1460.7096500093323
72_20220831 17,1386.5084955330392
72_20220831 18,1294.4381461689793
72_20220831 19,1241.9340865597878
72_20220831 20,1237.4979631480476
72_20220831 21,1225.9033073351407
72_20220831 22,1223.6318734848428
72_20220831 23,1202.6390203652645
73_20220825 00,3289.122260085587
73_20220825 01,3286.1428564070125
73_20220825 02,3270.4002638682596
73_20220825 03,3211.0378682226674
73_20220825 04,3218.566632881133
73_20220825 05,3251.425782467989
73_20220825 06,3401.762850405772
73_20220825 07,3634.1304178468235
73_20220825 08,3804.019559738056
73_20220825 09,3895.5636325540413
73_20220825 10,3953.631637736007
73_20220825 11,4002.250527081303
73_20220825 12,4006.036517272056
73_20220825 13,3992.849926064335
73_20220825 14,3986.7758808960366
73_20220825 15,3946.0037740605608
73_20220825 16,3926.92469139543
73_20220825 17,3837.8554616938186
73_20220825 18,3764.0212218656675
73_20220825 19,3651.3699889238915
73_20220825 20,3547.9307642757567
73_20220825 21,3491.68145472836
73_20220825 22,3266.040795450993
73_20220825 23,3211.2733093086526
73_20220826 00,3123.3265782986746
73_20220826 01,3100.255647571496
73_20220826 02,3121.7934004934964
73_20220826 03,3126.3867620027863
73_20220826 04,3124.1650774168675
73_20220826 05,3154.2629303912863
73_20220826 06,3311.9544766719837
73_20220826 07,3585.856965527087
73_20220826 08,3725.523956228213
73_20220826 09,3840.309500363274
73_20220826 10,3890.9981422584215
73_20220826 11,3943.8978342303567
73_20220826 12,3933.339700812099
73_20220826 13,3947.9514998171426
73_20220826 14,3956.559639317808
73_20220826 15,3936.4477340362114
73_20220826 16,3896.9614711024483
73_20220826 17,3820.3158869601166
73_20220826 18,3710.857825814509
73_20220826 19,3639.19583512337
73_20220826 20,3565.5676876048005
73_20220826 21,3473.7926095573016
73_20220826 22,3246.8479214937406
73_20220826 23,3221.562744877971
73_20220827 00,3127.864427109193
73_20220827 01,3102.0177581217013
73_20220827 02,3078.1557692439364
73_20220827 03,3071.5385832171273
73_20220827 04,3057.8216664143247
73_20220827 05,3035.222347139551
73_20220827 06,3091.5616941561166
73_20220827 07,3165.8011676116116
73_20220827 08,3186.632557429405
73_20220827 09,3202.436971385573
73_20220827 10,3201.845741360521
73_20220827 11,3225.552226304908
73_20220827 12,3237.8289727804
73_20220827 13,3237.2734615997188
73_20220827 14,3292.6138103860744
73_20220827 15,3293.380007863263
73_20220827 16,3298.868117475108
73_20220827 17,3299.204594495966
73_20220827 18,3266.7016214007317
73_20220827 19,3255.386351466418
73_20220827 20,3218.2581325277342
73_20220827 21,3180.7810933573382
73_20220827 22,3070.2265123780253
73_20220827 23,3014.1071517007817
73_20220828 00,2987.852966729231
73_20220828 01,2957.7546241063847
73_20220828 02,2997.3901575600567
73_20220828 03,2967.085684774238
73_20220828 04,3000.5022096701505
73_20220828 05,2985.61981493947
73_20220828 06,3049.918109769933
73_20220828 07,3106.3872091738676
73_20220828 08,3136.9339437243616
73_20220828 09,3149.1814389693645
73_20220828 10,3182.9859052524575
73_20220828 11,3211.7329470111004
73_20220828 12,3199.9383097573746
73_20220828 13,3203.084924185062
73_20220828 14,3205.9770163481385
73_20220828 15,3259.4975993741273
73_20220828 16,3266.463404914478
73_20220828 17,3283.6897566731286
73_20220828 18,3275.943902302189
73_20220828 19,3276.37518499395
73_20220828 20,3244.9581451808845
73_20220828 21,3229.527198580949
73_20220828 22,3153.1466167742783
73_20220828 23,3144.4871273411068
73_20220829 00,3092.5136199316275
73_20220829 01,3108.3505119843658
73_20220829 02,3075.000454878466
73_20220829 03,3042.0556753461647
73_20220829 04,3073.7217481156695
73_20220829 05,3072.861402118887
73_20220829 06,3211.3387477374345
73_20220829 07,3521.9688448531247
73_20220829 08,3668.878731272969
73_20220829 09,3744.5719971932604
73_20220829 10,3758.7594006709246
73_20220829 11,3791.914155412295
73_20220829 12,3788.8000587123993
73_20220829 13,3801.4417156015033
73_20220829 14,3833.791800230907
73_20220829 15,3829.0689714309797
73_20220829 16,3735.2211052374064
73_20220829 17,3680.5823550378736
73_20220829 18,3613.106764783258
73_20220829 19,3532.543018195724
73_20220829 20,3456.2309972548737
73_20220829 21,3400.3033151381997
73_20220829 22,3218.0577758729332
73_20220829 23,3128.3870715138355
73_20220830 00,3003.5169176442814
73_20220830 01,3009.5467667769676
73_20220830 02,3053.5144942198576
73_20220830 03,3046.151177484169
73_20220830 04,3098.5655219784594
73_20220830 05,3111.3433152314647
73_20220830 06,3283.416043354563
73_20220830 07,3538.10971539996
73_20220830 08,3731.287211208957
73_20220830 09,3791.0215208933505
73_20220830 10,3821.258170666323
73_20220830 11,3840.854507855975
73_20220830 12,3829.3895049952152
73_20220830 13,3887.342335854558
73_20220830 14,3884.7128280253187
73_20220830 15,3868.2259955440372
73_20220830 16,3828.894563671463
73_20220830 17,3796.5824368242043
73_20220830 18,3681.718704386816
73_20220830 19,3587.0844791869845
73_20220830 20,3488.4567660728653
73_20220830 21,3417.1039650271823
73_20220830 22,3224.269669625476
73_20220830 23,3148.7223355440265
73_20220831 00,3056.9107184115155
73_20220831 01,3053.6638743201866
73_20220831 02,3065.230662147741
73_20220831 03,3064.391914851217
73_20220831 04,3077.665277760604
73_20220831 05,3132.497320747905
73_20220831 06,3302.3760513848674
73_20220831 07,3556.737654066079
73_20220831 08,3694.720382256658
73_20220831 09,3769.4572731762664
73_20220831 10,3772.977094934435
73_20220831 11,3813.8088375725647
73_20220831 12,3796.3983665969704
73_20220831 13,3813.91031837535
73_20220831 14,3829.913995946192
73_20220831 15,3826.6192416067775
73_20220831 16,3800.1659074130084
73_20220831 17,3736.068954988828
73_20220831 18,3617.4559433677127
73_20220831 19,3579.9092256619574
73_20220831 20,3477.5964162490977
73_20220831 21,3425.162739457194
73_20220831 22,3239.6895145375292
73_20220831 23,3198.271193185732
74_20220825 00,3132.983548959698
74_20220825 01,3100.0634440477165
74_20220825 02,3049.786211055249
74_20220825 03,2993.4061416327727
74_20220825 04,3233.795697077327
74_20220825 05,5217.614968244838
74_20220825 06,5791.702066764515
74_20220825 07,6060.309519054486
74_20220825 08,6145.252787033564
74_20220825 09,6106.661583525664
74_20220825 10,6154.862334238822
74_20220825 11,6214.435727311806
74_20220825 12,6112.259233278437
74_20220825 13,5796.345757951852
74_20220825 14,5779.988388164775
74_20220825 15,5638.279294231916
74_20220825 16,5624.993530104652
74_20220825 17,5592.868778688632
74_20220825 18,4350.651979059782
74_20220825 19,3710.2061232092155
74_20220825 20,3087.364306914275
74_20220825 21,2860.808027369386
74_20220825 22,2602.6009997074543
74_20220825 23,2994.690146025994
74_20220826 00,2936.5310257742085
74_20220826 01,2945.081866727348
74_20220826 02,2925.945585284424
74_20220826 03,2933.0514954005666
74_20220826 04,3154.0579389702734
74_20220826 05,4904.854527754247
74_20220826 06,5363.591863702749
74_20220826 07,5736.749857814982
74_20220826 08,5862.352745892137
74_20220826 09,5828.789621209912
74_20220826 10,5894.28993356628
74_20220826 11,5904.747513761278
74_20220826 12,5805.703418955479
74_20220826 13,5531.6844579811495
74_20220826 14,5587.345252684384
74_20220826 15,5523.762224612936
74_20220826 16,5384.499563046717
74_20220826 17,5392.007673813615
74_20220826 18,4204.412009676007
74_20220826 19,3601.65203282495
74_20220826 20,3026.1280173416603
74_20220826 21,2832.0122370586028
74_20220826 22,2539.386931914618
74_20220826 23,3075.7332306662943
74_20220827 00,3009.6613139473247
74_20220827 01,2987.490138098013
74_20220827 02,2950.351259655158
74_20220827 03,2904.7657728145787
74_20220827 04,2901.7950711771823
74_20220827 05,2871.658883567082
74_20220827 06,2813.1960494017635
74_20220827 07,2722.4007852960267
74_20220827 08,2488.627742126826
74_20220827 09,2472.116023729576
74_20220827 10,2431.348512275725
74_20220827 11,2399.7891732626067
74_20220827 12,2404.2826568756504
74_20220827 13,2408.0409956331223
74_20220827 14,2455.7981675472947
74_20220827 15,2457.3500532099906
74_20220827 16,2433.306760229618
74_20220827 17,2450.3405513100547
74_20220827 18,2479.581021841115
74_20220827 19,2483.7144304933536
74_20220827 20,2465.189155825231
74_20220827 21,2455.638966133447
74_20220827 22,2432.7106267158906
74_20220827 23,2373.183964828694
74_20220828 00,2372.3659924829353
74_20220828 01,2354.6980946070234
74_20220828 02,2368.657480569505
74_20220828 03,2338.594028342294
74_20220828 04,2364.6583761544903
74_20220828 05,2351.74379415172
74_20220828 06,2354.240589954896
74_20220828 07,2373.633975216344
74_20220828 08,2371.707626217043
74_20220828 09,2367.2421098150808
74_20220828 10,2346.7981838965584
74_20220828 11,2326.751124106271
74_20220828 12,2323.388378902191
74_20220828 13,2338.946094234091
74_20220828 14,2372.7639713023323
74_20220828 15,2371.2995634136973
74_20220828 16,2377.885821265241
74_20220828 17,2399.3190309204674
74_20220828 18,2458.464396673282
74_20220828 19,2692.018526734519
74_20220828 20,2739.2004975771188
74_20220828 21,2713.2185262079547
74_20220828 22,2636.0386977830476
74_20220828 23,2407.308139952984
74_20220829 00,2562.4157409880745
74_20220829 01,2545.800398150259
74_20220829 02,2478.5141469101504
74_20220829 03,2473.426915145618
74_20220829 04,3200.3393469856865
74_20220829 05,4597.9733543474895
74_20220829 06,5276.22810450903
74_20220829 07,5806.609218976244
74_20220829 08,5901.536844973546
74_20220829 09,5848.653992199084
74_20220829 10,5895.907014115821
74_20220829 11,5880.545485693948
74_20220829 12,5850.310587316676
74_20220829 13,5603.154424955796
74_20220829 14,5617.305717397967
74_20220829 15,5561.505239503968
74_20220829 16,5524.633963084347
74_20220829 17,5408.360288270417
74_20220829 18,4205.240842509597
74_20220829 19,3661.2181581445498
74_20220829 20,3051.1196419529942
74_20220829 21,2895.6506901207836
74_20220829 22,2698.831414082783
74_20220829 23,2904.773884354033
74_20220830 00,2905.180376203741
74_20220830 01,2894.5944690345896
74_20220830 02,2862.7401295286636
74_20220830 03,2875.6475095503006
74_20220830 04,3329.567445081477
74_20220830 05,4921.873932983358
74_20220830 06,5346.800989605713
74_20220830 07,5685.89716018542
74_20220830 08,5891.1334329946285
74_20220830 09,5868.7627232954765
74_20220830 10,5901.634580240292
74_20220830 11,5872.24711651547
74_20220830 12,5880.8613982099205
74_20220830 13,5544.310060268159
74_20220830 14,5563.960674513536
74_20220830 15,5504.52082401223
74_20220830 16,5450.336425183379
74_20220830 17,5402.126318340802
74_20220830 18,4334.478835990034
74_20220830 19,3630.233694782605
74_20220830 20,2977.83840094636
74_20220830 21,2819.490538079674
74_20220830 22,2562.3971082274898
74_20220830 23,2925.4094668830157
74_20220831 00,2940.2130670961214
74_20220831 01,2929.7321053743667
74_20220831 02,2887.93326192938
74_20220831 03,2884.4781642249436
74_20220831 04,3146.9521879539557
74_20220831 05,4941.433318885336
74_20220831 06,5393.846122461364
74_20220831 07,5710.831349716196
74_20220831 08,5804.261442242397
74_20220831 09,5766.063279014111
74_20220831 10,5806.24272383675
74_20220831 11,5793.941983080553
74_20220831 12,5770.720944148101
74_20220831 13,5553.004931584242
74_20220831 14,5579.9373445903275
74_20220831 15,5478.649462532737
74_20220831 16,5411.552665840471
74_20220831 17,5378.887685026164
74_20220831 18,4226.6622796569745
74_20220831 19,3648.775879556722
74_20220831 20,3024.01608376996
74_20220831 21,2787.5120143044187
74_20220831 22,2499.7764956152178
74_20220831 23,2920.221074735772
75_20220825 00,1196.9691569566044
75_20220825 01,1222.733730362771
75_20220825 02,1165.0682535086771
75_20220825 03,1256.7786107701236
75_20220825 04,1197.0608773214271
75_20220825 05,1184.9287653781003
75_20220825 06,1149.9882477075507
75_20220825 07,1495.031410552807
75_20220825 08,1671.9433905919989
75_20220825 09,1865.0660323550603
75_20220825 10,1827.0808375537051
75_20220825 11,1905.2596014121232
75_20220825 12,1874.572423385448
75_20220825 13,1906.6608083695842
75_20220825 14,1880.6878517542316
75_20220825 15,1907.9142361043403
75_20220825 16,1800.7768503735479
75_20220825 17,1771.3780110816358
75_20220825 18,1293.9233830842393
75_20220825 19,1275.4946815262783
75_20220825 20,1239.2322992683087
75_20220825 21,1282.1803330836628
75_20220825 22,1202.7277793149055
75_20220825 23,1289.5570780049177
75_20220826 00,1186.8825793994613
75_20220826 01,1217.3468698196982
75_20220826 02,1165.651400864904
75_20220826 03,1266.3530705276826
75_20220826 04,1191.7727467083214
75_20220826 05,1189.7258515170188
75_20220826 06,1154.856040858011
75_20220826 07,1452.570501739534
75_20220826 08,1611.7236654957924
75_20220826 09,1790.1526467182455
75_20220826 10,1768.7203729153325
75_20220826 11,1827.4184323557015
75_20220826 12,1716.0410538944266
75_20220826 13,1749.8491116284752
75_20220826 14,1699.129898258546
75_20220826 15,1671.4598267169445
75_20220826 16,1561.772445005169
75_20220826 17,1542.8594610477787
75_20220826 18,1192.8008419465166
75_20220826 19,1211.0875137403184
75_20220826 20,1173.7916480378917
75_20220826 21,1229.9898507992027
75_20220826 22,1156.8428332331782
75_20220826 23,1256.1968139048831
75_20220827 00,1157.3830318635787
75_20220827 01,1188.4965477827377
75_20220827 02,1118.3667094456302
75_20220827 03,1208.7051303064854
75_20220827 04,1141.3328725416127
75_20220827 05,1132.9877585262311
75_20220827 06,1052.6454386411979
75_20220827 07,1261.2693687077312
75_20220827 08,1364.3379514442906
75_20220827 09,1603.6056362597656
75_20220827 10,1604.7622460717835
75_20220827 11,1655.2715641249902
75_20220827 12,1609.654042021335
75_20220827 13,1735.7663195724836
75_20220827 14,1703.335901380834
75_20220827 15,1714.440095440505
75_20220827 16,1603.0969072865469
75_20220827 17,1428.107186455913
75_20220827 18,1118.4214340587196
75_20220827 19,1204.4943016626573
75_20220827 20,1198.7282966768616
75_20220827 21,1255.663026002304
75_20220827 22,1174.9851463018167
75_20220827 23,1283.2641559931046
75_20220828 00,1165.5240890367268
75_20220828 01,1187.1485164798496
75_20220828 02,1109.9826119140646
75_20220828 03,1221.5427624778756
75_20220828 04,1155.7563312762268
75_20220828 05,1147.811522425709
75_20220828 06,1065.2234202119012
75_20220828 07,1250.3612794463302
75_20220828 08,1320.7712895291907
75_20220828 09,1552.398977247144
75_20220828 10,1553.4164089155388
75_20220828 11,1620.5156471500813
75_20220828 12,1529.8507380880674
75_20220828 13,1604.4691897548323
75_20220828 14,1584.9440398619333
75_20220828 15,1596.547131453162
75_20220828 16,1512.306843925074
75_20220828 17,1467.5727718738772
75_20220828 18,1110.3595338519176
75_20220828 19,1176.771438356982
75_20220828 20,1161.81916057547
75_20220828 21,1212.79050444836
75_20220828 22,1142.8733303903339
75_20220828 23,1240.1891757709068
75_20220829 00,1129.9065024772149
75_20220829 01,1175.1647494528468
75_20220829 02,1106.1993382761907
75_20220829 03,1199.5838811521276
75_20220829 04,1157.907822276103
75_20220829 05,1162.8346565327197
75_20220829 06,1101.8505089975579
75_20220829 07,1207.3204391434529
75_20220829 08,1322.3118211000356
75_20220829 09,1417.4377023620414
75_20220829 10,1362.5045900335929
75_20220829 11,1454.2074235031462
75_20220829 12,1369.387067744643
75_20220829 13,1446.636318637174
75_20220829 14,1421.4799396219776
75_20220829 15,1480.7300415009108
75_20220829 16,1397.4302841430288
75_20220829 17,1453.8523658614456
75_20220829 18,1238.3281763207765
75_20220829 19,1213.8578985819743
75_20220829 20,1170.2470276243814
75_20220829 21,1217.2200870190336
75_20220829 22,1143.1715823450481
75_20220829 23,1229.3624391007768
75_20220830 00,1141.062484851327
75_20220830 01,1159.351695791861
75_20220830 02,1109.0023900160418
75_20220830 03,1204.6029456463716
75_20220830 04,1140.8209599807255
75_20220830 05,1138.3290126552506
75_20220830 06,1098.0207912513997
75_20220830 07,1366.5413071987145
75_20220830 08,1543.1790171805103
75_20220830 09,1700.5322068354837
75_20220830 10,1686.7006574347238
75_20220830 11,1761.3555235423564
75_20220830 12,1708.3886215314851
75_20220830 13,1729.7916706589422
75_20220830 14,1706.7333235194417
75_20220830 15,1754.4849903942663
75_20220830 16,1707.4718573145426
75_20220830 17,1715.8791620392901
75_20220830 18,1270.3724713088802
75_20220830 19,1248.1386834289879
75_20220830 20,1221.2649576519877
75_20220830 21,1268.7767088667965
75_20220830 22,1187.0078241834221
75_20220830 23,1284.6322465251806
75_20220831 00,1185.6842655082316
75_20220831 01,1207.4283641140712
75_20220831 02,1146.3664463583193
75_20220831 03,1243.5968235760338
75_20220831 04,1174.8395286205578
75_20220831 05,1174.8685089903033
75_20220831 06,1147.6824878067446
75_20220831 07,1437.459794839066
75_20220831 08,1572.357270148394
75_20220831 09,1875.7570276138276
75_20220831 10,1860.1227762526205
75_20220831 11,1916.447567055141
75_20220831 12,1838.712866773718
75_20220831 13,1877.5119001051437
75_20220831 14,1807.5246811800043
75_20220831 15,1836.7508132907471
75_20220831 16,1702.6258703551919
75_20220831 17,1684.7139738193318
75_20220831 18,1244.124146644713
75_20220831 19,1236.7852440916463
75_20220831 20,1211.974606466752
75_20220831 21,1275.019611803311
75_20220831 22,1196.41572758331
75_20220831 23,1289.1959931231954
76_20220825 00,1131.0771738316325
76_20220825 01,1120.4882373170033
76_20220825 02,1119.8565080961662
76_20220825 03,1091.1345806977504
76_20220825 04,1094.3515741657884
76_20220825 05,1098.5959302620433
76_20220825 06,1110.7552290062163
76_20220825 07,1157.5381386275506
76_20220825 08,1233.6167502387293
76_20220825 09,1398.7642112828698
76_20220825 10,1433.161746287114
76_20220825 11,1439.760072875703
76_20220825 12,1410.0075963042855
76_20220825 13,1466.9835630748182
76_20220825 14,1483.0464054339225
76_20220825 15,1488.392044150123
76_20220825 16,1489.6137336575391
76_20220825 17,1474.5584260749383
76_20220825 18,1347.492098548682
76_20220825 19,1292.5988365554244
76_20220825 20,1264.8721810506183
76_20220825 21,1244.2491145836007
76_20220825 22,1220.2706314119132
76_20220825 23,1195.173768490397
76_20220826 00,1165.5910139347313
76_20220826 01,1157.070886616801
76_20220826 02,1138.0711674512713
76_20220826 03,1105.2427328770564
76_20220826 04,1118.4619991053564
76_20220826 05,1105.1378283227336
76_20220826 06,1113.6412369172706
76_20220826 07,1158.9674975857674
76_20220826 08,1241.55835779399
76_20220826 09,1374.3738114819269
76_20220826 10,1425.5592152687632
76_20220826 11,1413.1965931682155
76_20220826 12,1407.5617499766058
76_20220826 13,1455.7758386607672
76_20220826 14,1464.5038444290474
76_20220826 15,1480.8269433717342
76_20220826 16,1436.7186650216615
76_20220826 17,1404.002483678599
76_20220826 18,1276.5990548651187
76_20220826 19,1231.5634136527635
76_20220826 20,1193.2526351532226
76_20220826 21,1184.065812440474
76_20220826 22,1140.8845295724695
76_20220826 23,1127.0846572618645
76_20220827 00,1086.7234414636855
76_20220827 01,1085.2169282052328
76_20220827 02,1065.1694606146007
76_20220827 03,1063.1465889554113
76_20220827 04,1071.377282826933
76_20220827 05,1063.111687276876
76_20220827 06,1046.5363422165588
76_20220827 07,1031.4665783501307
76_20220827 08,1027.1337320816206
76_20220827 09,1012.7416727216241
76_20220827 10,991.2444642735677
76_20220827 11,991.9060984486697
76_20220827 12,996.1890321532619
76_20220827 13,994.7780528235223
76_20220827 14,1021.5811832994461
76_20220827 15,1032.1246268963162
76_20220827 16,1063.6885387914854
76_20220827 17,1084.7296057185108
76_20220827 18,1091.317925994002
76_20220827 19,1100.4355704255793
76_20220827 20,1066.114346528078
76_20220827 21,1099.006940788307
76_20220827 22,1078.7422042271573
76_20220827 23,1057.7522168044084
76_20220828 00,1049.528578498623
76_20220828 01,1046.4654457111374
76_20220828 02,1033.6545746162285
76_20220828 03,1006.6345984770976
76_20220828 04,1017.4917516180908
76_20220828 05,1018.4663407327564
76_20220828 06,1010.5663138832666
76_20220828 07,999.8560002086698
76_20220828 08,992.1717150231868
76_20220828 09,974.1727836779678
76_20220828 10,960.2275428952348
76_20220828 11,961.740346211311
76_20220828 12,953.8274528234665
76_20220828 13,969.4419006500154
76_20220828 14,984.8711172249609
76_20220828 15,1014.4082558458316
76_20220828 16,1044.4435345312793
76_20220828 17,1072.532027511484
76_20220828 18,1086.5824637073729
76_20220828 19,1085.4015530548536
76_20220828 20,1060.4806016831717
76_20220828 21,1082.6258771969478
76_20220828 22,1071.857793057567
76_20220828 23,1051.816123342981
76_20220829 00,1060.5415585269707
76_20220829 01,1047.4616427515502
76_20220829 02,1047.8463563644614
76_20220829 03,1026.7905566336312
76_20220829 04,1026.3376931165587
76_20220829 05,1039.2724673714226
76_20220829 06,1049.0052217556995
76_20220829 07,1095.3979135778893
76_20220829 08,1193.0208697286523
76_20220829 09,1334.0738234321154
76_20220829 10,1393.9222435755864
76_20220829 11,1393.56882990578
76_20220829 12,1368.0970503164758
76_20220829 13,1422.669676041784
76_20220829 14,1454.3876743827482
76_20220829 15,1460.202789297371
76_20220829 16,1473.8106934861041
76_20220829 17,1416.7414477614072
76_20220829 18,1299.5329678072235
76_20220829 19,1255.5655461297815
76_20220829 20,1221.9287571917482
76_20220829 21,1216.708199528951
76_20220829 22,1173.7959658138839
76_20220829 23,1155.7913083408935
76_20220830 00,1106.8581743484774
76_20220830 01,1089.626752365822
76_20220830 02,1086.7510430436876
76_20220830 03,1076.1706440434386
76_20220830 04,1081.44060303081
76_20220830 05,1085.016158529574
76_20220830 06,1100.0073594954838
76_20220830 07,1124.9416911200706
76_20220830 08,1241.3884694978826
76_20220830 09,1405.3237979911514
76_20220830 10,1458.4653954909322
76_20220830 11,1467.2591653009122
76_20220830 12,1426.9266296738463
76_20220830 13,1486.4792832594974
76_20220830 14,1520.8442307575478
76_20220830 15,1519.4185841353828
76_20220830 16,1507.049869338729
76_20220830 17,1469.0855117251795
76_20220830 18,1337.2628311712695
76_20220830 19,1284.3025076679533
76_20220830 20,1242.7927195756702
76_20220830 21,1227.4749854502115
76_20220830 22,1197.8377535339544
76_20220830 23,1171.0217390083235
76_20220831 00,1122.389607564723
76_20220831 01,1115.8811445765884
76_20220831 02,1109.1812569868848
76_20220831 03,1089.5321385309821
76_20220831 04,1099.2646756740878
76_20220831 05,1099.1662781724476
76_20220831 06,1122.621628462507
76_20220831 07,1160.3354483759763
76_20220831 08,1253.3103503776542
76_20220831 09,1406.218597385482
76_20220831 10,1472.386066644674
76_20220831 11,1463.174195481657
76_20220831 12,1434.125333147417
76_20220831 13,1475.460686652941
76_20220831 14,1492.9037600235172
76_20220831 15,1475.7123207789589
76_20220831 16,1471.088355763336
76_20220831 17,1423.792069506768
76_20220831 18,1305.9773788017294
76_20220831 19,1251.4958324950805
76_20220831 20,1227.4366198544076
76_20220831 21,1208.0174507241504
76_20220831 22,1166.9731777672887
76_20220831 23,1147.2701797044615
77_20220825 00,1076.4917256306117
77_20220825 01,1041.8919456779313
77_20220825 02,950.9666966785271
77_20220825 03,945.8472521409617
77_20220825 04,963.6521297512976
77_20220825 05,1067.8570586984429
77_20220825 06,1291.8438983276508
77_20220825 07,1793.5679206383147
77_20220825 08,2098.8444598717324
77_20220825 09,2111.408833428008
77_20220825 10,2184.1892730159616
77_20220825 11,2192.3980282467787
77_20220825 12,2182.8516914252637
77_20220825 13,2197.020188902423
77_20220825 14,2166.2987675606046
77_20220825 15,2143.2094387249117
77_20220825 16,2125.1057924303786
77_20220825 17,2005.120962102236
77_20220825 18,1514.781465202313
77_20220825 19,1376.535542090136
77_20220825 20,1304.3019037383322
77_20220825 21,1238.2232886952675
77_20220825 22,1167.9518101598496
77_20220825 23,1144.7392716649597
77_20220826 00,1055.3894079290646
77_20220826 01,1013.1844044769791
77_20220826 02,931.323505507273
77_20220826 03,932.1281423301757
77_20220826 04,954.4471414943807
77_20220826 05,1039.8667683462513
77_20220826 06,1269.7660058648657
77_20220826 07,1690.8447176692425
77_20220826 08,1984.9132666418132
77_20220826 09,2044.6743067388372
77_20220826 10,2131.7717838234407
77_20220826 11,2147.63117243158
77_20220826 12,2145.765019862778
77_20220826 13,2180.729880707346
77_20220826 14,2152.851959094423
77_20220826 15,2147.5687302101924
77_20220826 16,2123.583214221195
77_20220826 17,1991.1414976647416
77_20220826 18,1513.3628785485764
77_20220826 19,1365.2465112131488
77_20220826 20,1309.7942047187253
77_20220826 21,1236.3965257971256
77_20220826 22,1172.3447011002902
77_20220826 23,1145.8337215619551
77_20220827 00,1039.0865701889354
77_20220827 01,1005.0183551486659
77_20220827 02,941.768815316278
77_20220827 03,930.8458337488457
77_20220827 04,947.2007348670455
77_20220827 05,956.8208534351061
77_20220827 06,1032.2013704416368
77_20220827 07,1050.2400063280918
77_20220827 08,1122.1619255995417
77_20220827 09,1136.5295942956318
77_20220827 10,1174.8445585420657
77_20220827 11,1180.1707616407762
77_20220827 12,1201.6299713919063
77_20220827 13,1220.3560295433538
77_20220827 14,1236.0561449390416
77_20220827 15,1232.3546562328518
77_20220827 16,1221.0537859997814
77_20220827 17,1222.1068381220362
77_20220827 18,1186.55216553111
77_20220827 19,1155.1146890933874
77_20220827 20,1151.9998797900548
77_20220827 21,1120.1476449578636
77_20220827 22,1067.846097422233
77_20220827 23,1060.0428826576353
77_20220828 00,995.267844992317
77_20220828 01,970.5282473147329
77_20220828 02,912.6410075995291
77_20220828 03,909.4209028985799
77_20220828 04,925.2555708854505
77_20220828 05,939.5306127443079
77_20220828 06,1015.3382193772692
77_20220828 07,1030.4726485602373
77_20220828 08,1106.4906305516006
77_20220828 09,1134.4180704942453
77_20220828 10,1157.48063804282
77_20220828 11,1167.862899193024
77_20220828 12,1190.9890982285442
77_20220828 13,1208.3654181452557
77_20220828 14,1215.9750586083737
77_20220828 15,1228.2636735858805
77_20220828 16,1230.856440596588
77_20220828 17,1235.515268231541
77_20220828 18,1187.146282625204
77_20220828 19,1161.5941380246877
77_20220828 20,1150.2034126570763
77_20220828 21,1124.193767255816
77_20220828 22,1073.7232277869002
77_20220828 23,1069.4780026382753
77_20220829 00,1025.5493241603413
77_20220829 01,1000.2040368471626
77_20220829 02,927.6521532536453
77_20220829 03,926.741663643793
77_20220829 04,950.9480003943695
77_20220829 05,1038.8622781375361
77_20220829 06,1266.4507983060093
77_20220829 07,1725.8705047721314
77_20220829 08,1997.1151483842136
77_20220829 09,2047.9770240068901
77_20220829 10,2084.2202715646854
77_20220829 11,2093.566692118116
77_20220829 12,2069.1905469591293
77_20220829 13,2095.7419056693348
77_20220829 14,2079.0035368274575
77_20220829 15,2068.676871250354
77_20220829 16,2034.5568830162158
77_20220829 17,1926.3395157167254
77_20220829 18,1481.623637061162
77_20220829 19,1346.0836979458754
77_20220829 20,1283.7689302762356
77_20220829 21,1217.2310663526057
77_20220829 22,1156.2716611228984
77_20220829 23,1128.82254209523
77_20220830 00,1039.0158571454863
77_20220830 01,1002.4383523811359
77_20220830 02,926.8482170528334
77_20220830 03,928.3718039033663
77_20220830 04,945.8336769684877
77_20220830 05,1036.8350840995354
77_20220830 06,1264.3749558595994
77_20220830 07,1738.7366222126873
77_20220830 08,2013.3433112123744
77_20220830 09,2056.398504113708
77_20220830 10,2095.8554298915883
77_20220830 11,2109.0668151912782
77_20220830 12,2082.4305396174072
77_20220830 13,2109.5164533526945
77_20220830 14,2086.7448897091913
77_20220830 15,2077.685524778288
77_20220830 16,2053.085649178003
77_20220830 17,1950.869434542771
77_20220830 18,1501.55853708053
77_20220830 19,1352.2917955122791
77_20220830 20,1295.6031821458616
77_20220830 21,1225.2606123125217
77_20220830 22,1163.4395754250331
77_20220830 23,1133.3620237684495
77_20220831 00,1044.7913209654134
77_20220831 01,1005.3629190308862
77_20220831 02,929.0168921243643
77_20220831 03,925.8154404618748
77_20220831 04,949.7703670561273
77_20220831 05,1035.612210744615
77_20220831 06,1268.3173288599253
77_20220831 07,1717.418972994392
77_20220831 08,1989.0191143635236
77_20220831 09,2030.3513952147632
77_20220831 10,2077.370011275847
77_20220831 11,2092.0069146155524
77_20220831 12,2050.336237800875
77_20220831 13,2117.45324242473
77_20220831 14,2071.872822837653
77_20220831 15,2085.1561698117366
77_20220831 16,2052.6206389280887
77_20220831 17,1946.5593368858677
77_20220831 18,1497.480419285779
77_20220831 19,1357.0211411792022
77_20220831 20,1284.655594255074
77_20220831 21,1222.891993921515
77_20220831 22,1168.813168068245
77_20220831 23,1142.66771173516
78_20220825 00,962.9100879953112
78_20220825 01,957.7404310381627
78_20220825 02,940.5289063294781
78_20220825 03,936.2678908675217
78_20220825 04,943.6368134192724
78_20220825 05,953.6404961297453
78_20220825 06,1071.9073272518367
78_20220825 07,1388.2998588913242
78_20220825 08,2129.887289305657
78_20220825 09,2766.4358982730505
78_20220825 10,2862.7234750029816
78_20220825 11,2873.134281521541
78_20220825 12,2878.2701977163097
78_20220825 13,2877.3230587227235
78_20220825 14,2844.6359253692567
78_20220825 15,2787.0333636978116
78_20220825 16,2752.4938752599023
78_20220825 17,2441.2684373429743
78_20220825 18,1874.5505053526936
78_20220825 19,1678.3902334882491
78_20220825 20,1392.9313897170682
78_20220825 21,1184.2609283587165
78_20220825 22,1032.7718023604434
78_20220825 23,989.3523974434876
78_20220826 00,940.9095736058254
78_20220826 01,932.306617809782
78_20220826 02,929.6106041613153
78_20220826 03,931.1610790386794
78_20220826 04,933.2810252852206
78_20220826 05,944.8368186229623
78_20220826 06,1068.3294184242998
78_20220826 07,1351.9495928151857
78_20220826 08,2018.2323960838185
78_20220826 09,2737.143297952729
78_20220826 10,2860.433016077404
78_20220826 11,2856.38726764601
78_20220826 12,2874.4898480957145
78_20220826 13,2915.695214860326
78_20220826 14,2883.3450461948682
78_20220826 15,2853.425111422199
78_20220826 16,2863.2252975684073
78_20220826 17,2454.042956136044
78_20220826 18,1878.8344221879745
78_20220826 19,1643.8922152844366
78_20220826 20,1383.8817811126012
78_20220826 21,1180.3645460481393
78_20220826 22,1038.0403184691402
78_20220826 23,1000.9277766826042
78_20220827 00,935.7174764054998
78_20220827 01,922.3766306209761
78_20220827 02,912.620249400604
78_20220827 03,914.1776795209003
78_20220827 04,911.4322257126773
78_20220827 05,909.6187229480398
78_20220827 06,938.3291640122405
78_20220827 07,963.7559239496625
78_20220827 08,985.1164328477055
78_20220827 09,1062.9398448910101
78_20220827 10,1152.869723091998
78_20220827 11,1177.1810094463767
78_20220827 12,1180.702680379193
78_20220827 13,1192.6753309395062
78_20220827 14,1199.5495348317675
78_20220827 15,1177.9454120897067
78_20220827 16,1150.070868926047
78_20220827 17,1132.1675779238199
78_20220827 18,1099.4335975653955
78_20220827 19,1050.0936093980513
78_20220827 20,1011.4136226762029
78_20220827 21,969.8537692290431
78_20220827 22,902.3332714026094
78_20220827 23,906.1734698407704
78_20220828 00,883.3974136186794
78_20220828 01,883.2749587195765
78_20220828 02,884.8190684830547
78_20220828 03,884.1089230482726
78_20220828 04,888.6860491175967
78_20220828 05,887.6870245774306
78_20220828 06,910.6959802553288
78_20220828 07,935.0297104270917
78_20220828 08,953.7162836456416
78_20220828 09,1002.6334485768962
78_20220828 10,1107.2877735445604
78_20220828 11,1122.6701601290729
78_20220828 12,1144.6177188438428
78_20220828 13,1159.4807986122
78_20220828 14,1165.2919437263504
78_20220828 15,1179.574053045685
78_20220828 16,1174.6729691776143
78_20220828 17,1151.1938170961344
78_20220828 18,1112.7286668892768
78_20220828 19,1078.6128639232059
78_20220828 20,1032.1182388583206
78_20220828 21,993.9465216010697
78_20220828 22,920.9689871018287
78_20220828 23,928.0842836771028
78_20220829 00,922.36396365927
78_20220829 01,916.4266042410158
78_20220829 02,907.8544362051528
78_20220829 03,909.3997280707326
78_20220829 04,907.3203330040517
78_20220829 05,929.1587886435491
78_20220829 06,1040.4810910284195
78_20220829 07,1330.0022847799487
78_20220829 08,1958.9773663579706
78_20220829 09,2664.152404411999
78_20220829 10,2759.463898277911
78_20220829 11,2747.716286853096
78_20220829 12,2719.1315451164223
78_20220829 13,2733.4941947749153
78_20220829 14,2718.848219149203
78_20220829 15,2688.355243297154
78_20220829 16,2599.72230792555
78_20220829 17,2250.1137664718713
78_20220829 18,1731.0363452491167
78_20220829 19,1544.0255985177293
78_20220829 20,1330.8676233392252
78_20220829 21,1131.5500482548046
78_20220829 22,1006.7040157344841
78_20220829 23,971.2461039327313
78_20220830 00,914.7211791896545
78_20220830 01,914.3810162188211
78_20220830 02,907.5515182680051
78_20220830 03,916.6535720597819
78_20220830 04,919.6519279502099
78_20220830 05,931.512653747903
78_20220830 06,1053.8796608200769
78_20220830 07,1321.3804415030415
78_20220830 08,1969.0137937127035
78_20220830 09,2624.084965823409
78_20220830 10,2712.100717321187
78_20220830 11,2713.5271262942565
78_20220830 12,2703.779171800015
78_20220830 13,2754.7774957805127
78_20220830 14,2736.6074904653738
78_20220830 15,2682.6534720765676
78_20220830 16,2646.651276974437
78_20220830 17,2355.2058344941
78_20220830 18,1823.721823175908
78_20220830 19,1613.7554615734473
78_20220830 20,1380.9419216216727
78_20220830 21,1170.821723738034
78_20220830 22,1034.2389973274117
78_20220830 23,991.376529507378
78_20220831 00,934.315373375425
78_20220831 01,927.1782011592579
78_20220831 02,919.8486935545993
78_20220831 03,922.021496045938
78_20220831 04,926.9003825032534
78_20220831 05,939.9949940159861
78_20220831 06,1061.1831022356641
78_20220831 07,1338.5116809944639
78_20220831 08,1958.7863382956182
78_20220831 09,2591.2986231427267
78_20220831 10,2677.76780598236
78_20220831 11,2721.7673161564776
78_20220831 12,2711.342071647181
78_20220831 13,2739.3167272210235
78_20220831 14,2719.7536992313535
78_20220831 15,2717.2133634013235
78_20220831 16,2678.5776551403856
78_20220831 17,2337.6934920825597
78_20220831 18,1808.9005619472596
78_20220831 19,1612.0365751276636
78_20220831 20,1356.5127312634747
78_20220831 21,1156.6758256366209
78_20220831 22,1026.5657837436038
78_20220831 23,992.5921938512422
79_20220825 00,2163.512960793727
79_20220825 01,2153.932092308158
79_20220825 02,2131.5046943381794
79_20220825 03,2110.3452049808475
79_20220825 04,2131.3465439374586
79_20220825 05,2152.184511441874
79_20220825 06,2419.714062550292
79_20220825 07,2939.3788269509546
79_20220825 08,3603.2905584935274
79_20220825 09,3998.88719740678
79_20220825 10,4096.597099331371
79_20220825 11,4098.620121387022
79_20220825 12,4093.114154630938
79_20220825 13,4084.6920820457367
79_20220825 14,4045.242091197739
79_20220825 15,3949.393918104034
79_20220825 16,3790.0627945761175
79_20220825 17,3565.1294750501906
79_20220825 18,3060.631181674914
79_20220825 19,2721.207381163854
79_20220825 20,2524.9557932063753
79_20220825 21,2413.1931972274842
79_20220825 22,2328.610648418461
79_20220825 23,2249.699389370587
79_20220826 00,2149.202884849514
79_20220826 01,2124.0877221873025
79_20220826 02,2131.418494958792
79_20220826 03,2112.419024909307
79_20220826 04,2116.907354248514
79_20220826 05,2149.395772914517
79_20220826 06,2381.2216598003456
79_20220826 07,2900.398108421287
79_20220826 08,3565.4940318599647
79_20220826 09,3979.5430546419043
79_20220826 10,4095.661919564954
79_20220826 11,4113.088398396098
79_20220826 12,4109.36525692968
79_20220826 13,4109.112680762909
79_20220826 14,4087.422015729418
79_20220826 15,4011.403737611352
79_20220826 16,3856.844764880686
79_20220826 17,3614.6144801283813
79_20220826 18,3020.2778318961487
79_20220826 19,2673.759884365369
79_20220826 20,2509.9892938734456
79_20220826 21,2404.7373046353036
79_20220826 22,2319.4091875646327
79_20220826 23,2244.6068436072787
79_20220827 00,2132.5762583035003
79_20220827 01,2116.288539646277
79_20220827 02,2118.4296057133624
79_20220827 03,2091.821611213788
79_20220827 04,2077.6256166805024
79_20220827 05,2014.3254676340468
79_20220827 06,2092.1972382835984
79_20220827 07,2268.6103402304125
79_20220827 08,2539.0543161671785
79_20220827 09,2647.6231241185637
79_20220827 10,2726.2977797888902
79_20220827 11,2739.018982740985
79_20220827 12,2750.7397372312025
79_20220827 13,2719.530305115527
79_20220827 14,2719.037411852428
79_20220827 15,2669.3229618031583
79_20220827 16,2620.7714814042392
79_20220827 17,2488.9051548608495
79_20220827 18,2337.3556706464433
79_20220827 19,2242.407646461327
79_20220827 20,2176.4545741005604
79_20220827 21,2068.963107877914
79_20220827 22,2030.5432052057668
79_20220827 23,1975.4402539325383
79_20220828 00,1919.469971644893
79_20220828 01,1897.6832820421582
79_20220828 02,1889.6815218032566
79_20220828 03,1873.2332933057764
79_20220828 04,1859.5209006670316
79_20220828 05,1848.8650705152832
79_20220828 06,1844.980036916494
79_20220828 07,1930.073122718231
79_20220828 08,2130.2761811451282
79_20220828 09,2202.0972997319295
79_20220828 10,2298.0106484285916
79_20220828 11,2316.284826769369
79_20220828 12,2312.9989766361405
79_20220828 13,2324.9962359087863
79_20220828 14,2321.400438877321
79_20220828 15,2315.600451713212
79_20220828 16,2297.891412091022
79_20220828 17,2256.894012084543
79_20220828 18,2170.80782899197
79_20220828 19,2104.3850147101066
79_20220828 20,2060.620303427121
79_20220828 21,1956.3134552882868
79_20220828 22,1869.9024506749854
79_20220828 23,1841.0649107929705
79_20220829 00,1874.3810616929068
79_20220829 01,1856.0048894326287
79_20220829 02,1847.2762126355638
79_20220829 03,1850.2151044031093
79_20220829 04,1889.814057866965
79_20220829 05,1927.488743073877
79_20220829 06,2227.7297853754435
79_20220829 07,2788.753014584184
79_20220829 08,3490.9039884571916
79_20220829 09,3835.98560477353
79_20220829 10,3911.6680065155015
79_20220829 11,3899.4886171943162
79_20220829 12,3892.420910770864
79_20220829 13,3890.557046481815
79_20220829 14,3881.438652083847
79_20220829 15,3811.8750225553454
79_20220829 16,3667.1876984832516
79_20220829 17,3461.8306195997325
79_20220829 18,2901.7130193286293
79_20220829 19,2590.805002886641
79_20220829 20,2372.1385250951616
79_20220829 21,2287.1359776227837
79_20220829 22,2203.083917057387
79_20220829 23,2132.6835392695175
79_20220830 00,2002.0778312342918
79_20220830 01,1999.9390544939697
79_20220830 02,2036.3644693739882
79_20220830 03,2043.9749537378036
79_20220830 04,2066.0214764344128
79_20220830 05,2104.0266191542296
79_20220830 06,2314.1899939715495
79_20220830 07,2768.22558103696
79_20220830 08,3502.6737433827784
79_20220830 09,3832.765256228044
79_20220830 10,3929.742988459253
79_20220830 11,3929.479398550136
79_20220830 12,3928.796285460599
79_20220830 13,3932.070633774033
79_20220830 14,3912.7043126669982
79_20220830 15,3850.9282728965723
79_20220830 16,3701.460522027039
79_20220830 17,3504.677699886614
79_20220830 18,2985.934887230145
79_20220830 19,2649.7768464603696
79_20220830 20,2447.2168963392846
79_20220830 21,2342.5683178937898
79_20220830 22,2285.308920905361
79_20220830 23,2207.078556348554
79_20220831 00,2129.499796150256
79_20220831 01,2114.806034985035
79_20220831 02,2116.641114154799
79_20220831 03,2099.992532503077
79_20220831 04,2123.340820921455
79_20220831 05,2126.2112635157655
79_20220831 06,2327.174396031576
79_20220831 07,2802.267628892223
79_20220831 08,3503.7143384667934
79_20220831 09,3837.4564408448427
79_20220831 10,3916.041386000029
79_20220831 11,3949.7394849092575
79_20220831 12,3936.785864444833
79_20220831 13,3943.1497384414706
79_20220831 14,3918.331102258904
79_20220831 15,3840.7963506786637
79_20220831 16,3703.073852818533
79_20220831 17,3523.650327477185
79_20220831 18,2992.1608349158905
79_20220831 19,2650.064772923134
79_20220831 20,2435.616594072112
79_20220831 21,2348.974623528042
79_20220831 22,2297.912471902883
79_20220831 23,2226.2509931636637
80_20220825 00,1255.9814383326473
80_20220825 01,1219.397298109012
80_20220825 02,1187.0406814710595
80_20220825 03,1184.2462982351549
80_20220825 04,1191.6700021595707
80_20220825 05,1266.3981123527556
80_20220825 06,1560.8440413232706
80_20220825 07,2168.5284862508834
80_20220825 08,3793.6957212714187
80_20220825 09,4936.191798959821
80_20220825 10,5146.000006971604
80_20220825 11,5084.550205702636
80_20220825 12,4871.552466145064
80_20220825 13,4863.300779203106
80_20220825 14,5016.464326089319
80_20220825 15,4826.443169877619
80_20220825 16,4707.247753730463
80_20220825 17,4139.241004068313
80_20220825 18,3006.6083675453406
80_20220825 19,2401.039055354388
80_20220825 20,2054.138845921769
80_20220825 21,1692.078306012549
80_20220825 22,1427.1466201024891
80_20220825 23,1296.158185265359
80_20220826 00,1231.2302499916605
80_20220826 01,1197.9732773786623
80_20220826 02,1187.3482442505465
80_20220826 03,1175.519383564544
80_20220826 04,1182.6759825087547
80_20220826 05,1261.0523533767246
80_20220826 06,1547.3468862025165
80_20220826 07,2136.0744858354124
80_20220826 08,3790.8315248178747
80_20220826 09,4971.893610733035
80_20220826 10,5082.065342780762
80_20220826 11,5171.863253437998
80_20220826 12,4882.668711573998
80_20220826 13,5019.436402985451
80_20220826 14,5143.662580552047
80_20220826 15,5111.1854456024585
80_20220826 16,4926.560494084544
80_20220826 17,4267.9169267607485
80_20220826 18,3004.5882365194993
80_20220826 19,2383.6498479575434
80_20220826 20,2091.1817018448182
80_20220826 21,1699.2234623510792
80_20220826 22,1420.283624811831
80_20220826 23,1311.0885647480284
80_20220827 00,1221.768623252865
80_20220827 01,1194.0423487628018
80_20220827 02,1161.4406563276405
80_20220827 03,1160.2135846813947
80_20220827 04,1152.245160804601
80_20220827 05,1196.7296921059983
80_20220827 06,1254.3671720554166
80_20220827 07,1309.8505531661972
80_20220827 08,1580.3271066621014
80_20220827 09,1687.0113742139815
80_20220827 10,1709.3730693211467
80_20220827 11,1784.876718534596
80_20220827 12,1868.8470415241522
80_20220827 13,1818.2224845667056
80_20220827 14,1805.13701696627
80_20220827 15,1726.2661478324208
80_20220827 16,1636.9079350777824
80_20220827 17,1539.4957297071078
80_20220827 18,1437.616488510809
80_20220827 19,1308.8551432840868
80_20220827 20,1241.2329202234914
80_20220827 21,1202.1816967308405
80_20220827 22,1170.966808501772
80_20220827 23,1105.2479235044188
80_20220828 00,1083.7178349999342
80_20220828 01,1053.207072755461
80_20220828 02,1050.5313256143093
80_20220828 03,1035.9313957056243
80_20220828 04,1044.9718986160883
80_20220828 05,1103.6324007023647
80_20220828 06,1087.4821349875397
80_20220828 07,1138.8624291018336
80_20220828 08,1276.1594759923241
80_20220828 09,1323.4320285105641
80_20220828 10,1336.240019166716
80_20220828 11,1410.977661383223
80_20220828 12,1503.647845309461
80_20220828 13,1484.5889277230408
80_20220828 14,1503.1661731989325
80_20220828 15,1492.4344921324655
80_20220828 16,1461.0097293446881
80_20220828 17,1411.5137852815174
80_20220828 18,1343.121414329741
80_20220828 19,1272.2265939192107
80_20220828 20,1218.0701304017948
80_20220828 21,1203.4034932955874
80_20220828 22,1164.68499634693
80_20220828 23,1105.3474799125383
80_20220829 00,1114.8464283556195
80_20220829 01,1103.9590142259817
80_20220829 02,1099.4311572564557
80_20220829 03,1100.4792156971648
80_20220829 04,1105.02864063031
80_20220829 05,1179.4333206192523
80_20220829 06,1480.5859740180558
80_20220829 07,2155.855406154711
80_20220829 08,3890.158824111536
80_20220829 09,5064.707409209961
80_20220829 10,5146.859425385817
80_20220829 11,5134.374637223287
80_20220829 12,4928.294978960708
80_20220829 13,4979.409875329768
80_20220829 14,5061.015258478006
80_20220829 15,4981.511669403883
80_20220829 16,4758.614385300461
80_20220829 17,4213.531786881687
80_20220829 18,3017.779933991371
80_20220829 19,2368.968241855356
80_20220829 20,2039.963631455841
80_20220829 21,1651.8731165323738
80_20220829 22,1390.144297280719
80_20220829 23,1268.8248186649985
80_20220830 00,1189.7613244741488
80_20220830 01,1164.3650944064907
80_20220830 02,1147.879912365313
80_20220830 03,1141.2983394560308
80_20220830 04,1147.994469783474
80_20220830 05,1222.462514817821
80_20220830 06,1506.9116365510356
80_20220830 07,2101.7864144673213
80_20220830 08,3676.447596164513
80_20220830 09,4806.854764173186
80_20220830 10,4947.3244871231145
80_20220830 11,4902.2228438095935
80_20220830 12,4746.930474366186
80_20220830 13,4785.4742857834635
80_20220830 14,4903.71564678649
80_20220830 15,4805.423133353332
80_20220830 16,4646.234601157833
80_20220830 17,4151.065031260976
80_20220830 18,2977.8501334037524
80_20220830 19,2364.4114016897165
80_20220830 20,2034.8392234985533
80_20220830 21,1664.4823086118813
80_20220830 22,1391.9375841028
80_20220830 23,1276.65008009357
80_20220831 00,1212.083804416634
80_20220831 01,1178.994680644219
80_20220831 02,1164.498159471249
80_20220831 03,1161.0405461804803
80_20220831 04,1172.553603947425
80_20220831 05,1246.3115785715604
80_20220831 06,1531.5786650733353
80_20220831 07,2115.3117644513636
80_20220831 08,3667.9422897223803
80_20220831 09,4681.140615960631
80_20220831 10,4891.18064614462
80_20220831 11,4890.378708905888
80_20220831 12,4680.195314003671
80_20220831 13,4772.170394037493
80_20220831 14,4875.441706018171
80_20220831 15,4773.982977371917
80_20220831 16,4605.527381361535
80_20220831 17,4148.709012488767
80_20220831 18,2971.973449952958
80_20220831 19,2374.942820295241
80_20220831 20,2038.7304004072666
80_20220831 21,1654.137313389495
80_20220831 22,1391.375788715701
80_20220831 23,1278.5688971692985
81_20220825 00,544.9955234058101
81_20220825 01,499.7664626547772
81_20220825 02,483.4314018449204
81_20220825 03,481.75673750399136
81_20220825 04,466.7456487391467
81_20220825 05,480.67942921759357
81_20220825 06,531.1067732052576
81_20220825 07,639.167568279132
81_20220825 08,770.6949664937666
81_20220825 09,1345.2813937236447
81_20220825 10,1888.429586143348
81_20220825 11,2165.479019319138
81_20220825 12,2178.788935360538
81_20220825 13,2144.4240661222143
81_20220825 14,2110.683593885871
81_20220825 15,2015.6560167987177
81_20220825 16,2037.5867374259824
81_20220825 17,2083.5136289027396
81_20220825 18,2096.877791534406
81_20220825 19,2124.1467908984887
81_20220825 20,2032.765082484841
81_20220825 21,1683.3090425799987
81_20220825 22,827.5162395041383
81_20220825 23,644.3048294309282
81_20220826 00,543.4704580465905
81_20220826 01,508.2631574318467
81_20220826 02,481.2398858658142
81_20220826 03,470.60462111784443
81_20220826 04,464.80923271699345
81_20220826 05,481.3318444557424
81_20220826 06,563.864351394128
81_20220826 07,674.4301174642022
81_20220826 08,852.9776900708132
81_20220826 09,1385.699509890539
81_20220826 10,1907.9267378147513
81_20220826 11,2187.3886313578664
81_20220826 12,2175.030947421059
81_20220826 13,2185.9273546865347
81_20220826 14,2157.4690552295715
81_20220826 15,2149.0838876445696
81_20220826 16,2154.9153818383484
81_20220826 17,2154.8065846694576
81_20220826 18,2190.2501612726783
81_20220826 19,2204.6129732583727
81_20220826 20,2161.392052107999
81_20220826 21,1793.231706494573
81_20220826 22,914.7805098315039
81_20220826 23,718.3284414986391
81_20220827 00,628.0325684938239
81_20220827 01,549.4648776145125
81_20220827 02,492.9731453933148
81_20220827 03,486.8939074202419
81_20220827 04,470.53035869383245
81_20220827 05,483.2808491479823
81_20220827 06,515.1516323177043
81_20220827 07,631.7296166051854
81_20220827 08,806.8229943694046
81_20220827 09,1339.478494273764
81_20220827 10,1778.6897372240537
81_20220827 11,2119.7301803221335
81_20220827 12,2176.468832912695
81_20220827 13,2177.0463657683267
81_20220827 14,2178.7719267346465
81_20220827 15,2203.1530296755454
81_20220827 16,2197.9120250729657
81_20220827 17,2212.0331380853495
81_20220827 18,2198.1236061178524
81_20220827 19,2201.4914192105707
81_20220827 20,2119.6584291197414
81_20220827 21,1717.3425182637188
81_20220827 22,872.0404411805102
81_20220827 23,683.2811423705373
81_20220828 00,601.927049148185
81_20220828 01,529.6406968877398
81_20220828 02,473.7488352520642
81_20220828 03,469.25167842065434
81_20220828 04,470.4968713772508
81_20220828 05,476.27895437043065
81_20220828 06,506.4979015317128
81_20220828 07,627.6401814693638
81_20220828 08,785.5638593866338
81_20220828 09,1294.4038671789203
81_20220828 10,1822.7778792399617
81_20220828 11,2140.4931994448652
81_20220828 12,2164.4949232793915
81_20220828 13,2206.799335205761
81_20220828 14,2205.324314114053
81_20220828 15,2241.9014620895177
81_20220828 16,2249.321918943535
81_20220828 17,2249.255971602959
81_20220828 18,2228.287235469412
81_20220828 19,2216.0051641460896
81_20220828 20,2135.0612250276386
81_20220828 21,1749.8322328090057
81_20220828 22,839.6524492496136
81_20220828 23,658.3449573813637
81_20220829 00,532.8623493214707
81_20220829 01,492.7800052968722
81_20220829 02,471.6487871010245
81_20220829 03,467.1302762524295
81_20220829 04,460.1643779164174
81_20220829 05,466.856739270712
81_20220829 06,527.8443868972238
81_20220829 07,640.072739513349
81_20220829 08,765.1810154904847
81_20220829 09,1332.9893597114612
81_20220829 10,1806.9484661055387
81_20220829 11,2027.6264445874942
81_20220829 12,2019.471912326161
81_20220829 13,2080.832628743438
81_20220829 14,2055.176539878072
81_20220829 15,2038.7962092069467
81_20220829 16,2043.19126037365
81_20220829 17,2005.66538837107
81_20220829 18,2012.0629012957218
81_20220829 19,2054.235235729168
81_20220829 20,1934.9289336794805
81_20220829 21,1610.2153495486082
81_20220829 22,809.4206014041652
81_20220829 23,640.2201080486518
81_20220830 00,539.2841891082892
81_20220830 01,502.2733748756871
81_20220830 02,474.2228950542614
81_20220830 03,473.59196334927043
81_20220830 04,469.48103162621834
81_20220830 05,473.6315356550609
81_20220830 06,535.2982556349984
81_20220830 07,642.0339526493851
81_20220830 08,766.444851363482
81_20220830 09,1333.3006999672443
81_20220830 10,1779.6222917512796
81_20220830 11,1998.1125995470102
81_20220830 12,1995.0723662847868
81_20220830 13,2030.1234356218674
81_20220830 14,2008.337798643641
81_20220830 15,1985.0201683326936
81_20220830 16,1998.4633509458424
81_20220830 17,2004.4052985538979
81_20220830 18,2018.4027129584317
81_20220830 19,2029.7477483122066
81_20220830 20,1955.1992468134472
81_20220830 21,1649.3881141807087
81_20220830 22,830.5723316686215
81_20220830 23,656.9241669685343
81_20220831 00,545.3245143971471
81_20220831 01,503.8662941441973
81_20220831 02,474.2152288303254
81_20220831 03,463.82838469445625
81_20220831 04,462.6386419452434
81_20220831 05,475.43115050946
81_20220831 06,533.2749774662178
81_20220831 07,645.354265391829
81_20220831 08,759.5115091058584
81_20220831 09,1311.0605506218087
81_20220831 10,1694.1463251809896
81_20220831 11,2064.391471654487
81_20220831 12,2042.3866913310144
81_20220831 13,2069.170385474482
81_20220831 14,2062.633310086218
81_20220831 15,2030.6550191293732
81_20220831 16,2042.83745905326
81_20220831 17,2054.0060924971563
81_20220831 18,2053.1024037972597
81_20220831 19,2086.042507157885
81_20220831 20,1975.9363222112897
81_20220831 21,1653.858840102852
81_20220831 22,802.523527818307
81_20220831 23,636.8233098279211
82_20220825 00,1375.6885165661233
82_20220825 01,1270.9473587499463
82_20220825 02,1196.7889691822775
82_20220825 03,1175.7132665248107
82_20220825 04,1190.1986763220889
82_20220825 05,1225.2049070937055
82_20220825 06,1430.1239834127705
82_20220825 07,1877.7011038207274
82_20220825 08,2819.5616839773
82_20220825 09,3824.660101575918
82_20220825 10,4185.311252907887
82_20220825 11,4177.098517701309
82_20220825 12,3958.2156603514854
82_20220825 13,4037.0858198139213
82_20220825 14,4143.288759997805
82_20220825 15,4150.503077329763
82_20220825 16,3990.897009489504
82_20220825 17,3417.6720438810735
82_20220825 18,2677.7579600423455
82_20220825 19,2238.3464282278974
82_20220825 20,1976.0193551014524
82_20220825 21,1812.3529728212184
82_20220825 22,1625.191727979723
82_20220825 23,1492.7699888034642
82_20220826 00,1329.7099151409864
82_20220826 01,1242.9423240015867
82_20220826 02,1192.608563978345
82_20220826 03,1163.2453772216013
82_20220826 04,1182.269600907941
82_20220826 05,1222.5242344936223
82_20220826 06,1427.832406682487
82_20220826 07,1881.4669537666487
82_20220826 08,2838.2312711938716
82_20220826 09,3842.10204736615
82_20220826 10,4210.5542775110525
82_20220826 11,4232.197568255597
82_20220826 12,4026.258220984431
82_20220826 13,4206.784824133468
82_20220826 14,4285.953075694973
82_20220826 15,4210.4936953433025
82_20220826 16,4007.0854111802832
82_20220826 17,3534.6855717971107
82_20220826 18,2743.0762438162915
82_20220826 19,2301.425805896655
82_20220826 20,2061.4362881735565
82_20220826 21,1927.9729427928623
82_20220826 22,1745.4124229838349
82_20220826 23,1606.5923262126876
82_20220827 00,1393.6255543326683
82_20220827 01,1289.3287702949399
82_20220827 02,1230.6299543305379
82_20220827 03,1134.6576181078408
82_20220827 04,1115.0518649100725
82_20220827 05,1121.5135882376594
82_20220827 06,1161.7775478570954
82_20220827 07,1240.7807643248989
82_20220827 08,1488.5575428552843
82_20220827 09,1731.167183399944
82_20220827 10,1883.2372522517662
82_20220827 11,1971.6723339886794
82_20220827 12,1938.6096118675036
82_20220827 13,1941.3076768221088
82_20220827 14,1945.3144073302437
82_20220827 15,1891.1100815123723
82_20220827 16,1821.3780304940408
82_20220827 17,1687.5343021460592
82_20220827 18,1534.471091388697
82_20220827 19,1410.5512148124135
82_20220827 20,1398.7899980644893
82_20220827 21,1376.3879984010468
82_20220827 22,1295.7429039544954
82_20220827 23,1231.4874389234274
82_20220828 00,1139.8615461201398
82_20220828 01,1074.2358548297384
82_20220828 02,1020.8232381064753
82_20220828 03,1012.5142704697585
82_20220828 04,999.4924585452552
82_20220828 05,1002.6552172392751
82_20220828 06,1014.8664842591958
82_20220828 07,1094.259264740705
82_20220828 08,1221.1007683239177
82_20220828 09,1354.4386625449906
82_20220828 10,1488.8298130962544
82_20220828 11,1545.4194308880567
82_20220828 12,1580.8705980074278
82_20220828 13,1647.3829376442277
82_20220828 14,1687.2692019194678
82_20220828 15,1683.183279814405
82_20220828 16,1662.4413279237128
82_20220828 17,1574.6721096561075
82_20220828 18,1463.0994251508835
82_20220828 19,1381.9674268457807
82_20220828 20,1394.677325136584
82_20220828 21,1362.8811238854885
82_20220828 22,1286.607824500883
82_20220828 23,1218.7972096344474
82_20220829 00,1204.3617160493718
82_20220829 01,1128.4620138358582
82_20220829 02,1085.8759922501076
82_20220829 03,1062.2179703624647
82_20220829 04,1072.8845564531111
82_20220829 05,1134.053637440108
82_20220829 06,1356.4103209254918
82_20220829 07,1791.8821377251818
82_20220829 08,2728.833010196069
82_20220829 09,3821.4081982247235
82_20220829 10,4090.4440206993604
82_20220829 11,4118.017103462536
82_20220829 12,3947.7411972462937
82_20220829 13,4055.9401400222773
82_20220829 14,4129.213194805057
82_20220829 15,4068.7580757681417
82_20220829 16,3893.653168381631
82_20220829 17,3427.5489724773047
82_20220829 18,2615.859624637552
82_20220829 19,2152.134592794102
82_20220829 20,1931.643416924597
82_20220829 21,1789.874097352079
82_20220829 22,1606.1794251551455
82_20220829 23,1459.2941934046748
82_20220830 00,1293.5214099895716
82_20220830 01,1198.5733690151283
82_20220830 02,1151.6213029515256
82_20220830 03,1128.9479138158954
82_20220830 04,1143.402724626323
82_20220830 05,1185.8005696316463
82_20220830 06,1385.9407270949127
82_20220830 07,1823.2735550352309
82_20220830 08,2651.7611568268353
82_20220830 09,3701.5417410582722
82_20220830 10,3976.7006965240967
82_20220830 11,4011.5181650094123
82_20220830 12,3838.9210064198874
82_20220830 13,3987.2123174015424
82_20220830 14,4094.5926752596097
82_20220830 15,4028.6754029845333
82_20220830 16,3870.5492375666645
82_20220830 17,3320.5679515718703
82_20220830 18,2593.2359703432135
82_20220830 19,2202.5232940103847
82_20220830 20,1970.49077862075
82_20220830 21,1817.4339758913459
82_20220830 22,1632.4983295208322
82_20220830 23,1478.2919732873468
82_20220831 00,1316.4117762900264
82_20220831 01,1221.1049831102932
82_20220831 02,1172.6458647128434
82_20220831 03,1141.3917969100112
82_20220831 04,1160.4559550741915
82_20220831 05,1189.8125302651024
82_20220831 06,1385.8999569790924
82_20220831 07,1786.8750769518583
82_20220831 08,2675.218426675466
82_20220831 09,3673.175494226252
82_20220831 10,3934.520210598939
82_20220831 11,3993.2781277643257
82_20220831 12,3817.2551365986237
82_20220831 13,3980.170496901273
82_20220831 14,4095.280858597956
82_20220831 15,4073.1407974983545
82_20220831 16,3900.683959594394
82_20220831 17,3373.358667369876
82_20220831 18,2577.9043979533662
82_20220831 19,2178.9250550833967
82_20220831 20,1955.5935473198917
82_20220831 21,1821.1380118977313
82_20220831 22,1647.8780322902205
82_20220831 23,1506.1346606855113
83_20220825 00,795.7117372343699
83_20220825 01,774.3707033735969
83_20220825 02,755.6291592483581
83_20220825 03,749.4167226725704
83_20220825 04,748.7202389308511
83_20220825 05,747.0877214853957
83_20220825 06,815.2460829260965
83_20220825 07,1066.590248067897
83_20220825 08,1857.417143870992
83_20220825 09,2603.485012571383
83_20220825 10,2738.5936701071764
83_20220825 11,2715.689851260146
83_20220825 12,2680.907902660589
83_20220825 13,2721.4766986079276
83_20220825 14,2688.7954852424737
83_20220825 15,2659.3581607357623
83_20220825 16,2563.9621339664627
83_20220825 17,2275.923255027513
83_20220825 18,1623.4921191132046
83_20220825 19,1277.7312655522255
83_20220825 20,1085.5117560626875
83_20220825 21,943.700525721147
83_20220825 22,884.9927508469152
83_20220825 23,822.6111623542977
83_20220826 00,786.9656661216878
83_20220826 01,764.0460649663629
83_20220826 02,755.8887410745409
83_20220826 03,756.0755425428252
83_20220826 04,756.922121761148
83_20220826 05,758.6647095442347
83_20220826 06,820.6638675847216
83_20220826 07,1048.8992022086265
83_20220826 08,1734.886364648029
83_20220826 09,2554.9667510225872
83_20220826 10,2742.0007326465593
83_20220826 11,2717.1250075882595
83_20220826 12,2688.7907717529956
83_20220826 13,2799.9035153873415
83_20220826 14,2767.9632899669664
83_20220826 15,2769.438481085552
83_20220826 16,2678.764370978266
83_20220826 17,2242.5561233486696
83_20220826 18,1599.5739945113971
83_20220826 19,1239.6572328677237
83_20220826 20,1059.3492389168125
83_20220826 21,939.4713672618477
83_20220826 22,876.1504585126117
83_20220826 23,817.815269062494
83_20220827 00,754.6724795092008
83_20220827 01,737.6615797516747
83_20220827 02,731.4086127480148
83_20220827 03,723.4040497105889
83_20220827 04,714.1461705187052
83_20220827 05,704.458740276204
83_20220827 06,725.384233963745
83_20220827 07,781.3804430823152
83_20220827 08,807.3496117247336
83_20220827 09,845.8395503674298
83_20220827 10,928.80981007259
83_20220827 11,942.3144499550772
83_20220827 12,946.5025690853859
83_20220827 13,960.1433507774424
83_20220827 14,981.9402569614624
83_20220827 15,967.2370736921348
83_20220827 16,935.2863438103383
83_20220827 17,897.0219074843834
83_20220827 18,833.8570795130765
83_20220827 19,801.4591253881059
83_20220827 20,777.7631837128029
83_20220827 21,763.0733174929442
83_20220827 22,743.2206374814077
83_20220827 23,725.9908447099224
83_20220828 00,707.922579315298
83_20220828 01,694.1594851303189
83_20220828 02,687.4958554517402
83_20220828 03,683.9289789041
83_20220828 04,679.9522076221708
83_20220828 05,679.8407211511891
83_20220828 06,691.8211247343888
83_20220828 07,718.4403959986469
83_20220828 08,738.6539864345273
83_20220828 09,788.5691743689132
83_20220828 10,841.2233897543886
83_20220828 11,864.1045585586758
83_20220828 12,880.4080726489863
83_20220828 13,905.1772842612559
83_20220828 14,919.6182767725011
83_20220828 15,936.9470364300427
83_20220828 16,917.4041639420091
83_20220828 17,879.8175861448208
83_20220828 18,809.0261373595575
83_20220828 19,789.2878966233206
83_20220828 20,768.3940804721069
83_20220828 21,755.1161945800941
83_20220828 22,732.5517288042039
83_20220828 23,714.9680775298118
83_20220829 00,747.0119563823371
83_20220829 01,732.6490903148122
83_20220829 02,724.9756398894983
83_20220829 03,723.4968880703104
83_20220829 04,722.8839294086961
83_20220829 05,724.9481959795382
83_20220829 06,789.8663361308575
83_20220829 07,1054.3493161376932
83_20220829 08,1794.2184968046706
83_20220829 09,2655.5429521296614
83_20220829 10,2722.607602228982
83_20220829 11,2683.457134421822
83_20220829 12,2604.556559598206
83_20220829 13,2655.2454516904327
83_20220829 14,2652.993256361934
83_20220829 15,2652.4591675733664
83_20220829 16,2505.5123094534765
83_20220829 17,2211.1928216156152
83_20220829 18,1596.0682213698738
83_20220829 19,1245.3150455541663
83_20220829 20,1069.2010215763232
83_20220829 21,934.7694806375417
83_20220829 22,874.8925288365223
83_20220829 23,813.1648742542584
83_20220830 00,763.995994769491
83_20220830 01,744.1834361895022
83_20220830 02,733.5256716652962
83_20220830 03,744.0901076414605
83_20220830 04,744.0016620680999
83_20220830 05,743.101880577695
83_20220830 06,802.32558545796
83_20220830 07,1037.4673793594989
83_20220830 08,1745.8436652830983
83_20220830 09,2522.3887284675106
83_20220830 10,2612.4540277176166
83_20220830 11,2584.499317547726
83_20220830 12,2540.541492627969
83_20220830 13,2606.5154657000567
83_20220830 14,2601.0466174223293
83_20220830 15,2602.9215171650235
83_20220830 16,2505.653812776009
83_20220830 17,2226.625307972552
83_20220830 18,1639.5023553063359
83_20220830 19,1280.2043228028554
83_20220830 20,1085.169824462688
83_20220830 21,958.8196981782055
83_20220830 22,882.756524791876
83_20220830 23,819.6322189945457
83_20220831 00,778.7345195545506
83_20220831 01,761.5583615580308
83_20220831 02,747.4560303631249
83_20220831 03,744.7714304649461
83_20220831 04,746.6156339703688
83_20220831 05,747.8485334457778
83_20220831 06,811.6838540696442
83_20220831 07,1038.844971060962
83_20220831 08,1738.0059742175156
83_20220831 09,2439.5199367977107
83_20220831 10,2526.036264772278
83_20220831 11,2528.5190198664177
83_20220831 12,2460.066262331768
83_20220831 13,2575.298862095016
83_20220831 14,2558.293426613766
83_20220831 15,2577.931016320244
83_20220831 16,2459.662245242596
83_20220831 17,2186.4369510731267
83_20220831 18,1605.9595108999963
83_20220831 19,1253.0605068648556
83_20220831 20,1065.2000592125582
83_20220831 21,933.8004097256701
83_20220831 22,881.0906704137279
83_20220831 23,821.8205907233219
84_20220825 00,1048.8342455249203
84_20220825 01,992.092611351171
84_20220825 02,932.9819048885497
84_20220825 03,898.7847037289876
84_20220825 04,865.7499704391669
84_20220825 05,872.4301135615258
84_20220825 06,966.8821334959707
84_20220825 07,1358.3084881507052
84_20220825 08,2111.1828008573984
84_20220825 09,2549.0933325264905
84_20220825 10,2711.623821342063
84_20220825 11,2779.6031939279605
84_20220825 12,2864.4640868514134
84_20220825 13,2801.0296130483744
84_20220825 14,2659.213212545245
84_20220825 15,2563.5002057252527
84_20220825 16,2516.3911360844513
84_20220825 17,2430.3677985197846
84_20220825 18,2197.6681798911636
84_20220825 19,1810.7381467653672
84_20220825 20,1617.9365470081202
84_20220825 21,1394.124212976365
84_20220825 22,1226.4556148041274
84_20220825 23,1118.0345314343542
84_20220826 00,1029.976396211555
84_20220826 01,972.1133948094213
84_20220826 02,928.8889077694228
84_20220826 03,899.5367317635664
84_20220826 04,870.2133106782898
84_20220826 05,875.1634248143366
84_20220826 06,967.5453716565714
84_20220826 07,1347.0158574303186
84_20220826 08,2039.054475489649
84_20220826 09,2496.407457194227
84_20220826 10,2720.629214272227
84_20220826 11,2807.5887653196105
84_20220826 12,2907.027656160269
84_20220826 13,2941.093843305555
84_20220826 14,2770.2765652891044
84_20220826 15,2706.8442310797027
84_20220826 16,2657.2936713751287
84_20220826 17,2498.4993874451443
84_20220826 18,2236.342467324639
84_20220826 19,1788.7881120784452
84_20220826 20,1631.3372756850256
84_20220826 21,1401.7266902792971
84_20220826 22,1229.5565266555514
84_20220826 23,1130.7685873141286
84_20220827 00,1026.939347588931
84_20220827 01,964.3033113034418
84_20220827 02,906.1261081220608
84_20220827 03,881.6156998693107
84_20220827 04,849.6740759851104
84_20220827 05,841.8151016377147
84_20220827 06,881.1292755808113
84_20220827 07,940.4518099916693
84_20220827 08,1038.5697146313175
84_20220827 09,1221.3007989337461
84_20220827 10,1411.330251165712
84_20220827 11,1485.2956139385988
84_20220827 12,1546.6332403797235
84_20220827 13,1554.4067709406195
84_20220827 14,1547.4652124951617
84_20220827 15,1452.8563572573803
84_20220827 16,1412.8948584289717
84_20220827 17,1418.099536808883
84_20220827 18,1380.477830412808
84_20220827 19,1331.164866189557
84_20220827 20,1293.9965490861114
84_20220827 21,1177.8117839904253
84_20220827 22,1060.177012107111
84_20220827 23,1007.4345193910383
84_20220828 00,954.2826732038129
84_20220828 01,902.2243391885522
84_20220828 02,867.8923005168591
84_20220828 03,845.4437762013987
84_20220828 04,819.3263938094755
84_20220828 05,819.8018659907254
84_20220828 06,834.1324765357305
84_20220828 07,878.5586571684388
84_20220828 08,957.7520284551476
84_20220828 09,1124.1619651279505
84_20220828 10,1328.4672904687266
84_20220828 11,1391.4741515702458
84_20220828 12,1459.2577454134412
84_20220828 13,1469.897117076549
84_20220828 14,1477.9958637747725
84_20220828 15,1467.9663435713676
84_20220828 16,1446.7535512072075
84_20220828 17,1445.9568661860226
84_20220828 18,1398.8928852602642
84_20220828 19,1378.692098302087
84_20220828 20,1328.2938626869386
84_20220828 21,1232.7264842122954
84_20220828 22,1089.5220379586763
84_20220828 23,1023.2192660859935
84_20220829 00,994.137430461406
84_20220829 01,949.5522916228533
84_20220829 02,911.4576009424563
84_20220829 03,877.2803917168296
84_20220829 04,854.4562124983524
84_20220829 05,863.522035445691
84_20220829 06,953.2017313140536
84_20220829 07,1317.3880620106656
84_20220829 08,2033.7757241360662
84_20220829 09,2470.043705778639
84_20220829 10,2620.5383199691105
84_20220829 11,2672.527253798512
84_20220829 12,2719.2335709175045
84_20220829 13,2680.930747744848
84_20220829 14,2571.7959937217893
84_20220829 15,2493.9002875708766
84_20220829 16,2412.411794928179
84_20220829 17,2341.4482548798537
84_20220829 18,2084.7204902320887
84_20220829 19,1739.4374153792994
84_20220829 20,1578.158410699424
84_20220829 21,1364.022217431244
84_20220829 22,1199.1661358071285
84_20220829 23,1097.1877976746296
84_20220830 00,999.5818669339737
84_20220830 01,955.6400073942427
84_20220830 02,912.4681438638809
84_20220830 03,890.4268092222793
84_20220830 04,862.7114496965623
84_20220830 05,866.8182946669185
84_20220830 06,969.3068079413309
84_20220830 07,1337.0695552011662
84_20220830 08,2011.858249335448
84_20220830 09,2432.963525684177
84_20220830 10,2571.2057551349485
84_20220830 11,2624.5429214548208
84_20220830 12,2726.9198842958926
84_20220830 13,2683.9818157355485
84_20220830 14,2543.378855822891
84_20220830 15,2488.8380009868024
84_20220830 16,2445.092882991928
84_20220830 17,2392.2287476614615
84_20220830 18,2147.3772475735695
84_20220830 19,1788.2800446173087
84_20220830 20,1613.433901362884
84_20220830 21,1391.0012411181751
84_20220830 22,1218.2608726288936
84_20220830 23,1113.8409541153933
84_20220831 00,1020.4833933803951
84_20220831 01,970.4935417901085
84_20220831 02,921.2919886368747
84_20220831 03,887.507643582656
84_20220831 04,853.6949624514511
84_20220831 05,858.7780830585425
84_20220831 06,952.2478709734022
84_20220831 07,1318.2561471540582
84_20220831 08,2004.2811412108526
84_20220831 09,2383.82621214755
84_20220831 10,2572.8437995285954
84_20220831 11,2640.065796709955
84_20220831 12,2709.192602525541
84_20220831 13,2697.5704618910395
84_20220831 14,2559.7450683860293
84_20220831 15,2517.7672218186035
84_20220831 16,2451.340926868769
84_20220831 17,2390.81592152925
84_20220831 18,2160.404771061397
84_20220831 19,1785.2068695366465
84_20220831 20,1601.2722734407703
84_20220831 21,1377.6826003041178
84_20220831 22,1211.7631921363177
84_20220831 23,1113.220127473431
85_20220825 00,1688.7026849715137
85_20220825 01,1663.2708426361894
85_20220825 02,1665.3996595564524
85_20220825 03,1668.64318623002
85_20220825 04,1686.2686295975514
85_20220825 05,1692.5500446641838
85_20220825 06,1812.3702366372818
85_20220825 07,2184.913718995786
85_20220825 08,2484.440066478883
85_20220825 09,2539.9390034229323
85_20220825 10,2594.7372046122578
85_20220825 11,2634.470916431882
85_20220825 12,2673.8748681787765
85_20220825 13,2676.2661703322274
85_20220825 14,2670.0151730675434
85_20220825 15,2545.4651532013363
85_20220825 16,2524.7009115213023
85_20220825 17,2443.258526794361
85_20220825 18,2316.9068224987755
85_20220825 19,2225.810056247988
85_20220825 20,2146.6970221829083
85_20220825 21,2036.1190879099317
85_20220825 22,1875.2790799850236
85_20220825 23,1757.6949958376595
85_20220826 00,1663.5614869790988
85_20220826 01,1657.3096773915845
85_20220826 02,1654.5829929184379
85_20220826 03,1654.8689276648722
85_20220826 04,1679.3037005628016
85_20220826 05,1679.5088022543168
85_20220826 06,1787.0291712009691
85_20220826 07,2167.395821794158
85_20220826 08,2467.499400838932
85_20220826 09,2523.8531486702036
85_20220826 10,2596.6505805170127
85_20220826 11,2691.0709440977384
85_20220826 12,2747.6553050136677
85_20220826 13,2755.848643900074
85_20220826 14,2720.42950772407
85_20220826 15,2701.707977509605
85_20220826 16,2672.3899463085504
85_20220826 17,2538.0787876054374
85_20220826 18,2406.273227520081
85_20220826 19,2318.743684700463
85_20220826 20,2243.777097336428
85_20220826 21,2109.959417946576
85_20220826 22,1921.795489360231
85_20220826 23,1814.8696184184992
85_20220827 00,1698.2587576565184
85_20220827 01,1690.6793708665114
85_20220827 02,1676.848241154111
85_20220827 03,1677.8395929229873
85_20220827 04,1689.385336515396
85_20220827 05,1699.280489416008
85_20220827 06,1789.9225173234258
85_20220827 07,2124.948021300487
85_20220827 08,2356.059021551843
85_20220827 09,2385.087529321126
85_20220827 10,2401.6195582895657
85_20220827 11,2469.6132350098856
85_20220827 12,2542.3280133776702
85_20220827 13,2544.6055095578636
85_20220827 14,2542.6401484328885
85_20220827 15,2517.97852907813
85_20220827 16,2492.8609001897216
85_20220827 17,2412.3196647205405
85_20220827 18,2300.737996032692
85_20220827 19,2227.360074333759
85_20220827 20,2160.024637976986
85_20220827 21,2025.368588115382
85_20220827 22,1887.2110879576908
85_20220827 23,1773.3901286327955
85_20220828 00,1650.3704306269196
85_20220828 01,1643.2298869840233
85_20220828 02,1637.4318513505732
85_20220828 03,1637.3232642669109
85_20220828 04,1661.2970530610144
85_20220828 05,1665.1079911812335
85_20220828 06,1756.3489593572622
85_20220828 07,2066.6385748588127
85_20220828 08,2303.510556682877
85_20220828 09,2350.2309878414812
85_20220828 10,2390.765280402512
85_20220828 11,2461.06327806312
85_20220828 12,2545.39384661777
85_20220828 13,2575.6645319269555
85_20220828 14,2588.383070944189
85_20220828 15,2573.859117216681
85_20220828 16,2567.7133586161353
85_20220828 17,2495.2698310937108
85_20220828 18,2360.386108527067
85_20220828 19,2287.272854903023
85_20220828 20,2221.98347900846
85_20220828 21,2078.9966023976485
85_20220828 22,1891.3173618721594
85_20220828 23,1780.492390959035
85_20220829 00,1668.8377295518849
85_20220829 01,1662.292091351508
85_20220829 02,1659.7808365686378
85_20220829 03,1662.8940276849494
85_20220829 04,1687.3753313568623
85_20220829 05,1679.2727070149876
85_20220829 06,1824.4474153614476
85_20220829 07,2152.1236438305687
85_20220829 08,2448.334745606542
85_20220829 09,2469.1289822082226
85_20220829 10,2507.3432917994346
85_20220829 11,2543.2400549868244
85_20220829 12,2591.9682029823925
85_20220829 13,2595.3632941332603
85_20220829 14,2537.036904063126
85_20220829 15,2500.616283558473
85_20220829 16,2432.063017742341
85_20220829 17,2354.510664167201
85_20220829 18,2220.4782662844646
85_20220829 19,2165.094483561952
85_20220829 20,2075.560155617377
85_20220829 21,1978.488726007267
85_20220829 22,1843.53261993274
85_20220829 23,1753.341794385467
85_20220830 00,1642.8602867476507
85_20220830 01,1639.0365969669988
85_20220830 02,1630.996007582889
85_20220830 03,1642.5509035956104
85_20220830 04,1673.9889737930912
85_20220830 05,1667.3521727812324
85_20220830 06,1772.8621670469347
85_20220830 07,2146.1092288154214
85_20220830 08,2438.467880095289
85_20220830 09,2478.342485699963
85_20220830 10,2506.1109941451273
85_20220830 11,2543.298227874764
85_20220830 12,2604.101675772241
85_20220830 13,2591.4859597831223
85_20220830 14,2569.2412832144532
85_20220830 15,2530.153086940585
85_20220830 16,2479.2517383385493
85_20220830 17,2404.2993639320844
85_20220830 18,2292.0425848688487
85_20220830 19,2238.5536827349765
85_20220830 20,2165.0625793639597
85_20220830 21,2035.001531336561
85_20220830 22,1877.0386061696745
85_20220830 23,1758.842625087799
85_20220831 00,1667.5008430525227
85_20220831 01,1662.6886655551498
85_20220831 02,1653.4702840113828
85_20220831 03,1653.3821558618015
85_20220831 04,1686.3717605740521
85_20220831 05,1688.753988684643
85_20220831 06,1786.2979462349363
85_20220831 07,2139.226176004648
85_20220831 08,2396.082285897061
85_20220831 09,2440.422069109579
85_20220831 10,2474.990263077732
85_20220831 11,2538.6300653655453
85_20220831 12,2626.1347513930023
85_20220831 13,2615.230182972173
85_20220831 14,2591.5473434958335
85_20220831 15,2543.696726590707
85_20220831 16,2512.301342381245
85_20220831 17,2452.284796868458
85_20220831 18,2309.58173961609
85_20220831 19,2209.621719727408
85_20220831 20,2135.9222319878013
85_20220831 21,2015.5283405437444
85_20220831 22,1858.4383052312005
85_20220831 23,1764.5853952707923
86_20220825 00,561.1573820276053
86_20220825 01,536.0790214688466
86_20220825 02,535.8005996184354
86_20220825 03,536.3734346027707
86_20220825 04,538.3306249226923
86_20220825 05,538.863243949946
86_20220825 06,621.9824318033673
86_20220825 07,882.1028908698697
86_20220825 08,1148.2740552208388
86_20220825 09,1373.9948739670942
86_20220825 10,1567.2940783094484
86_20220825 11,1581.6936902637194
86_20220825 12,1571.101265082344
86_20220825 13,1563.569985932205
86_20220825 14,1548.8076172772346
86_20220825 15,1547.894507789295
86_20220825 16,1522.7606682910807
86_20220825 17,1516.965150546123
86_20220825 18,1505.695382752742
86_20220825 19,1474.4634403121217
86_20220825 20,1397.1603465025278
86_20220825 21,1245.9636287488436
86_20220825 22,1094.5808199040953
86_20220825 23,771.089792048527
86_20220826 00,549.7270445863303
86_20220826 01,525.6338974544194
86_20220826 02,526.1097963421994
86_20220826 03,535.393848768478
86_20220826 04,533.4413436825295
86_20220826 05,540.882469247305
86_20220826 06,616.7887351593001
86_20220826 07,863.1667016108868
86_20220826 08,1129.1974450382231
86_20220826 09,1353.8925261772872
86_20220826 10,1557.1543189774718
86_20220826 11,1574.0499885210738
86_20220826 12,1556.929596363794
86_20220826 13,1560.6889084299617
86_20220826 14,1556.8065800103293
86_20220826 15,1556.9124944572138
86_20220826 16,1544.9486017311644
86_20220826 17,1525.328435516338
86_20220826 18,1501.842339168051
86_20220826 19,1468.8458176357283
86_20220826 20,1413.151873773633
86_20220826 21,1269.1243710982376
86_20220826 22,1099.5021093171704
86_20220826 23,798.5360268268221
86_20220827 00,562.9971587712439
86_20220827 01,535.5713955661597
86_20220827 02,535.8895591850844
86_20220827 03,546.90054276625
86_20220827 04,543.3375577187508
86_20220827 05,542.7058199074563
86_20220827 06,620.9289097332803
86_20220827 07,891.7405624773339
86_20220827 08,1126.8837190238828
86_20220827 09,1362.176828778085
86_20220827 10,1574.044901374437
86_20220827 11,1600.044548418098
86_20220827 12,1591.2474097010454
86_20220827 13,1586.7430069001396
86_20220827 14,1586.9138086094545
86_20220827 15,1587.2853007997903
86_20220827 16,1571.184819082726
86_20220827 17,1553.4762863031087
86_20220827 18,1512.6119033025311
86_20220827 19,1475.7127642260684
86_20220827 20,1397.3292770082878
86_20220827 21,1252.577497669056
86_20220827 22,1080.7516861156141
86_20220827 23,770.3449805472679
86_20220828 00,539.0272428380001
86_20220828 01,505.53604850572
86_20220828 02,510.60337811644933
86_20220828 03,508.6146577458177
86_20220828 04,511.6217464427277
86_20220828 05,508.751872523235
86_20220828 06,524.6118108290577
86_20220828 07,583.070785617791
86_20220828 08,617.9411353507455
86_20220828 09,759.54155710103
86_20220828 10,851.513511275968
86_20220828 11,695.8511028131884
86_20220828 12,730.8056171766384
86_20220828 13,755.1708122439995
86_20220828 14,741.115083744175
86_20220828 15,768.4878018233999
86_20220828 16,789.6687194309998
86_20220828 17,747.388005010828
86_20220828 18,696.4395328323791
86_20220828 19,684.5996039691307
86_20220828 20,668.4583533043448
86_20220828 21,643.6851145398578
86_20220828 22,592.6105535995101
86_20220828 23,599.6336515157072
86_20220829 00,550.1924048939313
86_20220829 01,531.2553365333823
86_20220829 02,527.2337261550684
86_20220829 03,528.2382200355564
86_20220829 04,528.0571069584648
86_20220829 05,533.3225214760178
86_20220829 06,615.9691590937842
86_20220829 07,873.7862302663746
86_20220829 08,1123.697066037239
86_20220829 09,1331.905618463033
86_20220829 10,1547.3639638379987
86_20220829 11,1561.561772174106
86_20220829 12,1550.686427462844
86_20220829 13,1544.2528868929367
86_20220829 14,1530.995339381604
86_20220829 15,1533.9852224766337
86_20220829 16,1495.0086153953089
86_20220829 17,1486.7107013178315
86_20220829 18,1473.7023986066843
86_20220829 19,1448.711975969356
86_20220829 20,1370.9899372464256
86_20220829 21,1220.9116833714334
86_20220829 22,1072.4844134017544
86_20220829 23,766.1342263774104
86_20220830 00,548.4653280133625
86_20220830 01,519.7656384982333
86_20220830 02,513.9751273251318
86_20220830 03,523.7579499988574
86_20220830 04,528.2285192819513
86_20220830 05,534.3820741567364
86_20220830 06,621.802950842191
86_20220830 07,861.8046960540307
86_20220830 08,1097.5451817190751
86_20220830 09,1313.4556503634712
86_20220830 10,1522.0509101538194
86_20220830 11,1538.3016349583133
86_20220830 12,1528.1555356108381
86_20220830 13,1523.3360090195024
86_20220830 14,1504.6719069998358
86_20220830 15,1513.4253557163217
86_20220830 16,1487.3599660421582
86_20220830 17,1476.0302143585702
86_20220830 18,1467.1260448622825
86_20220830 19,1439.1200805095891
86_20220830 20,1361.2483379005228
86_20220830 21,1224.8119531603838
86_20220830 22,1078.437098870698
86_20220830 23,761.6246334655222
86_20220831 00,550.6771252657907
86_20220831 01,526.0228106203297
86_20220831 02,527.6515925401873
86_20220831 03,527.978847476466
86_20220831 04,534.1219443030939
86_20220831 05,536.2095105547648
86_20220831 06,613.1646209227504
86_20220831 07,851.9090001441591
86_20220831 08,1108.999832400657
86_20220831 09,1296.6300951205287
86_20220831 10,1492.3327625506552
86_20220831 11,1521.0828070968003
86_20220831 12,1507.3332597892288
86_20220831 13,1501.6202797323162
86_20220831 14,1488.7312082768276
86_20220831 15,1501.608306810732
86_20220831 16,1474.8026133834048
86_20220831 17,1465.3865795748907
86_20220831 18,1443.4263225222103
86_20220831 19,1415.4542052507045
86_20220831 20,1351.9423858533353
86_20220831 21,1219.9319563831805
86_20220831 22,1080.649724831097
86_20220831 23,760.0620168823606
87_20220825 00,814.2235705284231
87_20220825 01,709.1180121523821
87_20220825 02,660.1720319571679
87_20220825 03,611.1503939301908
87_20220825 04,642.461227311871
87_20220825 05,750.7907212289191
87_20220825 06,940.7554948676002
87_20220825 07,1169.1078240513202
87_20220825 08,1592.6032546172116
87_20220825 09,1799.8676418734995
87_20220825 10,1770.8459614325143
87_20220825 11,1788.052137047505
87_20220825 12,1799.95310575947
87_20220825 13,1814.1535892820748
87_20220825 14,1805.135088314094
87_20220825 15,1748.0156201837508
87_20220825 16,1738.572032672637
87_20220825 17,1693.8278580574738
87_20220825 18,1701.415090417118
87_20220825 19,1577.4945950104118
87_20220825 20,1442.4944680563103
87_20220825 21,1201.5780257590632
87_20220825 22,914.9805096091466
87_20220825 23,895.0167877720439
87_20220826 00,811.4424474948887
87_20220826 01,686.6096283237382
87_20220826 02,653.2956925636394
87_20220826 03,602.901803397046
87_20220826 04,641.0374896438391
87_20220826 05,749.1708704260827
87_20220826 06,987.4119155983956
87_20220826 07,1229.9952763767938
87_20220826 08,1565.2948779974352
87_20220826 09,1834.96475498624
87_20220826 10,1863.3251057887614
87_20220826 11,1856.0985881177264
87_20220826 12,1832.7230127408113
87_20220826 13,1815.4476648525963
87_20220826 14,1816.9766810472452
87_20220826 15,1786.7658560907664
87_20220826 16,1806.7250373163981
87_20220826 17,1752.688922470184
87_20220826 18,1758.1789788518468
87_20220826 19,1631.8371752896528
87_20220826 20,1480.0215557449515
87_20220826 21,1205.3980829616094
87_20220826 22,894.457713230463
87_20220826 23,884.5884575078805
87_20220827 00,826.5804183982948
87_20220827 01,710.3929279161816
87_20220827 02,670.363534787587
87_20220827 03,621.1104551133699
87_20220827 04,648.6203812704662
87_20220827 05,765.2650374294694
87_20220827 06,970.2709024448272
87_20220827 07,1213.549103884718
87_20220827 08,1513.7169452673688
87_20220827 09,1791.8097838420144
87_20220827 10,1798.2629125805558
87_20220827 11,1802.0458538020926
87_20220827 12,1797.2232575655923
87_20220827 13,1802.0414803269903
87_20220827 14,1799.3622571390028
87_20220827 15,1782.5372851130003
87_20220827 16,1774.0251306827242
87_20220827 17,1745.8290685877787
87_20220827 18,1738.4330616883035
87_20220827 19,1579.6436071756261
87_20220827 20,1444.6452585678708
87_20220827 21,1233.965281514058
87_20220827 22,924.0470374947125
87_20220827 23,866.5030458543962
87_20220828 00,648.2800665815703
87_20220828 01,635.1250375450069
87_20220828 02,620.3377751548567
87_20220828 03,588.2519983985094
87_20220828 04,615.1766892327255
87_20220828 05,740.1047398933883
87_20220828 06,816.4333608198543
87_20220828 07,1065.6647986144985
87_20220828 08,1041.9111120577063
87_20220828 09,1100.6488133710156
87_20220828 10,1134.6074996390435
87_20220828 11,1196.8612264296241
87_20220828 12,1143.6737529755464
87_20220828 13,1153.1120595755433
87_20220828 14,1152.523833784142
87_20220828 15,1131.0344735672966
87_20220828 16,1143.9508577182553
87_20220828 17,986.3055474493351
87_20220828 18,1034.5473481589388
87_20220828 19,1048.877863885667
87_20220828 20,1047.1977290317134
87_20220828 21,1041.7163093614183
87_20220828 22,918.7341817677117
87_20220828 23,734.3011257613829
87_20220829 00,768.7647066497317
87_20220829 01,694.9288813678411
87_20220829 02,667.7306242392168
87_20220829 03,620.2534679544765
87_20220829 04,664.8099575351271
87_20220829 05,809.5489658893546
87_20220829 06,994.5815333531147
87_20220829 07,1209.9366134275624
87_20220829 08,1507.9781699944174
87_20220829 09,1739.3772998319414
87_20220829 10,1799.1749721935325
87_20220829 11,1791.8133844748345
87_20220829 12,1786.8408212336026
87_20220829 13,1774.5941963198586
87_20220829 14,1762.8399910715075
87_20220829 15,1738.4539507603736
87_20220829 16,1739.4854799274988
87_20220829 17,1685.2271700121855
87_20220829 18,1674.1411530472833
87_20220829 19,1576.4426075272124
87_20220829 20,1416.1075083706587
87_20220829 21,1175.3098642291022
87_20220829 22,894.4916916709799
87_20220829 23,884.6249185253075
87_20220830 00,767.5138177376459
87_20220830 01,684.7991031214182
87_20220830 02,642.0936049786246
87_20220830 03,599.221764481535
87_20220830 04,625.594124927487
87_20220830 05,740.5637580575685
87_20220830 06,921.9595006556649
87_20220830 07,1190.4675016498097
87_20220830 08,1532.7404862282644
87_20220830 09,1728.4719809729636
87_20220830 10,1727.2457061580976
87_20220830 11,1696.0342132968049
87_20220830 12,1752.1519193079444
87_20220830 13,1734.2265980776785
87_20220830 14,1751.1581169010415
87_20220830 15,1714.117581552728
87_20220830 16,1708.368951497609
87_20220830 17,1685.8892964000174
87_20220830 18,1684.8459607402456
87_20220830 19,1575.9958224143118
87_20220830 20,1458.9561319483382
87_20220830 21,1189.6579957259453
87_20220830 22,892.3412681187392
87_20220830 23,927.8353782209117
87_20220831 00,855.20464819553
87_20220831 01,719.5433731486573
87_20220831 02,677.957823463207
87_20220831 03,613.560679219697
87_20220831 04,639.941761615531
87_20220831 05,771.8380560662436
87_20220831 06,982.4538524848158
87_20220831 07,1203.5339923806043
87_20220831 08,1506.0265599320376
87_20220831 09,1715.54634894728
87_20220831 10,1736.6760860068837
87_20220831 11,1718.3611427518283
87_20220831 12,1715.2039320438867
87_20220831 13,1745.902699704136
87_20220831 14,1734.4557966258897
87_20220831 15,1733.8559084029785
87_20220831 16,1718.9738528415685
87_20220831 17,1694.847198244703
87_20220831 18,1683.1733483156954
87_20220831 19,1580.4805119503817
87_20220831 20,1435.0186411270931
87_20220831 21,1214.7150630487363
87_20220831 22,901.4729799011182
87_20220831 23,852.7175003046098
88_20220825 00,481.4575944057881
88_20220825 01,442.3035488261469
88_20220825 02,440.28112336345635
88_20220825 03,442.52790854122236
88_20220825 04,444.4007186724432
88_20220825 05,438.2393654688606
88_20220825 06,493.3621333282968
88_20220825 07,578.8961995056133
88_20220825 08,1028.449372281019
88_20220825 09,1495.2568201620068
88_20220825 10,1705.0344942260026
88_20220825 11,1754.3815287151842
88_20220825 12,1760.9655167011408
88_20220825 13,1701.573520126589
88_20220825 14,1712.0011366297813
88_20220825 15,1705.7275939092867
88_20220825 16,1703.0111181351167
88_20220825 17,1666.3678480895917
88_20220825 18,1645.8764133967552
88_20220825 19,1636.6164028555913
88_20220825 20,1572.7189608454667
88_20220825 21,1393.312562734609
88_20220825 22,1057.6787589738942
88_20220825 23,630.3446623213313
88_20220826 00,472.77058687846727
88_20220826 01,440.83808574738123
88_20220826 02,436.2130351363751
88_20220826 03,444.12519403163316
88_20220826 04,445.13894682867044
88_20220826 05,438.78879768764
88_20220826 06,500.20140235731475
88_20220826 07,580.550855853975
88_20220826 08,1032.1704962934145
88_20220826 09,1518.5278114131038
88_20220826 10,1738.683458943602
88_20220826 11,1787.4944954470973
88_20220826 12,1793.2757211044186
88_20220826 13,1777.6786494403043
88_20220826 14,1772.0549333384627
88_20220826 15,1746.7426481266791
88_20220826 16,1742.0058310248712
88_20220826 17,1716.3988843798668
88_20220826 18,1703.991271673343
88_20220826 19,1695.7646522843888
88_20220826 20,1619.2536550376096
88_20220826 21,1477.2390743526769
88_20220826 22,1097.936107814951
88_20220826 23,650.96207771588
88_20220827 00,476.26192020799476
88_20220827 01,446.1551904088842
88_20220827 02,441.7607735536076
88_20220827 03,430.1300174503678
88_20220827 04,434.38731312614823
88_20220827 05,431.93529864277923
88_20220827 06,490.02803983826516
88_20220827 07,567.6105877633531
88_20220827 08,962.1850292871106
88_20220827 09,1400.061469320083
88_20220827 10,1644.5577348077259
88_20220827 11,1754.5667277633743
88_20220827 12,1772.9399269230255
88_20220827 13,1766.8020023721297
88_20220827 14,1762.9626882397508
88_20220827 15,1720.107787548339
88_20220827 16,1718.477326727249
88_20220827 17,1689.7910714858485
88_20220827 18,1684.5811820973993
88_20220827 19,1667.6074713975233
88_20220827 20,1570.9486304893278
88_20220827 21,1389.6071826240268
88_20220827 22,1050.157433102669
88_20220827 23,617.9340530733875
88_20220828 00,448.71217327262013
88_20220828 01,420.687453333045
88_20220828 02,417.2425992265992
88_20220828 03,418.5696060793186
88_20220828 04,419.31957066990907
88_20220828 05,416.54024530577556
88_20220828 06,442.5780301469814
88_20220828 07,449.8960661419708
88_20220828 08,484.3833774399053
88_20220828 09,505.53902702264554
88_20220828 10,579.1523098119056
88_20220828 11,657.0481236204429
88_20220828 12,557.7058457638046
88_20220828 13,619.2050917825709
88_20220828 14,507.35030839231416
88_20220828 15,505.62536251214254
88_20220828 16,508.47061105528155
88_20220828 17,485.9179453694234
88_20220828 18,487.2072727197525
88_20220828 19,493.359417326275
88_20220828 20,487.93896515985466
88_20220828 21,477.4871441859755
88_20220828 22,479.87531543416014
88_20220828 23,439.7950534654337
88_20220829 00,456.9452249181585
88_20220829 01,427.57731143077154
88_20220829 02,424.1546081137491
88_20220829 03,434.0352616549435
88_20220829 04,434.118029470562
88_20220829 05,430.615209234535
88_20220829 06,491.5753588352644
88_20220829 07,568.959558348095
88_20220829 08,980.6112631754766
88_20220829 09,1415.8111438859762
88_20220829 10,1652.7922943220037
88_20220829 11,1686.6371356471022
88_20220829 12,1694.483431972526
88_20220829 13,1678.0087334674513
88_20220829 14,1694.4987490120097
88_20220829 15,1676.5427686420107
88_20220829 16,1668.9849618295507
88_20220829 17,1637.6044144932039
88_20220829 18,1615.5272480377632
88_20220829 19,1598.7104123310182
88_20220829 20,1514.981420330696
88_20220829 21,1347.848767332087
88_20220829 22,1051.7770021494525
88_20220829 23,618.4418929956573
88_20220830 00,464.7747332377136
88_20220830 01,428.2846686241279
88_20220830 02,428.92836047046313
88_20220830 03,434.3706127524076
88_20220830 04,434.51933657908125
88_20220830 05,429.7084809770371
88_20220830 06,490.29118877118816
88_20220830 07,567.4746259635677
88_20220830 08,959.7274563331174
88_20220830 09,1366.0430969427487
88_20220830 10,1566.905145292596
88_20220830 11,1608.2772770427337
88_20220830 12,1619.3881175871054
88_20220830 13,1598.4374604351594
88_20220830 14,1581.9347828597286
88_20220830 15,1587.6546989364747
88_20220830 16,1587.1285083710952
88_20220830 17,1548.5217495942368
88_20220830 18,1543.9470641337343
88_20220830 19,1550.6894197545425
88_20220830 20,1472.9751980766052
88_20220830 21,1360.5534242512922
88_20220830 22,1045.1356922203786
88_20220830 23,629.6877773315789
88_20220831 00,467.3022188925996
88_20220831 01,435.8055785970498
88_20220831 02,435.4444964836762
88_20220831 03,435.69243278149446
88_20220831 04,434.5038533756905
88_20220831 05,427.89069573169434
88_20220831 06,487.17363999558063
88_20220831 07,564.5866744175275
88_20220831 08,960.6508434576758
88_20220831 09,1386.260360204997
88_20220831 10,1601.3083544040817
88_20220831 11,1703.1047558830342
88_20220831 12,1714.9025493034758
88_20220831 13,1690.8475615092225
88_20220831 14,1696.6332743890578
88_20220831 15,1676.8628194785367
88_20220831 16,1666.6566210998099
88_20220831 17,1639.8529752952652
88_20220831 18,1638.6151828940158
88_20220831 19,1629.3578304002347
88_20220831 20,1559.0521046344254
88_20220831 21,1395.5168966554102
88_20220831 22,1067.7119336193146
88_20220831 23,637.2455273929785
89_20220825 00,567.2798925017617
89_20220825 01,493.1681753330364
89_20220825 02,490.9986873454206
89_20220825 03,486.1066853436479
89_20220825 04,484.3937410149756
89_20220825 05,497.15909291426397
89_20220825 06,610.3257288141015
89_20220825 07,800.2188649317557
89_20220825 08,993.32285537672
89_20220825 09,1576.3380745808315
89_20220825 10,2121.4692166297077
89_20220825 11,2132.8154733087354
89_20220825 12,2152.9376127298656
89_20220825 13,2100.8794184759204
89_20220825 14,2082.937916013941
89_20220825 15,2094.1790607324233
89_20220825 16,2086.7006072369704
89_20220825 17,2064.7787314154684
89_20220825 18,2044.9607642173294
89_20220825 19,2027.7225175159278
89_20220825 20,1922.7666629076807
89_20220825 21,1674.6752338020874
89_20220825 22,1148.4165690876634
89_20220825 23,885.7675024511099
89_20220826 00,569.9601722483685
89_20220826 01,500.48717621134153
89_20220826 02,496.88252127554586
89_20220826 03,498.4529662367331
89_20220826 04,495.5807390946312
89_20220826 05,498.7143954944348
89_20220826 06,596.5061286862882
89_20220826 07,796.8202476758919
89_20220826 08,975.3246824328918
89_20220826 09,1573.3957961279257
89_20220826 10,2167.215978968672
89_20220826 11,2194.0414770321972
89_20220826 12,2205.441982614012
89_20220826 13,2218.816790360244
89_20220826 14,2213.77400853591
89_20220826 15,2185.8660632121987
89_20220826 16,2170.0028356924513
89_20220826 17,2161.6434128267133
89_20220826 18,2111.832486434806
89_20220826 19,2101.849654905981
89_20220826 20,2023.1141286360787
89_20220826 21,1758.9108765037572
89_20220826 22,1160.3085152965305
89_20220826 23,895.4012006001838
89_20220827 00,572.9818077111727
89_20220827 01,509.4703495342431
89_20220827 02,495.6600648975815
89_20220827 03,483.3657436296625
89_20220827 04,480.2517286203149
89_20220827 05,494.0676482631629
89_20220827 06,585.1806362607065
89_20220827 07,782.5387208690834
89_20220827 08,951.5401854297999
89_20220827 09,1504.898389509498
89_20220827 10,2050.3564519757815
89_20220827 11,2121.3625758800276
89_20220827 12,2142.4311394010474
89_20220827 13,2177.4474924643464
89_20220827 14,2173.3129028406265
89_20220827 15,2161.649522667544
89_20220827 16,2161.2688343819877
89_20220827 17,2140.955609179494
89_20220827 18,2106.992690461843
89_20220827 19,2061.7806662780017
89_20220827 20,1945.031902461943
89_20220827 21,1687.3824106400982
89_20220827 22,1139.7128076228146
89_20220827 23,888.1642563100374
89_20220828 00,588.1144637660158
89_20220828 01,498.9409592107522
89_20220828 02,481.3409679183818
89_20220828 03,476.0122883482405
89_20220828 04,465.2170492341194
89_20220828 05,472.9468579707843
89_20220828 06,472.4812026090258
89_20220828 07,496.8402033813039
89_20220828 08,513.0071757763776
89_20220828 09,608.2665546525993
89_20220828 10,706.506959188051
89_20220828 11,618.3122196786182
89_20220828 12,627.5691717819183
89_20220828 13,634.2181545520281
89_20220828 14,634.273750202101
89_20220828 15,671.3994978576467
89_20220828 16,638.748382522742
89_20220828 17,595.4856878383575
89_20220828 18,544.3756207677825
89_20220828 19,507.6159701721986
89_20220828 20,503.9411527201814
89_20220828 21,498.92037905823884
89_20220828 22,503.1939585204993
89_20220828 23,499.2251043912723
89_20220829 00,544.7478566218931
89_20220829 01,478.4696286553724
89_20220829 02,479.16250990442563
89_20220829 03,478.0390861676057
89_20220829 04,473.9863297245195
89_20220829 05,489.2831997420561
89_20220829 06,592.984664061055
89_20220829 07,785.352959342067
89_20220829 08,941.9345049245333
89_20220829 09,1481.7529488882615
89_20220829 10,2003.540970934686
89_20220829 11,2023.226067809589
89_20220829 12,2036.6407197336116
89_20220829 13,2046.2228383374036
89_20220829 14,2058.7970906398023
89_20220829 15,2025.0893021350946
89_20220829 16,2013.1105052154203
89_20220829 17,1993.859923036952
89_20220829 18,1938.1863938603428
89_20220829 19,1912.6224667507342
89_20220829 20,1849.2999574799883
89_20220829 21,1617.5303230744682
89_20220829 22,1084.6270888341585
89_20220829 23,864.4171778700236
89_20220830 00,547.3202859015214
89_20220830 01,478.2088841795222
89_20220830 02,482.2560647695009
89_20220830 03,481.5208709509571
89_20220830 04,480.40920803661027
89_20220830 05,489.1590489250071
89_20220830 06,590.7605230192053
89_20220830 07,774.4956347273348
89_20220830 08,932.3757949416604
89_20220830 09,1468.9920017728934
89_20220830 10,1973.8668244861774
89_20220830 11,1986.4078625762352
89_20220830 12,1992.412459602847
89_20220830 13,2009.3079148502793
89_20220830 14,1995.9882740680855
89_20220830 15,1986.6290278401111
89_20220830 16,1983.6012640947924
89_20220830 17,1958.7412707463275
89_20220830 18,1934.8009680773232
89_20220830 19,1932.102179108698
89_20220830 20,1837.003188056344
89_20220830 21,1613.3876910293475
89_20220830 22,1111.6893162513288
89_20220830 23,855.7118562894254
89_20220831 00,560.6638325552976
89_20220831 01,488.44200404048445
89_20220831 02,481.06714398500225
89_20220831 03,479.28246424281485
89_20220831 04,477.3990589507043
89_20220831 05,481.50084710738383
89_20220831 06,578.2467024085465
89_20220831 07,763.6650968512441
89_20220831 08,910.4802793363087
89_20220831 09,1447.2397187662273
89_20220831 10,1996.7232866153834
89_20220831 11,2068.490555388284
89_20220831 12,2080.990099453162
89_20220831 13,2090.439631252474
89_20220831 14,2090.4694739747556
89_20220831 15,2053.245375245396
89_20220831 16,2046.587437651365
89_20220831 17,2056.2963477755306
89_20220831 18,2010.6533393735035
89_20220831 19,2015.2591871513453
89_20220831 20,1929.9360225970988
89_20220831 21,1692.3853922038875
89_20220831 22,1155.3269567605312
89_20220831 23,886.6822631720852
90_20220825 00,477.3500721388781
90_20220825 01,436.4530688559072
90_20220825 02,433.8405232753631
90_20220825 03,434.81806475566543
90_20220825 04,454.5348357769564
90_20220825 05,453.64106891973233
90_20220825 06,518.3055140809299
90_20220825 07,697.2729478841127
90_20220825 08,1232.1279768822064
90_20220825 09,1826.6722511939624
90_20220825 10,2099.29534552608
90_20220825 11,2180.2379665165
90_20220825 12,2239.6788075478826
90_20220825 13,2261.56480338886
90_20220825 14,2251.1805250930024
90_20220825 15,2252.7992172268973
90_20220825 16,2218.0279146428447
90_20220825 17,2194.6741645553248
90_20220825 18,2121.6806995733755
90_20220825 19,2028.967212294527
90_20220825 20,1960.323581422445
90_20220825 21,1536.556381499589
90_20220825 22,1146.7587759581902
90_20220825 23,820.8178522453788
90_20220826 00,489.0785645283085
90_20220826 01,430.3909909835885
90_20220826 02,414.68465748397944
90_20220826 03,411.27255454624895
90_20220826 04,435.93822057271933
90_20220826 05,443.143103656608
90_20220826 06,496.88289015616107
90_20220826 07,688.195855646358
90_20220826 08,1248.808189761794
90_20220826 09,1810.9706315772166
90_20220826 10,2132.838454042723
90_20220826 11,2213.2882716114905
90_20220826 12,2234.0670099711533
90_20220826 13,2244.7987610219393
90_20220826 14,2265.799753058859
90_20220826 15,2270.627423989771
90_20220826 16,2252.1081451904747
90_20220826 17,2218.694771726586
90_20220826 18,2127.6726303090713
90_20220826 19,2063.8588811594595
90_20220826 20,1955.6954837139017
90_20220826 21,1531.5668103901385
90_20220826 22,1142.2364412725785
90_20220826 23,802.1543450323834
90_20220827 00,481.55031623228524
90_20220827 01,444.99172981019535
90_20220827 02,445.2745307678307
90_20220827 03,434.4467990405375
90_20220827 04,453.67321715713837
90_20220827 05,456.9673536336328
90_20220827 06,509.9709537836752
90_20220827 07,698.7241389026418
90_20220827 08,1246.0965206274182
90_20220827 09,1843.120648744144
90_20220827 10,2180.544390268295
90_20220827 11,2218.4323373770976
90_20220827 12,2262.5705505085675
90_20220827 13,2301.7480618810714
90_20220827 14,2341.1674234212915
90_20220827 15,2343.4965451317657
90_20220827 16,2328.8265418470946
90_20220827 17,2266.4494247349207
90_20220827 18,2169.6768140280374
90_20220827 19,2018.3719282954294
90_20220827 20,1898.7651832956226
90_20220827 21,1518.6326875924083
90_20220827 22,1125.9809447057005
90_20220827 23,775.3134206998109
90_20220828 00,436.03559656255504
90_20220828 01,403.0183510563967
90_20220828 02,410.87512910325984
90_20220828 03,408.1299525907766
90_20220828 04,410.595136729392
90_20220828 05,407.87746504459164
90_20220828 06,428.43099206855936
90_20220828 07,459.75604278157596
90_20220828 08,492.9419292284729
90_20220828 09,579.3685164015216
90_20220828 10,514.4067651831634
90_20220828 11,494.1304184272129
90_20220828 12,503.63060506923733
90_20220828 13,532.5106259463871
90_20220828 14,535.6816123365238
90_20220828 15,519.6638095073678
90_20220828 16,516.4063924232162
90_20220828 17,505.51015841634944
90_20220828 18,502.71827491491035
90_20220828 19,485.9452856721077
90_20220828 20,478.3262091083857
90_20220828 21,470.74400809017345
90_20220828 22,496.11691045609825
90_20220828 23,471.36679904176606
90_20220829 00,447.78865405201066
90_20220829 01,412.2953627904739
90_20220829 02,413.134680821364
90_20220829 03,413.3428226199782
90_20220829 04,430.08120559844554
90_20220829 05,434.9908562456602
90_20220829 06,473.46894257185284
90_20220829 07,676.2157030072367
90_20220829 08,1173.0114488062131
90_20220829 09,1620.9995900850713
90_20220829 10,1941.218682305373
90_20220829 11,1976.2308413121166
90_20220829 12,2019.6879634275117
90_20220829 13,2111.867933312731
90_20220829 14,2124.5569348151553
90_20220829 15,2123.581555972656
90_20220829 16,2100.1976882834606
90_20220829 17,2056.6280775616206
90_20220829 18,1961.9150160745844
90_20220829 19,1865.991445769404
90_20220829 20,1804.893913647373
90_20220829 21,1418.9032467482398
90_20220829 22,1034.2641972549154
90_20220829 23,760.0772430790564
90_20220830 00,476.35849116401874
90_20220830 01,438.24936627925183
90_20220830 02,438.96429012061594
90_20220830 03,419.39243200049305
90_20220830 04,445.5982980354636
90_20220830 05,445.84575122180433
90_20220830 06,498.14736924864906
90_20220830 07,688.854225609748
90_20220830 08,1200.711616701948
90_20220830 09,1705.0296492854295
90_20220830 10,1964.073533285308
90_20220830 11,1982.1917767205487
90_20220830 12,2012.2819408836888
90_20220830 13,2069.21024646489
90_20220830 14,2056.5896767994004
90_20220830 15,2069.735821656682
90_20220830 16,2012.7125389332207
90_20220830 17,2002.9541402417067
90_20220830 18,1958.445703444341
90_20220830 19,1854.7960606894676
90_20220830 20,1816.7170835713287
90_20220830 21,1397.723809993753
90_20220830 22,1008.1851184676761
90_20220830 23,758.9538535961083
90_20220831 00,470.1763479277363
90_20220831 01,430.7522690420408
90_20220831 02,430.4661076666189
90_20220831 03,426.4126994689594
90_20220831 04,449.39238770897464
90_20220831 05,452.8041416815179
90_20220831 06,509.19122554872945
90_20220831 07,698.1980017179621
90_20220831 08,1217.1353109315623
90_20220831 09,1774.4295190230048
90_20220831 10,2030.3962919572996
90_20220831 11,2052.3777719491395
90_20220831 12,2064.65561404489
90_20220831 13,2079.6995010923138
90_20220831 14,2140.8886939572853
90_20220831 15,2117.4724933537173
90_20220831 16,2091.359899728721
90_20220831 17,2054.0992976651855
90_20220831 18,1983.3367374957484
90_20220831 19,1846.5380468193925
90_20220831 20,1800.7282132042883
90_20220831 21,1421.113396867378
90_20220831 22,1041.6542156491519
90_20220831 23,760.6186229245354
91_20220825 00,488.7644395656167
91_20220825 01,486.37538262680016
91_20220825 02,491.09424781163443
91_20220825 03,491.81471918023317
91_20220825 04,485.3963451485953
91_20220825 05,484.4247363172651
91_20220825 06,499.8085143497275
91_20220825 07,618.0291770231829
91_20220825 08,723.4494010330754
91_20220825 09,1087.0174415823608
91_20220825 10,1860.8941186981597
91_20220825 11,2365.367831206978
91_20220825 12,2308.4626840012306
91_20220825 13,2299.848291451176
91_20220825 14,2247.033713060786
91_20220825 15,2228.3710592107886
91_20220825 16,2217.980306858583
91_20220825 17,2148.874700809024
91_20220825 18,2115.693947448231
91_20220825 19,1911.0295546788695
91_20220825 20,1591.8423771172859
91_20220825 21,1160.1312313708456
91_20220825 22,833.955944573032
91_20220825 23,503.3971710013843
91_20220826 00,464.44513366252613
91_20220826 01,459.3834939790348
91_20220826 02,462.116322115697
91_20220826 03,468.5789603626206
91_20220826 04,463.9078998331887
91_20220826 05,469.834715207454
91_20220826 06,485.45856742006845
91_20220826 07,590.6581856254722
91_20220826 08,674.9862494975284
91_20220826 09,1014.4602637791778
91_20220826 10,1749.024561682523
91_20220826 11,2288.4966431198372
91_20220826 12,2249.2290836140396
91_20220826 13,2231.6141920983264
91_20220826 14,2238.4315717729523
91_20220826 15,2231.720082656299
91_20220826 16,2211.0444726927
91_20220826 17,2151.7853016990102
91_20220826 18,2160.422227699934
91_20220826 19,1962.3389782200559
91_20220826 20,1628.2696788323715
91_20220826 21,1182.5964812566835
91_20220826 22,851.9071551041375
91_20220826 23,515.8237386396771
91_20220827 00,476.359207867083
91_20220827 01,475.50088612175807
91_20220827 02,483.9145762997182
91_20220827 03,482.6278944737396
91_20220827 04,478.92235299441074
91_20220827 05,485.10745548990315
91_20220827 06,509.8085855120929
91_20220827 07,615.6728260472983
91_20220827 08,704.8710538989166
91_20220827 09,1073.2963132110704
91_20220827 10,1821.7416963459625
91_20220827 11,2326.5726979627243
91_20220827 12,2255.7100995264814
91_20220827 13,2226.3208982421893
91_20220827 14,2202.2134670895157
91_20220827 15,2203.008428096028
91_20220827 16,2197.822877574258
91_20220827 17,2144.2112562304146
91_20220827 18,2039.5585317532618
91_20220827 19,1879.3594523521567
91_20220827 20,1535.9286635158467
91_20220827 21,1138.4924242369093
91_20220827 22,814.9130791776104
91_20220827 23,498.2679634415696
91_20220828 00,450.62554330374076
91_20220828 01,451.60007669505296
91_20220828 02,447.999579796887
91_20220828 03,450.25164985051356
91_20220828 04,445.6404531636188
91_20220828 05,453.04690614933895
91_20220828 06,464.22574377298866
91_20220828 07,511.69081258820404
91_20220828 08,568.2000671681518
91_20220828 09,666.7971382596845
91_20220828 10,1074.8043475549025
91_20220828 11,1596.4092826969306
91_20220828 12,1589.2292331581925
91_20220828 13,1628.9561765392373
91_20220828 14,1628.9472530575713
91_20220828 15,1653.036399892666
91_20220828 16,1624.7587308912562
91_20220828 17,1577.6947478965046
91_20220828 18,1565.9815437313423
91_20220828 19,1519.012396826483
91_20220828 20,1148.062534046141
91_20220828 21,635.9916913327785
91_20220828 22,513.3663256547587
91_20220828 23,460.57180916659513
91_20220829 00,476.72006016074874
91_20220829 01,477.782276316309
91_20220829 02,479.72184213155475
91_20220829 03,480.79786697205645
91_20220829 04,479.680449345939
91_20220829 05,490.50184084092825
91_20220829 06,497.80869126124105
91_20220829 07,593.4132124660515
91_20220829 08,684.7073969947061
91_20220829 09,992.1834464407445
91_20220829 10,1617.9207995165657
91_20220829 11,2026.6584655696518
91_20220829 12,2000.7083597322285
91_20220829 13,2022.1749397183194
91_20220829 14,1992.7848771801227
91_20220829 15,1974.563478154947
91_20220829 16,1986.9875302293804
91_20220829 17,1949.028023088241
91_20220829 18,1895.6426996150549
91_20220829 19,1812.046526562671
91_20220829 20,1507.647148284362
91_20220829 21,1144.6306523718515
91_20220829 22,867.8280625870443
91_20220829 23,532.0987376154592
91_20220830 00,491.64286460434494
91_20220830 01,493.1550217586855
91_20220830 02,494.26566098612005
91_20220830 03,491.62373914958994
91_20220830 04,492.3522266528014
91_20220830 05,497.52942494543674
91_20220830 06,521.2111799942509
91_20220830 07,620.222670778085
91_20220830 08,711.9206142523535
91_20220830 09,1070.960106120652
91_20220830 10,1797.6181726706234
91_20220830 11,2322.652127942327
91_20220830 12,2275.7506958158383
91_20220830 13,2253.594948427558
91_20220830 14,2249.5626809630153
91_20220830 15,2236.042076636731
91_20220830 16,2225.853599627192
91_20220830 17,2182.834197077934
91_20220830 18,2155.757787445024
91_20220830 19,2012.2470387114013
91_20220830 20,1645.327215805205
91_20220830 21,1211.1539452656048
91_20220830 22,874.5834663451251
91_20220830 23,547.4494425729763
91_20220831 00,486.4895122683871
91_20220831 01,480.0125789058204
91_20220831 02,477.53109030969347
91_20220831 03,478.8224681488918
91_20220831 04,479.211562606999
91_20220831 05,482.21803994288376
91_20220831 06,495.6114172747061
91_20220831 07,609.506548051037
91_20220831 08,701.9880341177254
91_20220831 09,1018.0733511299854
91_20220831 10,1745.4810183856312
91_20220831 11,2274.624174267761
91_20220831 12,2225.702560617204
91_20220831 13,2217.191186421202
91_20220831 14,2201.741667373685
91_20220831 15,2153.7011940076623
91_20220831 16,2134.6376385865424
91_20220831 17,2050.807906942
91_20220831 18,2062.3153485674684
91_20220831 19,1885.8966924985136
91_20220831 20,1572.8720019006325
91_20220831 21,1139.7559539371236
91_20220831 22,848.548129956768
91_20220831 23,517.7658693512228
92_20220825 00,498.8305725093156
92_20220825 01,488.41817730803757
92_20220825 02,486.89226327932465
92_20220825 03,478.70998193699194
92_20220825 04,486.2253149777391
92_20220825 05,486.63946109109986
92_20220825 06,607.7603730525025
92_20220825 07,919.7956508292033
92_20220825 08,1035.2148782281652
92_20220825 09,1432.661464368902
92_20220825 10,1667.1116120767113
92_20220825 11,1680.6970450271672
92_20220825 12,1711.5542662950172
92_20220825 13,1714.3922305547737
92_20220825 14,1689.9129810868415
92_20220825 15,1683.6091725867948
92_20220825 16,1659.953925876479
92_20220825 17,1660.9682466068698
92_20220825 18,1662.7735264360506
92_20220825 19,1648.246154171621
92_20220825 20,1634.3788524270442
92_20220825 21,1530.668561555026
92_20220825 22,1347.6128437314192
92_20220825 23,765.3034285110663
92_20220826 00,495.8470968469351
92_20220826 01,488.4544780060093
92_20220826 02,489.4669657663258
92_20220826 03,487.52058689392913
92_20220826 04,484.5061228356842
92_20220826 05,492.1373063940554
92_20220826 06,645.3170177132347
92_20220826 07,942.7805409491499
92_20220826 08,1074.6243796468361
92_20220826 09,1473.4560987995378
92_20220826 10,1698.1665625353726
92_20220826 11,1707.068621422823
92_20220826 12,1753.558718204755
92_20220826 13,1727.1827836334703
92_20220826 14,1722.923290469903
92_20220826 15,1708.3707480711792
92_20220826 16,1688.6130536486928
92_20220826 17,1672.2648708830484
92_20220826 18,1673.7592858847488
92_20220826 19,1685.2014657347786
92_20220826 20,1668.982046789723
92_20220826 21,1555.1761585914292
92_20220826 22,1367.0476289937783
92_20220826 23,788.140259972713
92_20220827 00,508.9866182985354
92_20220827 01,500.52675985910105
92_20220827 02,496.84908539153804
92_20220827 03,495.150442435003
92_20220827 04,492.9243063798673
92_20220827 05,493.6058752813251
92_20220827 06,643.1051352163929
92_20220827 07,933.1528267695394
92_20220827 08,1058.0083239778642
92_20220827 09,1459.4272473271528
92_20220827 10,1702.8064940268216
92_20220827 11,1733.8825586095552
92_20220827 12,1773.9139972899536
92_20220827 13,1779.252268633185
92_20220827 14,1786.8309583322102
92_20220827 15,1784.0888848973007
92_20220827 16,1775.9359142793278
92_20220827 17,1762.894043461951
92_20220827 18,1734.1898019547632
92_20220827 19,1702.1011555457342
92_20220827 20,1675.982855878966
92_20220827 21,1530.7016210882
92_20220827 22,1331.1717279355903
92_20220827 23,755.0935829583295
92_20220828 00,465.5218159358823
92_20220828 01,469.1567118344942
92_20220828 02,460.8415198277132
92_20220828 03,456.4173324504435
92_20220828 04,461.8353193023946
92_20220828 05,462.55682688414873
92_20220828 06,566.620317343881
92_20220828 07,742.8241500895857
92_20220828 08,798.90287842524
92_20220828 09,998.7724820134318
92_20220828 10,961.3423151628386
92_20220828 11,966.0341180458579
92_20220828 12,890.5533035614035
92_20220828 13,872.4047330665505
92_20220828 14,864.5460825858771
92_20220828 15,852.4438899993331
92_20220828 16,801.2014979636167
92_20220828 17,747.1841491113925
92_20220828 18,742.850577868778
92_20220828 19,770.7136425762995
92_20220828 20,748.2827009384059
92_20220828 21,692.7381123492189
92_20220828 22,650.2906906419526
92_20220828 23,583.2158111913714
92_20220829 00,486.9362598773793
92_20220829 01,474.403171784182
92_20220829 02,466.3697076034214
92_20220829 03,462.5429160035502
92_20220829 04,460.5407076996393
92_20220829 05,469.4214951801101
92_20220829 06,578.1466595349277
92_20220829 07,922.1135218086224
92_20220829 08,1051.1821835095811
92_20220829 09,1444.7560505875078
92_20220829 10,1675.440367020576
92_20220829 11,1691.5703831680908
92_20220829 12,1698.282790870519
92_20220829 13,1692.0565701219953
92_20220829 14,1695.0809356218401
92_20220829 15,1686.9234587281621
92_20220829 16,1660.0133355327962
92_20220829 17,1653.5869651180033
92_20220829 18,1641.3306186033142
92_20220829 19,1645.1624916829812
92_20220829 20,1638.619947030252
92_20220829 21,1511.9770040850012
92_20220829 22,1331.2147761460565
92_20220829 23,752.4600804274701
92_20220830 00,479.71925321817093
92_20220830 01,469.2288467164924
92_20220830 02,469.4648675659017
92_20220830 03,475.93068867086487
92_20220830 04,481.221401925488
92_20220830 05,481.9031399686834
92_20220830 06,598.2707700014803
92_20220830 07,918.3471829286871
92_20220830 08,1031.2532513111958
92_20220830 09,1435.8931415504728
92_20220830 10,1657.8871649988691
92_20220830 11,1663.4804680540865
92_20220830 12,1672.6256162963873
92_20220830 13,1682.9791350091975
92_20220830 14,1692.7595208736839
92_20220830 15,1677.5555991594244
92_20220830 16,1655.010359750593
92_20220830 17,1647.6173529866996
92_20220830 18,1659.3073549869705
92_20220830 19,1653.8699176877383
92_20220830 20,1633.1927659191838
92_20220830 21,1513.7560228728519
92_20220830 22,1333.511284723713
92_20220830 23,769.7560134819134
92_20220831 00,493.1020431401466
92_20220831 01,481.7183999023978
92_20220831 02,478.4638051189868
92_20220831 03,477.611270354586
92_20220831 04,479.6503343299993
92_20220831 05,487.87088308948586
92_20220831 06,605.1083381439166
92_20220831 07,922.467069743145
92_20220831 08,1052.0975855436625
92_20220831 09,1438.5405495258913
92_20220831 10,1648.2405830107177
92_20220831 11,1651.3448501912626
92_20220831 12,1657.6169659521431
92_20220831 13,1648.8024228627444
92_20220831 14,1664.188372644122
92_20220831 15,1646.2351939550551
92_20220831 16,1626.2671000288803
92_20220831 17,1627.5482548452962
92_20220831 18,1625.1554544142189
92_20220831 19,1634.5800041796188
92_20220831 20,1613.9672311577617
92_20220831 21,1511.1478699724948
92_20220831 22,1330.4047012038693
92_20220831 23,767.4349443768818
93_20220825 00,739.0909918603469
93_20220825 01,652.9219060884418
93_20220825 02,694.3752398096738
93_20220825 03,731.0167025903577
93_20220825 04,736.1876378087593
93_20220825 05,811.053296459563
93_20220825 06,1011.2149685125091
93_20220825 07,1101.62803941134
93_20220825 08,1199.5636742888196
93_20220825 09,1243.7056316725723
93_20220825 10,1286.9144610672647
93_20220825 11,1288.1255143880514
93_20220825 12,1301.9288777902902
93_20220825 13,1303.219925807337
93_20220825 14,1299.8565519939102
93_20220825 15,1257.1712417830142
93_20220825 16,1246.7934242151764
93_20220825 17,1261.8541845647337
93_20220825 18,1237.5017337558784
93_20220825 19,1219.1218469029122
93_20220825 20,1186.8722537118936
93_20220825 21,1118.953009809552
93_20220825 22,915.6880504962157
93_20220825 23,802.6022140220568
93_20220826 00,747.4940302980805
93_20220826 01,647.8589341495865
93_20220826 02,699.9638514344663
93_20220826 03,731.8830731183793
93_20220826 04,738.7539623784188
93_20220826 05,817.6191908838051
93_20220826 06,1018.4575236275438
93_20220826 07,1080.3719577255742
93_20220826 08,1179.579287581728
93_20220826 09,1253.2677635605646
93_20220826 10,1303.747928673477
93_20220826 11,1314.6367809466303
93_20220826 12,1321.011720779909
93_20220826 13,1338.311742523303
93_20220826 14,1335.9162902637845
93_20220826 15,1326.045105995544
93_20220826 16,1313.5084720550158
93_20220826 17,1305.0196279369598
93_20220826 18,1288.3783468338797
93_20220826 19,1263.710903162727
93_20220826 20,1235.450945454512
93_20220826 21,1171.311304404011
93_20220826 22,954.4101620460535
93_20220826 23,841.8732072677182
93_20220827 00,766.579257414247
93_20220827 01,655.6570626177115
93_20220827 02,734.4001176002452
93_20220827 03,740.6821111840637
93_20220827 04,734.1126015135551
93_20220827 05,780.7728064289258
93_20220827 06,958.2171910003011
93_20220827 07,1017.4767282767622
93_20220827 08,1134.2131858492394
93_20220827 09,1234.1775637804137
93_20220827 10,1307.7232540165596
93_20220827 11,1299.7463472048194
93_20220827 12,1326.7561468016079
93_20220827 13,1327.4782815667754
93_20220827 14,1313.0660482525805
93_20220827 15,1309.5998009240545
93_20220827 16,1296.989289414139
93_20220827 17,1304.841096388198
93_20220827 18,1294.0763271663632
93_20220827 19,1251.8346932802683
93_20220827 20,1226.2994935395786
93_20220827 21,1120.084313002853
93_20220827 22,899.1198664156668
93_20220827 23,805.2388633962271
93_20220828 00,745.2464367379384
93_20220828 01,636.2250838880107
93_20220828 02,718.2073906764574
93_20220828 03,703.3009236255391
93_20220828 04,720.3281782070334
93_20220828 05,792.5737912997917
93_20220828 06,945.8780207180043
93_20220828 07,1030.0196267140423
93_20220828 08,1162.164064913121
93_20220828 09,1244.8242707716227
93_20220828 10,1322.355235577233
93_20220828 11,1305.3956708240112
93_20220828 12,1328.6025235340944
93_20220828 13,1330.5212466480903
93_20220828 14,1311.4003018302208
93_20220828 15,1284.0028491027924
93_20220828 16,1257.811204987086
93_20220828 17,1264.3712965947277
93_20220828 18,1252.0674774642098
93_20220828 19,1222.4018195485228
93_20220828 20,1199.044137309378
93_20220828 21,1123.3929418673238
93_20220828 22,899.2659820566648
93_20220828 23,783.6039580483457
93_20220829 00,711.2291447941575
93_20220829 01,647.1237772575554
93_20220829 02,678.4547269783166
93_20220829 03,702.596707375422
93_20220829 04,691.415126111363
93_20220829 05,768.847595872251
93_20220829 06,985.9513255557356
93_20220829 07,1066.5096954842215
93_20220829 08,1106.3145951926267
93_20220829 09,1167.658286077532
93_20220829 10,1206.7159752222897
93_20220829 11,1223.0279127909516
93_20220829 12,1223.950408384608
93_20220829 13,1233.0034758862362
93_20220829 14,1221.3658190017943
93_20220829 15,1213.5008503978459
93_20220829 16,1202.0382318166835
93_20220829 17,1201.9732437613955
93_20220829 18,1185.9343637104914
93_20220829 19,1165.7831582684962
93_20220829 20,1128.5294466091493
93_20220829 21,1052.3081828038048
93_20220829 22,884.2859189388481
93_20220829 23,760.9314881670346
93_20220830 00,700.1212997247142
93_20220830 01,642.0073748275508
93_20220830 02,643.3968096154847
93_20220830 03,694.057912045406
93_20220830 04,688.194289725127
93_20220830 05,772.3852677722268
93_20220830 06,961.3048430239961
93_20220830 07,1018.7445109982066
93_20220830 08,1110.8502006611513
93_20220830 09,1185.738690048704
93_20220830 10,1234.216482608444
93_20220830 11,1233.0807488584403
93_20220830 12,1238.6679495667056
93_20220830 13,1239.5316714782116
93_20220830 14,1231.1527046936371
93_20220830 15,1226.747020007212
93_20220830 16,1203.0362933795386
93_20220830 17,1214.6821159902927
93_20220830 18,1205.9850119229475
93_20220830 19,1185.4797802718958
93_20220830 20,1150.6857373473924
93_20220830 21,1061.2586673592282
93_20220830 22,898.2376427597706
93_20220830 23,792.6124607440217
93_20220831 00,717.1823340788821
93_20220831 01,661.2672404931486
93_20220831 02,672.9318593065138
93_20220831 03,704.8897271642286
93_20220831 04,720.7061815043564
93_20220831 05,792.1600649112984
93_20220831 06,999.0908529935189
93_20220831 07,1068.7189239720597
93_20220831 08,1132.6981997932908
93_20220831 09,1186.2818860447485
93_20220831 10,1245.4070299235389
93_20220831 11,1253.266388623242
93_20220831 12,1257.4910933699236
93_20220831 13,1256.7030920396244
93_20220831 14,1254.305121594497
93_20220831 15,1222.658310094687
93_20220831 16,1206.312235422962
93_20220831 17,1225.42340398891
93_20220831 18,1204.826237577863
93_20220831 19,1189.1430271187583
93_20220831 20,1154.2305625051135
93_20220831 21,1090.51947898869
93_20220831 22,883.6025968217501
93_20220831 23,764.0216399711283
94_20220825 00,1687.9585365876342
94_20220825 01,1616.5041141695651
94_20220825 02,1564.6302963714766
94_20220825 03,1476.6196801259653
94_20220825 04,1479.1998915007675
94_20220825 05,1575.56442718286
94_20220825 06,1889.9317250538409
94_20220825 07,2190.41249515401
94_20220825 08,2388.7689682951805
94_20220825 09,2523.059047441081
94_20220825 10,2621.1750517429005
94_20220825 11,2644.3278726224885
94_20220825 12,2676.902065289703
94_20220825 13,2722.6375166219505
94_20220825 14,2771.0787038445064
94_20220825 15,2605.2386850245816
94_20220825 16,2648.24671696149
94_20220825 17,2665.8581415906347
94_20220825 18,2568.2563747533536
94_20220825 19,2484.8513956794595
94_20220825 20,2371.3385435753767
94_20220825 21,2043.4925039077327
94_20220825 22,1792.1395941884803
94_20220825 23,1644.736491358027
94_20220826 00,1537.0247449558856
94_20220826 01,1473.2372473560622
94_20220826 02,1426.7388171360462
94_20220826 03,1421.4242803658171
94_20220826 04,1419.48223569445
94_20220826 05,1540.526264681223
94_20220826 06,1900.0416382869662
94_20220826 07,2237.214081048828
94_20220826 08,2403.04917709439
94_20220826 09,2568.404111536363
94_20220826 10,2661.2089946589144
94_20220826 11,2728.1145342721948
94_20220826 12,2748.4493094032905
94_20220826 13,2852.3210970018677
94_20220826 14,2891.5436989931623
94_20220826 15,2916.2884160062426
94_20220826 16,2955.595311841515
94_20220826 17,2875.9110408585957
94_20220826 18,2786.0297993593267
94_20220826 19,2711.977476152619
94_20220826 20,2647.547013185538
94_20220826 21,2367.7146696613327
94_20220826 22,2023.672870990174
94_20220826 23,1855.0152757715905
94_20220827 00,1738.2464938361518
94_20220827 01,1692.5577697218869
94_20220827 02,1510.8022854387439
94_20220827 03,1431.6527797351673
94_20220827 04,1410.82762337668
94_20220827 05,1559.6851075914838
94_20220827 06,1983.5796805364498
94_20220827 07,2253.480296277523
94_20220827 08,2362.383456825635
94_20220827 09,2435.355124192225
94_20220827 10,2495.4850154133746
94_20220827 11,2567.459239744623
94_20220827 12,2642.609879724031
94_20220827 13,2713.816272853531
94_20220827 14,2743.014205559731
94_20220827 15,2733.990785094975
94_20220827 16,2706.6112654268413
94_20220827 17,2737.8460436087207
94_20220827 18,2687.7473729473195
94_20220827 19,2607.85674255951
94_20220827 20,2448.0695156331694
94_20220827 21,2131.2091488556343
94_20220827 22,1791.6780798900377
94_20220827 23,1636.660698289552
94_20220828 00,1586.3836742722704
94_20220828 01,1455.5145419647256
94_20220828 02,1437.645750873433
94_20220828 03,1344.6138137458533
94_20220828 04,1364.1667687674133
94_20220828 05,1511.3843411918394
94_20220828 06,1901.191179473777
94_20220828 07,2271.976902406883
94_20220828 08,2384.2299122024015
94_20220828 09,2445.0393875645887
94_20220828 10,2555.016395657558
94_20220828 11,2584.307948978262
94_20220828 12,2616.815536282824
94_20220828 13,2761.4144013738664
94_20220828 14,2763.7967113946715
94_20220828 15,2807.18203304075
94_20220828 16,2834.2280286684318
94_20220828 17,2869.758353004723
94_20220828 18,2774.890785303023
94_20220828 19,2618.8451327949897
94_20220828 20,2461.1671338923506
94_20220828 21,2146.010561386476
94_20220828 22,1861.2157765049578
94_20220828 23,1714.9627744088511
94_20220829 00,1523.1375973493432
94_20220829 01,1485.703151477037
94_20220829 02,1416.501331174022
94_20220829 03,1350.8919953023953
94_20220829 04,1334.0675336899058
94_20220829 05,1425.1834051520664
94_20220829 06,1861.2345985981128
94_20220829 07,2137.218159009295
94_20220829 08,2229.1614809771754
94_20220829 09,2354.191259746137
94_20220829 10,2453.887901266004
94_20220829 11,2475.731305105686
94_20220829 12,2463.162956594279
94_20220829 13,2537.226681968893
94_20220829 14,2524.577840641298
94_20220829 15,2541.422801683571
94_20220829 16,2505.1330656483233
94_20220829 17,2473.541402107259
94_20220829 18,2339.4519307692008
94_20220829 19,2313.639409271985
94_20220829 20,2190.968967286898
94_20220829 21,1896.0297834696528
94_20220829 22,1617.82288910334
94_20220829 23,1533.8922027820095
94_20220830 00,1441.9043315538543
94_20220830 01,1422.1924253858879
94_20220830 02,1397.619100958576
94_20220830 03,1334.4884031478857
94_20220830 04,1318.973335498048
94_20220830 05,1431.1138219567576
94_20220830 06,1800.0520857742606
94_20220830 07,2136.1754189576986
94_20220830 08,2266.618191908741
94_20220830 09,2339.0948606417655
94_20220830 10,2442.1166871150594
94_20220830 11,2468.979249937573
94_20220830 12,2466.466578570256
94_20220830 13,2549.981614287586
94_20220830 14,2530.32250217061
94_20220830 15,2536.296434068613
94_20220830 16,2547.792496026412
94_20220830 17,2557.8279229919303
94_20220830 18,2373.930161944063
94_20220830 19,2261.64511529662
94_20220830 20,2119.286439889334
94_20220830 21,1924.3905619625468
94_20220830 22,1660.099818248318
94_20220830 23,1562.9868977791643
94_20220831 00,1457.0855064757452
94_20220831 01,1432.130076798283
94_20220831 02,1396.8240656192133
94_20220831 03,1374.577983836151
94_20220831 04,1376.568488032922
94_20220831 05,1483.4146890961474
94_20220831 06,1793.5855757964005
94_20220831 07,2128.939406472097
94_20220831 08,2297.8983182285792
94_20220831 09,2374.2361784079567
94_20220831 10,2441.156520057044
94_20220831 11,2521.471426457909
94_20220831 12,2530.642753460365
94_20220831 13,2623.690998957043
94_20220831 14,2665.5345658629285
94_20220831 15,2668.6588280261517
94_20220831 16,2650.8552078176012
94_20220831 17,2662.588828731665
94_20220831 18,2541.833814362887
94_20220831 19,2484.7862028354284
94_20220831 20,2393.7026367340304
94_20220831 21,2075.445872654593
94_20220831 22,1759.0367805109559
94_20220831 23,1604.0679152119806
95_20220825 00,803.3850032072519
95_20220825 01,775.7565617967066
95_20220825 02,772.4395682880199
95_20220825 03,792.3256474771526
95_20220825 04,807.0644370120488
95_20220825 05,884.8194903768263
95_20220825 06,910.6319606195377
95_20220825 07,965.839473731646
95_20220825 08,980.8334465551518
95_20220825 09,1204.8907848378506
95_20220825 10,1373.0755068238539
95_20220825 11,1303.3046751235522
95_20220825 12,1341.943440960087
95_20220825 13,1363.0903310123635
95_20220825 14,1287.1171237725662
95_20220825 15,1308.381086150187
95_20220825 16,1285.0521600797495
95_20220825 17,1217.2336145342197
95_20220825 18,1113.9679222337293
95_20220825 19,1181.4745683327117
95_20220825 20,1020.6075181582485
95_20220825 21,955.1566920225905
95_20220825 22,883.710722901415
95_20220825 23,841.6967452392678
95_20220826 00,805.515988328727
95_20220826 01,783.7560425201905
95_20220826 02,800.4408448536816
95_20220826 03,774.5380306215717
95_20220826 04,803.6323986437906
95_20220826 05,884.5042543125508
95_20220826 06,926.8285925437162
95_20220826 07,1008.58238526695
95_20220826 08,1037.9585529710766
95_20220826 09,1236.668908004908
95_20220826 10,1363.6451061935825
95_20220826 11,1404.2643032976798
95_20220826 12,1382.6592082687987
95_20220826 13,1357.5819181097909
95_20220826 14,1361.5432547778676
95_20220826 15,1276.480938353451
95_20220826 16,1286.6289499264162
95_20220826 17,1239.9920787801773
95_20220826 18,1105.0688785651455
95_20220826 19,1232.6173640547463
95_20220826 20,1079.077892208457
95_20220826 21,1003.428591948033
95_20220826 22,899.3037638052953
95_20220826 23,874.1318860131394
95_20220827 00,913.81699079768
95_20220827 01,881.1257233118821
95_20220827 02,830.4492850500744
95_20220827 03,825.0403600326483
95_20220827 04,832.2691003057528
95_20220827 05,931.4777819760342
95_20220827 06,1006.6302216621427
95_20220827 07,1003.5853514885481
95_20220827 08,1163.749232362151
95_20220827 09,1378.9880725975988
95_20220827 10,1444.9918277970621
95_20220827 11,1390.9626760686665
95_20220827 12,1288.2840431317936
95_20220827 13,1400.9517430544993
95_20220827 14,1344.3280459353412
95_20220827 15,1261.9343156203063
95_20220827 16,1257.9121882543222
95_20220827 17,1260.0960951795107
95_20220827 18,1119.958853716763
95_20220827 19,1284.5646847371786
95_20220827 20,1198.797244827439
95_20220827 21,1084.5408212558036
95_20220827 22,1012.4723882420135
95_20220827 23,968.9097245077903
95_20220828 00,966.003225461929
95_20220828 01,900.7620289729764
95_20220828 02,861.514549965087
95_20220828 03,851.7478287610518
95_20220828 04,848.1368007975135
95_20220828 05,937.0692218436936
95_20220828 06,1029.9843163293099
95_20220828 07,1056.6145048081576
95_20220828 08,1174.216276714503
95_20220828 09,1433.9936908904906
95_20220828 10,1448.2633467962692
95_20220828 11,1409.145580703123
95_20220828 12,1353.2255902328798
95_20220828 13,1344.209257048158
95_20220828 14,1296.4750360698495
95_20220828 15,1262.1964203293694
95_20220828 16,1158.3876899115726
95_20220828 17,1108.5152256189763
95_20220828 18,1122.161580213506
95_20220828 19,1203.303483536416
95_20220828 20,1064.0435214991053
95_20220828 21,960.5039070592118
95_20220828 22,917.5857300243988
95_20220828 23,894.6816563343644
95_20220829 00,839.072010418961
95_20220829 01,830.8718596505055
95_20220829 02,815.9921459363742
95_20220829 03,776.5775971376912
95_20220829 04,777.1868207406767
95_20220829 05,887.7984075522178
95_20220829 06,924.3810590714326
95_20220829 07,999.2426813823315
95_20220829 08,1021.4489064157369
95_20220829 09,1251.4315719474498
95_20220829 10,1297.0411059650698
95_20220829 11,1263.910601530654
95_20220829 12,1281.4907330250117
95_20220829 13,1273.6110716265164
95_20220829 14,1257.182078247026
95_20220829 15,1232.588158991129
95_20220829 16,1209.2941539490432
95_20220829 17,1155.557900838064
95_20220829 18,982.0540229647602
95_20220829 19,1037.9642725465274
95_20220829 20,1046.842194289445
95_20220829 21,916.5042139103837
95_20220829 22,841.3379489418392
95_20220829 23,886.7605795165123
95_20220830 00,798.405747548541
95_20220830 01,750.8634744845889
95_20220830 02,784.834988222347
95_20220830 03,800.8082833245919
95_20220830 04,780.3058390069015
95_20220830 05,878.5948179823241
95_20220830 06,949.6520925439529
95_20220830 07,978.044143362604
95_20220830 08,1009.1074323379441
95_20220830 09,1187.0995412852187
95_20220830 10,1257.8711028622188
95_20220830 11,1312.524182307533
95_20220830 12,1276.6086590004043
95_20220830 13,1230.9443198331758
95_20220830 14,1200.9632243387673
95_20220830 15,1238.3839688428
95_20220830 16,1195.5218362257733
95_20220830 17,1137.2577561144249
95_20220830 18,970.8359634549205
95_20220830 19,1086.7663579473726
95_20220830 20,958.1046164971498
95_20220830 21,883.7965138162108
95_20220830 22,819.305861436894
95_20220830 23,818.7990820215684
95_20220831 00,786.494769613196
95_20220831 01,736.9743691119791
95_20220831 02,742.3605472770329
95_20220831 03,742.653036105257
95_20220831 04,763.7453951332252
95_20220831 05,878.7269623599614
95_20220831 06,957.1625271325411
95_20220831 07,927.7068450025367
95_20220831 08,1045.8972350716126
95_20220831 09,1184.7533372137932
95_20220831 10,1292.1034483183134
95_20220831 11,1248.946932891436
95_20220831 12,1281.5753097990198
95_20220831 13,1287.1799476724593
95_20220831 14,1198.9962966771911
95_20220831 15,1211.5174819755994
95_20220831 16,1171.1597190930252
95_20220831 17,1090.1214917456307
95_20220831 18,1029.5919127916266
95_20220831 19,1140.8132748313133
95_20220831 20,969.9210307280368
95_20220831 21,890.0038578079789
95_20220831 22,886.7644356504079
95_20220831 23,816.5625436839739
96_20220825 00,1970.614397053526
96_20220825 01,1945.6762531089748
96_20220825 02,1917.8675835960864
96_20220825 03,1906.769307296146
96_20220825 04,1915.2987583443887
96_20220825 05,1959.513132561472
96_20220825 06,2193.6643204593215
96_20220825 07,2471.6243480199782
96_20220825 08,2819.7904408520694
96_20220825 09,3092.67166488806
96_20220825 10,3309.0029284764005
96_20220825 11,3334.724758265627
96_20220825 12,3415.5570208556205
96_20220825 13,3477.3087264007863
96_20220825 14,3474.0031410828856
96_20220825 15,3429.391221200007
96_20220825 16,3425.6357515613354
96_20220825 17,3440.811500483829
96_20220825 18,3300.050433774337
96_20220825 19,3249.726803470935
96_20220825 20,3117.897339240379
96_20220825 21,3028.835988516952
96_20220825 22,2485.6174902368684
96_20220825 23,2279.79064753395
96_20220826 00,2139.2980237677266
96_20220826 01,2077.9589865845282
96_20220826 02,2026.9681951767357
96_20220826 03,2012.139997351347
96_20220826 04,2010.2015280109342
96_20220826 05,2030.920994951422
96_20220826 06,2256.11827829963
96_20220826 07,2537.415917251075
96_20220826 08,2791.2518573409043
96_20220826 09,3083.530803032041
96_20220826 10,3279.5147457047874
96_20220826 11,3398.389511168204
96_20220826 12,3452.6405410889565
96_20220826 13,3468.2822094981757
96_20220826 14,3494.902185119544
96_20220826 15,3479.377216325235
96_20220826 16,3422.940686612363
96_20220826 17,3425.29763655168
96_20220826 18,3337.1169555822476
96_20220826 19,3252.7154595869238
96_20220826 20,3097.996706385226
96_20220826 21,3032.287794235128
96_20220826 22,2549.7239163524027
96_20220826 23,2316.6869802477386
96_20220827 00,2124.554831755696
96_20220827 01,2044.934734983192
96_20220827 02,1999.4473393341273
96_20220827 03,1991.5133810106063
96_20220827 04,1988.161092762858
96_20220827 05,1995.8263409765852
96_20220827 06,2203.927641719497
96_20220827 07,2526.374445101588
96_20220827 08,2907.4075245889326
96_20220827 09,3201.208513247564
96_20220827 10,3413.258490941675
96_20220827 11,3460.1537473360095
96_20220827 12,3489.20819249124
96_20220827 13,3492.298563387437
96_20220827 14,3500.5774026779195
96_20220827 15,3544.774247654646
96_20220827 16,3484.387223424683
96_20220827 17,3510.109384142016
96_20220827 18,3472.5406711416717
96_20220827 19,3275.291025308912
96_20220827 20,3128.991164552188
96_20220827 21,3032.2997557622048
96_20220827 22,2485.22229743528
96_20220827 23,2261.014801584978
96_20220828 00,2084.6400937871254
96_20220828 01,2043.7585883758002
96_20220828 02,1972.8296675178572
96_20220828 03,1954.7424968766811
96_20220828 04,1940.454895019372
96_20220828 05,2002.4953624493382
96_20220828 06,2163.65058917531
96_20220828 07,2481.828897085992
96_20220828 08,2846.6487870186043
96_20220828 09,3139.936353770692
96_20220828 10,3302.6335103635593
96_20220828 11,3366.945007522091
96_20220828 12,3425.1336926120666
96_20220828 13,3426.764421957421
96_20220828 14,3388.7412927277533
96_20220828 15,3361.9976731623165
96_20220828 16,3333.0438618959643
96_20220828 17,3306.651666635433
96_20220828 18,3251.069936404092
96_20220828 19,3138.3407249587963
96_20220828 20,3013.1827842454286
96_20220828 21,2949.7995182250406
96_20220828 22,2391.8021703412815
96_20220828 23,2243.9263682142623
96_20220829 00,2011.0788280968509
96_20220829 01,1972.3344734579014
96_20220829 02,1933.0404726903091
96_20220829 03,1916.5158456104473
96_20220829 04,1918.4527700192398
96_20220829 05,1942.2538553702534
96_20220829 06,2165.1180450574743
96_20220829 07,2457.073566150202
96_20220829 08,2783.6035170654363
96_20220829 09,3078.6822076869043
96_20220829 10,3262.9384250238645
96_20220829 11,3303.1386998205166
96_20220829 12,3411.299523384704
96_20220829 13,3455.6198380803485
96_20220829 14,3469.6351387874356
96_20220829 15,3385.187501506838
96_20220829 16,3350.67138473373
96_20220829 17,3343.080670476413
96_20220829 18,3284.1229414261843
96_20220829 19,3186.1134072189807
96_20220829 20,3040.317095381778
96_20220829 21,2972.327286043226
96_20220829 22,2446.8136037469703
96_20220829 23,2270.327614137792
96_20220830 00,2062.93506748006
96_20220830 01,2002.18473540462
96_20220830 02,1969.5186023595134
96_20220830 03,1956.1184713030098
96_20220830 04,1954.8215688272023
96_20220830 05,2012.9858047406829
96_20220830 06,2233.6681458803896
96_20220830 07,2546.395998918293
96_20220830 08,2859.9093655641914
96_20220830 09,3121.6851113383955
96_20220830 10,3310.5889818926216
96_20220830 11,3356.3330966714507
96_20220830 12,3330.71419983391
96_20220830 13,3332.2066565881028
96_20220830 14,3342.5573552799815
96_20220830 15,3341.3454000289007
96_20220830 16,3316.885536744216
96_20220830 17,3318.777501337481
96_20220830 18,3242.436004461808
96_20220830 19,3172.5057537183134
96_20220830 20,3016.684651511863
96_20220830 21,2933.4029783749606
96_20220830 22,2480.0304206740893
96_20220830 23,2255.9931796034075
96_20220831 00,2041.7990305551352
96_20220831 01,2005.745155049597
96_20220831 02,1960.8098358186166
96_20220831 03,1968.913949268383
96_20220831 04,1972.680918454872
96_20220831 05,2029.7067693685117
96_20220831 06,2232.587191023822
96_20220831 07,2487.2114351876808
96_20220831 08,2784.7668454179243
96_20220831 09,3037.4428923825576
96_20220831 10,3209.941622462448
96_20220831 11,3225.33027837861
96_20220831 12,3236.89257904732
96_20220831 13,3253.184017806584
96_20220831 14,3204.034677813571
96_20220831 15,3154.1924370828474
96_20220831 16,3136.0613261479734
96_20220831 17,3147.005363141943
96_20220831 18,3099.7809082975805
96_20220831 19,3000.086132359546
96_20220831 20,2862.770786161985
96_20220831 21,2762.2987483378815
96_20220831 22,2343.863541520969
96_20220831 23,2119.640330205572
97_20220825 00,876.6138154757979
97_20220825 01,823.0254344360114
97_20220825 02,805.3198076210483
97_20220825 03,791.6152721094827
97_20220825 04,834.8331293653553
97_20220825 05,949.261518371774
97_20220825 06,971.8355616100525
97_20220825 07,1064.7483935104867
97_20220825 08,1238.3687488629116
97_20220825 09,1402.9822326476994
97_20220825 10,1435.1125060609043
97_20220825 11,1442.1891832212345
97_20220825 12,1472.568752968557
97_20220825 13,1560.0810896251714
97_20220825 14,1587.430263009327
97_20220825 15,1560.4424311831206
97_20220825 16,1550.237430583372
97_20220825 17,1545.4871036894597
97_20220825 18,1485.1829627828454
97_20220825 19,1450.4592652669553
97_20220825 20,1427.9442056601729
97_20220825 21,1332.0565629582645
97_20220825 22,1151.6420510858234
97_20220825 23,993.8349663189244
97_20220826 00,904.326303429914
97_20220826 01,847.7626707958174
97_20220826 02,820.8705170966737
97_20220826 03,806.8945598065823
97_20220826 04,863.6303437946258
97_20220826 05,984.9330915619419
97_20220826 06,1038.2485515596027
97_20220826 07,1078.1703397968765
97_20220826 08,1235.5387073182674
97_20220826 09,1400.0505567659686
97_20220826 10,1389.334357708621
97_20220826 11,1424.160789642932
97_20220826 12,1445.350624982611
97_20220826 13,1525.3508853399107
97_20220826 14,1527.668559562857
97_20220826 15,1513.0528091534536
97_20220826 16,1504.6782651004594
97_20220826 17,1512.330240149148
97_20220826 18,1493.831350935337
97_20220826 19,1469.0166335005322
97_20220826 20,1446.5769000309208
97_20220826 21,1343.9259155049347
97_20220826 22,1150.8423199329661
97_20220826 23,1007.1334483097676
97_20220827 00,901.2426770544037
97_20220827 01,861.6273850848024
97_20220827 02,837.8143396083581
97_20220827 03,809.3220529227419
97_20220827 04,850.5358214583044
97_20220827 05,971.0519201805146
97_20220827 06,1012.4664578888905
97_20220827 07,1107.9065965564494
97_20220827 08,1268.2744616624868
97_20220827 09,1437.9987682806513
97_20220827 10,1434.8532424160328
97_20220827 11,1448.330525987767
97_20220827 12,1471.642693213893
97_20220827 13,1535.505557535847
97_20220827 14,1634.9914538301864
97_20220827 15,1652.2626561483144
97_20220827 16,1615.470587716345
97_20220827 17,1539.003201230987
97_20220827 18,1472.5955486895637
97_20220827 19,1414.2396547788421
97_20220827 20,1375.9175962462173
97_20220827 21,1270.2226874483858
97_20220827 22,1103.501712915198
97_20220827 23,941.4635394731339
97_20220828 00,875.4330707160389
97_20220828 01,808.0358500225825
97_20220828 02,773.0814394739465
97_20220828 03,697.7937326019119
97_20220828 04,725.6594698376323
97_20220828 05,894.5041468307516
97_20220828 06,911.1352583376829
97_20220828 07,1074.5809451906446
97_20220828 08,1223.115841341967
97_20220828 09,1374.1648039110642
97_20220828 10,1414.4896889867925
97_20220828 11,1412.4629049316545
97_20220828 12,1427.7243002259092
97_20220828 13,1518.7441076119387
97_20220828 14,1564.4322748711475
97_20220828 15,1556.422600372869
97_20220828 16,1535.2685595649364
97_20220828 17,1470.2243099994894
97_20220828 18,1409.4248596087702
97_20220828 19,1355.4836812349317
97_20220828 20,1308.4074855173371
97_20220828 21,1206.9233702982679
97_20220828 22,1050.9446887348995
97_20220828 23,920.0831894499106
97_20220829 00,853.5331369511041
97_20220829 01,820.8019234007331
97_20220829 02,799.3106050361162
97_20220829 03,777.1642421820668
97_20220829 04,812.6756637364365
97_20220829 05,951.2725207229801
97_20220829 06,951.5390274261453
97_20220829 07,990.3137544462079
97_20220829 08,1168.3509384126064
97_20220829 09,1374.9854588152725
97_20220829 10,1419.1480877360177
97_20220829 11,1409.4674863948683
97_20220829 12,1425.5292611934346
97_20220829 13,1494.3216053385013
97_20220829 14,1500.3212880345804
97_20220829 15,1475.7418876364475
97_20220829 16,1487.6732192750394
97_20220829 17,1495.3629093040315
97_20220829 18,1456.0543787469046
97_20220829 19,1436.1739354540582
97_20220829 20,1420.8791532034174
97_20220829 21,1270.815042128742
97_20220829 22,1124.118467556374
97_20220829 23,995.7815006980395
97_20220830 00,879.1664055861622
97_20220830 01,833.7347232991417
97_20220830 02,801.1724526660307
97_20220830 03,783.7944003261753
97_20220830 04,796.9450941131221
97_20220830 05,934.0563704068286
97_20220830 06,965.5462663229916
97_20220830 07,1022.4315648061545
97_20220830 08,1239.371996039582
97_20220830 09,1444.412421240687
97_20220830 10,1482.0533329136076
97_20220830 11,1536.7061478407259
97_20220830 12,1579.7291761049266
97_20220830 13,1673.066320566241
97_20220830 14,1683.435139239492
97_20220830 15,1657.448148037641
97_20220830 16,1543.294600499486
97_20220830 17,1582.6488652289925
97_20220830 18,1552.5282240775953
97_20220830 19,1531.7400649481347
97_20220830 20,1425.6485992355567
97_20220830 21,1355.4325930193359
97_20220830 22,1169.6488896033839
97_20220830 23,987.5299069502871
97_20220831 00,868.1602781829041
97_20220831 01,870.7091333990227
97_20220831 02,859.4631078180955
97_20220831 03,854.1600653857669
97_20220831 04,896.0799699978451
97_20220831 05,1017.7738320770281
97_20220831 06,1020.8716889175956
97_20220831 07,1078.2953247279634
97_20220831 08,1259.2606892391775
97_20220831 09,1399.9373252256044
97_20220831 10,1417.3205373073151
97_20220831 11,1402.4355479901506
97_20220831 12,1404.9325721674106
97_20220831 13,1483.8725758066478
97_20220831 14,1477.4226274935831
97_20220831 15,1455.131929942439
97_20220831 16,1430.8825417013177
97_20220831 17,1428.794233995595
97_20220831 18,1404.208691222172
97_20220831 19,1362.3474138317897
97_20220831 20,1333.173949193501
97_20220831 21,1232.2404277396427
97_20220831 22,1073.5670963410919
97_20220831 23,951.3883207299691
98_20220825 00,517.7885597602069
98_20220825 01,486.8844121455047
98_20220825 02,488.75688712422004
98_20220825 03,513.7669833996888
98_20220825 04,645.993082597211
98_20220825 05,763.2207128492869
98_20220825 06,929.3305515129252
98_20220825 07,1103.6651585306463
98_20220825 08,1211.4155824352933
98_20220825 09,1320.503091194748
98_20220825 10,1447.878129894963
98_20220825 11,1527.1920615533052
98_20220825 12,1538.681981055135
98_20220825 13,1537.984913468325
98_20220825 14,1534.5873310713032
98_20220825 15,1486.994510750419
98_20220825 16,1499.8244705177626
98_20220825 17,1515.6863508187787
98_20220825 18,1425.213165571313
98_20220825 19,1336.3473678364062
98_20220825 20,1245.5534747331544
98_20220825 21,1051.7163373477324
98_20220825 22,747.2137715895003
98_20220825 23,669.4208943322984
98_20220826 00,556.9385009669902
98_20220826 01,530.3032742357061
98_20220826 02,520.9223986916336
98_20220826 03,519.5094623737491
98_20220826 04,673.0253726777886
98_20220826 05,751.3069499043335
98_20220826 06,893.6203775387501
98_20220826 07,1072.9786937679614
98_20220826 08,1186.633671243047
98_20220826 09,1298.1196815354601
98_20220826 10,1490.2148150213416
98_20220826 11,1516.6700914532619
98_20220826 12,1539.2147977307036
98_20220826 13,1546.154906792934
98_20220826 14,1525.3007408588303
98_20220826 15,1498.493637086879
98_20220826 16,1505.9039488943793
98_20220826 17,1512.5436210328767
98_20220826 18,1444.7967748657582
98_20220826 19,1356.653683388035
98_20220826 20,1242.2126610822513
98_20220826 21,1079.1391468844374
98_20220826 22,724.574201095749
98_20220826 23,655.5651953377535
98_20220827 00,569.2663907613498
98_20220827 01,521.7027122606357
98_20220827 02,489.63699751875646
98_20220827 03,495.0812179736932
98_20220827 04,662.7626732761628
98_20220827 05,747.6683294241013
98_20220827 06,890.8034064155369
98_20220827 07,1079.6115842178428
98_20220827 08,1188.7487383891553
98_20220827 09,1304.8150197481978
98_20220827 10,1416.2677854286837
98_20220827 11,1490.9977356542472
98_20220827 12,1528.737975245986
98_20220827 13,1546.4401471294996
98_20220827 14,1526.3252230710928
98_20220827 15,1509.8573241888134
98_20220827 16,1519.8131577550384
98_20220827 17,1519.9531328601345
98_20220827 18,1401.2571987024412
98_20220827 19,1199.597351909194
98_20220827 20,1141.068258415502
98_20220827 21,991.3564973996818
98_20220827 22,755.1973535612117
98_20220827 23,667.1257046225215
98_20220828 00,553.8477780545841
98_20220828 01,523.970928730201
98_20220828 02,499.01541238200844
98_20220828 03,509.0353972778691
98_20220828 04,607.2062679609021
98_20220828 05,704.2834715322781
98_20220828 06,809.6539562982871
98_20220828 07,963.9814179842665
98_20220828 08,1107.865100058842
98_20220828 09,1233.051621668816
98_20220828 10,1344.845278802151
98_20220828 11,1388.1966731262955
98_20220828 12,1429.8477208344289
98_20220828 13,1446.603557757995
98_20220828 14,1444.2396565985434
98_20220828 15,1432.8866766407787
98_20220828 16,1437.5689441899112
98_20220828 17,1432.630224178337
98_20220828 18,1237.1020991389755
98_20220828 19,1132.3102682891915
98_20220828 20,1046.7069902960766
98_20220828 21,905.6022890219924
98_20220828 22,744.343988524407
98_20220828 23,650.8476257828304
98_20220829 00,520.4546147411568
98_20220829 01,491.0680304112658
98_20220829 02,473.84234497674277
98_20220829 03,477.42166096865435
98_20220829 04,625.669703523812
98_20220829 05,722.3567813250829
98_20220829 06,828.9375215115068
98_20220829 07,987.0446589095252
98_20220829 08,1119.7604893192956
98_20220829 09,1237.140473518414
98_20220829 10,1395.7024777508782
98_20220829 11,1440.4937912907378
98_20220829 12,1443.444977820787
98_20220829 13,1474.0209357872548
98_20220829 14,1447.2038007610133
98_20220829 15,1420.9305318189913
98_20220829 16,1441.082239476154
98_20220829 17,1437.0161613825048
98_20220829 18,1345.4936739901384
98_20220829 19,1269.576941827519
98_20220829 20,1184.4872607805416
98_20220829 21,1035.6314708096122
98_20220829 22,717.7768892389809
98_20220829 23,648.5283459439787
98_20220830 00,541.9861318112971
98_20220830 01,506.89828030749953
98_20220830 02,487.42394584434896
98_20220830 03,473.24647043255504
98_20220830 04,655.9195654597659
98_20220830 05,735.3647662753654
98_20220830 06,843.8901474377637
98_20220830 07,1016.4297105535816
98_20220830 08,1157.5282802143113
98_20220830 09,1263.9729704688752
98_20220830 10,1348.8825487285337
98_20220830 11,1391.476374606815
98_20220830 12,1370.4068757177013
98_20220830 13,1385.5483178808574
98_20220830 14,1403.758620579293
98_20220830 15,1386.7391763382377
98_20220830 16,1397.3272266377164
98_20220830 17,1411.907751394744
98_20220830 18,1348.3903203210934
98_20220830 19,1266.7814093530308
98_20220830 20,1169.1295817615896
98_20220830 21,1006.325915559005
98_20220830 22,720.3507807807407
98_20220830 23,632.0277933393704
98_20220831 00,519.6869776896136
98_20220831 01,491.1705771680863
98_20220831 02,486.653442541274
98_20220831 03,505.9086326839544
98_20220831 04,685.3942653302067
98_20220831 05,768.6837087633833
98_20220831 06,899.3324944146224
98_20220831 07,1008.1568554739704
98_20220831 08,1119.9241535748126
98_20220831 09,1210.1884249802663
98_20220831 10,1306.2864150633227
98_20220831 11,1328.4448626448877
98_20220831 12,1336.185149603258
98_20220831 13,1349.9519197115203
98_20220831 14,1337.5664045055935
98_20220831 15,1321.080931588774
98_20220831 16,1335.7114241589406
98_20220831 17,1333.581084173436
98_20220831 18,1278.5861413762268
98_20220831 19,1226.7520271542628
98_20220831 20,1120.836781620175
98_20220831 21,951.3208649254186
98_20220831 22,686.6057791968901
98_20220831 23,607.8188261903924
99_20220825 00,695.5306240974138
99_20220825 01,646.841485075873
99_20220825 02,610.3904075608091
99_20220825 03,598.0250925660026
99_20220825 04,596.9463217484429
99_20220825 05,633.4283246883463
99_20220825 06,769.6910503316141
99_20220825 07,899.9130956887211
99_20220825 08,1091.2794076001398
99_20220825 09,1327.8715225588833
99_20220825 10,1407.4390502570639
99_20220825 11,1299.708071600595
99_20220825 12,1283.3808062019118
99_20220825 13,1329.7256786642015
99_20220825 14,1373.6554320578073
99_20220825 15,1422.445499102223
99_20220825 16,1444.2676122816363
99_20220825 17,1410.8758096592853
99_20220825 18,1332.1304973085246
99_20220825 19,1241.417270248292
99_20220825 20,1230.8691243844241
99_20220825 21,1096.8709527366773
99_20220825 22,885.7562220104526
99_20220825 23,762.4324913320163
99_20220826 00,682.2355932505868
99_20220826 01,639.2538800501836
99_20220826 02,602.2549758981444
99_20220826 03,601.3174908665133
99_20220826 04,606.1480607490344
99_20220826 05,634.9484376838286
99_20220826 06,761.22185606264
99_20220826 07,955.1430277815177
99_20220826 08,1174.0285093825055
99_20220826 09,1469.9251907444118
99_20220826 10,1518.2557883047384
99_20220826 11,1364.9971441589398
99_20220826 12,1354.3586207338665
99_20220826 13,1379.3565145447908
99_20220826 14,1430.6169744075967
99_20220826 15,1477.117033907125
99_20220826 16,1501.4995329465874
99_20220826 17,1504.3083800605586
99_20220826 18,1417.6049366003829
99_20220826 19,1318.0070090435427
99_20220826 20,1294.5633126071768
99_20220826 21,1188.099827053186
99_20220826 22,943.5705988432271
99_20220826 23,808.8657319125166
99_20220827 00,726.0580564174786
99_20220827 01,667.6839301267132
99_20220827 02,631.8050376617945
99_20220827 03,603.0659113514719
99_20220827 04,600.3027700247569
99_20220827 05,646.4641825829442
99_20220827 06,778.9221464320638
99_20220827 07,925.718504953489
99_20220827 08,1116.93276727164
99_20220827 09,1412.5159139856517
99_20220827 10,1477.7354355391406
99_20220827 11,1347.8562356640275
99_20220827 12,1352.7463086625921
99_20220827 13,1393.0606019384827
99_20220827 14,1429.4614245921916
99_20220827 15,1451.4332238143184
99_20220827 16,1495.7095771600393
99_20220827 17,1483.1823516296624
99_20220827 18,1396.9500222865563
99_20220827 19,1293.6124321564125
99_20220827 20,1261.2101202391718
99_20220827 21,1134.946028195845
99_20220827 22,925.4481714034604
99_20220827 23,807.0011822529467
99_20220828 00,721.7180311714019
99_20220828 01,656.5264432611642
99_20220828 02,631.8150616564906
99_20220828 03,609.4894276124371
99_20220828 04,592.3502204692888
99_20220828 05,630.3935219660905
99_20220828 06,769.8483962962999
99_20220828 07,912.2669037876163
99_20220828 08,1125.1480233784487
99_20220828 09,1400.357595813638
99_20220828 10,1440.740404211634
99_20220828 11,1319.0783344782567
99_20220828 12,1310.4239161768776
99_20220828 13,1362.258867252603
99_20220828 14,1407.4913287525487
99_20220828 15,1433.299449076672
99_20220828 16,1465.3173794560462
99_20220828 17,1487.0029713020906
99_20220828 18,1394.1325706407254
99_20220828 19,1294.2348840533416
99_20220828 20,1252.6997468142913
99_20220828 21,1125.0164784164213
99_20220828 22,916.0647320028922
99_20220828 23,794.8095125202126
99_20220829 00,686.7817556353052
99_20220829 01,639.414651241037
99_20220829 02,600.8879180594549
99_20220829 03,592.4036134650835
99_20220829 04,595.7947985700264
99_20220829 05,640.6941427264179
99_20220829 06,766.5188785102533
99_20220829 07,890.3375557265982
99_20220829 08,1083.7055912838136
99_20220829 09,1325.5716343257445
99_20220829 10,1370.2255264312116
99_20220829 11,1258.1984402288504
99_20220829 12,1258.0053849128217
99_20220829 13,1294.1045719724962
99_20220829 14,1328.5936001256343
99_20220829 15,1351.0541143507025
99_20220829 16,1388.754186731903
99_20220829 17,1380.249796052614
99_20220829 18,1315.1824064587613
99_20220829 19,1245.7675785300507
99_20220829 20,1234.6830068394854
99_20220829 21,1107.9219400283225
99_20220829 22,898.7296185811572
99_20220829 23,769.6447788205414
99_20220830 00,679.9755341494927
99_20220830 01,629.3024221777948
99_20220830 02,599.0762210173276
99_20220830 03,591.0001772149296
99_20220830 04,591.1724998323336
99_20220830 05,637.9366800920936
99_20220830 06,755.9820498659865
99_20220830 07,889.4232442172353
99_20220830 08,1078.9563719715727
99_20220830 09,1313.0262951486118
99_20220830 10,1329.4592363995416
99_20220830 11,1218.076579057856
99_20220830 12,1205.0023174945384
99_20220830 13,1249.2608145999322
99_20220830 14,1298.646812490556
99_20220830 15,1330.501575745177
99_20220830 16,1367.2903296464992
99_20220830 17,1367.0124835065042
99_20220830 18,1281.560984594976
99_20220830 19,1201.4079806752768
99_20220830 20,1197.648378500481
99_20220830 21,1075.5353693025286
99_20220830 22,903.0091107774826
99_20220830 23,768.6835943175947
99_20220831 00,667.0235861828588
99_20220831 01,622.4987189989992
99_20220831 02,599.8086359139654
99_20220831 03,593.0304281047579
99_20220831 04,597.5984780442814
99_20220831 05,636.7128502601043
99_20220831 06,759.8455878264033
99_20220831 07,900.8396348853253
99_20220831 08,1062.3866029029737
99_20220831 09,1290.488336149635
99_20220831 10,1314.5757855686209
99_20220831 11,1193.569384252932
99_20220831 12,1204.835989352937
99_20220831 13,1255.911102598707
99_20220831 14,1296.902086018617
99_20220831 15,1334.828876059748
99_20220831 16,1358.9542894389276
99_20220831 17,1356.1415226903937
99_20220831 18,1276.3294408054057
99_20220831 19,1194.9102193020901
99_20220831 20,1186.7216505719166
99_20220831 21,1059.3809308915233
99_20220831 22,861.339383408286
99_20220831 23,749.5198406605666
100_20220825 00,425.5355915563123
100_20220825 01,383.66961657199886
100_20220825 02,368.0033391414012
100_20220825 03,366.4054683071498
100_20220825 04,366.63487273280145
100_20220825 05,392.4984961715361
100_20220825 06,575.8139078786402
100_20220825 07,771.8699651546535
100_20220825 08,887.607654762387
100_20220825 09,990.3363993965
100_20220825 10,1049.9597731886263
100_20220825 11,1055.673042616296
100_20220825 12,1078.8820906134042
100_20220825 13,1089.3776938898266
100_20220825 14,1079.7734019455934
100_20220825 15,1112.7596723696977
100_20220825 16,1075.1612222652711
100_20220825 17,1026.617575782692
100_20220825 18,976.4037986778211
100_20220825 19,878.9506715323187
100_20220825 20,826.5282497412946
100_20220825 21,738.1214140852995
100_20220825 22,648.9781694760895
100_20220825 23,531.3368575778716
100_20220826 00,416.120112844396
100_20220826 01,385.90174966894
100_20220826 02,365.0099070896157
100_20220826 03,361.4636595172004
100_20220826 04,361.8131768374608
100_20220826 05,398.7652729484123
100_20220826 06,558.285851793429
100_20220826 07,773.0280813983009
100_20220826 08,866.0930286312491
100_20220826 09,976.425252703197
100_20220826 10,1063.1957606992862
100_20220826 11,1029.1852214523597
100_20220826 12,1023.7451758759655
100_20220826 13,1071.1900705431678
100_20220826 14,1084.3127552930068
100_20220826 15,1103.6102553562778
100_20220826 16,1112.57407703471
100_20220826 17,1113.5769106633534
100_20220826 18,1064.2953314013275
100_20220826 19,956.5611056634729
100_20220826 20,889.899685727076
100_20220826 21,799.4759604135395
100_20220826 22,703.2598613894386
100_20220826 23,567.5046830268458
100_20220827 00,436.5851393324625
100_20220827 01,399.9587219550615
100_20220827 02,382.8804665027507
100_20220827 03,376.372798259619
100_20220827 04,366.0412662426189
100_20220827 05,405.813653803375
100_20220827 06,588.4483958049302
100_20220827 07,778.7827619409808
100_20220827 08,867.4803502491307
100_20220827 09,968.4538871920087
100_20220827 10,1045.3179295104837
100_20220827 11,987.8343898577396
100_20220827 12,1004.1248076628472
100_20220827 13,1065.4410070114022
100_20220827 14,1061.127288033933
100_20220827 15,1130.2819195399575
100_20220827 16,1132.4897956241084
100_20220827 17,1091.834121093932
100_20220827 18,981.859684839244
100_20220827 19,932.6486658788856
100_20220827 20,863.8261662868516
100_20220827 21,790.7977925850568
100_20220827 22,705.4411054456307
100_20220827 23,565.2849750168859
100_20220828 00,420.5894480147868
100_20220828 01,387.68181034550054
100_20220828 02,369.0446519356765
100_20220828 03,363.81411078517755
100_20220828 04,354.33259364379734
100_20220828 05,388.91085626718143
100_20220828 06,560.4414301057031
100_20220828 07,735.1671036478457
100_20220828 08,839.9314593665048
100_20220828 09,951.5682026141569
100_20220828 10,1025.3857307338292
100_20220828 11,975.1047275005527
100_20220828 12,979.3462076114889
100_20220828 13,1027.4967969426652
100_20220828 14,1036.3562952376828
100_20220828 15,1122.672151289929
100_20220828 16,1135.1053814920451
100_20220828 17,1106.5195755817078
100_20220828 18,1059.8280042627425
100_20220828 19,932.6597736349163
100_20220828 20,857.3229710833564
100_20220828 21,775.7529965777967
100_20220828 22,691.5115957108468
100_20220828 23,556.4575847181118
100_20220829 00,419.76637833710595
100_20220829 01,389.6907977617728
100_20220829 02,372.04740529670846
100_20220829 03,365.5999014708948
100_20220829 04,365.35549153066916
100_20220829 05,396.7724479423508
100_20220829 06,554.2801173472374
100_20220829 07,730.8711424203047
100_20220829 08,831.8173930769225
100_20220829 09,931.3116066081137
100_20220829 10,1009.2704106867258
100_20220829 11,959.8689378150651
100_20220829 12,962.7470781448789
100_20220829 13,963.4993904673712
100_20220829 14,960.0409937178898
100_20220829 15,999.8034416493402
100_20220829 16,1013.4154511017514
100_20220829 17,999.7001152336969
100_20220829 18,947.0437420202651
100_20220829 19,894.8295304147479
100_20220829 20,830.6277827370404
100_20220829 21,747.9327807046852
100_20220829 22,631.4193137095822
100_20220829 23,518.0576967198365
100_20220830 00,403.83977068555157
100_20220830 01,370.10926388178564
100_20220830 02,359.7465474314833
100_20220830 03,359.12781169416667
100_20220830 04,359.1936239439434
100_20220830 05,390.9630557486387
100_20220830 06,546.7467368474793
100_20220830 07,731.3094282908073
100_20220830 08,833.3898127138734
100_20220830 09,923.3158509798799
100_20220830 10,973.3923370458563
100_20220830 11,956.461096223586
100_20220830 12,965.4579774683133
100_20220830 13,971.2548919685269
100_20220830 14,965.3325531430967
100_20220830 15,974.6093186742662
100_20220830 16,985.1811001898006
100_20220830 17,971.3985998802821
100_20220830 18,935.4820916082115
100_20220830 19,868.549929565924
100_20220830 20,804.1686363284671
100_20220830 21,723.6112004834583
100_20220830 22,628.2350957034057
100_20220830 23,528.7292008356242
100_20220831 00,395.2004312433997
100_20220831 01,370.9489213326698
100_20220831 02,356.53559080953426
100_20220831 03,357.86159279750325
100_20220831 04,355.7250790907033
100_20220831 05,384.86980145986104
100_20220831 06,556.5554254820734
100_20220831 07,733.8711887625011
100_20220831 08,822.7333397092892
100_20220831 09,922.8391175533752
100_20220831 10,983.9634523692893
100_20220831 11,952.0982879499592
100_20220831 12,982.9745927086966
100_20220831 13,970.8910060846354
100_20220831 14,963.5219350889228
100_20220831 15,989.5033478921589
100_20220831 16,1004.8389229477758
100_20220831 17,975.2062318526812
100_20220831 18,954.9279850221174
100_20220831 19,874.3584825633038
100_20220831 20,813.1582018479021
100_20220831 21,726.816124019688
100_20220831 22,616.2857288432187
100_20220831 23,523.125600734835
